classificacao,sentimento_manual,comentario,justificativa
Positive,Positive,This music video has got an unbelivable 2000s vibe. I love everything about it.,Expresses strong fondness and enjoyment of the video's nostalgic aesthetic.
Positive,Positive,"All of this is a master piece:the beat,the voice, and her. Just a master piece",Expresses strong admiration and labels the music a masterpiece.
Positive,Positive,"Dua Lipa has such a beautiful strong voice.  Love her richness on her low, high and falsetto notes",Expresses admiration for Dua Lipa’s vocal qualities.
Positive,Positive,"I am just loving the progression in just the instrumentals alone, the story being told in her acting and the lyrics is sooo goood",Expresses strong positive feelings about the music’s elements.
Positive,Positive,"This is April 2025 & this song of DUA LIPA continues to be exceedingly electrifying, enormously exciting, exceptionally elegant and exquisitely expressive. Her singing is singularly soulful, spellbinding, superb, sincere, sweet and simply spectacular. ❤❤❤❤❤❤",Expresses overwhelming enthusiasm and admiration for the song and artist.
Neutral,Positive,It's amazing how only she can beat herself everytime❤,Expresses admiration while highlighting a self-critical element.
Positive,Positive,"I don’t listen to Dua Lipa typically, but after hearing Kevin Parker was producing this record I couldn’t help but listen. What a perfect match of vocals and production with so much depth! Can’t wait to hear the rest of the record!!!!",Expresses excitement and praise for the collaboration and overall sound.
Positive,Positive,Truly amazing artist. Brought the vibes from 2000s to 2024 and mixed it  with new melodies .,Expresses strong appreciation for the artist's ability to blend different eras.
Positive,Positive,"I insist in the perfect production of the Dua Lipa sonsgs. Everything fits perfectly, either a piano, a synth, vocal harmonies....together with a catchy melody",Expresses strong approval of the song’s production elements.
Positive,Positive,"I love Dua Lipa's music more than anyone else out there. Some tunes have a 70's vibe, which I love.",Expresses strong love for Dua Lipa and appreciates a 70s-inspired vibe.
Positive,Positive,"So much 70s and 80s dance beats to this and most of her catalogue, and bringing back the disco era.",Expresses appreciation for the nostalgic disco-inspired beats.
Neutral,Neutral,2:50min ABBA - Dancing Queen? Melody? 🎹🎹🎹🎹,Expresses appreciation for the melody while questioning the song's overall quality.
Positive,Positive,"I'm a metalhead, but I always love everything what Dua does. We, from the part of Europe that has always been slapped by history, somehow we have a special taste in common.These are special emotions😉",Expresses fondness for Dua's music and a shared cultural connection.
Positive,Positive,"I'm 68 and I've been a music fan since the Beatles first appeared on Ed Sullivan in 1964. I've been Dua's fan since her first Graham Norton appearance in 2019?. People I'm telling you, if you never settle for just one genre of music, from any specific era, you'll never feel old. Great music is made every year and you have to just stay open to it. Dua is incredible and I'm so glad that I'm not missing out on her talent because of my age. Age bias is a terrible thing to give in to, don't let it happen to you.",Expresses enthusiastic appreciation for Dua Lipa and encourages openness to new music regardless of age.
Positive,Positive,Bridge hits chorus hits lyrics absolute masterpiece 🙌🏼 obsessed,Expresses strong enthusiasm and describes the song as a masterpiece.
Positive,Positive,Loving the Tame Impala vibes. Kevin should have Dua featured in his next album. ♥,Expresses enjoyment of the music and suggests a desirable collaboration.
Neutral,Positive,This one song beats all of Taylor swifts songs for a mile ….,Expresses strong preference while potentially insulting other artists.
Positive,Positive,"Oh my God she has finally left the synth wave/funk behind, first song from her I add to my playlist since New Rules",Expresses excitement and appreciation for a change in musical style.
Positive,Positive,the perfect single! that chorus just feels so good.,Expresses strong enjoyment and appreciation for the chorus.
Positive,Positive,"I likee, this is really a deep song, a deep topic. I´m feeling that way, I feel like this song  also describing the way I feel about my relationships.",Expresses a positive feeling about the song and its connection to personal feelings.
Positive,Positive,When that second chorus hits and the extra layers of vocal harmonies come in and they way they're layered with those tasty guitars oooo man! The mix on this song is really great. Can't wait for this new album.,Expresses enthusiastic enjoyment of the song's production and anticipation for the album.
Positive,Positive,kevin going crazy with these songs!! fits so well with dua's vibe and voice,Expresses enthusiastic approval and connection to Dua Lipa's style.
Neutral,Positive,"I like the beauty of Hollywood how dua lipa describes her relationships as simple ""training season"" however, Hollywood never had training things and seasons because creativity, beauty of pure nature, experimentations, heart breaks, and overall connection, community, and emotions waving out as waves poring life into the whole industry and the world cannot be moulded through ""training seasons"" ❤",Expresses appreciation for the song's concept while critiquing its overly simplistic framing of relationships.
Positive,Positive,"Dua being iconic again, I m obsessed with her 90’ vibes can’t wait for her next tour 🤩",Expresses enthusiastic admiration and excitement for Dua's style and future performances.
Neutral,Positive,Dua vocal is much better than Taylor Swift.,Directly compares and criticizes Dua Lipa's vocals relative to Taylor Swift.
Positive,Positive,"This song is way too catchy, i'm so excited😊",Expresses enthusiasm and excitement about the song.
Positive,Positive,Stylish vibe w/ sweet musical flare as one can always expect from the master that is Dua Lipa!,Expresses admiration and appreciation for Dua Lipa's style and music.
Positive,Positive,It's giving Abba with those piano chords 👂🏽❤,"Compares the song favorably to Abba, expressing positive feelings."
Positive,Positive,Training Season by Dua Lipa is melody excitement at its finest.  The humorous and imaginative way that Dua Lipa is portrayed in a hypnotic and alluring way is also part of the music video enchantment.,Describes the music video as enchanting and filled with captivating elements.
Positive,Positive,Her an Calvin Harris NEED to make another song together it's time to go back to those EDM pop vibes,Expresses a desire for a return of a favored musical style.
Positive,Positive,Amazing song. A little weird hearing her using high pitch but sounds amazing anyways. Saludos from Argentina DUA!,Expresses strong enjoyment and appreciation for the song despite a slightly unusual vocal technique.
Positive,Positive,She's so underrated..i love her lyrics so much❤,Expresses strong appreciation for the artist's lyrics and talent.
Neutral,Neutral,besides the music...lyrics are actually relatable in some context like woah,Expresses appreciation for the music while acknowledging relatable lyrics.
Positive,Positive,This sounds powerful!,Expresses enthusiastic appreciation for the song's impact.
Positive,Positive,The kind of song that the chorus plays endlessly in your head ❤,Expresses strong fondness and a desire to repeatedly listen to the song.
Positive,Positive,Chorus is so catchy and cool,Expresses enthusiasm for the song's chorus.
Positive,Positive,Am I the only one who actually likes this music video? Pairing this upbeat song with such a simplistic video like this fits really well because it's not overstimulating.,Expresses enjoyment and appreciates the video's simplicity.
Positive,Positive,Wasn't sure about this song the first time i listened just because its got very different chords and structure than most pop but after a few listens i really like it just for that reason.,Appreciation for the song's unique and unconventional structure after initial hesitation.
Negative,Negative,The worst Dua’s musical video 💀,Expresses strong disapproval and uses a dramatic emoji.
Negative,Negative,"quite boring song, not catchy.... the video is also somithing strange. Before the songs were much better",Expresses boredom and disapproval of both the song and the video.
Positive,Positive,90s movie vibe🎞,Evokes a nostalgic and positive association with 90s music.
Neutral,Positive,They play this song once every 2 hours at work... Very catchy,Expresses a neutral observation about repeated exposure.
Neutral,Neutral,Ironically  the song sounds like a whirlpool. Musically and visually everything begins to spin and then stops in the chorus. What makes you feel like VERTIGO.🌪🌀🌀🌀,"Combines positive appreciation with a slightly unsettling, chaotic feeling."
Negative,Negative,I’m sick of 14 yr old girl lyrics,Expresses annoyance and criticism of the song's lyrical content.
Neutral,Neutral,"It's gonna be hard for this era to beat Future Nostalgia because FN is pure perfection, but I'm so ready for Radical Optimism!!",Acknowledges a high standard while expressing anticipation for the new era.
Positive,Positive,Lyrics are on point ❤🇦🇷,Expresses strong positive sentiment towards the lyrics.
Negative,Negative,"Her worst video /song. Hate her new basic look. No wonder she is in her flop era. Girl step it up, stop playing it safe!","Strongly criticizes the artist's music and appearance, labeling it as a 'flop era'."
Neutral,Neutral,The chorus EASILY could have been an ABBA song.,"Compares the song to ABBA, suggesting a similarity but also a potential lack of originality."
Negative,Negative,This is her worst single,Expresses strong disapproval and labels it as the artist's worst work.
Neutral,Neutral,..the chorus reminds me of Digital Farm Animal (Tokyo Night)...,"Compares the song to another artist, implying a potentially positive or negative association depending on the listener's view of Digital Farm Animal."
Neutral,Positive,Why does this lady have such catchy songs,Expresses mild curiosity without strong positive or negative sentiment.
Positive,Positive,Ariana grande and dua lipa are carrying pop genre. Two amazing music artists. No other female music artist can beat them,Expresses strong praise and admiration for Ariana Grande and Dua Lipa.
Positive,Positive,Everyone song of her give different vibes ❤,Expresses a positive and appreciative sentiment about the artist's music.
Positive,Positive,This song is really catchy,Expresses enjoyment of the song's catchiness.
Positive,Neutral,Giving a Monica Bellucci from Malena vibes,"Compares the artist to a beloved and admired actress, indicating positive association."
Negative,Negative,Why does her voice sound pitched up compared to her live performances,Expresses dissatisfaction with the altered vocal pitch.
Positive,Positive,"THIS lyrics especially For WTF human YES THAT HUMAN 🎶Conversation overload, got me feeling vertigoooooooooooooooooooooooo🎶💯😎👍 Dua Lipaaaaaaaaaaaaaaaaaaaaaaaaaaaa is beautiful woman 💯😎👍",Expresses enthusiastic enjoyment and admiration for Dua Lipa.
Negative,Negative,"Her lyrics are always kinda... the same? Like ""Oh, I need a rush of love, can you handle it, can you handle me, come on boy lalalala?"" Lol... yeah, it's a ""nice"" pop song... but is it really?",Sarcastic critique of repetitive and cliché lyrics.
Positive,Positive,Dua has the best melody's and beats i swear,Expresses strong positive opinion about Dua's music.
Positive,Positive,"The whole lyrics hit me hard, love you Dua for this beautiful song ❤",Expresses deep emotional connection and appreciation for the song.
Neutral,Neutral,Love this song but the video is awful. How do you give everything in Houdini and then sit and drink tea for 3 mins,Expresses love for the song while criticizing the accompanying video.
Negative,Negative,FINALLY getting out of that annoying disco music phase with the same annoying back track 🎉,Expresses annoyance and disapproval of a particular musical style.
Negative,Negative,Cliche Pop song. Who here can name 5 pop songs literally...literally with this whole sound vibe feel and bpm? Nothing special. A Pop song from a white person vs a black country song just doesn't make sense. This song is so basic omg. If ur into music u couldn't think wow this is so new fresh Pop,Expresses strong disapproval and criticism of the song's lack of originality and musical value.
Negative,Neutral,"The chorus is ok, the video is boring and derivative.",Criticizes the song's chorus and the video's lack of originality.
Negative,Negative,I hope the worst thing I could expect in 2025,Expresses a pessimistic and fearful outlook.
Positive,Positive,"Love the vibe of your new songs sooooo much!! Going through same times, can relate to every word. Your new songs give me so much energy & support every time I listen to them! Thank you for your art, Dua! Can't wait for a new album!❤‍🔥",Expresses strong enthusiasm and connection to the artist's music.
Negative,Negative,The video could be more visualising and connected to the lyrics fantasy,Criticizes the video for lacking visual connection to the lyrics.
Positive,Positive,"This song gets better and better when you listen to it more. At first I didn’t really think much of it but now listening to the lyrics carefully and the melody, this song is very addicting now ❤I appreciate it more now",The comment expresses increasing appreciation for the song over time.
Positive,Positive,Good vibes,Expresses a positive feeling and association.
Negative,Negative,"Sorry for the disturbance in the song. Im the influence. Whats going on is temporal telepathy with effect before cause going on. I.e you reacting, effect, before me viewing it and yeah my brain just doing its thing. 1k and ill stfu instead of singing along. Its not malicious i just cant turn it off",Expresses frustration and annoyance with the song's effect.
Positive,Positive,By The Way Dua my Potential is unlimited .Crazy Maybe but my Lyrics and Songs will suit U .Love Ya The Humble Poet Peter,Expresses admiration and a desire to collaborate with the artist.
Positive,Positive,I love the song beat the lirycs everthing at all,Expresses enthusiastic enjoyment of the entire song.
Negative,Negative,Bridge and chorus stolen from somewhere else some other song 💀,Accusation of plagiarism and theft of musical elements.
Positive,Positive,The bridge hits. Chorus is amazing yessss!!!!! You look amazing,Expresses strong excitement and praise for the song's sections.
Positive,Positive,"Her best son yet, the buid-up is truly amazing, the lyrics are terrific!",Expresses strong praise for the song’s build-up and lyrics.
Positive,Positive,Pretty powerful voice,Describes the vocalist's voice as ‘powerful’.
Neutral,Positive,giving Love again vibe. making totally nostalgic.,Evokes a nostalgic feeling while also acknowledging a similarity to another song.
Neutral,Neutral,Why have I heard this melody somewhere before?,Expresses confusion and a sense of familiarity without clear positive or negative emotion.
Neutral,Neutral,"I love this music, but is missing emotion!! On the chorus she could be standing up and dancing hahaha",Expresses enjoyment but criticizes the lack of emotion.
Positive,Positive,"Loved it!!! ❤️‍🔥❤️‍🔥❤️‍🔥 I hear some Get, Get Down melody and it’s perfect!!!",Expresses strong enthusiasm and identifies a familiar musical element.
Neutral,Neutral,"Great song, but the lyrics are misguiding. It’s a must the couples be willing to show what each needs and are able to listen unfiltered.",Praises the song but criticizes the misleading lyrics.
Positive,Neutral,Vibes of weekend,Expresses a positive feeling associated with leisure and enjoyment.
Positive,Positive,The bridge hits. Chorus is amazing yessss!!!!! You look amazing,Expresses strong enthusiasm for the bridge and chorus.
Positive,Positive,"the lyrics, every dua sound is the best!!  yess",Expresses enthusiastic appreciation for Dua Lipa's music.
Neutral,Neutral,Need the lyrics,"A simple request for lyrics, expressing no specific opinion."
Positive,Positive,Great song by Tame Impala with featured vocals of Dua Lipa 👌🫡,Expresses positive sentiment and appreciation for the song.
Negative,Negative,"is this the album that was supposed to ""revolutionize pop music"" said TEXTUALLY by someone on his team whoever tf it was?? cause this is LITERALLY the most generic a** pop sh*t I've ever heard in my life, not even bad, just radically GENERIC, medicore, vacuous 🤷‍♂🤷‍♂🤷‍♂🤷‍♂🤷‍♂ all of these singles are literally the absolute polar OPPOSITE of radical or revolutionary, absolutely f*cking ridiculous marketing they've got going on, if I'd listened to it blindly I just would've kinda shrugged but because of it I just actively dislike it",Expresses strong disdain and criticism of the album's lack of innovation.
Neutral,Neutral,"if Emma Stone was the last person on earth I'd rather talk to a branch,hey Dua ❤ for you love that song it sounds so familiar to something but what the hey I like ❤ it",Expresses affection and familiarity alongside a somewhat dismissive remark.
Negative,Negative,lyrics and music disgust and clothes disaster,"Expresses strong disapproval of the lyrics and music, labeling them as a 'disaster'."
Negative,Negative,Worst song of dua lipa,Expresses strong disapproval and declares it the worst song by Dua Lipa.
Neutral,Neutral,ESSA MÚSICA ME LEMBRA MUITO NO INÍCIO A MÚSICA TEMPO DA PRISCILLA. 😮,"{""sentiment"":""Neutral"",""justification"":""Expresses a nostalgic connection while simultaneously criticizing the song’s similarity to another artist.”}"
Negative,Negative,The video clip is sooooo weirdo ahaha it smells 2013 and not in a nostalgic way,Expresses strong dislike and finds the video clip outdated and unpleasant.
Neutral,Neutral,"Has a bit of ABBA song vibe, just not sure which one 😂",Acknowledges a similarity to ABBA while expressing uncertainty.
Positive,Positive,I feel I want to be with her when she’s creating the lyrics. Such a powerful song,Expresses a strong emotional connection and admiration for the song's creation.
Negative,Negative,"Dua lost her mojo. Dance the night, Houdini and now Training Session are the same. So generic and boring.",Expresses disappointment and criticism of Dua Lipa's recent music.
Negative,Neutral,Really like Dua but this is mediocre at best - 17th at Eurovision vibes. Very forgettable.,Expresses disappointment and labels the song as forgettable and of low quality.
Negative,Negative,One of the worst songs,Expresses strong disapproval and identifies the song as terrible.
Negative,Negative,"Even Dua has  experienced this horrible horrible  actual dating scene, it’s just horrible out there, I always believed in soulmates and a forever love story, now I have turned completely 4b cause dating right now ain’t it, market is just AWFUL",Expresses strong frustration and disappointment with modern dating.
Neutral,Neutral,"New lyrics : They come from Polk City, York, HannahJerrik, Plymouth, and Boston. ¿Estás en forma, listo para luchar como un baile, listo para correr?",Expresses excitement and a call to action alongside a nonsensical phrase.
Neutral,Neutral,"Yes, I am. But final word and decision is on Ladies side always. Her heart is going to flow in the ocean of emotions and new frontiers.",Expresses agreement while also suggesting a somewhat passive acceptance of external influence.
Neutral,Positive,2020 Vibe 🎶,References a specific year without expressing a clear emotion.
Positive,Positive,What a sexy and catchy Pop I cannot 😮❤❤❤,Expresses enthusiastic enjoyment and attraction.
Positive,Positive,"What a Vibe.Pop Queen Dua, You have rocking taste in music🎉⭐🤭🤘🏻",Expresses enthusiastic appreciation and admiration for the artist.
Neutral,Neutral,"I love the song, but the video feels awfully intimidating. I was scared the whole time that they'd grab her.",Expresses enjoyment of the song alongside fear and discomfort with the video's content.
Neutral,Positive,"The chorus is the best and vibe is like that popular girl in high school, who has all the boys hooked up on her that's the vibe it's given me",Praises the chorus but criticizes the song's comparison to a 'popular girl'.
Positive,Positive,Different vibes 😃,Expresses a positive feeling with an emoji.
Positive,Positive,2000's Vibe 🎉❤,Expresses enthusiasm and fondness for the 2000s music style.
Neutral,Neutral,Has ABBA vibes ?? 😅,"References ABBA, which is positive, but also expresses uncertainty with the '😅' emoji."
Positive,Positive,Thursday February 29th is LEAP Day LEAP LEAP DUA LIPA LIPA DUA LIPA LEAP DAY Muse Dua Vibe Rising Lipa Day Every Day Omm...02/29/2024=LIPA DAY,Expresses enthusiastic support for Dua Lipa and the “Leap Day” theme.
Positive,Positive,So Fantastic Lyrics 👍❤️👍❤️. Amazing Music 🎵🎶🎵🎶. Rocking Voice Friend 😍🥰😍🥰.,Expresses strong positive feelings through emojis and descriptive terms.
Negative,Negative,ego asf i'm sorry but i dont like the music video as well as the lyrics,"Expresses dislike for the music video and lyrics, suggesting arrogance."
Positive,Positive,The chorus is good,Expresses a positive opinion about the chorus.
Negative,Negative,I STILL WONDER....WHY DO THEY SAY EVERY DETAIL OF THE VIDEO CLIP IN THE COMMENTS BELOW EVEN THE NAIL ARTIST AND IT DOES NOT SAY WHO WROTE THE MUSIC AND THE LYRICS OF THE SONG?  WHY THIS DISDAIN TO THE ARTISTS?,Expresses frustration and suspicion regarding the video and its creators.
Neutral,Neutral,Where's the lyrics guy,A simple question with no expressed sentiment.
Neutral,Neutral,The Beat 92.5,Simple statement of appreciation without expressing emotion.
Positive,Positive,"She is out of this world. Beat, groove, style.....amazing 🥰🥰🥰",Expresses overwhelming enthusiasm and delight.
Positive,Positive,Dua always brought us to classic pop and discotic..i feel like just booster..when i walk or driving..just turn on this song..guys..the vibe so fucking crazy..u will happy and positive vibe from morning until midnight..hahaha,"Expresses enthusiastic enjoyment and a positive, uplifting effect."
Positive,Positive,"The part with her deep voice, remind me of 'Dua Lipa' album, those good old days!! ICONIC","Expresses fondness and nostalgia, comparing favorably to a well-regarded album."
Neutral,Neutral,"Reminds me ""Malena vibes""",Evokes a specific song ('Malena') while acknowledging potential positive feelings.
Negative,Negative,FORGETTABLE,"Expresses a strong negative opinion, dismissing the song as unremarkable."
Positive,Positive,"Great evolution and development for Dua Lipa in terms of music style, dance choreography, vocals, attitude and bravery from her first hit ""be the one"" she went hiatus and astonishing with her latest number 1 masterpiece jam hit ""training season"" that will gonna blast and dominates the charts aroud the world in this year of 2024 and I'm living for it❤",Expresses enthusiastic praise for Dua Lipa's growth and success.
Positive,Positive,"❤️ THIS lyrics 🎶Conversation overload, got me feeling Verti gOOoOOOOOO🎶💯😎👍Dua Lipaaaaaaaaaaaaaaaaaaaaaaaaaaaa is beautiful woman 💯😎👍",Expresses strong positive emotions and admiration for Dua Lipa.
Positive,Positive,The rhythm in this song is so good,Expresses appreciation for the song's rhythm.
Positive,Positive,Song gives me summer vibes 🥂🤩,Expresses positive feelings and association with summer.
Positive,Positive,The bridge hits. Chorus is amazing yessss!!!!! You look amazing,Expresses strong enthusiasm for the bridge and chorus.
Negative,Negative,"THANKS, GURL❤ THIS HIATUS OF POVERTY AND DEPRAVITY CAUSING ADMINISTRATIVE HALT CALLED BUREAUCRACY WHERE THE GOVERNMENT SPENDS ITS TIME SLEEPING IN A SLUMBER PARTY FAILED INVITATION AND FAILED TO AVOID MONOPOLIY OF AUTHORITY AND POLITICAL EDICT OF THE SAME OL' NEO FASCISM ROBBER BARONS OF ATTENTION AND MONEY PIT MANAGEMENT FEIGNING CONTROL BECAUSE THE ZEALOTRY IN DESPOTISM IS DEADLY COMPETITIVENESS IN INCIVILIZATION OF ABSENTEEISM OF THE PHILANTHROPIC GOOD SAMARITAN, ABSENTEEISM OF RESPECTING ROYALT & ROYALTY AT THE FAILURE OF SEEING RESPECT OF BASIC HUMAN CONSIDERATIONS SUSTAINING MORE VIOLENCE BEGETTING VIOLENCE, AKA., RAPE CULTURE PLAYING OUT THE MONKEY BUSINESS OF THEFT FRAUD AND GRAND THEFT LARSENY MISDEMEANOR NUISANCE COMPOUNDED CHARGES OF HATE CRIME CRIMINAL GROSS NEGLIGENCE IN THE PERSECUTION OF MY LIFE AND ANY OTHER LIFE OF GOOD PEOPLE POISED IN THE STANCE FRONTING OFF WAR AND DISMISSING CONFLICTS LANDING THE STOIC CIVIL DISOBEDIENCE MOVING THE INDEPENDENT INDIVIDUAL FIGHT OFFER FROM CONFORMITY TO ASSIMILATION AND RESISTING TO OPPRESSION TAUNTS VEILED THREATS COLD WAR TACTICS AND FEAR MONGERING AS THE TOOLS OF THE CONSORTIUM OF TYRANNY BY THE RENEGADE PATHOLOGIZATION CAUSED BY HYPER CRITICAL OUTSOURCING TO KABALIST PRACTICE IN COMMITTEE OVERSIGHT DOMINATION WITH MANCHURIAN CANDIDACY FOR USURPING OPPORTUNITIES OF SINGLETARY AWAY FROM GOD'S MOST GRACIOUS GIFT IN ME. THE BUCK STOPS HERE. NO MORE EMPTY BOBBLEHEADED DASHBOARD CHOTCHKIES IN THE DISTRACTION DISTORTION AND DISGUSTING REALITY OF CONSUMERISM IN SYSTEMIC FAILURE TO IDEALIZE THROUGH OPTIMIZATION OPTION CHOICE SELECT OF PERSONAL BESTING NEVER GIVING WAY TO FANTASY BECAUSE THE TRUE LEADER HAS REACH, DEPTH, AND FRIENDS..FAMILIARS..HAPPY DESTINY TO TRUDGE.","Expresses intense, highly critical, and largely incoherent negative feelings against a complex system and its perceived corruption."
Positive,Positive,Tame impala on the beat is crazy!!,Expresses excitement and appreciation for the song's rhythm.
Negative,Negative,"Dua Lipa is a supporter of genocide and apartheid. And this is just incredibly mediocre, over produced, autotune filled garbage.",Strongly condemns Lipa and the song as 'over produced garbage'.
Positive,Neutral,This feels nostalgic already,Expresses a positive sentiment associated with memories and a longing for the past.
Positive,Neutral,What a beat and no dance,Expresses enthusiasm for the song's beat.
Neutral,Neutral,Synth audio and Electronic voice augmentation anyone can do this with the right connections and know-how. How many would be able to make it without it ?  Very few I think.,Discusses technical aspects without expressing a clear emotional response.
Neutral,Neutral,"At first I thought the chorus was like ""meet someone at omeagle"" and I was so confused because it made sense 😂",Expresses confusion and then amusement at the song's lyrics.
Positive,Positive,"Ela canta aos 04 cantos do planeta e todas os planetas não terrestres, ela é foda, canta pra caramba, está amadurecida vocalmente e pessoalmente e com uma bagagem grande de experiências, só mostrando o nível da artista que é hoje, uma cantora cheias de camadas!!",Expresses high praise for the singer's talent and maturity.
Negative,Negative,sorry but this video is giving me 'white couch' vibes 🤢,"Uses a negative comparison, implying a distasteful or unpleasant association."
Positive,Positive,there's such an interesting vibe to this video.. something that is different...,Expresses a positive reaction to the video's unique atmosphere.
Neutral,Neutral,"I don't know about the rest of ya'll, but i get Transgender Vibes from Dua Lipa!!!",Acknowledges a positive association (Transgender Vibes) while also expressing a subjective opinion.
Positive,Positive,This beat feets my heart beat❤ U dua,Expresses a feeling of connection and joy through the music.
Neutral,Neutral,"Video is unimaginative. But that beat, dear god.",Acknowledges a lack of creativity but praises the beat.
Negative,Negative,"🤔😐Do you know what the most important thing in the world is🌎🌍 to do? It's not making money,💰💰 it's not eating,🎂🍰 or drinking,🍷🍾 much less playing games.♠♣♟ We came into this world with nothing, and we will leave it with nothing. Here everything is temporary, but on the other side everything is eternal. So the most important thing is to follow God, read the Bible, attend an evangelical church and prepare yourself for that day that you don't know when it will come; otherwise, you will descend with the other👺 into a suffering that will never end.😰😭😫",Expresses judgmental and fearful views about life and religion.
Negative,Negative,"Crazy how nowdays we less watch music video. I remember back in the day, Fifth harmony break a record for the music video of ""That's my girl"" with 5 million of view in 24 hours. And now, it's been 5 days since the release of ""Training season"" and it got ""only"" 5 million view.",Expresses disappointment and comparison to a previous record.
Positive,Positive,Ojete Calor - Viejoven vibes,"{""sentiment"":""Positive"",""justification"":""Expresses appreciation for the song’s similarity to Viejoven.”}"
Positive,Positive,"Yes, she is Pop Music, like this music artist Duo Lipa, love listening to her music over a huge system in my home st. barths in the clubs outdoors, and i hope you all reading this will subscribe to me on my channel and listen to my “new vibe music” which is Future-Soul-Hiphop. Top life to all reading this and coming throug this great artist page.",Expresses strong enjoyment and wishes for subscriber growth.
Positive,Positive,Essa música e o clip é perfeito. Deveria ter mais de 100 milhões  a muito tempo.,Expresses strong positive feelings about the song and music video.
Neutral,Positive,"This music gives me a russian music vibe, I don't know why, but it's good",Expresses a positive feeling while identifying a specific musical influence.
Positive,Positive,Beautiful music and melody. Visit the page and don't forget to subscribe😊,Expresses appreciation for the music and encourages engagement.
Negative,Negative,"Look at all the future absentee, deadbeat dads in this video...",Expresses strong disapproval and criticism towards the video's subject matter.
Neutral,Positive,the chorus kinda ate tf,Uses slang to express a negative opinion of the chorus while acknowledging a positive aspect (catchiness).
Positive,Positive,The piano version is epic and very emotional. I like it more.,Expresses strong preference for the piano version due to its emotional impact.
Positive,Positive,This pop music beat feels sooo good. Love u Dua ❤,Expresses strong enjoyment and affection for the music.
Negative,Negative,i wanted to like this but it just sounds the generic regurgitated popular music :( with no depth,Expresses disappointment and criticism of the song's lack of originality and depth.
Negative,Neutral,"Cool tune. Got here courtesy of that short that that said this is another *stolen* melody from a much older song, the usual music producers stealing other's works.",Expresses suspicion of plagiarism and criticizes the music industry.
Negative,Neutral,"The song is catchy and an instant hit,but the video is degrading to males of all kind.Either i dont get it or she's represented as a goddess and men are fighting over her...right?",Expresses disapproval of the music video's content and its portrayal of men.
Positive,Positive,"great  video!  made me laugh at the guys , too funny! love the lyrics and beat, another big hit, love you Dua Lipa ♥","Expresses enjoyment, appreciation, and affection."
Positive,Positive,"She´s superpretty , makes awesome music & seems awful nice too !😍",Expresses strong positive feelings about the artist's appearance and music.
Neutral,Neutral,I like her a lot but I realize that she never pushes her voice when she sings. Her music is good but without emotion if i may say so.,Expresses appreciation alongside criticism regarding emotional delivery.
Negative,Positive,Dua Lipa impeccably portrays the deep disappointment of masculinity and male chauvinist. i loved it,Expresses strong criticism of masculine portrayals.
Neutral,Neutral,"Great song, great lyrics but why so much vocal post production, she sounds like a robot, or is everyone just getting used to that sound now?",Expresses appreciation for the song and lyrics alongside criticism of the vocal production.
Positive,Positive,catchy af,"{""sentiment"":""Positive"",""justification"":""‘Af’ is slang indicating extreme enjoyment and praise.”}"
Negative,Negative,"Nosé pero mucho critican a dua lipa pero si es meter el pellejo por dua lipa lo hago xq lo que la gente sabe es criticar y no valorar es esfuerzo que cuesta hacer una buen sensillo solo para que te lo critiquen, pues para el que habla mal de dua lipa debería tomarse un tiempo y verse que es si mismo nadie llegará a sus niveles si es de haré que van hacer pues sus verdaderos fans daría. Lo que sea por poner en su lugar a esa gente venenosa no valora el trabajo que si cuenta solo tienen la vida fácil será xq no les costó es una advertencia el que se critica a dua lipa crítica sus fans, y porfavor antes de criticarla a ella mirece usted primero👍👍💯",Expresses anger and frustration towards critics of Dua Lipa.
Positive,Positive,The bridge hits. Chorus is amazing yessss!!!!! You look amazing,Expresses strong enthusiasm for the bridge and chorus.
Positive,Positive,"Great POP, SPEED, FLOW and nice lyrics, keep On Going 😍",Expresses enthusiasm and encouragement.
Positive,Positive,Excellent vocals and rhythm!,Expresses strong praise for the vocals and rhythm.
Neutral,Neutral,hate to say it but u r giving 90s vibes u should make more songs beated on 20s,Expresses dislike while referencing a specific musical era.
Positive,Positive,DUA IS AMAZING!!!  HE DOESN'T MISS A BEAT. PURE TALENT🥰,Expresses strong admiration and positive feelings towards the artist.
Neutral,Neutral,Tbh I wish it was a dance heavy or different take of the music video for such a powerful and meaningful upbeat song.,Expresses desire for a different approach while acknowledging the song's positive qualities.
Positive,Positive,Dua this is too fucking catchy!!!!! <3,Expresses strong enthusiasm and enjoyment of the song.
Positive,Positive,Chorus is amazing yessss!!!You look amazing❤🎉,Expresses enthusiastic enjoyment and admiration.
Positive,Positive,"Glad that this one doesn’t sound so much like the other ones, still fun and upbeat and she served on this one ❤",Expresses enjoyment and appreciation for the song's positive qualities.
Positive,Positive,"I know this is just a pop song, but the lyrics actually do have a depth, it is exactly how I feel lately and I love Dua for this.  ❤❤❤❤",Expresses genuine connection and appreciation for the song's meaning.
Positive,Positive,"❤❤You are very vocal and charming, and you have many fans in Persia (Iran), I hope one day we will see your concert here. ❤❤",Expresses admiration and expresses a desire for a concert.
Positive,Positive,"Great vibe 👍wrote the best song 🎸 and shortest song I have ever written 😉2mins and 3 Seconds Long. It took 15mins to write ✍️ ……….IT?! Love your Music, that is true, Love your MuSiC 🎧…. I DO 😊",Expresses enthusiastic praise and affection for the music.
Positive,Positive,"This is April 2025 & this DUA LIPA song is exceedingly emotional, exceptionally electrifying, enormously exciting, exquisitely expressive and exclusively enjoyable. The singing is singularly sentimental, spellbinding, superb, sincere and simply spectacular. ❤❤❤❤❤❤",Expresses overwhelming positive feelings and describes the song as exceptional.
Positive,Positive,❤❤❤❤ this beat and she is smoking hot,Expresses strong enthusiasm and attraction.
Negative,Negative,Are you someone who I can give my heart too or should I have tried calling the no nouns who aren't true like the no names are now like the gun is a gain gone a bit too far for the glue to be the game is a gown worn all wrong when the truth is especially the wrong way to move especially when the fun is about to burst through to the way you tuck into the way it hurts you and you should shut up and it is out of the way for the truth is a lobg way through to the door is a wiindow turned into a well enough bruise is as known as the new as real as a burnt enough times to be true as a well is a right as rain is a tune to tight  to tame is the real as raw as the hell is the train so loose to feel the hot of a way to be going to fast as the nice isn't a nay and the knowing of the blue flame is the ice in my vains that's kicks ars to the track where the wars is the last place where I would wear what I would have worn is the hat of a glass plate where I know I am to cool for that and I ask myself is the ace I hold in my hands is no fool to paste and feel the feet that taps and throws up a real taste of a beat that raps around the girls I know who reaps the rewards of get out of the way of being harmed and that's them being a aunt that ain't neat to see the way to go on with the real red star to the East is now to the Eastern part of the bay of plenty who hits hards and that's plenty for me as a plan for me to eat to the west of the place where we would meet especially when you are a bit too much to gentle the bit too far from my home is a rush hour to rest my case to say the least is the best way we speak about the day I would love to moke you the way I meeve you the way of how smoke can lead you away from the deep south on patrol on your knees now and when you say please that's the clown posse who pose for the fun to be free for the big dollars for absolutely nothing is the fee,"The comment is overwhelmingly nonsensical and rambling, expressing frustration and negativity."
Neutral,Neutral,"Is this, don’t go wasting your emotion by abba 😂",Contains a positive reference to Abba alongside a sarcastic remark.
Neutral,Neutral,Roy Andersson vibe,References a specific artistic style (Roy Andersson) suggesting admiration mixed with a critical observation.
Negative,Neutral,the chorus sounds EXACTLY like “Tokyo nights” by Digital Farm Animals what even,"Compares the song unfavourably to another track, implying a lack of originality."
Positive,Positive,"Amazing lyrics, love the message Dua. Smart and stylish! 💪🏼🫶🏻",Expresses strong positive feelings and admiration for the artist's work.
Positive,Positive,Vibe is ❤️‍🔥,The use of the fire emoji indicates strong positive sentiment.
Neutral,Positive,Im liking this ariana grande and dua lipa music videos kind of the same vibe.,Acknowledges similarities to Ariana Grande while expressing a preference.
Positive,Positive,Her lyrics are getting better and better,Expresses a positive trend regarding the song's lyrics.
Neutral,Neutral,"I was hoping ""training season's over"" would refer to Dua herself who is now ready for a serious relationship or whatever. But no... It's another one of these tired old song lyrics that demand of men to be better men, while offering nothing in return. Otherwise great song though.",Expresses disappointment with the lyrics' message while still acknowledging the song's quality.
Positive,Positive,Eski sarkilarin vibeini veriyo cok guzel,Expresses appreciation for the nostalgic feeling of the old songs.
Positive,Positive,"the ( challenge) tone in  this AMS99W is lovely, thanks for the headsup",Expresses appreciation for the song's tone.
Positive,Positive,The beat is insane,Expresses strong enthusiasm for the song's beat.
Neutral,Neutral,And where is the people that comment the lyrics ?,Asks a question about lyric comments without expressing a clear opinion.
Negative,Negative,I felt the vibe like it is millions migrants from East in Europe....,The comment evokes a negative and potentially uncomfortable image related to migration.
Neutral,Neutral,"I love this song, but the chorus of this song sounds a bit familiar. but can't really what it was.😂😂",Expresses love for the song while noting a familiar chorus.
Positive,Positive,This is just too catchy for me right now >.< :3,Expresses strong enjoyment and enthusiasm for the song.
Positive,Positive,This song has such a catchy beat!,Expresses enjoyment of the song's rhythmic quality.
Negative,Negative,Awful taste of mens awful taste of music but beautiful woman,Criticizes the music and praises the woman separately.
Neutral,Neutral,"If you're saying this to yourself ""what does this song sound like"" I thought the same thing an after searching through thousands of 80's songs in my library,I found it. The group is Hubert Kah, they're German, the song is Machine Gun, it came out in 89. Another song that hints at sounding the same is Indecent Obsession, Tell me Something. I think it was a going vibe in the late  80's","Describes a specific, nostalgic discovery without expressing a strong positive or negative opinion."
Neutral,Neutral,This era’s singles are so good when you don’t have some annoying white twink saying all her new music sounds like Future Nostalgia,Expresses appreciation while criticizing a specific criticism.
Positive,Positive,"Omg this song is soo catchy, I'm literally singing it everywhere😅 dua fr slayed🎉",Expresses strong enthusiasm and enjoyment of the song.
Positive,Positive,"Man!, those ""The Doors"" vibes 🔥...",Expresses enthusiastic appreciation for the song's similarity to The Doors.
Neutral,Neutral,"Is it just me or does this song give ""Wizards of a waverly place (OST)"" vibesssss:)","Compares the song to another, evoking a nostalgic reference but without explicit positive or negative judgment."
Neutral,Neutral,The chorus to this song sounds like “Tokyo nights” by digital farm animals . I was trying so hard to remember where I heard it from . I absolutely love both tho,Compares the song to another track while expressing overall enjoyment.
Neutral,Negative,"The beats and music helps us forget she cannot sing. Kudos to autotune, tho!",Acknowledges musical quality but criticizes the artist's vocal abilities.
Positive,Positive,"Hi Dua Lipa. I am Lance Smith. Tell you what, I am like your biggest fan. Over night you didn't just come out with a million hits, you came out with a million really really good hits. And it is so much fun to dance. I want you to teach me how to dance to count someday. ... If you ever see a Elton John again, if he tells you he is straight, then be nice to him. If he tells you he's gay, then tell him to leave you alone. If he doesn't leave you alone, then beat the living hell out of him. ..... Dua Lipa, nobody hits high pitch vocals like do. Not even close. How do you do that? It is so amazing. Those high pitches you hit feel so good on my ears. I can't wait for you to explain to me how you get your voice to do that. You are the only one who does that. Um, seriously, how do you do that? !!!!!!! ❤❤❤❤❤❤❤❤❤",Expresses fervent admiration and appreciation for the artist's talent and music.
Neutral,Positive,15 Jan 2025 - Sexiest Lyrics,Contains both a compliment about the lyrics and a potentially suggestive comment.
Positive,Positive,"CHAU TEMPORADA DE ENTRENAMIENTO !!""!!!!",Expresses excitement and enthusiasm for the training season.
Positive,Positive,Her songs are always so good this song is soo catchy 😊,Expresses enjoyment and appreciation for the song's catchiness.
Positive,Positive,beautiful vocals,Expresses strong appreciation for the song's vocals.
Neutral,Neutral,first bit is awful and pointless but the song itself is amazing.,Acknowledges initial weakness but praises the core song.
Positive,Positive,Surpasses any criteria of music vocalization Diaphragm Authentic and impressive that is why it is the best today HIS MAJESTY  Dua Lipa,Expresses overwhelming praise and declares it the best music.
Positive,Positive,Oh yes this is a Great one from Dua Lipa. A lot of different shit that is deep. I Love it!,Expresses strong positive feelings and enthusiasm for the song.
Positive,Positive,"She looks mature, her lyrics are mature as well, I love this song, just the tittle is pure poetry",Expresses admiration for the artist's maturity and the song's title.
Positive,Positive,"yeh look, the instrumentals and vocals are on point and truly fkn amazing, this song could've gone for another 5 mins bc I'm not finished at 3 mins 46s",Expresses strong positive feelings and admiration for the song's quality.
Positive,Positive,She's so good..honestly  the best of this era❤❤❤ she's giving us all what we need great vocals and amazing music ❤❤❤,Expresses strong positive feelings and appreciation for the artist and her music.
Neutral,Positive,Her vocals remind of PINK sometimes. I like the song.,Compares vocals to another artist while expressing a general liking for the song.
Positive,Positive,The best lyrics! Totally hit everything my mind thinks❤,Expresses strong positive feelings and agreement.
Neutral,Neutral,The Beat is so easly replaed,A simple statement of observation without clear positive or negative sentiment.
Neutral,Neutral,"Like the deeper tone she uses around 2:40 than I do the higher pitch most of this song uses-  simply a big fan of the older unique sound Be the One, Dont Start Now really lets her pipes shine-  this song is nice sure, but I hope the people evolving her sound get her back to her unique range and power-",Expresses preference for a specific vocal range while acknowledging the song's overall quality.
Neutral,Neutral,"The melody is very similar to Blero's song ""Can't you see"".","Identifies a similarity to another song, implying a lack of originality."
Neutral,Neutral,Entire Album has a different vibe!,Expresses a shift in the album’s overall feel.
Positive,Positive,I love those lyrics!!!,Expresses strong positive sentiment about the lyrics.
Positive,Positive,The guy in the second verse that goes to get in close with dua just makes me melt he's so hot 😮❤,Expresses attraction and admiration for the video subject.
Neutral,Neutral,"The autumn equinox painting, the yellow waltz preamble of the season trees, is an emotional psychological theatrical scenario of the composition of the colors displayed on the heavenly wall; the sincere gray is amalgam  with the light of afterglow, in the shades of all the perpetives of the firmament !!!  The vision of the mermaid took place on the blue stone of the sea, and under the great mouth of the moon, which sang in the tuning fork of the watery world of whales and dolphins; capturing the senses of sailors and fishermen; and waking up the deep sleep of the rocks in the infinity of oceanic thoughts!!!  A  pintura do equinócio outonal, o preâmbulo da valsa amarela das árvores da estação,  é um cenário teatral psicológico emocional da composição das cores exibidas na parede celestial;  o cinzento sincero se amálgama com a luz do arrebol, nos tons de todas as perpectivas do firmamento!!! A visão da sereia aconteceu sobre a pedra azul do mar, e sob a grande boca da lua, que cantava no diapasão do mundo aquático das baleias e golfinhos; capturando os sentidos dos marinheiros e pescadores; e acordando o sono profundo dos rochedos no infinito dos pensamentos oceanicos!!!  La peinture de l'équinoxe d'automne, préambule de la valse jaune des arbres de saison, est un scénario théâtral psychologique émotionnel de la composition des couleurs affichées sur le mur céleste ; le gris sincère s'amalgame avec la lumière de la rémanence, dans les nuances de tous les perpétifs du firmament !!! La vision de la sirène a eu lieu sur la pierre bleue de la mer, et sous la grande bouche de la lune, qui chantait dans le diapason du monde aquatique des baleines et des dauphins ; capturer les sens des marins et des pêcheurs ; et réveiller le sommeil profond des roches dans l'infinité des pensées océaniques !!! La pintura del equinoccio de otoño, el vals amarillo preámbulo de los árboles de temporada, es un escenario teatral psicológico emocional de la composición de los colores que se muestran en la pared celestial; ¡¡¡El gris sincero es amalgama con la luz del resplandor, en las sombras de todas las perpetivas del firmamento !!! La visión de la sirena tuvo lugar sobre la piedra azul del mar, y bajo la gran boca de la luna, que cantaba en el diapasón del mundo acuático de las ballenas y los delfines; capturando los sentidos de marineros y pescadores; y despertando  el sueño profundo de las rocas en la infinidad de pensamientos oceánicos!!! Il dipinto dell'equinozio d'autunno, il preambolo del valzer giallo degli alberi della stagione, è uno scenario teatrale psicologico emotivo della composizione dei colori esposti sulla parete celeste; il grigio sincero si amalgama con la luce degli ultimi bagliori, nelle sfumature di tutti i perpetui del firmamento!!! La visione della sirena ebbe luogo sulla pietra azzurra del mare, e sotto la grande bocca della luna, che cantava nel diapason del mondo acquatico delle balene e dei delfini; catturare i sensi di marinai e pescatori; e svegliarsi  il sonno profondo degli scogli nell'infinito dei pensieri oceanici!!! Das Herbst-Tagundnachtgleiche-Gemälde, die gelbe Walzer-Einleitung der Jahreszeitenbäume, ist ein emotional-psychologisches Theaterszenario der Komposition der Farben, die an der himmlischen Wand angezeigt werden; Das aufrichtige Grau verschmilzt mit dem Licht des Nachglühens, in den Schattierungen aller Perpetiven des Firmaments !!! Die Vision der Meerjungfrau fand auf dem blauen Stein des Meeres und unter dem großen Mund des Mondes statt, der in der Stimmgabel der Wasserwelt der Wale und Delfine sang; Entführung der Sinne von Seeleuten und Fischern;; Den tiefen Schlaf der Felsen erwachen lassen, in der Unendlichkeit ozeanischer Gedanken; am unendlichen Grund der Ozeane!!! JJJSSS","Contains highly descriptive and poetic language with both positive and somewhat overwrought elements, making a straightforward sentiment assessment difficult."
Neutral,Neutral,Why does the beat sound like Morgan wallens new song “love somebody” ?! 🤔,"Compares the song’s beat to another artist’s, indicating a similarity but not necessarily a positive or negative overall assessment."
Positive,Positive,I love this song and the lyrics 🤞🏻💆🏻‍♀️,Expresses strong positive feelings and wishful thinking.
Positive,Positive,I love this lyrics. If you looking for ‘true love’ maybe It’s time to stop chasing love.,Expresses enjoyment and a positive interpretation of the lyrics.
Negative,Negative,The worst klip ever seen.. Why would someone shoot a video in a refugee camp like this?,Expresses strong disapproval and condemnation of the video's content and setting.
Positive,Positive,Love this its old school pop vibes😊,Expresses fondness for the song's nostalgic pop style.
Neutral,Neutral,The melody of Priya's song by Shahram shabpare,Simple statement of the song's name without expressing an opinion.
Negative,Negative,"Already boring ,sounds generic and does not take you anywhere.Levitating season.moving on.",Expresses boredom and criticism of the song's lack of originality.
Neutral,Neutral,0:15 really thought that was Machine Gun Kelly. Was expecting him to have a verse or something the whole time. Guess its not him,"Expresses disappointment at the artist not being Machine Gun Kelly, but acknowledges a positive aspect of the song."
Neutral,Neutral,Basically tame impala with dua on vocals,"Compares the song to Tame Impala, acknowledging a similarity while also referencing Dua Lipa."
Positive,Positive,Good track lyrics also great,Expresses positive opinion about the song's lyrics and overall quality.
Neutral,Neutral,Though this tune is copied from 1980-90's song...because of our darling dua Lipa mesmerizing vocals...lifted this song blasting hit,Acknowledges copying but praises the vocals.
Neutral,Neutral,"Who's making her music?! I just heard Eminem's latest song. It was sht. I'm probably his biggest fan. This Dua Lipa's song is fresh  beat good, song good, video ehh",Expresses a negative opinion of the song while acknowledging its positive qualities.
Positive,Positive,"my favourite dua lipa song by far, the choreography, timing and pitch is amazing",Expresses strong positive feelings and praise for specific elements.
Negative,Negative,"This infuriates me this song is not higher ranked in views. I feel like this is why most pop artists are risk averse and don’t do typically do more experimental sound. The overall public can’t get behind it, won’t make as much money. Sad really, I hope Dua continues making whatever music she wants regardless of the charts",Expresses frustration and criticism of public opinion and its impact on artists.
Positive,Positive,"In loveeee with the lyricsssssssss, slayyyyyyyy",Expresses intense and enthusiastic love for the lyrics.
Positive,Positive,The tune the 90's vibe ❤🎉 what a 💣,Expresses enthusiastic enjoyment of the music and its nostalgic feel.
Positive,Positive,"You know she's always gonna bring it with the vocals.  That heat, though.  I gotta get up and dance as soon as I hear it.",Expresses enthusiasm and a desire to dance.
Positive,Positive,Chorus is all my happiness,Expresses intense joy and positive feelings about the chorus.
Positive,Positive,I like the music video and the lyrics of the song is nice.,Expresses positive feelings about both the music video and the song lyrics.
Neutral,Neutral,"Gonna be honest, kinda disappointed that there isn’t a dance piece that the guys broke out into for the chorus.  The song has such a great beat and an awesome build up from the bridge into the chorus that would have been amazing with some choreography!",Expresses disappointment while acknowledging the song's strengths.
Neutral,Neutral,Video clip doesn't do the justice to the beats.,Expresses disappointment with the visuals compared to the music.
Positive,Positive,"Love this song ❤and also get some Ethan Bortnick vibes if you know his music ,",Expresses love for the song and makes a comparison to Ethan Bortnick.
Positive,Positive,"She is so gorgeous. Great song, she always makes good catchy music",Expresses admiration for the artist's appearance and appreciation for her music.
Positive,Positive,"Sick beat, guitar rift of the decade? 🔥 Loving it",Expresses strong enthusiasm and excitement.
Neutral,Neutral,"Love the song although it does sound like anbother song in the chorus- like plagerised lol, video sucks though",Expresses liking the song but criticizes it as a copy and the video quality.
Negative,Negative,"Esta pessoa, @anagalvaoperez, não tem habilitações para ensinar espanhol, nem conhece os princípios básicos: o seseo, ceceo e voceo. Se ela fala tipo ""sopinha de massa"", é porque não aprendeu nada no tempo que viveu em Espanha e estudou em escolas espanholas... se quer ensinar, não ensine mal... e os trocadilhos maus não ajudam...",Strongly criticizes the tutor's lack of knowledge and poor teaching methods.
Neutral,Neutral,when the song sounds like a BANGER but the millionaire popstar's team couldn't afford captions so miss a quarter of the lyrics 😭,Expresses excitement about the song's quality alongside frustration about missing lyrics.
Neutral,Neutral,Intros like into deep sum41,Acknowledges a positive element (Sum 41) but suggests a negative quality (intro).
Negative,Neutral,Autotune??,Expresses disapproval of the use of autotune.
Neutral,Neutral,Need Beats?,"A simple question seeking information, lacking sentiment."
Neutral,Neutral,"The teacher was sure, he can't sing - too deep the voice.  As he hear what there say, an Vulcano has break out and the lava was in flow ^^  (Without this stupid teacher, we have never seen her)",Expresses frustration with a teacher's opinion alongside appreciation for the song.
Neutral,Neutral,"Well I ik side effects were literally my bane of existence 🤣😭😆 ❤❤ been loving the mind spirit force nation we could create got the notes but they are all like this love are calling you in a few years since I've been taught not to be able to bend the door thrice ringed octopus 🦑 🦑  sacral plexus withmy lover have to start unfolding to untangle refine close to resting subject to sleep 💤 💤 💤 like a stand alone 4 pillars of eternity lasts inside 💠 👄 💓 👄 to the library under the trees the sounds4to get some 🎉🎉KrazyKoolKrew ad on a personality trait is it not 🚫 🚫 it's from the hearts beautiful tapestry intertwined through time and space theuniverse 😉 😉 💝 😘 😉 😉 ☺️ 💥 💫 🧹 💚 🤍 💜 🖖 🤞 🍄 🍀 🍁 🍁 🌴 🍀 🍁 🌈 🫧 🔥 🙌 🫶 🦻 👅 🫦 🌉 🌉 🌐 💞 ✨ 🎶 🦋 🫀 🍁 🌈 🫧 🔥 🙌 👐 🤞🤞🤞🥳🥳🧐🧐🫠🫠🥰😍🥰🤩😇👁️💟💚🤍❤️🤍🩵🩵💥🌟🌟🕳️🌟🌟----÷AO(XISA.. 9star or tenth avenue north crescent rolls 🥐 🥐 💥 🥐 💫 🧹 💚 🤍 💚 🤍 💚 🤍 💚 🤍 💚 🤍 💚 🤍 💚 🤍 🥐 🥐 💥 💥✌️ 🫰 🫰 🫰 🧝 🧙 🧛 🧑‍🔬 🧑‍🔬 🧑‍🔧 😽 💖 😶‍🌫️hills have eyes from crying the emotions to kinda explode into the internals what are the chances of as we see the moon and we have been looking at the sun 🌻 lights all the same switching to the bar hoping to see you and I can see it now but I'll have to look for the next two days in my life ❤❤💠🕰️⌛🧲🧰✒️⏳🪄🤍💚🧬🧭 💖 🙏 😽 Where have you gone, been a few years since start, seeking to be able to make it through this year would have been the seeking to be home by the love generation ❣️ ❣️ 🙈 😍 🌹 🎶 🛸 ⛩️ 🛸 🦄 🌠 💧 💯 ❣️ 🙈 😍 😍 💚🧑‍🎤🙈💚🧝🧑‍🚀🫅🖖🔮🌠🌠🌠🌠🌠🌠🌠😍🤩😍🥹🥹🤪🤐🤪🥺🥰🥰🫡🫡😳 curiosity T 3:33 42 47 to get to know you more than anything else 💞 😽 🎉😴😴🤯leavitate to a galaxy's edged  ⚔️ 🛡️ 🗝️ 🔐 🗝️ 🗝️ 🔐  🗝️ 🔐 🗝️  🔐   🔐  🗝️ 🔐 🗝️ 🗝️ 🔐 🗝️ 🗝️ 🔐 🗝️ 🗝️ 🔐 🗝️ 🔐 🗝️ 🗝️ 🔐 ⚔️ ⚔️ ⚔️ P❤bit different Toxic us family thanks for the healings bit of mirrors and smoke lazers3:334247💠 💠 💠 😶‍🌫️ 😶‍🌫️ 😜 😎 🪄 💚 🤍 💚 🤍 ❤❤🌠⛩️🎶 exactly seeking ice twice and the ocean thrice the one in and the the one 🕐🕜 times been hard going 🤣🤣🤣🤣🤣🤣🤣 yes i can switch this is the flow IYKYK IKYK told the guys not all but who knows what will happen should be able to see you with eyes only on 2 simultaneously need at least 3 for the activity of 3 sight ❤❤❤ car brain...😅😅 realistic realizations for my philosophy research genius with some flare (fucken trust you and the ones at the table forgot to check when we talked was yesterday for me xox love)","The comment is a stream of consciousness with mixed emotions, absurd phrases, and references, making it difficult to categorize with a clear sentiment."
Positive,Positive,Es hermosa esa mujer ❤❤❤ Que buen beat y ritmo musical,Expresses strong positive feelings and appreciation for the song's beat and rhythm.
Negative,Negative,"The production on this is dire. Weak keyboard (like a kids keyboard) and the vocals are over compressed and dull, like they're covered in muslin.",Strongly criticizes the poor production quality of the song.
Neutral,Neutral,Comment dire. Entre deux tempos 😉,"Short, ambiguous comment with a suggestive emoji, lacking clear sentiment."
Positive,Positive,catchy,The word 'catchy' indicates a positive assessment of the song's appeal.
Negative,Negative,I can feel the sadness in every notes 🥲,Expresses a feeling of sadness associated with the music.
Neutral,Neutral,"Not my kind of music as such, but this a catchy Pop tune",Expresses a neutral opinion with a positive acknowledgement of catchiness.
Negative,Neutral,"I love Dua Lipa, she is flawless both visually and musically! But not gonna lie, this vid would’ve been way better without all those creeps hanging around her and gawking at her through the window. It gives off creep vibes and makes me feel uneasy to watch her there amongst all that!😧",Expresses discomfort and negative feelings due to the presence of unwanted attention.
Negative,Negative,"To the lyrics, to the content: okay but how about a little humility. You're all about ""what I need. """,Expresses criticism and disdain for the song's theme.
Neutral,Neutral,is it just me or it gives 2000s vibes?,References a nostalgic but potentially dated musical era.
Negative,Negative,Nothing special in the song. So generic. Still arrangements are pretty good,Describes the song as generic and lacking merit.
Neutral,Neutral,Why the chorus is similar to Tokyo Nights by Digital Farm Animals? 😮,"Compares the song to another, potentially noting a similarity while also expressing a general opinion."
Neutral,Neutral,"I enjoy the young lady's singing. The driving beat will be hard on the ol' head, but it's pretty fun.",Acknowledges enjoyment while noting a potentially negative impact of the beat.
Negative,Negative,Stealing tokyo nights’ melody 😅,Expresses annoyance and disapproval of musical plagiarism.
Positive,Positive,Disco + 90’s vibes,Expresses enjoyment of a nostalgic and appealing musical style.
Neutral,Neutral,"The chorus is good Dua Lipa, the rest is just pure junk.",Praises the chorus but criticizes the rest of the song.
Neutral,Neutral,Hold you deeper than the holy Ghost,Expresses a profound and spiritual connection alongside a somewhat unsettling phrasing.
Positive,Positive,It reminds me of Jennifer Lopez  vibes I love it!❤,Expresses enjoyment and similarity to Jennifer Lopez.
Positive,Positive,I love the transition of the beat and this song is the best,Expresses strong enjoyment and appreciation for the song.
Neutral,Neutral,Anyone else catching that LG “New Beginning” ringtone feel to the track? 👀,Acknowledges a similarity to another song while expressing a neutral observation.
Positive,Positive,"Beautiful and powerful, Dua never failed to make great music!",Expresses admiration and praise for Dua's musical talent.
Positive,Positive,"I was trying to find the name of another song with lyrics that sound like _""We were happy once.... All the timeeee.... Everything's going to be Alright""_ (melancholic song sung by female with voice like Lady Gaga) but instead i found the other song I heard on radio... Every song Dua puts out ends up being so catchy 😍 9:25am 16.6.2025",Expresses enjoyment and appreciation for the song's catchy melody.
Neutral,Positive,its giving VIBE,Uses slang indicating a general positive impression without specific details.
Negative,Negative,"I discovered today a Korean tradition according to which, the first song listened to after midnight on January 1st, would set the tone for the year. I guess cupid decided to ruin my year, I'm fucked 😂🎉❤",Expresses frustration and disappointment regarding a perceived bad omen.
Neutral,Neutral,"Because of the evil of human beings, and the hidden tyranny of darkness, the rain will always cry with deep and constricting tears over the lost hearts of men and women!!! The moon will always recite a poem illuminating the night!!! Carmélia Cassiopeia is not a Greek mythological goddess; but a beauty of contemporary literature!!! The creator will judge the usurped throne of the stars!!! JJJSSS  Por causa da maldade dos seres humanos, e a tirania escamoteada da escuridão,  a chuva sempre vai chorar com lágrimas profundas e constritas o coração perdido do homem e da  mulher!!!  A lua sempre vai declamar um poema iluminando a noite!!! Carmélia cassiopéia não é uma deusa mitológica grega; mas uma beldade da literatura  contemporânea!!! O criador vai julgar o trono usurpado das estrelas!!! A cause du mal des êtres humains et de la tyrannie cachée des ténèbres, la pluie pleurera toujours avec des larmes profondes et constrictives sur les cœurs perdus des hommes et des femmes !!! La lune récitera toujours un poème illuminant la nuit !!! Carmélia Cassiopeia n'est pas une déesse mythologique grecque ; mais une beauté de la littérature contemporaine !!! Le créateur jugera le trône usurpé des étoiles !!! jjjsss  ¡¡¡Por la maldad del ser humano, y la tiranía oculta de las tinieblas, la lluvia siempre llorará con lágrimas profundas y constrictoras sobre los corazones perdidos de hombres y mujeres!!! La luna siempre recitará un poema iluminando la noche!!! Carmelia Cassiopeia no es una diosa mitológica griega; pero una belleza de la literatura contemporánea!!! ¡¡¡El creador juzgará el trono usurpado de las estrellas!!! A causa della malvagità degli esseri umani e della tirannia nascosta dell'oscurità, la pioggia piangerà sempre con lacrime profonde e costrittive sui cuori perduti di uomini e donne!!! La luna reciterà sempre una poesia illuminando la notte!!! Carmelia Cassiopea non è una dea mitologica greca; ma una bellezza della letteratura contemporanea!!! Il creatore giudicherà il trono usurpato delle stelle!!! Wegen der Bösartigkeit der Menschen und der verborgenen Tyrannei der Dunkelheit wird der Regen immer mit tiefen und erdrückenden Tränen über die verlorenen Herzen von Männern und Frauen weinen!!! Der Mond wird immer ein Gedicht rezitieren, das die Nacht erhellt!!! Carmélia Cassiopeia ist keine griechische mythologische Göttin; aber eine Schönheit der zeitgenössischen Literatur!!! Der Schöpfer wird über den usurpierten Thron der Sterne richten!!!  因为人类的邪恶，因为黑暗的隐秘暴虐，雨总会为失落的男男女女的心灵流下深沉而压抑的泪水！ 月亮总会吟诵一首照亮黑夜的诗！！！ 卡梅莉亚·卡西奥佩娅并不是希腊神话中的女神；她是希腊神话中的女神。 但当代文学之美！ 造物主将审判篡夺的星辰王座！！！ JJJSSS","Contains both strong, passionate praise and criticisms, spanning multiple languages and expressing complex feelings about the song and its themes."
Positive,Positive,A lot of harmony ..love d way picture ..of stop letting people inside.  meaning deeper great picture representation of my life ..God bless.. learning lessons ..Putting boundaries for peace 🕊️ ..but close training season 🙂😀🔥🤗,Expresses appreciation for the song and its connection to personal experiences.
Neutral,Neutral,"Narcissistic lyrics, goddamn. But the sound is great!",Criticizes the lyrics while acknowledging the positive sound.
Positive,Positive,The bridge hits.chorus is amazing yeesss!!!! You look amazing 😊,Expresses strong enthusiasm and appreciation for the song.
Positive,Neutral,Tokyo Nights chorus,Expresses appreciation for the song’s chorus.
Positive,Positive,"Awesome song, excellent chorus, outstanding music I'm impressed , entitled lyrics couldn't care any less..",Expresses strong positive feelings and admiration for the song.
Neutral,Neutral,"it has ""i was gonna cancel"" by Kylie Minogue vibes","Compares the song to another, implying a similar style or quality."
Negative,Negative,the most generic mc donalds music i've ever heard lol,Sarcastic dismissal of the song's quality and lack of originality.
Positive,Positive,So catchy,Expresses strong enjoyment and appreciation for the song's catchiness.
Positive,Positive,The lyrics on this song is top notch 👌🏼,Expresses high praise for the song's lyrics.
Negative,Negative,Compositionally completely irrelevant song,Expresses strong disapproval and dismissal of the song's musical merit.
Positive,Positive,Great vibe 👍wrote the best song 🎸 and shortest song I have ever written 😉2mins and 3 Seconds Long. It took 15mins to pen that $HIT 😜 so to speak 😊☝️,Expresses enthusiastic enjoyment and admiration for the song.
Negative,Negative,Love Dua but not feeling this one. Miss that heavy beat and strong bass line. She needs to work with someone that really lets her beautiful voice come out. I think she's beyond this and headed in the wrong direction.,Expresses dissatisfaction with the song and criticizes a shift in Dua's artistic direction.
Positive,Positive,That second chorus parts is amazing 💖,Expresses strong positive emotion and appreciation for a specific part of the song.
Positive,Positive,bam bam bam - im your  really big  big fan! thank you for incredible lyrics and  song! you a so incredible !,Expresses strong enthusiasm and appreciation for the song.
Neutral,Neutral,Dua gives Monica Belucci vibes!,"Compares the artist to another, presenting both a positive (similarities) and potentially negative (comparison) aspect."
Neutral,Neutral,Roy Andersson vibes,References a specific artist (Roy Andersson) suggesting admiration mixed with potential critique.
Negative,Negative,Shes becoming katy perry Generic Pop,"Expresses criticism, comparing the artist to a disliked pop star."
Positive,Positive,The synth got me feeling vertigo,"Expresses a strong, positive sensation related to the music."
Negative,Negative,Different times for sure. Most men have checked out emotionally.,Expresses a negative judgment about men's emotional state.
Negative,Negative,I'd rather listen to ABBA and Shania Twain again and again then listen to this half baked inspiration. The chorus and the bridge feel so disjointed!,"Strongly dislikes the song, comparing it unfavorably to classic artists and highlighting disjointed sections."
Positive,Positive,The lyrics are like my thoughts. How'd that happen? 💯♥️,Expresses a strong connection and appreciation for the song's lyrics.
Neutral,Neutral,too much autotune this is amazing but over usage is not great her natural voice is way better,Acknowledges the song's quality but criticizes the excessive use of autotune.
Negative,Negative,Dua said its bye to nonchalant emotionally unavailable men cuz theyre not competing with other men anymore but a womans inner peace with themselves,Expresses a critical and dismissive opinion of Dua Lipa's statement.
Positive,Positive,This gives super bowls halftime show vibe💜,Compares the music video to a highly positive and memorable event.
Neutral,Neutral,Her voice is infallible but the song sucks. Houdini sucks too. Too often the lyrics of her songs are cringy.,Praises her voice while criticizing the song and lyrics.
Positive,Positive,This song so amazing so i covered it fully in my channel because its  catchy,Expresses enthusiasm and intention to create a cover.
