classificacao,sentimento_manual,comentario,justificativa
Positive,Positive,"The first chorus with the crowd screaming ""they not like us"" is pure goosebumps",Expresses intense excitement and positive reaction to a specific moment.
Positive,Positive,"I am a 59 year old woman and when I tell u that Kendrick has me turning this up EVERY SINGLE time. Dont know why it resonated with me waaaaaaaaaaaayyyyyyyyy before I knew there was a beef. I just loved the beat and lyrics. But baebeeeeeeeeee, the SuperBowl performance had me with such great pride!!!!! As one of soldiers on the frontline of the movement from 60's to now, I must say I was so impressed and loved it. It got me into the rest of his music. Im highly impressed and proud of K-Dot. For the first time I feel like this young man brought generations together. Me my kids, grandkids and great grand vibe out to this anthem. Yes I SAID ANTHEM !!! Also with wats going on in our nation in 2025, baby we need this and so much more!!! I know I can speak for our nation when I say. THEY NOT LIKE US!!!!",Expresses strong admiration and connection to the song and artist.
Positive,Positive,"When Kendrick drops, the world listens. this isn’t just a song, it’s a warning; every bar is surgical, every beat is heavy, and “They not like us” became a national anthem overnight legendary energy.🎉1 year of release already",Expresses enthusiastic praise for Kendrick Lamar's song and its impact.
Positive,Positive,Bro the beat alone is legendary,Expresses high praise for the song's beat.
Negative,Positive,"""once upon a time, all of us was in chains, homie still doubled down callin' us some slaves. atlanta was the mecca, building railroads and trains. bear with me for a second, let me put y'all on game. the settlers was using town folk to make them richer. fast-forward, 2024, you got the same agenda. you run to atlanta when you need a check balance."" was my FAVORITE VERSE omg",Expresses strong criticism and accusations of historical repetition.
Neutral,Neutral,4:08 This part of the video and the song has got to be the best response to the allegation that Kendrick is a wifebeater. Whitney wearing a wifebeater and dancing to not like us.,Expresses support for Whitney Houston while acknowledging the original accusation.
Positive,Positive,I will never get tired of this song lol. The beat is 🔥,Expresses enthusiastic and repeated enjoyment of the song.
Positive,Positive,This BEAT… Mustard for Prez!!!,"Expresses strong enthusiasm for the producer, Mustard."
Negative,Neutral,"""Beat your ass and hide the Bible if God watchin"". 😂😂😂😂😂",Uses vulgar and offensive language expressing contempt.
Positive,Positive,"I'm making a shout out to Kendrick Lamar. He killed it, give this man his awards. He is the king 👑  and people can stay hatting but Kendrick Lamar nailed it, he beat Drake down so hard with this song and the other song to called euphoria. I'm a huge fan of this man work and I love how he is working with sza they are both know for r&b and rap. I love their voices together and I hope that they make more and they are probably on tour. I love you Kendrick Lamar keep up the amazing work 🎉🎉🎉🎉🎉🎉🎉",Expresses strong praise and admiration for Kendrick Lamar and his music.
Positive,Positive,Playing this at max volume so even my neighbors can vibe too.😂,Expresses enjoyment and a desire to share the music.
Positive,Positive,Humble and this was first thing I played through my new studio Beats!!!,Expresses excitement and satisfaction with the song and new equipment.
Positive,Positive,Ten years from now this will still b a vibe,Expresses belief that the song will remain enjoyable in the future.
Positive,Positive,This song is still undeniably catchy.,Acknowledges the song's persistent appeal and catchiness.
Positive,Positive,Amazing beat ❤,Expresses strong positive emotion about the beat.
Positive,Positive,"I've been listening to Kendrick since he was K. Dot. (After listening to ""Spiteful Chant"" & ""A.D.H.D"" I knew he was gonna blow up)I have no idea why Drake thought beefing with one of the best Lyricists ever and one of the few that was able to go MAINSTREAM without selling out would b a good idea. Who else would make a beef song the biggest hit of the year AND play it at the Superbowl with drakes ex serena. Even when Drake was at his best he still would have gotten completely destroyed. And props to kendrick for the last verse",Expresses strong admiration and praise for Kendrick Lamar's talent and success.
Positive,Positive,The scale of annihilation this song is systemic..and deep..and danceable! I love it!,Expresses enthusiastic enjoyment and appreciation for the song's impact.
Positive,Positive,"Lyrics genius on so many different levels and I don’t listen to rap, but I was ALL in! Lamar, you did this!!",Expresses strong admiration and enthusiasm for the song and artist.
Neutral,Neutral,We coming back to where Drake took notes,References Drake's past while implying criticism of his current work.
Neutral,Positive,The fact that bro made a viral diss track about drake and has this many views just shows he know exactly how to make proper beats,Praise for beat-making ability mixed with a critical observation about the content.
Positive,Positive,Man idk how this is still such a vibe,Expresses strong positive feelings and enjoyment.
Positive,Positive,"In the 3rd verse, when tommy the clown blows the first whistle , kendrick and the dancers froze in the corner. So dope 🔥🔥🔥",Expresses enthusiastic appreciation for a specific moment in the video.
Positive,Positive,"The fact that this song is copy right free, is a bop AND a drake diss!.. No wonder everyone learnt the lyrics fast lol",Highlights the song's positive attributes: catchy and a Drake diss.
Positive,Positive,"The beat is insane, simple but effective, as always Mustard on the Beat never dissapoint, not to mention Kendrick Lamar. Kind regards.",Expresses enthusiasm for the beat and acknowledges Kendrick Lamar's contribution.
Negative,Negative,My ex used to talk so much crap about Kendrick lol and on days when we would drive he would sing his lyrics and I would said “I thought you hated the man” it just shows how men hate men who are successful lol😮 I died😂,Expresses frustration and dismissive commentary about a successful artist.
Positive,Positive,thinking back of all the times I said Kendrick was the greatest alive without skipping a beat and I was right,Expresses confidence and affirmation about Kendrick's musical talent.
Negative,Positive,"Drake is dead meat ,his comeback will never be powerful like this song",Expresses strong pessimism about Drake's future success.
Neutral,Neutral,"Too busy trying to learn the lyrics, I didn't even notice Demar Derozan, twice, smh...",Expresses frustration without strong positive or negative emotion.
Positive,Positive,I have dementia and i still memorized the lyrics to this song,Expresses a strong positive memory and appreciation for the song.
Neutral,Neutral,"At school, I guess this song by the first beat","A brief, somewhat nonsensical comment with no clear sentiment."
Negative,Negative,"This is not music, nor is it singing .The guy is just talking  against the background of the shitty annoying beat.  Why would anybody listen to this crap 😂",Strongly criticizes the recording as nonsensical and unpleasant.
Positive,Positive,The vibe is so good,Expresses a positive feeling about the song’s atmosphere.
Negative,Neutral,Drake took THE WORST L in hip hop hop history 😂😂,Expresses strong ridicule and negativity towards Drake.
Neutral,Neutral,"Does anyone wanna talk that in God’s Plan, There is a chorus with fans and there is a chorus with fans in this😮😮😮😮",Expresses amusement and acknowledges both positive and potentially critical observations.
Negative,Negative,"Dear Kendrick, I hope you read  this  comment. You make good  music  but your superbowl performance was terrible and what you did  was awful  i hope you  get canceled  for what you did trying to  start a revolution is just plain out  stupid that  war and revolution stuff ended years ago",Expresses strong disapproval and condemnation of Kendrick's actions and performance.
Negative,Negative,Say OV-Hoe 😂😂 that’s an emotional damage,Uses a derogatory and offensive term.
Negative,Negative,This song is trash. The cadence and voice he is using is fucking annoying.  Wack shit.,Strongly criticizes the song and the artist's vocal delivery as 'trash' and 'fucking annoying'.
Positive,Positive,Kendrick gave a Master Class on a lyrical beatdown. He's the Lex Luther of Hip Hop!,Highly complimentary and praising Kendrick Lamar's skills.
Positive,Positive,This is such a vibe,Expresses enjoyment and appreciation of the song's atmosphere.
Neutral,Negative,Kendrick is a Temporary club hitta Drakes music will always play at the Club 🔉🔉🔉,Contains both praise for Kendrick and a dismissive critique of Drake.
Negative,Negative,Kendrick is one of the worst artists i ever heard,Expresses strong disapproval and considers Kendrick a bad artist.
Negative,Positive,Mustard on the beat hoe 🎉,Uses offensive and derogatory language.
Neutral,Positive,"Beat that halftime show...... anywhere..... He didn't even rap my favorite of his..... But Serena, I had to stop and rewind 🥰 who won the game?",Expresses frustration about the rap performance while also showing affection for the artist.
Positive,Positive,"Kendrick Lamar Duckworth (born June 17, 1987) is an American rapper, singer, songwriter and record producer. Regarded as one of the greatest rappers of all time, he was awarded the 2018 Pulitzer Prize for Music, becoming the first musician outside of the classical and jazz genres to receive the award. Lamar's music, rooted in West Coast hip-hop, features conscious, introspective lyrics, with political criticism and social commentary concerning African-American culture.",Acknowledges his significant accomplishments and positive impact.
Neutral,Positive,🎉❤I like this vibe 🚬☠️🔥,"Combination of positive emojis (heart, fire) with negative (skull) and neutral (cigarette) symbols."
Neutral,Neutral,Something catchy about this B 😂,Sarcastic comment suggesting the song is not good.
Negative,Neutral,Mustard on the beat hoe 😂,Uses offensive and derogatory language.
Positive,Positive,Killer lyrics!!,Expresses strong praise for the song’s lyrics.
Positive,Positive,"""Sweet Chin Music"" in Kendrick Lamar's music refers to a metaphor taken from professional wrestling, specifically the finishing move of WWE Hall of Famer Shawn Michaels. In the wrestling world, Sweet Chin Music is a superkick—an iconic move that knocks out an opponent with a quick kick to the chin. -ChatGPT This shit is SOOO deep.",Acknowledges and appreciates the metaphorical depth of the song's title.
Negative,Negative,One of the worst songs I have ever heard. He sounds like a hillbilly 😂😂😂 you call this trash music ? Lol,Expresses strong disapproval and uses mocking language.
Positive,Positive,I luv the beat I luv when he said   since 09 he had it. Jumping,Expresses enthusiastic enjoyment of the music and a specific lyric.
Negative,Negative,"Not Like Us is not a future and you know why because it's not changing the negativity of Hip Hop Music and it's also suppoting the negativity because it mocks God,and I can prove it to by this line in the song ''Beat your a** and hide the bible if Gods watching.",Strongly criticizes the song and its perceived religious themes with harsh accusations.
Negative,Negative,Bro is rapping like he ain't breathing like not even a deep breath 🎉😂,Expresses criticism of the rapper's delivery.
Negative,Negative,Boring Beats get a guitar and learn some R'n'r,Expresses disapproval of the song's style and suggests a lack of musical skill.
Neutral,Neutral,mustard on the beat,A nonsensical comment with no discernible sentiment.
Negative,Negative,"Dr6ke: ""if you can beat 'em, just copy 'em""",Expresses a cynical and critical view of the artist's work.
Negative,Positive,Drake worst nightmare,Expresses a strong dislike for Drake's music.
Neutral,Positive,"5:06 LOVE THIS BEAT FIRE🔥 SHAKEN FATASS! THE RHYMES ARE FIRE 🔥 TOO. OMG I HAD THE PART OF THE SONG THAT SAYS ""THEY NOT LIKE US!"" (REPEATEDLY) ALL WRONG! I WAS SAYING ""THEY LIKE  EM YOUNG"" (REPEATEDLY)! I'M SORRY! I'M DEAD😆🤣","Expresses enjoyment of the beat and rhymes, but corrects a lyric with humorous self-deprecation."
Positive,Positive,Damn the chorus is catchy,Expresses enthusiastic praise for the song's chorus.
Negative,Neutral,I’m bout to pass on this beat like John Stockton,"Compares the song negatively to a respected basketball player, indicating dislike."
Positive,Positive,Yo Kendrick Lamar you a straight-up genius! This is now my ringtone this is now my new favorite song of all times! Get it Biotch you are a badass! I'll say it again FLATOUT GENIUS! EPIC SONG! HOPE IT GETS SONG OF THE YEAR Blessing's~ Pixie 🙏🏼🥰❣️🔥✌🏿🎶🎤🕺🏾☝🏿,Expresses overwhelming praise and excitement for the song.
Neutral,Neutral,Mustard on The Beat,A nonsensical comment with no discernible sentiment.
Positive,Positive,"I grew up in Compton/L.A and Tommy tha Clown used to ride through the city beating and would jump out his car, and we'd all dance with him in the street. That was back in the 90s, and he's still going strong after all these years.",Expresses nostalgia and appreciation for the artist's longevity and impact.
Negative,Negative,This is boring annoying and complete garbage,"Strongly negative description of the song as 'boring', 'annoying', and 'garbage'."
Negative,Negative,The Vibe? Ghetto trash sreggin.,Uses derogatory language to describe the music's aesthetic.
Negative,Negative,Give it 6 months before Maga uses the beat.,Expresses concern about the song being appropriated for political purposes.
Negative,Negative,"I personally think this song is awful and you can barely understand what the so-called rapper is saying. I miss ""real"" music.",Expresses strong disapproval and criticism of the song's quality and the rapper's lyrics.
Neutral,Neutral,"I'm not Black, but my skin tone is dark. after this song. i don't feel the difference anymore.","Expresses a feeling of equality and lack of distinction, without strong positive or negative emotion."
Negative,Negative,I don't know why they played with that man he been showed niggas can't nobody fwh when he dropped that Control verse years ago I think only wayne in his prime & eminem can give him a run for his money & possibly jcole but Cole backed out so that says alot,"Contains offensive language and a harsh, dismissive critique."
Positive,Positive,Maki from andteam post in weverse got me here😂 👍🏼🔥,Expresses excitement and appreciation for Maki's post.
Negative,Positive,It never was more clear who won a battle. True definition of beating someone.,"Expresses a harsh, victorious sentiment implying a negative outcome."
Negative,Negative,other vaginal option one of the worst bars in the battle,Uses crude and offensive language to express strong disapproval.
Neutral,Neutral,GIVES SNOOP DOG VIBE,Acknowledges a similarity to Snoop Dogg’s style without expressing a strong positive or negative opinion.
Neutral,Negative,Mess with the wrong guy with Mustard on the beat Ho !!!!😂❤,Contains both praise for the beat and a vulgar expression.
Positive,Positive,I love this vibe,Expresses enjoyment of the song’s atmosphere.
Negative,Negative,"Never heard this song. Not a bad song, but how did this win Grammys? There is no way for the average person to understand even 20% of the song's lyrics",Expresses disbelief and criticism regarding the song's award recognition.
Negative,Negative,Stupid ass song. Stupid ass beat.,Expresses strong disapproval and insults.
Positive,Positive,❝ Mustard on the beat ho- ❞,Expresses enthusiasm and appreciation for the beat.
Positive,Positive,This has a much deeper meaning than Drake and I'm here for it 😂😂😂😂 I'm dyin laughing about it,Expresses amusement and enjoyment with enthusiastic laughter.
Negative,Negative,"stop doin that goofy shit, go back to doing untiteld 05 ahh beats",Expresses disapproval and criticism of the artist's actions.
Neutral,Neutral,2000s vibe,Expresses a nostalgic preference for a specific musical era without strong positive or negative emotion.
Negative,Negative,I can't talk to nobody else.... Keep 💯.. I'm not trying to get life because my guns license in the law forcement illegally an my gun promit in the streets illegally to kill us an my name on the military 🪖 in USA probably the whole world 🌎🌍 for the trick like my favorite rapper told me Prodigy from Mob Deep... Illuminati wants my mine soul an my body 🕵🏻,"Expresses paranoia, illegality, and conspiracy theories."
Negative,Neutral,The tempo of this song is the same as gas stove trying to light.,Uses a negative and frustrating simile to describe the song's tempo.
Negative,Negative,😤IM NOT INVISIBLE I see ASW PEOPLE MY DAD’s a Numerologist I’m a intergalactic SOUL Mariyam;Purity of a bright whiteness Madina;One who Judges MUHAMMAD SWS❤❤❤❤❤❤NAAILAHs 6th Daughter FORMALLY KNOWN AS AALIYAH CARTRR -LETTHEBEATBUILD …..they slept on his lyrics to DARKSIDEOFTHEMOON.Mirrors his painting I’m there THE PUBLIC EYE 👁️ KNOWS NOW 2:33pm FRIDAY,Expresses anger and contempt towards a group of people and references potentially offensive claims.
Negative,Positive,Quanto mais o tempo passa mais dá pra ter noção do quanto foi um esculacho do caralho kkkkkkkkkkkkkk,"Expresses strong, sarcastic criticism and amusement at a perceived failure."
Positive,Positive,1:10 fun fact this shot doesn't use special effects kendrick just used his powers,Highlights Kendrick's natural talent and skill.
Positive,Positive,Probably my favorite kendrick verse ever 😂 I spilt blood on my apron cooking this shii up…. I FEEL LIKE SOME OF YALL IS HATING,Expresses strong enjoyment and enthusiasm for the song.
Positive,Positive,<3 love this vibe <3 so true 100%,Expresses strong affection and agreement.
Negative,Negative,"This song is thrash! No flow , nothing , no rhyming ! Wow ! This piece of shit is a hit song. Horrible voice lyrics and all !",Strongly criticizes the song's lack of quality and features.
Neutral,Neutral,Mandem we can use this as the new cpr beat let’s use this sick beat to good use research online if u need,Combines praise of the beat with a request for further action/research.
Negative,Negative,Why’s he beating up a fucking owl ???? What did the owl do to you Kendrick. I bet it ate your cat. Meow,Expresses anger and accusations towards the artist.
Neutral,Neutral,Should I use this beat  for a song,"A question seeking advice, lacking explicit sentiment."
Negative,Negative,"Whack beats, whack lyrics. I've never bumped a kl song. Been bumping Drake for almost 20 years. This dude will be forgotten in 5 years. Calling Drake a popstar, only know who this clown is because he's all over the pop station. Keep it real, Drake always has.",Strongly criticizes the music and artist's popularity.
Neutral,Neutral,"I know musis , lyrics was on point but the message was the end THE OWL",Acknowledges good lyrics but criticizes the overall message.
Negative,Negative,Is Taylor your little sister gangbanger what’s the vibe I can’t keep up it’s getting too personal hahahaha someone of us LIVE IN THESE STATES fl and Georgia and Texas and Tennessee I love all colors ❤😅🖤,Sarcastic and dismissive commentary mocking the artist's style.
Neutral,Positive,"He dis'n more than drake .... Read the transcript, he talking about several. I didnt catch it until i saw lyrics, and he is pretty clever the way he weaves their names in the lyrics",Expresses admiration for the artist's cleverness while comparing them unfavorably to Drake.
Positive,Positive,Kendrick has the smoothest vibe game......i stg.....moves so perfect......f Drake all day.....XXX Tentacion 4 lyfe,Expresses admiration for Kendrick's style and compares him favorably to Drake.
Negative,Negative,"Maybe it's just me, but this song isn't very good.  Pronouciation is horrible, timing and rhythm is bad and the rymes are like 3/10","Expresses strong criticism of the song's poor pronunciation, timing, rhythm, and rhymes."
Negative,Negative,your over 50 your making fun of my voice your voice has deep voicecrack in it can make sissisisi,Contains insulting and aggressive language targeting the artist's voice.
Negative,Positive,"Bro drake is cooked, deep fried boiled, smoked, grilled, roasted, baked, sauted, steamed, broiled, seared, stir fried.",Strongly critical and hyperbolic language expressing extreme dislike.
Negative,Positive,"Bro drake music carrer is cooked, deep fried and burned",Strongly expresses negative opinion about Drake's career.
Negative,Negative,What is this shit ??? And voice is like beated by yr dad Drake 😂😂,Expresses strong disapproval and uses mocking language.
Negative,Negative,This is what passes as art these days? The lyrics sound like  a middle school mean girl diary entry run through a ghetto/poor grammar filter,Expresses strong criticism and disdain for the song's content and quality.
Positive,Positive,Really cool lyrics❤,Expresses positive sentiment with an emoji.
Negative,Negative,His style of rap sucks really can’t stay with the beat at all,Expresses strong disapproval of the rapper's style and timing.
Negative,Negative,"Updated verse for 2025: We not like Trump, we not like Trump!",Expresses disapproval of Donald Trump.
Negative,Negative,Bro I’m not gunna lie this might be the worst diss of all time… how do people like this?,Expresses strong disapproval and disbelief at the comment's quality.
Negative,Negative,0:20 if you knock at a mexicans door with that same rhythm it means go eff your mother lol i didnt realize that until I did it to my uncle 😂,Contains offensive and racially insensitive language.
Negative,Negative,His voice is so annoying ngl,Expresses dislike and annoyance with the singer's voice.
Neutral,Neutral,Can't beat Antonio Tate I see dead people,Expresses strong preference combined with a potentially unsettling and surreal statement.
Positive,Positive,happy anniversery,Expresses a joyful celebration.
Positive,Positive,Love the lyrics so real and genuine you are the goat ❤just had to give it to Kendrick ❤,Expresses strong affection and praise for Kendrick Lamar.
Negative,Negative,"That verse ""with money coming out the anus"" starting to make scenes right about now playboi","Uses vulgar language and expresses a negative, potentially offensive, sentiment."
Neutral,Neutral,"Some people be forgetting how deep this is “what is the owl, bird 🥷s and burnt bitches” real rap",Combines praise with a potentially offensive and dismissive comment.
Negative,Negative,To be so deep into your feelings being hurt isn't a good look in hip hop smh that's probably what you missed,Criticizes the artist’s lyrical content and perceived emotional vulnerability.
Positive,Positive,What good music is very catchy,Expresses enjoyment and appreciation for the song's catchiness.
Negative,Neutral,1:17 Kendrick said Drake im going to beat you up like a little boy.,Expresses strong anger and disapproval of Kendrick's statement.
Positive,Positive,GOOFY VIBE!,Expresses enthusiastic enjoyment of the song's atmosphere.
Negative,Negative,Yo dis is da worst shit I've ever heard,Expresses strong disapproval and condemnation of the song.
Neutral,Neutral,Quem aqui procurou a música por muito tempo ?,"Expresses a shared experience of searching for the song, without strong positive or negative emotion."
Positive,Positive,That drake verse was funny as hell,Expresses amusement and enjoyment of the Drake verse.
Negative,Negative,This is soke of the worst hip hop I’ve ever heard,Strongly condemns the music as terrible hip hop.
Negative,Neutral,beat your a** and hide bible if god watching... tf.. 😂,Contains vulgar language and expresses contempt.
Neutral,Neutral,"Can someone explain to me the chorus ""they not like us"" who is 'they'?",Expresses confusion and asks a question about the lyrics.
Positive,Positive,This beat is sick,Expresses strong enthusiasm for the beat.
Neutral,Positive,Dang nice beat and they not like us,Praises the beat while implying a negative comparison.
Negative,Neutral,😂😂😂beating a yada,Sarcastic laughter expressing disdain.
Neutral,Neutral,"I first heard this song from the SuperBowl LIX, as he performed for the Half-time. Now I repeatedly hearing this beat on Sister Leveling (Solo Leveling Parody) 😭😭😭😭😭 Song-yi winning on Jail Route.","Expresses joy about the song and winning, alongside sadness related to the 'Jail Route' parody."
Neutral,Neutral,Vibe only,"Short, ambiguous statement expressing a preference for the song's atmosphere."
Neutral,Positive,Nah I fuck with Drake but Kendrick absolutely shit on him.  Kendrick Lamar is the best rapper of era and of possibly all time. He won fair and square and beat Drake at his own game,Expresses strong preference for Kendrick Lamar while acknowledging Drake's skill.
Positive,Positive,"Pure nas, 90's beat, message heard and sent",Expresses strong positive sentiment regarding the song's style and message.
Neutral,Neutral,Mustard on the beat ho,"A nonsensical statement, likely expressing frustration or a critique through abstract language."
Neutral,Neutral,"Dr6ke: if you can beat 'em, just copy 'em",Expresses admiration alongside a critical observation about imitation.
Positive,Positive,0:40 the beat drops,Expresses excitement and appreciation for a specific moment in the song.
Negative,Negative,"This ""song"" has TWO notes ONLY  Although this song is in fact awful its banality does capture the time we are living in. They have dumbed us down to the point where we are bragging about not being pedofiles to a song that has 2 notes. Doo Doo Da Doo. 1 Doo 3 times with 1 Da in between.",Expresses contempt and ridicule for the song's simplicity and perceived lack of intelligence.
Negative,Negative,"I feel like Kendrick would not stand a chance if Eminem was on his beat, he would probably make that shit viral",Expresses a negative opinion about Kendrick's potential success compared to Eminem.
Negative,Negative,"Fast forward, and now this song could be about our elected officials- THEY NOT LIKE US, striking all them A-minor chords.",Expresses strong disapproval and animosity towards political figures.
Negative,Negative,Do people really like this song? The beat is not good. The raps are okay. I don’t get it. I think people just wanted to side with Kendrick. And thought drake should take the L. But drake had better songs in this battle.,Expresses disapproval of the song's quality and suggests a biased fanbase.
Neutral,Neutral,"Dr6ke: ""if you can beat them, just copy them""",Expresses admiration while simultaneously suggesting a derivative approach.
Negative,Negative,"It seems like im the only one who thinks song is whack as hell. Nothing like the Tupac, Nas, the lox, DMX,Jayz, Queens bridge, Rocafella, Eminem, D12, 50 cent , G-Unit diss tracks . It’s so confusing. Drake , lil Wayne era songs were so much better no ? I admit I may be missing something but why did this song get so much clout ? Seems like it was because a rapper went after another rapper and the generation never was alive to witness a rap beef. That was the regular back in the day and it ranks at the bottom as one of the worst diss tracks I ever heard in my life and I’ve heard them all. Real talk",Strongly criticizes the song as a poor diss track compared to classic rap beefs.
Negative,Negative,This song blows dick. Seriously the worst rap i ever heard.,"Strong, vulgar condemnation of the song."
Negative,Negative,The sad thing is Kendrick Lamar doesn’t know that deep Down there’s a bunch of ten year olds of have a crush on him,Expresses a dismissive and critical opinion about Kendrick Lamar.
Neutral,Neutral,2:55 what if pac actually wrote this verse and gave it to him to rap... 🤔( yeah I wish he was alive),Expresses a wistful wish for Pac's presence while simultaneously acknowledging the song's current state.
Negative,Negative,Worst black music. Dj Mustard!🖕Why you give your gold to this boy?,Strongly criticizes the artist and genre of music.
Negative,Negative,Sounds like a generic Suga free rapper on this song,Expresses a critical opinion about the song's lack of originality.
Positive,Positive,Bro . . . . The beat is mixed *SO* well.,Expresses enthusiastic appreciation for the song's beat.
Positive,Positive,Very Vibeeeeeeeeeeeeeeeeeeee🤩,Expresses strong enthusiasm and excitement.
Negative,Neutral,Dis song îs like synthetic weed 1st You dont like after You cant stop,Describes the song as unpleasant and addictive.
Negative,Negative,so gotta get dance lessions from DA MAN Misure Ken MAn -secy deep er da berry CoCO!!!,Contains vulgar and nonsensical comments.
Positive,Positive,Lot gonna lie i get 3rd verse.yay.,Expresses agreement and approval of a specific part of the song.
Neutral,Positive,So good the music bruh i love this song i can't stop looking this bruh is so good and Drake is so fuck up bruh no one can beat Kendrick,Contains both positive praise and offensive language.
Negative,Negative,"i cant believe this is hip hop and everybody is eating it up. so petty to “beef” with someone. thats not creative, its just talking bad about someone over a beat…stupid",Expresses strong disapproval and insults towards the music and its fans.
Neutral,Neutral,"Dr6ke: ""If you can beat them, just copy them""",Offers a potentially critical observation alongside a statement of admiration.
Neutral,Neutral,Not the best beat but Kendrick killed it,Acknowledges a positive aspect (Kendrick's performance) while criticizing the beat.
Negative,Negative,"1:36 ""no ovhoes were harmed during the making of this videos"" he harmed one. Emotionally.",Sarcastic remark criticizing the creator's behavior.
Neutral,Positive,Drake can't beat this i mean this song won grammys,Expresses a preference for another artist while acknowledging the song's success.
Neutral,Neutral,"i just noticed, the black and white owl dropping candy after kendrick beats it basically saying drake sweet as candy, or im just delusional 😭","Combines a positive observation with a humorous, slightly negative interpretation."
Positive,Positive,Nostalgic 🎉🎉2025,"Expresses excitement and a sense of fondness, indicative of positive nostalgia."
Positive,Positive,Jay Rock's verse is soo fireer,Expresses enthusiastic praise for Jay Rock's verse.
Negative,Negative,Foarte penali off beat in mortii vostrii si vai de mortii ascultatorilor vostrii!🙄🙄🙄🙄🙄🙄,Expresses extreme anger and frustration with the music's poor execution.
Positive,Positive,This song gives a dancing mood vibe😂,Expresses a positive feeling associated with the song’s effect.
Negative,Negative,"Awful music, awful culture",Expresses strong disapproval of the music and associated culture.
Neutral,Neutral,0:43 MUSTARD ON THE BEAT YO 🗣️,Expresses excitement and approval with a slightly aggressive tone.
Negative,Negative,"I have to know what a 3:35 a 69 god is? A pervert devil/sex god worshipper?. If so you can add Celine Dion to that list. The publicity campaign for the children's clothing line she did a few years ago is disturbing. And he is just kicking back chill because he's one of fewer and fewer people with their eyes actually open. He sparked some creative energy in me. Don't just sit by and assume anyone else is going to save the world, you have to do your part and then we'll have hope. That's a call to action. I'm working on a bill to submit to congress focused on not overwhelm the system by taking 86% of children away from the family for drug addiction, then turn around and drug all of those children and put them in homes where they are raped and beaten while the kids who are suffering physical abuse are often looked over or given back. I know all too well. I was exposed to sexual explicit hand made dolls @DFS interview at the principal office at school. They looked like cloth African American cabbage patch dolls will adult parts and they isolated me and showed them to me trying to get me to say something had happened to me. There's only one black student in my entire school DISTRICT! So why not regular dolls? It's a super disturbing moment from my life. And I was kidnapped from school in Kindergarten! What school just lets a pervert pick a kid up from kindergarten?! JL Mudd in OFallon Mo.",Expresses strong condemnation and horror related to disturbing and potentially abusive situations.
Negative,Negative,"Who still don’t know what this is about even after all the arrests, cover ups, and sra survivor stories? They should all pay dearly for what they have been doing to those children. The elevator goes down. 50 deep. The tunnels still run underground all beneath the city.  The owl they truly revere is in bohemian grove. Freaky sickos.",Expresses strong condemnation and accusations of wrongdoing.
Negative,Negative,None of that sex sacrifice get out hand fast women be worst ones after all this men evil ones will stick together did this and hurt women fast,Contains misogynistic and violent statements.
Negative,Negative,u know what? this is the WORST RAP/ SONGH ON EARTH.,Strongly condemns the song as the worst ever.
Neutral,Neutral,Whats funny is you wont get the lyrics when you watch it haha,Expresses amusement without strong positive or negative emotion.
Positive,Neutral,Want to hear Lil Wayne @lil_wayne on this beats,Expresses a desire to hear Lil Wayne’s music.
Neutral,Neutral,Hub beat 0:20,A simple observation about the music video.
Positive,Positive,Nice beat,Expresses a positive opinion about the song's rhythm.
Negative,Negative,yup just  repeat half the lyrics over and over again wow so  good IM LYING TS IS SO UNBELIEVABLY ASS LMAO,Expresses strong dislike and sarcasm about the song.
Neutral,Neutral,"Music and lyrics good, vocals, eh so so. He really aint got a singing voice 😅",Praises the music and lyrics but criticizes the vocalist's ability.
Negative,Negative,"I believe the lyrics are ""freaking ass ninja = he will 69 God""  ---- ""he"" the sense the individual hes referring to is disordered and seeks please for perpetuating his service. IYKYK 👁","Contains vulgar and potentially offensive language, expressing a negative and disturbing interpretation."
Neutral,Positive,This beat is soooooo good bro . Eternal Damnation to Drake.,Expresses strong positive reaction while simultaneously insulting Drake.
Neutral,Neutral,At mustard on da beat ho,Contains nonsensical phrases and lacks clear sentiment.
Negative,Negative,Mustard on the hoe mustard on beat hoe,Offensive and vulgar language expressing disgust.
Positive,Positive,Love the beat,Expresses clear enjoyment of the song's rhythm.
Negative,Negative,"F*** it, Donald Trump. Yeah, Viber.",Uses offensive language and expresses contempt for Donald Trump.
Negative,Negative,"Also…having an American artist go onto the Super Bowl stage…the world stage…the BIGGEST world stage and; a. Make an unfounded accusation of a fellow artist being a C3PDOH and B. To use this world stage to so heavily promote so much gang culture/Crip/Crip walking/Pro-gang material is genuinely beyond irresponsible. It’s a rap beef & one of the best/most savage/entertaining/hard fought in hip-hop/rap history, it deserves every accolade within its particular genre that’s available, but to have this disrespectful, pro-gang culture, otherworldly disrespectful track repeat blasted into every television across the world that tuned in to watch my Birds beat KC into a bloody slurry…that’s just wrong…and on every level. Keep that shit where it belongs…and where it belongs is not on the front page-representing our entire country to the world in such a… “manner”. No one has to agree with me, but that doesn’t change the fact that what I’m saying is true. We need to stop promoting this gang worship that’s been going on, too many young kids are watching this shit, taking up a flag and dyin in the streets across the country & now the world over this fake ass culture that in & of itself manages to be hypocritical of itself in representing the culture as being the result of systemic oppression while simultaneously glorifying the life style of its OWN accord and inspiring millions of youth to emulate what they are seeing. Shits gotta stop & people need to start bein held accountable for it and stop hiding behind “taboo subjects” within our society to blame shift its perpetuation. Again, disagree all day, but I’m still right. ✌️😖",Strongly criticizes the song's promotion of gang culture and irresponsible use of the Super Bowl stage.
Neutral,Neutral,Mustard on the beat ho,A nonsensical phrase with no clear sentiment.
Negative,Negative,The fact that Drake is still alive and can visit his own headstone is crazy.,Expresses disbelief and a negative sentiment towards Drake's continued existence.
Negative,Negative,who wrote this?.. hektik lyrics,Expresses disapproval of the song's lyrics.
Negative,Negative,Non of his songs can beat emtee...maybe his drunk song can stand against some but 1 on 1 Wala..,Expresses strong preference for another artist and dismisses the subject's music.
Negative,Negative,"3:30 oh my this is still my favorite verse, basically A ""How to Guide for building a Dr6ke""",Contains a highly offensive and explicit reference.
Positive,Positive,One day i will be biggest rapper of the world 🌎🙏🏼 . And love song. This song vibe is awesome 💯,Expresses ambition and describes the song's vibe as excellent.
Neutral,Neutral,I spit out my drink when I saw them beating the owl pinata 😂,Expresses both amusement and a slightly negative reaction (spitting out a drink) to the visual.
Positive,Positive,Broooooo love from panjab 🕊️⛳️⛳️ @sidhumoosewala vibes 👈🏻,"{""sentiment"":""Positive"",""justification"":""Expresses affection and admiration for Sidhumoosewala’s style.”}"
Negative,Neutral,In the beginning i though he meant hoe instead of horn without the lyrics! 😂😂,Expresses confusion and disapproval regarding the song's lyrics.
Neutral,Neutral,This player got me thinking you can use hopscotch to see who got rhythm.,Humorous comment with a playful observation and a slight criticism.
Negative,Positive,He fucked him up. Buried him 6 deep. Then moved the rest to Houstalangasvegas,Contains violent and threatening language.
Negative,Negative,Understanding 0% vibe 10000%,Expresses a complete lack of understanding in a sarcastic and dismissive manner.
Positive,Positive,That intro beat 🗿🔥🔥,Expresses strong enthusiasm with emojis.
Positive,Positive,Love this vibe from Afriqua 🔥🔥,Expresses strong enthusiasm and appreciation for the song's atmosphere.
Negative,Negative,This is terrible. The lyrics to his muppet voice are creepy and goofy.,Expresses strong disapproval of the lyrics and vocal style.
Negative,Negative,De la chicane ente eux ... pas fort dommage car le beat et meaning aurait pu valoir et transmettre de véritables valeurs plus profondes. C'est d'un vide extrême ! Son nombril ....,Criticizes the song for lacking depth and expresses disdain for the artist's self-centeredness.
Negative,Negative,KENDRICK IS BOTTA BEAT DRAKES A**,Uses derogatory and insulting language towards Kendrick Lamar and Drake.
Negative,Neutral,The beginning was the lyrics to squabble up,Expresses dissatisfaction with the song's opening lyrics.
Positive,Positive,"Cramp dancing is my favorite dancing of all time. If I ever got to make it in the music business, my number one single will be, ""Why?"". I like to wrap over you, Kendrick you got that type of vibe. Let me stop showing off I know you can feel my spirit here and inside. 🎉",Expresses enthusiastic enjoyment and appreciation for the music.
Negative,Negative,Was wondering what was that annoying trending music,Expresses annoyance and disapproval of the music.
Positive,Positive,1 year later I still know the lyrics to this song,Expresses continued enjoyment and familiarity with the song.
Positive,Positive,Bro . . . . The beat is mixed SO well,Expresses appreciation for the well-mixed beat.
Negative,Negative,Why people wears Converse shoes ????      ❤,Expresses disapproval of the shoe choice.
Negative,Negative,I  quited blox fruits bc it soo boring and ngl blox fruits suck I used to love so sos much but know I hate it bc it repetitive boring and all my friends quit blox fruits,Expresses strong dissatisfaction and dislike for the game.
Positive,Positive,Beat 🔥🔥🔥,Expresses strong enthusiasm for the beat.
Positive,Positive,"🎉I memorize  the  lyrics  of  his songs,  because  they  sow  true  and deep  meaning  in my  mind, soul,  heart. They  always spark  to nurture  unforgettable  reflections  and  emotions.🎉❤KDOT❤🎉",Expresses deep appreciation and emotional connection to the music.
Positive,Positive,Passed the vibe check,Expresses approval and acceptance.
Positive,Positive,The last verse🔥,Expresses enthusiastic approval.
Neutral,Positive,"Hi Kendrick, I've been a fan since 2023. Great job on taking down Drake btw (by the way!). The next time you drop I think it would be a great idea if you include this verse, it's from a Hong Kong diss track that my gf showed me! I think it will really bring Drake to his grave (if you know what I mean). It's a Taoist chant to break open the gates of h*ll. I'm not sure if you speak Cantonese, but if you google 破地獄 on Spotify, you can find it. Looking forward to the next time you drop!! (my bell notification is ON).","Contains praise and excitement, alongside a potentially inflammatory and aggressive suggestion."
Positive,Positive,"thanks 4 standing up to a majorly powerful predator, Kendrick.",Expresses gratitude and admiration for Kendrick Lamar's actions.
Negative,Negative,I’m convinced rap/hip hop literally targets low iq/people in poverty  (same way toddlers love colorful tv and nursery rhymes) to perpetuate an ugly culture that was invested/invented by elite corporations (that probably have adverse feelings about black people).,Expresses a prejudiced and derogatory opinion about rap music and its target audience.
Positive,Positive,"This is gonna be a banger FOREVER and how and when he released this was so strategic 💯💪 Love Me Some Kendrick ❤❤❤ Had this bish Jumpin for 16 years now...and to the people saying Drake beat Kendrick, Y'all must be like him cuz y'all definitely NOT LIKE US 😂",Expresses strong enthusiasm and loyalty to the artist.
Negative,Neutral,Every Kendrick verse sound like he tryna warn you about something that already happened.,Criticizes Kendrick's lyrics as overly cautionary and lacking in relevance.
Negative,Neutral,"""BEAT YOUR ASS AND HOP THE BIBLE IF GOD WATCHING""",Uses aggressive and offensive language.
Negative,Negative,I hate Kendrick Lamar hardly any words rhyme!! Overrated. I thought Drake was bad this guy worst,"Expresses strong dislike and considers the artist overrated, comparing him unfavorably to Drake."
Negative,Neutral,Wife beater?,Implies a violent and abusive relationship.
Neutral,Negative,"Japanese submarine slammed two torpedoes into our side, Chief. We was comin' back from the island of Tinian to Leyte, just delivered the bomb. Hiroshima bomb. Eleven hundred men went into the water. Vessel went down in twelve minutes. Didn't see the first shark for about a half an hour. Tiger. Thirteen-footer. You know how you know that when you're in the water, Chief? You tell by lookin' from the dorsal to the tail. What we didn't know... was our bomb mission had been so secret, no distress signal had been sent. Heh. They didn't even list us overdue for a week. Very first light, Chief, sharks come cruisin'. So we formed ourselves into tight groups. Y'know, it's... kinda like ol' squares in a battle like, uh, you see in a calendar, like the Battle of Waterloo, and the idea was, shark comes to the nearest man and that man, he'd start poundin' and hollerin' and screamin', and sometimes the shark'd go away... sometimes he wouldn't go away. Sometimes that shark, he looks right into ya. Right into your eyes. Y'know the thing about a shark, he's got... lifeless eyes, black eyes, like a doll's eyes. When he comes at ya, doesn't seem to be livin'... until he bites ya. And those black eyes roll over white, and then... oh, then you hear that terrible high-pitch screamin', the ocean turns red, in spite of all the poundin' and the hollerin', they all come in and they rip you to pieces. Cage goes in the water? You go in the water. Shark is in the water. Our shark. Y'know, by the end of that first dawn... lost a hundred men. I dunno how many sharks. Maybe a thousand. I dunno how many men, they averaged six an hour. On Thursday mornin', Chief, I bumped into a friend of mine, Herbie Robinson from Cleveland- baseball player, boatswain's mate. I thought he was asleep, reached over to wake him up... bobbed up and down in the water just like a kinda top. Upended. Well... he'd been bitten in half below the waist. Noon the fifth day, Mr. Hooper, a Lockheed Ventura saw us, he swung in low and he saw us. Young pilot, a lot younger than Mr. Hooper. Anyway, he saw us and come in low and three hours later, a big fat PBY comes down and start to pick us up. Y'know, that was the time I was most frightened, waitin' for my turn. I'll never put on a life jacket again. So, eleven hundred men went into the water, three hundred sixteen men come out, and the sharks took the rest. Anyway... we delivered the bomb.",Narrative recounts a horrific wartime experience with both explicit descriptions of death and a final reflection on the mission's completion.
Neutral,Neutral,This is awesome 👌 but no one can beat PAC diss track for his homey BIGGIE,Expresses enthusiasm but also makes a dismissive comparison.
Positive,Positive,"Kendrick Lamar always hits differently when he speaks truths no one dares to say. 'Not Like Us' feels like a raw mirror reflecting the chaos and contradictions of our world. I tried to channel that same fearless honesty and bold energy into my latest track — a sound for those who refuse to fit the mold. If you’re tired of the same old, come vibe with something real.",Expresses admiration for Kendrick Lamar’s honesty and encourages listeners to embrace authenticity.
Positive,Positive,0:27 love the beat,Expresses enjoyment of the song's beat.
Neutral,Positive,Dre beat with a pac diss. Best mixture.,Combines praise for the beat with a critical comment about the lyrical content.
Negative,Negative,This is the worst superbowl I have ever seen. You set a precedent to say pedo over and over again on the radio for a generation of children that were already messed up; now they will grow up to be rapists. I will never listen to Kendrick ever again and why didn’t anyone kill Drake yet? I hate them for doing this to our society and culture. The song sounds like shit too and never deserved a Grammy for promoting child abuse and having awful production.,"Expresses extreme outrage and condemnation of the song and artist, linking it to harmful ideologies."
Positive,Positive,Mustard on the beat ho 😂❤,Expresses enthusiastic enjoyment with emojis.
Positive,Positive,Dope song that beat  go hard af 05-06-2025 who else still here in 2025 vibing with this doplify song ???❤❤❤❤,Expresses strong enjoyment and enthusiasm for the song.
Positive,Positive,"Pure beauty, its text, choreography, theme, I love it. In France, we put it as a ringtone on our cell phones so that in the street it spreads 💥💥💥 everywhere, this powerful, perfect sound. 😅",Expresses overwhelming admiration and enthusiasm for the song.
Negative,Negative,Dude this song is repetitive. Just annoying,Expresses strong dislike and annoyance due to repetition.
Neutral,Neutral,😭He is telling Abt X in his lyrics read them carefully and sync them with his incidents,Expresses sorrow and suggests a critical analysis of the lyrics.
Neutral,Neutral,Honestly 💗 money be the happiest but evil be in the way 😔 beautiful beat to be standing in the area tho,Expresses both positive feelings and negative criticisms.
Positive,Positive,Dem lyrics means alot,Expresses a deep personal connection and significance with the song's lyrics.
Positive,Positive,Not me not listening this for 1 month then still knowing all the lyrics by heart,Expresses strong familiarity and enjoyment of the song.
Negative,Negative,I am sorry as an educated interracial woman I can’t comprehend this video much less his lyrics do to lack of enunciation. What is he trying to convey to the public? He looks dirty and scruffy much like his dancers too. Maybe I am missing something; being I lean more towards jazz and classical music. I am a highly educated woman in finance and I get that I am not suppose to understand these type of people! (Smh),Expresses disdain and criticism of the artist and their music with judgmental language.
Negative,Negative,Mustard on the beat hoe🎶...,Uses offensive and derogatory language.
Negative,Negative,He’s 5’5” WTF. Drake would beat the shit out of him.,Expresses disbelief and makes a derogatory comparison.
Negative,Negative,Worst song of all time,Strongly declares the song to be the worst ever.
Positive,Positive,Third verse is really the ONE,Expresses enthusiastic approval of a specific part of the song.
Negative,Negative,Worst song ever,Expresses extreme dissatisfaction with the song.
Negative,Negative,worst shit ive ever heard,Strongly expresses extreme dislike and disgust.
Negative,Negative,Drake been awfully quiet since this dropped,Expresses disappointment and criticism of Drake's recent silence.
Negative,Negative,"1:10 ""I'm gonna beat this guy u- AAAHHHHH!!!"" -Random guy that got pulled into the void probably",Expresses frustration and a negative experience.
Negative,Negative,Here lies Drake tombstone 🪦  2009-2024,"{""sentiment"":""Negative"",""justification"":""Expresses sadness and disbelief at Drake’s passing.”}"
Negative,Negative,Horrible vibez,Expresses a strong negative feeling about the song's atmosphere.
Negative,Negative,literally one of the worst songs of all time,Strongly declares the song as one of the worst ever.
Neutral,Positive,Grammy vibe,Simple expression referencing the Grammy Awards without explicit sentiment.
Positive,Positive,That main theme is so catchy,Expresses enthusiasm for the song's memorable theme.
Positive,Positive,More beats please 🎉,Expresses a desire for more music and excitement.
Positive,Positive,Bro the beat it just **BANGS**,The use of 'bangs' indicates strong enthusiasm and enjoyment.
Positive,Positive,"I am not a rap fan mostly becuz i don't really listen to it nor do I understand.  However, this song packs a punch.  KL really has a lot to say.  I don't know what everything in the song means but the words seem purposeful and powerful.   I'm a school librarian that likes to do research... I'm about to dig deeper for my own understanding.  BTW... i really like this song!  💜",Expresses initial skepticism but ultimately concludes with strong enjoyment and a desire to learn more.
Negative,Negative,Not like us were all human and don't want to die second or third rank citizen but some of us our stories of our ancestors and empires good behavior honestly do you like death bye the machete how many Africans died that way in few cases Africans have done well in government not being tribal so you know how many years of slavery the beat out fellow white people and then dark ages more learning curves face it collonastist came with culture and taut it it's universal pull up your pants help out at a soup kitchen help the disabled the trie third class citizens or your going to looking self when your time comes as an old geuser and time comes in the pearly gates your be turned away wanting in purgatory.,"Contains hateful, racially charged remarks and expresses judgment."
Negative,Negative,I cannot beleive how this track gone through the roof like this. Thats one of the worst songs i have ever heard,Expresses extreme disapproval and labels the song as one of the worst ever.
Negative,Neutral,-mustard on the beat ho beat bro ni*** he a freak throw man down tell em everlamps tell em breath bro-,Contains offensive language and expresses intense dislike.
Neutral,Neutral,lmao sht retarded lyrics but the instrumental is good,Expresses amusement and criticism regarding both lyrics and instrumentation.
Positive,Positive,First beat is fire🎉🎉🎉,Expresses enthusiastic excitement about the initial beat.
Negative,Negative,"I hate hip hop. Boooooooring repetitive, unimaginative crap",Expresses strong dislike and criticism of hip hop music.
Negative,Negative,I like the beat but calling someone a pedo because he kissd a 17 year old at a concer is ridiculous. Especially when people the U.S in certain states re allowed to get married at 16.,Strongly condemns the offensive and inappropriate comment.
Negative,Negative,"If he knew it was a disstrack why would he post it as a music video and perform that song in public,cuz this song is the worst to people who like this song can get outta here cuz Drake is still better than Kendrick because in Nokia Drake copied Kendrick’s move from not like us and superbowl",Expresses strong disapproval and insults directed at the artist and their music.
Positive,Positive,This Song hits Deep right now. The people of the 🌎 are different.  OG SARGE,"Expresses a strong, positive emotional connection to the song."
Negative,Negative,This song is repetitive AF!  Can’t stand it.,Expresses strong dislike and annoyance with the song's repetition.
Negative,Negative,Worst song I've ever put ears to.,Strongly expresses extreme dissatisfaction with the song.
Positive,Positive,mustard on the beat ho hits hard,Expresses strong approval of the song's rhythm.
Positive,Positive,Bro the beat is soooooo good,Expresses strong enthusiasm for the song's beat.
Neutral,Positive,This song is deep oon so many levels,Expresses profound appreciation while using somewhat vague and potentially hyperbolic language.
Neutral,Negative,"Did i just notice that kenny copied the lyrics on euphoria, but said Aye 9 times, whilst on euphoria said Huh 6 times?😂",Points out a possible plagiarism and then expresses amusement.
Positive,Positive,"I need this young man to step for God with Us..... He is Chosen and I felt God's Energy flowing through the vibration and tone in his voice 💞💞💞🎉❤🎉❤🎉❤🎉😊😊😊😊 Heavenly Father, Please Unite Us, In Jesus Mighty Name Amen ❤❤🎉❤😊😊😊",Expresses strong faith and positive feelings about the music.
Negative,Negative,I don't know what's wrong the fact that this was one of the most horrible beats I've ever heard or the fact that people are sheep on that over hype pretending to like bs. This beat is fxcking horrible. I hate this sh1t.,Strongly expresses intense dislike for the song's beat and criticizes listeners.
Negative,Negative,"Dr6ke: ""If you can beat them, just copy them"" 🤷🤷🤷🤷🤷🤷",Expresses a cynical and dismissive attitude towards the artist's work.
Positive,Positive,EAZY E - REAL MF G VIBES!,Expresses enthusiastic approval of the song.
Negative,Negative,I don’t get why people love this song. The beat is ok but the diss track is mid vs like Ether.,Expresses dislike and compares unfavorably to another song.
Neutral,Neutral,what is the original tone from?,"Question seeking clarification, lacking sentiment."
Neutral,Neutral,Kendric wife/Fiancé showing up in video Like he don’t beat me cause we dancing is Like Tina Showing Up For Ike,Expresses admiration while hinting at a troubled relationship.
Positive,Positive,Big moldi a beat mosic ❤❤❤❤❤tank youuu.,Expresses enthusiastic appreciation and gratitude.
Positive,Positive,This is the only song I play in Beat Saber 😂😂😂😂,Expresses strong and repeated enjoyment of the song.
Negative,Negative,Worst,Directly states the song is the 'worst'.
Neutral,Neutral,Mustard On That Beat yo,A nonsensical comment expressing a somewhat enthusiastic appreciation.
Positive,Positive,3:31 aye that whole verse fire,Expresses enthusiastic approval of a specific part of the song.
Negative,Negative,Bro you need to watch some 90s MTV your shit don't even match the rhythm,Disparaging remark criticizing the music's rhythm and lack of connection to 90s music.
Negative,Negative,after 3 min that flow go to no sense and no rhythm,Describes a breakdown in the music's flow and rhythm.
Negative,Negative,The blood dnt spill like Nas pac dmx or biggie. Also a stale deliverance that's his only downfall very m ok mono tone tho.shit hits needs more deliverence,Criticizes the song's lack of impact and compares it unfavorably to deceased rappers.
Positive,Positive,Played this song so many times my son knows the lyrics 😅,Expresses fondness and repeated listening.
Negative,Positive,"Bro got roasted, fried, stir-fried, cooked, sautéed, sous vide, broiled, boiled, deep-fried baked, al dente, and bbq'd!","Over-the-top, sarcastic exaggeration of criticism."
Positive,Positive,I just read the lyrics to this and I thank you kind sir! 😊👍👍✌️❤,Expresses gratitude and positive feelings.
Neutral,Positive,I'm not into Hip hop but this song is really good and catchy.,Expresses enjoyment despite not being a fan of the genre.
Positive,Positive,"Drake & PARTYNEXTDOOR's ""Some Sexy Songs 4 U"" Surpasses Staggering Sales Milestone",Expresses excitement and celebration of the song's sales success.
Negative,Negative,It would have been a go without Lefty Gunplay the whole verse was trash,Strongly criticizes the song's lyrics as 'trash'.
Positive,Positive,Bro . . . . The beat is mixed SO well.,Expresses enthusiastic approval of the song's beat.
Positive,Positive,Bro . . . . The beat is mixed *SO* well,Expresses strong approval of the song's beat.
Neutral,Neutral,Check out our latest song titled OVERSEAS on this same channel it's dope you won't regret checking it out.....if you like the song don't forget to subscribe,Promotional comment with a neutral tone.
Negative,Negative,"Easily, one of the ACTUAL worst ""songs"" I have ever heard. If you like this, you have zero intelligence.",Expresses strong disapproval and insults the listener's intelligence.
Negative,Negative,He dropped some good stuff but damn this one corny asf. The lyrics don’t work right and the dumb monologue at the end gives anime nerd fedora vibes. What the fuck happened lol,Expresses strong criticism of the song's lyrics and a bizarre visual element.
Positive,Positive,Remind me of world beat Kendrick lamar ❤,Expresses affection and comparison to a respected artist.
Neutral,Neutral,Everyone is talking about pedophiles but his verse at 3.31 killed it.,Highlights praise for a specific part of the song while referencing a serious and controversial topic.
Negative,Negative,"Nahhhh drake got cooked,fried,Deep fried,barbequed,burned and toasted",Uses aggressive and insulting language to criticize Drake's music.
Positive,Positive,Kodak Black's verse in Drowning by A Boogie wit da Hoodie is kinda legendary at this point.,Expresses high praise for Kodak Black's verse.
Negative,Negative,The driver got her own gun licenses situation now I not going to late her get beat up are disrespected so in walked off he been back are he got a job,Expresses anger and threat towards someone.
Negative,Negative,Thats what this fucking annoying song is keep hearing everywhere,Expresses strong annoyance and dislike.
Negative,Negative,Didn't know he dissed him so bad until I saw the lyrics😅😂😂,Expresses amusement at a perceived insult.
Positive,Positive,This beat up to 0:10 ❤,Expresses positive emotion and appreciation for a specific part of the song.
Neutral,Neutral,the beats,"Short, simple statement with no discernible sentiment."
Neutral,Positive,"Reminds me of an 1/4 of Missy Elliott. ADRS. Art, Dance, Rhythm and Soul.",Acknowledges a positive comparison to Missy Elliott while also suggesting a criticism of the song’s overall quality.
Neutral,Neutral,The verse referring to DeMar DeRozan leaving the Raptors/Canada hits different now.,Expresses nostalgia and a change in sentiment due to a specific event.
Neutral,Neutral,"I think Kendrick did really good on this, i wish the beat was different tho 😢😂",Expresses praise but also identifies a negative aspect.
