﻿comment,user_name,date,likes,compound,sentiment,sentimento_manual
One of the most emotion-filled songs i’ve ever heard,@rydogjkjr3325,2025-02-25T02:51:06Z,1760,0.0,Neutral,Positive
"This sounds so good. Live players, analog synths, real emotion. Fantastic. Finally pop that isn't killing my ears with harshness.",@benjaminmiller9656,2025-05-26T10:05:08Z,344,0.897,Positive,Positive
"I found this randomly not knowing anything about Chappell and halfway through I realized, ""Wait, she's singing about another girl being disingenuous about her feelings for her and living with regret."" I thought the lyrics were incredibly clever, and as a straight guy dealing with the devastating effects of ending a situationship where she couldn't commit, but had strong feelings, this song encapsulates how this girl's life will turn out. She wrote this about her own experiences, but I'm devastated and this song brings such relief.",@michaelmacbeth7171,2024-12-05T07:03:26Z,241,0.1785,Positive,Positive
I love how this song has these heavenly vocals and it is the lyric video is a goofy powerpoint😭,@Exterme123,2025-01-06T08:47:15Z,28,0.7269,Positive,Positive
I’m a rocker.  I’m hard rock.  This is sweet notes.  Modern. Disco.  Definitely caught my attention.  80s sounds. Vintage this is solid.  So hot. I hope it makes so much money. I know nothing about her.  This bridge was. Killer.  Face to face.  I told you so🤯,@roborobert1,2025-04-27T22:18:26Z,21,0.5809,Positive,Positive
Such a catchy song. Definitely one of the best songs of the 2020s.,@BrentBare-cw6gz,2025-02-13T04:09:37Z,19,0.7845,Positive,Positive
"Her voice is so angelic, powerful, soulful, haunting, resonant, mesmerizing, expressive, silky, clear, velvety, and WHY THIS IS TOO SHORT 😫💖",@rikatochimomi2314,2025-01-22T11:06:25Z,16,0.7951,Positive,Positive
"This song goes on my Mount Rushmore of pop songs. I've been playing it on repeat for months now, can't stop listening to it. It's so deep, so many layers, yet so catchy and such a bop. I listen to it and cry and I'm not even gay...everyone can relate to the feeling of unrequited love. It's just so beautiful.",@Kellygluckman,2025-01-14T23:37:00Z,11,0.8828,Positive,Positive
I usually don't care for modern music. I know it sounds pretencious and all that yeah yeah. But I fucking love Chapelle Roan and her music. Girl knows how to sing and the mix of modern musical tropes and the eighties synth vibes to almost all her songs absolutely fucks. Also helps that she is a goddamn gay icon at this point and I hope she continues her rise. Good shit good shit.,@astaroththedaeva9717,2025-02-25T04:48:51Z,10,0.5317,Positive,Positive
my deeply closeted dad finds this song uncomfortable for some reason,@WalterMellin-e1r,2025-05-28T23:04:03Z,9,-0.3818,Negative,Neutral
0:53 I’m almost 16 and I can still hit these notes,@mgwrestling27,2025-03-14T16:39:19Z,9,0.0,Neutral,Positive
"This is what a hit song sounds like, simple, catchy, good melody, up lifting, and the right sounds",@LouisTorres-ut4ks,2025-01-27T10:56:06Z,9,0.6597,Positive,Positive
I really love the ending how the music slows down but entire song gives such nostalgic vibes its great,@katkit1479,2025-06-26T00:17:39Z,8,0.8554,Positive,Positive
Kate bush vibes,@samb8744,2025-02-24T20:52:18Z,6,0.0,Neutral,Positive
2024 is already nostalgic 😢,@OnlyGanzi,2025-04-22T12:16:36Z,6,-0.4767,Negative,Neutral
Kidz Bop made a cover and changed the chorus to “You can show a hundred boys you’re smart”😭😭,@Jataynaurr,2025-03-06T05:04:19Z,5,-0.7351,Negative,Neutral
"Chappell Roan's ""Good Luck, Babe!"" is such an empowering track! The lyrics hit hard, and the vibe is perfectly bold. Definitely a song that sticks with you. 🔥🎤",@pomas_official,2025-04-30T16:32:48Z,5,0.9214,Positive,Positive
I ugly girl cried when the bridge dropped. I wonder how many gay guys in the same situation with “straight” men behind closed doors can also relate to the lyrics.,@pottspointer8449,2025-05-12T18:33:00Z,5,-0.7096,Negative,Neutral
This how the weekend thinks he sounds. This girl has the 80’s vibe sound down to a T,@aggydreams,2025-01-26T04:25:44Z,5,0.0,Neutral,Neutral
"Waking up one morning to my mom humming this song with 0 knowledge of English and asking ""mom, who's the girl who hurt you?"" And not giving context on why do I ask is truly powerful",@Amenlimit,2025-03-17T19:34:34Z,5,0.068,Positive,Negative
This song is fucking awful lmao,@BortJT,2025-02-03T09:08:20Z,5,0.2228,Positive,Negative
"Ever noticed the lyrics sound like ""Shutterstock""? 😂 Genius! 0:42",@jennybph,2024-11-20T00:50:32Z,5,0.69,Positive,Neutral
the lyric video giving vibes of 2007 computers HAHAHAHA love it,@moniquelacsamana8013,2025-01-12T02:40:12Z,5,0.765,Positive,Positive
I absolutely love the style of the MV it’s so nostalgic,@Umamusume_ismylife,2024-12-23T00:16:06Z,5,0.6697,Positive,Positive
Thank goodness my homophobic countrys radios don't see the sapphic meaning so I can vibe,@oliwiacisowska4043,2024-12-23T15:28:26Z,5,0.6705,Positive,Positive
"As a gay man, I can relate to these lyrics so much.",@L1LP0E,2024-11-21T03:54:23Z,5,0.0,Neutral,Positive
"I will never tire of this song. Lyrics, production, song, singer….ten out of ten!",@stephensmith7786,2024-12-05T00:25:46Z,5,0.0,Neutral,Positive
"She’s got like 80s,90s,00s vibes all rolled into 1 somehow",@guanaco103,2025-05-27T22:31:41Z,4,0.3612,Positive,Positive
"the tone, the lyrics, the video gives me nostalgic vibes. it's like I've been returning to the past where the world still good, but I had to stop these feelings because I don't live in the past :(",@JefferKimBayot-f6j,2024-11-17T10:55:04Z,4,-0.6059,Negative,Positive
No Doubt vibes,@nicholasdruce5346,2025-02-26T22:07:17Z,4,0.2755,Positive,Positive
2:37 and 3:23 IS THE BEST PART OF THIS SONG. OMGGGG THE SONG IS GOOD ALREADY BUT THOSE TWO PARTS TOUCH ME EMOTIONALLY AND I GET CHILLS LOL.,@ItsurMusicboyJoe,2025-04-26T01:10:15Z,4,0.8774,Positive,Positive
"This woman has single handedly mastered 80's, 90's, and 00's vibes. How.",@The_Soupiest_Spoon_7543,2025-01-09T18:30:13Z,4,0.0,Neutral,Positive
She gives Marina Diamond vibes,@shonjahpollard6936,2025-02-23T15:31:40Z,4,0.34,Positive,Neutral
Gwen Stefani vibe ❤,@CarmenElena.14,2025-02-24T21:10:18Z,4,0.6369,Positive,Positive
I love the vintage youtube lyric video vibes it's so nostalgic,@MaxStar-ej5yw,2025-07-07T01:49:55Z,4,0.6369,Positive,Positive
"imagine just. releasing one of the most influential songs of a generation. because of how good and nice and fun and catchy your vocalizations and wordplay are. like, oops! i did poetry and music and self expression so good that this song will become a cultural touchstone!! that's what it means to be queer btw",@Eve.v,2025-02-17T04:52:47Z,4,0.9602,Positive,Positive
"""The energy, the melody, the vibe—everything is just chef’s kiss.""",@tunenest-504,2025-02-17T18:28:09Z,4,0.5994,Positive,Positive
It gives the old Microsoft computers vibe,@DDDDDDDDDDDDDDDDDD-w2f,2025-01-05T18:28:45Z,4,0.0,Neutral,Neutral
"As a man I always love a song that speaks unapologetically to the silent struggles of being a woman in society. The emotion in the vocals and simplicity of the hook said it all before I read the lyrics. Too many ladies that need love and respect. I had to choose one. Keep searching, don't settle for these braggadocious bozos, true empathy and kindness exists for you if seek it and forsake the nonsense.",@sleepingT1,2024-12-27T20:12:31Z,4,0.9201,Positive,Positive
HELPPP IM LITERALLY AROACE(?) AND DONT RELATE TO THE LYRICS AT ALL BUT IM STILL CRYING OVER THIS WTF ITS LIKE 2 PM ON A WEDNESDAY AND IM CRYING OVER A SONG WITH A POWERPOINT PRESENTATION VIDEO 😭,@theMyRadiowasTaken,2025-07-16T21:32:07Z,4,-0.9618,Negative,Neutral
Why this song feels like Nostalgic. 80's vibes,@Yin245,2025-03-09T04:58:25Z,3,0.3612,Positive,Positive
Why does the lyrics video feels like created on PowerPoint 😂😂,@Yin245,2025-03-09T04:59:56Z,3,0.8519,Positive,Negative
It was driving me crazy to figure out what this song reminded me of until I finally found it! The first notes are definitely very similar to french song J'en ai marre by Alizee,@SomeoneSomewhereAlive,2025-02-20T16:43:11Z,3,0.1511,Positive,Neutral
she is so amazing and love her vocals. I have just bought the album and would love to see her perform at victorious music festival Portsmouth UK,@NatalieJmedia,2025-07-19T18:08:28Z,3,0.9567,Positive,Positive
"How many of you just realized that the whole chorus gets slower each time, and not only in the last one?",@rociorodriguezalmaraz3233,2025-03-10T02:23:46Z,3,0.0,Neutral,Neutral
the lyrics in comic sans are getting me lol,@lunapovedabollo1734,2025-07-04T13:34:47Z,3,0.4215,Positive,Neutral
"As a heterosexual man, the passion and raw display of emotional love makes me wish I was gayer to experience such love.",@TheNerdMichael,2024-12-22T19:06:19Z,3,0.9403,Positive,Positive
Am aroace but relate sooo much to how she describes comphet 💔 I come back everytime I tell myself I need to love a man. These lyrics are so painful,@hopelesshaddy3332,2025-01-11T05:34:51Z,3,0.5168,Positive,Positive
"I'm only now realizing that this is the actual video, not just a temporary video until the official video is made",@stephenoneill2844,2025-05-01T02:46:35Z,3,0.0,Neutral,Neutral
This was a great vibe song this year and a great song to represent 2024.,@Sacr0w888,2025-01-25T14:44:33Z,3,0.8481,Positive,Positive
Oh I really love the lyrics man. Coming back here and thinking about story ideas,@ahagotcha,2025-01-25T16:13:40Z,3,0.6697,Positive,Positive
My wife use to say something a lot similar to these lyrics to me for such a long time. She always say she hope we die together so we're always together. Until she suddenly passed in '21 leaving me with our two boys. I feel forever heartbroken because she left alone but our kids need me. I miss her so fucking much. This is a great song if it could bring up so much deep emotions.,@farealtees7376,2025-01-18T14:42:16Z,3,0.2732,Positive,Negative
Very catchy song,@Jay7682,2025-06-14T20:46:20Z,3,0.0,Neutral,Positive
"It's amazing that she perfectly captured the vibe of a past relationship between a straight man and straight woman from the perspective of a straight man, as a straight woman. W for all the straight fellas out there like me ❤",@sergio_jose,2025-04-13T09:21:30Z,3,0.969,Positive,Positive
"It's a good song, but looking at the lyrics as a story, it's possible the lover really is a closeted lesbian. But it's more likely that, the character Chappell is portraying is lacking self-awareness. The _contempt_ with which she says 'nothing but a wife' shows how she doesn't respect heterosexual relationships and that they can be loving too. So I think she's using her own lack of understanding/empathy towards straight couples to turn this into an 'us vs them' thing. Maybe her ex left her simply because of Chappell's personality, and she doesn't want to face that. So she blames straightness instead. 'You didn't leave me because I'm shallow; it's because you're in denial.' Seems implausible.",@AlexReynard,2025-02-11T21:38:57Z,3,-0.1802,Negative,Positive
I love this song. She sings well. Yes! Thank you universe for bringing a great new pop artist that sings beautiful 😍,@stipetv1548,2024-12-26T01:10:27Z,3,0.9712,Positive,Positive
Nerissa Ravencroft introduced me to this song! Such an old school 80/90's vibe to it...,@kingofsapi,2024-12-28T16:43:03Z,3,0.0,Neutral,Positive
Its giving Kate Bush vibes a bit,@nata1547,2025-04-08T16:33:42Z,3,0.34,Positive,Positive
"The last thing anyone needs is two old, heterosexual men mansplaining the hidden meanings in the lyrics to this song. ... so hop aboard your pink pony (does that mean what I think?), slap on some drag, and click our profile to listen to the last thing that anyone needs 🍀💋 ... featuring a reading of the best comments from below this video, in case you don't want to scroll through all 22,548",@LyricsPodcast,2025-05-09T08:46:28Z,2,0.7818,Positive,Negative
this is so nostalgic.. kids of the 90s and teens of 00s represent 😂💖,@purplewinds,2025-05-29T04:59:55Z,2,0.8519,Positive,Positive
Loving the 80s vibes retro modern,@richardmcdonagh9773,2025-03-21T09:48:57Z,2,0.5994,Positive,Positive
"Lol I thought that the chorus was ""I could stop the world just to start the feeling"" and had no idea it was about lesbians until I read the lyrics 😂😂😂",@untouchable-yp1nr,2025-01-10T16:37:43Z,2,0.8225,Positive,Neutral
"I heard it for the first time on the radio at work, and I think that despite the weak lyrics and the tragic slowdown at the end - the performance is amazing-fantastic!!! That's why I'm shocked, I thought there would be half a billion view here, at least!!! I just hope she doesn't get discouraged and she will do her thing... I'll be waiting for more Kayleigh, you'll be grand❤❤❤",@michapawlowitzch8102,2024-12-21T09:30:22Z,2,0.964,Positive,Neutral
Rolling Stone called this the best song of the year. It's just okay. Nothing melodically or lyrically ground breaking. Music really isn't what it used to be.,@mdav30,2025-01-06T09:27:18Z,2,0.7269,Positive,Neutral
she said this song is difficult to sing. Its sad  because its a quite simple melody.,@rellenoz,2025-06-02T21:08:26Z,2,-0.6808,Negative,Negative
Super 2000 vibes,@charliepresley,2025-04-11T01:24:37Z,2,0.5994,Positive,Positive
"Chappell, I had a beautiful time with your song, 'good luck babe'. As I showered I though: how can anyone leave a woman with just that hit alone and that heartfelt melody of vocals. Than I saw you were gay and I cried with you. Feeling your pain. Although I can't relate to the gay part, it made me think how united we all are and can share your pain. With that song along you've touched so many people. I thank God for your disappointments in all your relationships. Because you've helped others through your experience. I want you to know that my vibes and blessings are being send your way. I send you love and appreciation and we are all one with God! May God bless your way ❤ you are not alone girl! Always put yourself first, no one else will: to find true love, you find yourself❤",@rosegaldamez1442,2025-02-25T03:58:08Z,2,0.9917,Positive,Positive
"0:33 Chappell's own lyric video gets the lyric wrong (although it's correct to the performance here). The 'official' lyrics are included in the video description and are different. She changed it to be a flip of the next pre-chorus, like she's saying ""You're breaking up with me? Oh yeah, well then I'm breaking up with you for the same reason!""",@LyricsPodcast,2025-04-22T06:09:44Z,2,0.4574,Positive,Neutral
I hear the chorus lyrics and it makes me think of all the masking I dun with substances >_< Chappell 2 gud. Truly would have to stop the world to escape them feels.,@CallSignTowelie,2024-12-03T16:00:00Z,2,0.34,Positive,Negative
1st anniversary vibes 🎉❤,@fouaddayoub2004,2025-04-05T14:11:00Z,2,0.7845,Positive,Positive
"I heard this song on tiktok and I thought it was a vintage song that suddenly became popular, and I'm surprised to know it's a recent song! She really made a good job on give this a vintage vibe!",@emmanuelortega9110,2025-02-07T03:10:50Z,2,0.815,Positive,Positive
2:16 as a teen girl living in a homophobic country and struggling with bisexuality this is literally my worst nightmare 😭😭,@adelinedelacroix6608,2025-04-24T06:36:20Z,2,-0.9201,Negative,Negative
"I finally heard the song on the radio that i recalled sounding similar but forgot the name, So Hot by Caroline Polachek. It was annoying me that I couldn't remember.",@Kh40n1c,2024-12-14T02:26:42Z,2,-0.5499,Negative,Positive
If someone beat me it wouldn't hurt this much.,@asresh115,2024-11-28T13:22:18Z,2,0.4168,Positive,Negative
Why did she steal the drum beat from last Christmas by Wham!? Can’t you do anything original? We’ve all seen drag queens beach blanket Babylon. We’ve heard all of your songs because you steal from others. do better.,@jojofour1614,2024-12-03T03:22:49Z,2,-0.5792,Negative,Negative
Really getting the pearlina vibes from this one,@Abbiegooberr,2024-12-17T19:30:37Z,2,0.0,Neutral,Neutral
"Sometimes I wonder if my favorite artists like each others art, like I was just listening to Kendrick Lamar before this & I wonder if he would vibe to this too…that’d be cool af ngl",@dangitbobby.3942,2025-03-23T15:23:25Z,2,0.8519,Positive,Neutral
The vibes of the retro powerpoint geocities gif images mixed with her Kate Bush & Cyndi Lauper vocals is *Chef's Kiss*,@cocowavs,2025-01-05T00:59:16Z,2,0.4215,Positive,Neutral
"Great lyrics, great music, great singer ... that's all we need to appreciate !",@Jammerpatrol,2024-12-26T10:59:12Z,2,0.9459,Positive,Positive
"sound awesome, lyrics suck",@interviewquestionsforitind2462,2024-12-27T18:02:04Z,2,0.296,Positive,Neutral
Marina and the Diamonds vibes reign here!,@co-jt6gd,2024-12-26T10:47:13Z,2,0.0,Neutral,Neutral
I like it with the acoustic guitar the way Kelly Clarkson and Miranda Lambert did it. This music steals too much from epic lyrics.,@mindy2273,2024-12-17T13:33:57Z,2,-0.2023,Negative,Neutral
I love playing this for my homophobic brother and watching him vibe to it ….,@Heypooks99,2025-02-12T14:04:00Z,2,0.7184,Positive,Positive
"Music nerd here: they actually slow down a little right after “stop the feeling” in the chorus, and then speed back up. It’s subtle but it’s there. Not talking about the end where it OBVIOUSLY slows.",@mattlawson714,2025-03-15T17:00:52Z,2,-0.1531,Negative,Positive
This lyrics video is kind of nostalgic like I'm in the 2010s......... 😅,@remrivera669,2025-03-28T15:19:47Z,2,0.6124,Positive,Neutral
"A friend of mine showed me this yesterday and what I love most about it,is the GeoCities vibe this video has.",@pedrorusso1906,2025-01-26T03:24:23Z,2,0.8126,Positive,Positive
"every single time i hear this song i think about the time She said ""shame you arent a boy, id marry you in a heartbeat""",@junoismad,2025-04-25T06:58:48Z,2,-0.4767,Negative,Neutral
"So love this song. No real agenda, some Kate Bush vibes maybe? Just a good song (that’s me as a 48yo Radiohead fan)",@paulholland6027,2024-12-24T14:29:48Z,2,0.8173,Positive,Positive
one of the best Singers we have in this beatiful World. What an banger Song 🥳🤯,@21Deadman21,2025-01-13T12:06:31Z,2,0.7783,Positive,Positive
lowkey why does this make me kinda emotional,@nezptune,2024-11-18T01:13:25Z,2,0.079,Positive,Positive
"Music is a vibe, and the video is a vibe.",@Makalo101,2025-02-14T06:06:32Z,1,0.0,Neutral,Positive
Does she have hiccups while recording the song? The most annoying song of 2024....maybe the most annoying song ever made,@savi_topgun,2024-12-12T20:03:13Z,1,-0.7172,Negative,Negative
gives me stardew valley vibes,@caffeinat3dd,2025-01-26T20:25:47Z,1,0.0,Neutral,Neutral
"If anyone needs a follow up song, Melt With You by modern English keeps the vibe for me 💋",@elizabethvivo4029,2025-03-21T19:12:48Z,1,0.4215,Positive,Neutral
The vibe is break up like frida affair is crazy,@michellemalijan6862,2025-05-07T09:30:58Z,1,0.0258,Neutral,Neutral
"as nana fan those lyrics just hit , its so semilaire to the story plot really.",@lolapaul7071,2025-01-01T03:01:02Z,1,0.3182,Positive,Positive
"The lyrics are simple yet complex, and sung in away a very unique way. Absolute banger, Fiona who?",@amj514,2025-05-14T15:42:46Z,1,0.0,Neutral,Positive
"i went to a bowling alley for my fathers birthday, and this very song played, i liked the beat, lyrics, and sound, i looked up the song when i got home, and i fell in love with chappell roan's music.",@onlywillowx,2025-02-21T03:07:40Z,1,0.8651,Positive,Positive
Kind of a mix of Cindy Lauper and Kate Pearson of the B52 vibe. So unique...not like other boring pop artists.,@GwenKnight-n4w,2024-12-21T03:52:18Z,1,0.1226,Positive,Positive
I really love the 90's-00's vibes in this video..,@user-rd5jx9el8r,2025-03-11T11:28:46Z,1,0.6697,Positive,Positive
I'm getting strong Kate Bush vibes from this song,@Shaixira,2025-02-03T22:10:02Z,1,0.5106,Positive,Positive
myringtonenow🙄,@eugene.YTChannel,2025-02-19T20:13:20Z,1,0.0,Neutral,Neutral
"it give a very old vibe, i hope the world are healing",@sanasuna5248,2024-12-22T19:14:19Z,1,0.4404,Positive,Neutral
I thought this lyrics video wasn't  the official video. 😂,@travel_with_aung_thethtwe,2025-02-09T11:26:13Z,1,0.4404,Positive,Neutral
Vibes 90’,@giovycangiano,2024-12-29T11:35:27Z,1,0.0,Neutral,Neutral
Sloppy melody from start to finish.,@joseph-martinsellers9054,2024-12-30T10:46:50Z,1,0.0,Neutral,Negative
Love the lyrics,@IvanSergio1984,2025-01-30T23:43:22Z,1,0.6369,Positive,Positive
I am literally listening to this song in the car 24/7 and i started singing it and my sister just looked at me like... ummmmm..... you are off beat  and i said... wow so nice.. and she just looked at me then my dad started to sing,@tammyposada4768,2024-12-29T07:01:26Z,1,0.8725,Positive,Positive
"her voice is so beautiful, the range, the tone, the everythingggg",@JasmineSarandon,2025-07-28T17:18:22Z,1,0.7177,Positive,Positive
I love this song! I heard it at work and I finally googled some lyrics and Wow. Chappelll  Roan  is awesome,@carriehall4747,2025-07-02T02:18:47Z,1,0.9245,Positive,Positive
This is some catchy as hell tune. And this comes from someone who you won't find to support LGBTQ or feminist causes anytime soon.,@kr79071,2025-03-26T00:07:52Z,1,-0.7819,Negative,Positive
"This gave me 80's vibes and not without good reason. 2:40 - Finally figured out what this part sounds like, a scene kept flashing in my head, and the image finally cleared up to reveal that female robot scene in Austin Powers with the song, ""I touch myself."" And at 0:12 - it reminds me of Pet Shop Boys, I'm with Stupid (the part where he sings, ""You grin...I pose. It's not about sincerity, everybody knows."" It spent over 30 minutes racking my brains why parts of this song sounded so familiar.",@FierceGinger,2025-01-25T02:34:56Z,1,0.1382,Positive,Neutral
i swear to god this could be a 90s song.  its new but it sounds nostalgic,@abcdefbcdefg8352,2025-07-14T03:54:13Z,1,0.1154,Positive,Positive
She's got a gorgeous voice. I like the chorus best . For her i could be a lesbian transgender woman with a masculine look.,@alexbrown2401,2024-12-01T18:08:32Z,1,0.8934,Positive,Positive
"She's great, i'm 37 and can't belive how much I like her work. I mean there's somenthing about her that makes me feel like she's a cool older genx cousin 😅, and she's so young, what is it about her that is so nostalgic?",@selenneIX,2024-12-11T13:57:48Z,1,0.9169,Positive,Positive
I felt an 80s vibe and i love it!,@sexymama1966,2024-12-02T13:16:53Z,1,0.6696,Positive,Positive
"As someone who dislikes the majority of modern music, this song is alright. When I first heard this on the radio, I was writing my own lyrics to what I thought I was hearing. It sounded like “whenever I look up I see a falling star”.",@gunstargizmo,2024-12-02T01:36:35Z,1,0.0516,Positive,Positive
Kate Bush vocal vibes ❤,@mmmuck,2024-12-11T09:58:46Z,1,0.6369,Positive,Positive
why are all the new artist all whispering degenerate garbage. can we have some class and vocal talent please.,@hovtrd9944,2024-11-26T07:27:04Z,1,0.6249,Positive,Negative
"Not sapphic but asexual, thinking might be in aromantic spectrum too. While I have never experienced the cishet romance neither queer romance. I am always gravitate to romantic songs and stories. Oh I actually feel sad for the girl in deep denial",@ahagotcha,2024-11-26T13:17:58Z,1,0.1063,Positive,Neutral
"Idk why this song gave me chills..... it made me feel things I haven't felt in over 16yrs. I love it & idk this song made me love my boyfriend more.... it stirred up emotions I haven't felt or thought I would ever feel again. This is a 🖕🖕🖕🖕 to all the homophobes, transphobes, & misogynist who attack us for simply existing.  YOU WILL HAVE TO STOP THE WORLD FROM TURNING TO STOP OUR FEELINGS.... THANK YOU TO THE ARTIST WHO MADE THIS SONG, IDK YOU BUT I LOVE YOU❤❤❤ I USED TO HATE MYSELF FOR BEING GAY, BUT NOW I LOVE MYSELF.",@OmetochtliQ,2024-12-04T14:50:30Z,1,0.984,Positive,Positive
Nothing beats me and my 13 year old jamming in the car or the kitchen jamming to shabozzy !,@ginagambardella6370,2024-11-26T04:46:45Z,1,0.0,Neutral,Neutral
I LOVE This song with its early 2000 and deep meaning but the ending with the sorta creepy revebers why is it like that??? ❤❤🤔,@Cookies-ll6ov,2024-11-23T19:41:27Z,1,0.9655,Positive,Positive
The emotion i cannot i cry too,@momitodev3527,2024-12-04T21:17:30Z,1,0.3724,Positive,Neutral
Kate bush vibes ❤,@mcfly0110,2025-03-16T00:26:23Z,1,0.6369,Positive,Positive
Gweni Stefani vibes,@michaelsville,2025-03-20T03:02:44Z,1,0.0,Neutral,Neutral
"Dope, listened to this multiple times and read the lyrics then finally got the full meaning since I'm just a dense straight dude, be who you are and be happy people. 😁👍",@dahuman,2025-01-28T08:50:21Z,1,0.8225,Positive,Positive
These lyrics are actually genius,@P4XEH,2024-12-01T12:32:07Z,1,0.0,Neutral,Positive
Worst Song ever created. I refuse to call it music. Its Torture.,@Ein.Freddy,2025-05-04T16:16:01Z,1,-0.8481,Negative,Negative
"Sounds like a Taylor Swift song,rythmn and beat are very familiar",@johnnaseccareccia4491,2025-02-05T20:06:00Z,1,0.5106,Positive,Neutral
~ Lyrics matter,@hardikahatnolkar,2025-05-16T08:39:35Z,1,0.0258,Neutral,Neutral
Truly an amazing song and also love the old nostalgic style!,@Trombone_Enthusiast1,2025-02-13T19:40:45Z,1,0.9041,Positive,Positive
Reminds me of Stand Back by Stevie Nicks. Cant be the only one getting that vibe,@itsthatshorty4031,2025-02-01T01:28:06Z,1,0.0,Neutral,Neutral
80’s vibes ❤️,@salvatoredebellis9299,2025-07-19T22:35:59Z,1,0.0,Neutral,Positive
She kinda gives me Gwen Stefani vibe so nostalgic,@AmosRZChen,2025-01-09T08:25:50Z,1,0.0,Neutral,Positive
"I like the melody but not the lyrics, that's why I'm only listening to this, i can't play this on public. 😢",@theblackbird5725,2025-01-21T15:04:17Z,1,-0.7144,Negative,Neutral
They play this joint non stop at my gym and now I can’t get the  chorus out my head. Hella annoying but so damn good lmao,@michaelmabry1958,2025-03-22T13:29:10Z,1,0.7292,Positive,Neutral
How did this become the No. 1 song of 2024 by Rolling Stones???? Can someone enlighten me.,@bisayastyle9324,2024-12-07T02:22:06Z,1,0.644,Positive,Neutral
As a 80 and 90s kid I dig this generic elevator '80s music at the beginning,@nowyouredoingthesponge4644,2025-04-01T11:03:04Z,1,0.0,Neutral,Neutral
Am I the only one who can never understand what people in songs are saying? Unless I see the lyrics at the same time.,@Spacemanct,2025-01-03T18:02:07Z,1,0.0,Neutral,Neutral
"Uuummm... am I the only one that just hears ""well gooohoohoo""? I cant find any lyrics that actually say what shes singing.",@daniellovesosrs,2025-06-27T22:45:33Z,1,0.2732,Positive,Neutral
"One of my fav videos, it's so simple yet so cool :-) love the nostalgic feeling",@miriamb.3078,2025-07-29T10:56:39Z,1,0.9265,Positive,Positive
Just heard it today in CEX shop and in an instant I knew it’s going to be a good vibe ❤❤❤,@johnwhite715,2025-01-30T20:43:54Z,1,0.9477,Positive,Positive
As a straight dude who just listened to this for the first time this week. I like the vibe and like the message. I see it and dig it. But I also see that it could be interpreted 2 ways. The way of a girl coming out as a lesbian. And the way of someone regardless of gender or orientation realizing that they love someone after so long and finally admitting it. Either way it’s a very good song.,@jacksonthomas1851,2025-03-02T04:27:02Z,1,0.933,Positive,Positive
"Awful song, so basic so common, nothing different. So blah. From the beginning is sucks. Bye can’t stand it anymore.",@MorletteAdame,2025-06-10T03:41:16Z,1,-0.7481,Negative,Negative
"im here cos I had else to do and tho I'm not gay or anything like that, I liked the song lyrics but disliked the video",@eduphoto6945,2025-03-10T17:23:12Z,1,-0.2263,Negative,Neutral
Be honest awful lyrics a bar song is a better song than this and it is a rap this song does not deserve a Brit but one day u might be able to make a song that has better meaning and win a deserved brit,@JaysonPascoe,2025-03-01T22:01:58Z,1,0.9032,Positive,Negative
"This might be the best music video i've ever seen, I love the 2000's vibe, it brings me chindhood MSN memories",@LineLi225,2025-06-21T02:05:49Z,1,0.8555,Positive,Positive
"This brilliantly catchy melody has been in my head every day for a year now & I don't know what to do about it...might have to write a pop song or 10 ;) THANK YOU CHAPPELL, YOU RULE!!!",@jasonmaks,2025-03-12T19:13:31Z,1,0.8753,Positive,Positive
"I put this alongside great songs like Dolly Parton's 'Jolene', Robyn's 'Dancing on my Own' and Kate Nash's 'Misery' that create a sense of intense emotional dread by having the beat go fast that the words go slow.",@pavarottiaardvark3431,2025-06-20T16:43:34Z,1,0.4404,Positive,Positive
Love the vibe of the video,@O777B,2025-04-12T17:56:58Z,1,0.6369,Positive,Positive
Manchild by Sabrina ripped this beat,@SZPV_YTchnnl,2025-06-23T11:41:49Z,1,0.0,Neutral,Neutral
"This song has 80's vibes written all over it, ❤",@LouisTorres-ut4ks,2025-01-27T10:54:18Z,1,0.6369,Positive,Positive
I’ve never properly listened to the lyrics till now and my heart just fucking broke 😭👏👏👏,@ThatGreyGentleman,2025-01-05T14:55:11Z,1,-0.3086,Negative,Positive
This song is such 👏 a 👏 fckin 👏 vibe 👏😝,@K-H_Edits,2025-01-11T16:31:40Z,1,0.0,Neutral,Positive
Man... it sounds upbeat but the meaning is so sad....,@porygon9001,2025-02-07T14:18:33Z,1,-0.757,Negative,Neutral
I had to see the video (thus read the lyrics) to get the meaning of the song. What an elevation of an already great song.,@Cooverdamn,2024-12-29T00:22:40Z,1,0.6249,Positive,Positive
I can confirm from the parallel universe of the straights where I’m at…this bop is repurposed as a dedication to an avoidant ex that got away when things got too serious 🔂💃🏻,@kingria255,2025-01-24T21:28:37Z,1,-0.0772,Negative,Neutral
I Love How This Is Song Is Similar to Last Christmas Because of The Vibes 🥹❤️‍🩹,@turneryoutubesystemthe2ndVA,2024-12-01T01:44:56Z,1,0.6369,Positive,Positive
I wonder how confident and sarcastic i have to be to sing this song 😢 Like I don't think I am better than (any of) her bf. Nah. I could relate to lyrics before actually understanding this.,@slugdolphin6377,2024-12-18T15:15:47Z,1,0.4767,Positive,Neutral
The worst thing is being the girl who wakes up next to him in the middle of the night. I MISS YOU R!,@felixxprogamerkawaii123,2025-02-08T15:56:59Z,1,-0.7734,Negative,Negative
I love how the music's slows down as if to stop when she's singing.The world needs to stop or something like that.This song is giving me eighties vibes,@AlejandraGarcia-ky5dl,2025-03-21T01:39:25Z,1,0.6908,Positive,Positive
I love how that song gives me 80s-90s vibes while the video gives me 2000-2010 vibes,@HunterGamingMCRBX,2025-05-18T16:22:38Z,1,0.6369,Positive,Positive
"People who write lyrics in videos, you have to put the lyric before so I can start singing it not as she says it, otherwise if I don't remember the lyric, I'm late. Why don't people get this?",@JohnnyRoseofVersailles,2025-01-31T07:51:47Z,1,0.0,Neutral,Neutral
"Great tune. Alanis Morissette vibes from the lyrics, but the vocals are so different genre like I'm at the opera or something. Bravo and thanks.",@saldumanovic5917,2024-11-19T22:39:13Z,1,0.8763,Positive,Positive
🎉❤💃🏼love the vibes of the song 😊,@Diva-mh5ps,2024-12-26T02:46:15Z,1,0.9169,Positive,Positive
"This is taking off because it's basically a synthwave song. People of my age and a little older love the beach cuz it literally reminds you of that time and those places I mean it's really good it's a really good song, but that's the big appeal in synthwave has been going hard for a long time now and this is like one of the first mainstream songs that's been pushed into the bigger audience. If you like this check out a band called The Midnight. Like I'm not taking away from this song but their song Los Angeles is much better than this lol.",@InjunJosh,2025-02-12T14:53:14Z,1,0.9696,Positive,Neutral
December 2024 vibe🎉,@IlIlllIlll,2025-01-05T19:27:08Z,1,0.4019,Positive,Positive
Even though ive only had straight relationships i feel like i kinda relate to this song. Also i love the y2k internet vibes here,@Timeddoesstuff,2025-03-30T21:25:48Z,1,0.8225,Positive,Positive
maybe it's a generic comment since i imagine your audience is full of sad sapphics but i really needed this X>,@miraclewillow1,2025-01-21T18:34:45Z,1,-0.2617,Negative,Positive
Her deep voice at the very end sends me Everytime,@HeIsLex,2025-02-10T23:11:37Z,1,0.0,Neutral,Positive
I LOVE THIS VIBE FOR REAL,@caohs2767,2025-02-17T15:46:13Z,1,0.6369,Positive,Positive
I don't exactly know why I love the song. I guess it's the mid 80's and 90's vibes or I just love the tune when I'm driving at night 😅,@jaysoncam6778,2024-12-22T17:54:24Z,1,0.8979,Positive,Positive
Catchy as all get out.,@ENigma-um8zw,2025-02-26T00:16:30Z,1,0.0,Neutral,Positive
"the second ""I told you so"" in the final chorus is beautifully tragic. it just... it's so much. it definitely deserved record of the year at this year's Grammys.",@anitavillacorta8090,2025-02-03T19:33:28Z,1,0.5667,Positive,Positive
cried when I read the lyrics???? this is gut wrenching??????,@wanderer_1018,2025-02-08T08:57:10Z,1,-0.5514,Negative,Positive
2:38.  Powerful voice 😮😮😮👍👍👍,@jjairorozo6263,2024-12-08T05:39:26Z,1,0.4215,Positive,Positive
I LOVE the 80s vibe 🔥,@tanakaamandamusekiwa,2024-12-07T06:51:46Z,1,0.5473,Positive,Positive
"This song is an absolute banger, but also became a song that some people use for their straight situationship it absolutely ruins the song vibes 😭",@JilianneDalino,2024-12-08T04:50:47Z,1,-0.7958,Negative,Neutral
What a beautiful composition,@medeaagapishvili7313,2024-11-21T04:57:01Z,1,0.5994,Positive,Positive
"""You'd"" definitely doesn't sound like that. I was content until I found the actual lyrics.",@rgibnz320,2024-12-27T02:32:03Z,1,0.1506,Positive,Neutral
This song has Christmas vibe,@drim_lun,2024-11-21T00:09:38Z,1,0.0,Neutral,Neutral
"It sounded a lot like Kate Bush to me... I don't know, but it has a certain vibe. I love it.",@joseluisfernandez5461,2024-11-20T21:02:16Z,1,0.8807,Positive,Positive
The MySpace glitter graphics and emojis on here ❤ 🔥 So nostalgic,@MNSkolGirl,2024-11-24T15:08:32Z,0,0.4215,Positive,Positive
This has to be The Most Annoying Song That Ever Recorded 🙉🙉🙉🙉,@kalle6522,2025-01-12T20:16:34Z,0,-0.4576,Negative,Negative
"""Good Luck, Babe!"" by Chappell Roan gives off very Nicky Nichols x Lorna Morello vibes",@donnahaynes138,2025-05-27T09:03:18Z,0,0.7345,Positive,Neutral
Maurice vibes,@loriezz189,2025-06-24T13:37:13Z,0,0.0,Neutral,Neutral
"It has an 80s vibes, love this, am hooked to the chorus❤❤❤",@dimetrysweeklytop4025,2025-04-29T04:52:43Z,0,0.9571,Positive,Positive
aw this video brings me back to the days of decorating my neopets profile circa 2002 ❤ seeing the cartoon dolls makes me so nostalgic! i used to make bases and clothes and had my own websites where you could dress them up! what an amazing era of the internet!,@grargsayhi,2025-03-15T23:19:28Z,0,0.8713,Positive,Positive
"Bandle in 1. I had good intuition that these drums can be from this song, but... I didn't know lyrics, nor the singer and even the title, so I've spent about 20 minutes to find this song specifically. xD   At least my intuition was right, it's just my knowledge about singers/titles/lyrics which is bad. xD   I'm hearing this song a lot in the radio lately, but I didn't even bother to check how is this called, lol.",@kacperwawszczyk,2025-05-10T13:29:03Z,0,0.9307,Positive,Neutral
Yuck. Bubblegum pop with silly lyrics.,@cerebralmaster,2025-01-25T14:38:32Z,0,0.0258,Neutral,Negative
"can't stand the high pitch singing, but the vibe is great",@sourdeeez,2024-12-11T05:15:31Z,0,0.7684,Positive,Neutral
"If Lady Gaga and Gwen Stefani were the same person, that's how I would describe the vocal flexibility of this artist. I flippin love her",@jesserivera2043,2024-11-24T11:09:19Z,0,0.7841,Positive,Positive
She would have been the biggest star of it was 2003. What a vibe.,@user-te7kx7sf3s,2025-05-24T14:23:09Z,0,0.0,Neutral,Positive
Yeah. Kinda annoying.,@davgarcia4991,2024-12-03T03:57:12Z,0,-0.0534,Negative,Neutral
"I get some Kate Bush vibes, great lyrics too.",@duncangriffiths4399,2025-04-15T11:04:00Z,0,0.6249,Positive,Positive
"Damn this blew me away the vocals, colors, lyrics and the meaning. This was beautiful",@SarahShields-s2s,2025-08-04T15:27:23Z,0,0.296,Positive,Positive
Great song ruined by coma inducing cringe lyrics.  Lesbian drives her lover straight and then spends the whole song trying to convince herself that she is still pining away for her.  It makes ME wanna take another shot just to stop the feeling.,@DoctorFixMaster,2025-06-05T15:16:19Z,0,0.7906,Positive,Neutral
Its a good song with twisted feeling as straight i don't related to real feeling of the singer but why its trendy because of the lyrics or the musicality i love the song and hate the meaning not everything its gay in the world turn off america see the world 😊,@mimane2614,2024-12-11T10:33:29Z,0,0.9127,Positive,Neutral
"""Of course, she's walking down a path cleared by some real icons: Madonna, Lady Gaga, Kate Bush, Cyndi Lauper, Annie Lennox, Björk, and Debbie Harry. You know, just a few small names who might have slightly influenced the whole theatrical pop star vibe."" 😏",@scurraverum7932,2024-12-21T01:36:00Z,0,0.1027,Positive,Neutral
Its giving 2018 vibes i don't know why,@carolinepicard5308,2025-03-19T22:49:34Z,0,0.34,Positive,Neutral
Anyone else is loving the glitter splash in his face when she hits him? ❤❤ This video is costume design and art direction perfection. Loving your Chappelverse…so MUUUUCH.,@ninabrito3118,2025-03-09T11:54:07Z,0,0.9678,Positive,Positive
I love this song it's very catchy. And the slow down at the end I love that,@Jay7682,2025-05-12T00:11:03Z,0,0.8555,Positive,Positive
Giving me I know we're cool vibe by Gwen Steffani,@jillandremaximwillen6098,2025-01-02T07:25:02Z,0,0.5719,Positive,Neutral
Beautiful melody; horrible message,@IanConnel,2025-01-02T15:05:21Z,0,0.1027,Positive,Neutral
Dolly was nightcorce before nightcore that naturally high pitch man sam,@PushdUndurr,2025-02-16T23:38:57Z,0,0.0,Neutral,Neutral
Love this song #vibezzzzz,@rafaelrazo1880,2025-03-16T00:37:02Z,0,0.6369,Positive,Positive
Ok kill me for this buuutttttt the “can you play a with a fucking beat” voice kinda sounds like Nicole from class of 09,@Dima-r7d4r,2025-07-31T18:50:23Z,0,0.0314,Neutral,Neutral
This is literally the worst song of this century. One more time I hear this yapping on apple music I will fall over dead.,@zbyneksurovec,2024-11-26T23:13:17Z,0,-0.8555,Negative,Negative
PPT vibes,@YiyitaRL,2025-08-10T04:09:58Z,0,0.0,Neutral,Neutral
That was the worst and cheapest video i've seen in my life!!!!!!!!,@Namiiarii,2025-02-04T03:54:28Z,0,-0.7405,Negative,Negative
GOOD LUCK BABE IS A WHOLE VIBE 🎉🎉🎉,@SyedaMomina-s9i,2025-06-09T08:25:37Z,0,0.9378,Positive,Positive
I relate to this in the worst way possible because I'm her best friend and she calls me her wife in a platonic way. Meanwhile I'm dying inside and trying not to fuck it up because she's been through too much and I don't want her to lose her best friend due to a stupid crush.,@Robin-b7mz,2025-06-29T13:40:48Z,0,0.7669,Positive,Neutral
Is the slow ending giving someone that nostalgic dreamy feeling too or is it just me?!!😅,@a03harkutavni16,2024-12-13T15:06:51Z,0,0.717,Positive,Positive
"Being a friend with a ""straight"" girl who treat you like her girlfriend is the worst thing a lesbian can ever do",@mayconcera,2025-03-28T01:29:41Z,0,0.6369,Positive,Negative
This song gives off 2010's vibes❤,@suibianlaughts1207,2025-02-10T19:05:14Z,0,0.6369,Positive,Positive
This reminds me of a Jack Stauber song for some reason. I love how catchy it is. 😁,@psycoskunk9145,2025-02-10T23:55:47Z,0,0.802,Positive,Positive
"What an amazing song , great lyrics working over just 2 chords D -  E , perfect example of less is more",@tomhawkins6349,2025-01-17T09:14:50Z,0,0.9118,Positive,Positive
Catchy music but not a fan of the lyrics - drinking in bars...,@deborahdreher7509,2024-11-28T03:11:36Z,0,-0.3491,Negative,Neutral
This song makes me want to cry because of how beautiful and emotional it is😭😭😭😭,@Sillypersonwholoveswater,2025-03-15T22:18:43Z,0,-0.8658,Negative,Positive
This song is so nostalgic. It takes me back to the time I met my exes' parents for the first time. This song was playing in the car with him and his father. Back when Chappell was rising to fame. Fuck I miss him so much 😕,@Xcyrs,2025-03-15T20:52:53Z,0,-0.4549,Negative,Neutral
"I'm not sure about y'all but to me this song has a depressing vibe to it and yeah, perfect for those night when I'm feeling lonely.",@DemonLord_Online,2025-05-09T21:45:22Z,0,0.3546,Positive,Neutral
I don’t know about you lyrics Not Good lyric for these kids just my opinion.  It’s too bad. There’s so many good messages that could be sent to young kids.,@jonathanlafrance8643,2025-02-02T07:24:36Z,0,-0.4074,Negative,Neutral
"The melody of this song is near identical to the chorus of  ""Me and Michael"" by MGMT, just in a different key.",@latestxplague,2025-02-07T07:52:32Z,0,0.0,Neutral,Neutral
'innocent' vibes,@BidyadharSahoo,2025-02-02T12:33:01Z,0,0.34,Positive,Neutral
This song is so good on a technical level. Love the mixing. It’s so creative.,@TheVic18t,2025-01-08T13:48:08Z,0,0.9133,Positive,Positive
"This is one of those songs that you doesn't care the history behind the lyrics, you just enjoy how that makes your brain feel",@godzillalegendary7208,2025-06-01T06:44:04Z,0,0.1461,Positive,Positive
"she says something before ""good luck babe"" in the chorus what is it omg i've been here for hours trying to figure it out",@the_real_Mitsuri_Kanroji,2025-04-18T10:57:51Z,0,0.7096,Positive,Neutral
The presentation reminds me when I was doing stuff for elementary school. I missed this vibe so bad.,@folkinns,2025-02-07T04:21:31Z,0,-0.7712,Negative,Positive
oh those lyrics are actually kinda depressing now that I can understand what shes saying,@JadeRavenn,2024-12-28T02:03:31Z,0,-0.3197,Negative,Neutral
dancing to this without knowing any of the lyrics,@InfernoTower69420,2025-03-08T02:19:48Z,0,0.0,Neutral,Positive
Kate Bush is knocking on Chappell Roan's door and asking for her musical and vocalization style back.,@Lunatic4Bizcas,2025-02-03T15:12:00Z,0,0.0,Neutral,Neutral
Coming from pure emotion and i can feel every word that im going through this battle...maybe besides the boys in bars.. but the topic can pertain to anything!! Thats what i love about music ❤,@laurenlove3961,2025-06-06T11:54:09Z,0,0.9347,Positive,Positive
This is so dreamcore and nostalgic I love it.❤❤,@jenniferzeng5735,2024-12-20T00:12:06Z,0,0.9274,Positive,Positive
"Thank you autotune. Glad I don't like pop, Bubble gum music. Not sure why it's popular. But okay",@Sammyman2662,2025-02-28T07:32:06Z,0,0.4703,Positive,Negative
"How can a song be so sentimental, it gives me so much complexion, so much deep emotion. Jez",@awarenessbyval,2025-07-04T17:49:29Z,0,0.4572,Positive,Positive
The 80s style to this beat is PEAK,@jonathanstaples9231,2025-07-27T19:45:40Z,0,0.0,Neutral,Positive
Nah what other song does this sound like? That chorus sounds super familiar,@cfu5305,2024-12-17T03:51:08Z,0,0.7184,Positive,Neutral
"Between the soaring vocals, a title not prominently featured in the lyrics, and the overall eccentricity (check out that ending), it feels like something Kate Bush WISHES she would have done 40 years ago.",@nicholasharvey1232,2025-02-20T00:38:55Z,0,0.5904,Positive,Neutral
"I Don’t listen to Chappell roan, don’t even listen to pop, and can barely hear the lyrics, but this is still great",@33.044,2025-02-01T02:20:47Z,0,0.7684,Positive,Positive
80s Vibes 🥹👌,@KaiBane,2024-12-16T17:28:52Z,0,0.7297,Positive,Positive
At the end of the chorus whee the song is ending where the singing tune starts to get slower and slower seems to ruin the whole sog where the whole song would sound better without the last bit to the song getting slower and slower whee the tune changes where the whole song is stuck with the same level of speed throughout the whole song all the way to the end,@sophiamitsuda-ashworth5949,2025-07-18T18:26:13Z,0,-0.4404,Negative,Neutral
The video is so Orkut and 2007 vibes.,@MarileBlue,2025-04-15T03:04:02Z,0,0.0,Neutral,Neutral
Kate Bush vibes,@lizzymint6705,2025-02-05T14:32:14Z,0,0.0,Neutral,Neutral
The vibe is the label really messed up I’m 37 and adore this girl she’s a star!!!!!!!!,@Autumnlainee,2025-03-20T13:05:17Z,0,0.4723,Positive,Positive
The Fact she is a new singer and Can make SUCH A GOOD SONG that gives a 90s vibe~,@anjanamallikarjun8594,2025-03-14T20:28:13Z,0,0.5622,Positive,Positive
This beat Teddy swims for a Grammy. This is ridiculous.,@chadjohns386,2025-02-07T00:23:25Z,0,-0.3612,Negative,Negative
This mv gives off crazy poser vibes like this isn't heckin nostalgic,@50u1j4h,2025-05-09T14:38:03Z,0,0.0258,Neutral,Negative
"L❤ve this, so catchy",@elliekirkbright5983,2025-02-10T17:35:41Z,0,0.5766,Positive,Positive
"This isn’t just a breakup song — it’s a full-on manifesto of reclaiming power and saying ‘Good luck’ with zero regrets. Chappell Roan’s raw honesty hits like a lightning bolt, and I poured that same fierce energy and unapologetic truth into my latest track. If you’re ready to feel every ounce of that fire and freedom, come check it out — because sometimes, letting go is the most powerful move you can make.",@tuanLe-sq8bm,2025-06-08T06:46:47Z,0,0.9324,Positive,Positive
Genius lyrics fabulous video amazing tone,@9nandiamo,2025-01-05T13:27:54Z,0,0.802,Positive,Positive
one of the worst things I've ever heard in my life .    ug.,@donnabert,2025-03-03T15:36:28Z,0,-0.6249,Negative,Negative
The vibes are vibing! 🏳️‍⚧️🏳️‍🌈✨,@clairemathews6682,2025-02-16T05:04:54Z,0,0.3802,Positive,Positive
"So rich, so groovy, so AUTOTUNED!!!",@RichardAugustMatthew19Man,2024-12-10T16:04:40Z,0,0.6974,Positive,Positive
This is awful. No one wants the 80s back,@ashhof0408,2024-12-05T08:28:32Z,0,-0.6369,Negative,Negative
Song sounds like 80s (the beats anyway),@stevem4660,2024-12-06T06:45:03Z,0,0.3612,Positive,Neutral
"Reminds of of 80s music, when singers sing with emotions.  Love it!!",@Wally1-d2q,2025-02-03T14:48:31Z,0,0.6988,Positive,Positive
high notes,@charmaetan-dz3ek,2025-01-17T06:37:37Z,0,0.0,Neutral,Neutral
"She was on our local News as being from the area and nominated for a Grammy. Honestly, I’ve never heard of her prior to the News story, however, she gives Alanis Morisette vibes whom I absolutely love ❤️.",@neojazzgospel,2025-02-01T04:22:53Z,0,0.8173,Positive,Positive
"This music, “Chappell Roan with Good Luck, Babe!” could (actually) be suitable for the station WDR 2, because the song “Good Luck, Babe!” sounds almost like an Emotion-Song.",@BenjaminPozniak,2025-01-02T10:32:56Z,0,0.8931,Positive,Neutral
Why does it's giving me 80s Olivia Rodrigo vibe,@syedsaif7583,2024-12-14T11:03:07Z,0,0.34,Positive,Neutral
"Hate this song so much. We all know an emotional manipulator like the main character of this song. ""I want to be me. Is that not aloud?"" OK, gaslighting?? I'm sorry you smoke like a chimney and I care about your health enough to ask you to stop. You get so high you don't even clean your room. I'm sorry I don't want you to be a slob, bro. I know you're impatient, so I should know better than to keep you waiting? And then I try to explain, but you tell me to shut up for once in my life? Lol bro, OP is a terrible person to have as a friend, family member or a lover. I say get a job and then ask you where you've been? Nobody that actually needs you to get a job would wonder where you've been. We would assume you're at work helping like we asked. OP is a master manipulator",@merkuryretrograde8835,2025-04-22T20:31:22Z,0,0.955,Positive,Negative
"I changed the lyrics for my cheating husband you can kiss a hundred girls in bars and when you wake up next to her in the middle of the night youre nothing more than her husband. He wont leave her or me, so i play this song around him just to taunt him and he hates it. Eventually, he WILL have to stop the world to stop the feeling. 😢 I love you, Chappell. Youve helped me and im sure numerous others with their self worth. I know it now, and i wont let anyone hold me down for their own selfish reasons. GOOD LUCK, BABE!",@sarahmccollum3694,2025-02-06T18:01:12Z,0,0.7256,Positive,Negative
It’s got that complete 80s vibe with European synthesized music and Kate Bush tones. She is very talented.!  This is just the beginning for her.,@albatross0175,2025-05-10T23:23:49Z,0,0.5974,Positive,Positive
Can you recommend good luck bebe vibe music?,@Fyivyeuojb,2025-04-22T10:05:05Z,0,0.8126,Positive,Neutral
"I am a dude and the hardest part for me to sing is the chorus, ""You can kiss a hundred boys....Good Luck Babe! .... to stop the feeling....""  The falsetto I can't even falsetto",@Ultradude604,2024-11-28T05:08:21Z,0,0.6588,Positive,Neutral
"80s vibes, can't go wrong with that",@crystalz-h1d,2024-11-30T20:23:36Z,0,0.3724,Positive,Positive
"I've been in Criteria Studios,Quadradial And Others Worked with New Artist Back in 80s and this Song Has a Real Nice Hook & Definitely Billboard Top 20 if the Label Pushes it.A Good Song With the Right Hook,Melody,Producer & Engineer & Artist Marketing will ALWAYS sell.The Lyrics on a uptempo irrelevant.I don't understand the lyrics,But Again  Labels Want $.And Also Keep a Song under 3:30n",@TheCarguymiami,2025-02-25T02:43:55Z,0,0.8591,Positive,Neutral
Not me screaming the lyrics ❤,@Scarlettsprinkles,2025-01-26T16:05:52Z,0,0.7494,Positive,Positive
How did this beat Teddy Swims? She sounds like a hundred other singers.,@carmeliagriffin6372,2025-06-11T10:16:25Z,0,0.3612,Positive,Negative
"I hummed this into Google and miraculously found it, thank goodness cause this chorus has been rattling around my head all day, I don't even know how it got there.",@swankfox9112,2025-01-20T20:58:31Z,0,0.6705,Positive,Positive
"I don't know what was going on with my ears for a moment, but I had to believe it was Miley Cyrus singing. The song is nostalgic and has something special about it the vibe of a sunset on a beach in Malibu with a loved one and a bottle of wine in hand.",@simonvelviheimlich5947,2025-01-13T00:18:59Z,0,0.9349,Positive,Positive
I couldn't understand 90% of the lyrics. Wasnt an easy song to google search,@Mauri.El.Creador,2024-12-15T13:22:37Z,0,-0.3412,Negative,Neutral
This exudes Gen a vibes,@emma_nutella58,2024-11-24T13:27:00Z,0,0.0,Neutral,Neutral
You dont have to stop the  world to stop a feeling .  U gonna let an emotion get you life that gurl ?  I was in LOVE / LUST with somebody that was so so so  bad for me .  But my feelings told me otherwise. 1.5 yrs later i got out of it.  Never trust a feeling or a fart for that matter  !!,@mikevinny9715,2025-01-06T23:24:52Z,0,-0.6773,Negative,Negative
Very kate bush running  that hill vibes.,@tony2888,2025-02-17T14:48:19Z,0,0.0,Neutral,Neutral
Why is this Song lowky so emotional 🥹,@KENBURRA27,2025-01-07T14:21:04Z,0,0.2769,Positive,Positive
"Emotionally,the song is the bus and i'm regina george",@cvntygames69,2025-03-27T00:05:36Z,0,0.0,Neutral,Neutral
Its soo old school ❤ vibes,@Tld2128,2025-01-16T03:08:55Z,0,0.6369,Positive,Positive
I keep coming back to this song. Something about it is so infectious and catchy. This probably one of the most perfect pop songs ever tbh❤️,@alexastock,2025-05-17T19:54:02Z,0,0.6115,Positive,Positive
Not too sure about the popularity of this song...starts off with the intro and body sounding like Leon and than the chorus sounds like what Marina and the Diamonds does in her sleep...good but lack originality,@kieranng1172,2025-03-31T15:18:43Z,0,0.0307,Neutral,Neutral
The only beat I like is this one 0:04,@suplmentrobloxgamers,2025-06-13T00:21:42Z,0,0.3612,Positive,Neutral
"This is in the neigbourhood of Kate Bush, but a little less intellectual. Catchy.",@aacnb84,2025-02-20T07:47:25Z,0,0.5563,Positive,Positive
Am i the one think read the song at first as Goodluck Babel? 😭 even on messenger notes and ig i type babel and the song was shown HAHAHA even here on YouTube i search Goodluck babel not until i look at the title accidentally 😢,@itsme_ariel,2025-05-27T16:43:34Z,0,-0.5052,Negative,Neutral
"It's still has a great beat, that's all that matters!",@JohnCroasdale-m9i,2024-12-15T23:21:37Z,0,0.6696,Positive,Positive
This is one of the best chorus' I've heard in years.,@ribenasquash,2025-03-31T09:03:16Z,0,0.6369,Positive,Positive
"First time hearing this song when driving, that ""I told you so"" almost got me into an accident! It stopped the world for a second! Such an amazing vocal!",@ghilmanfatih9751,2024-11-18T14:25:45Z,0,-0.2677,Negative,Positive
"Heard this on the radio and had to Google the lyrics! Didn't realize it was Chapelle, I'm still getting used to her voice.",@ororomunroe4055,2025-03-19T20:36:08Z,0,0.0,Neutral,Neutral
I knew I was old when I stopped hating new music and started calling them “catchy tunes”,@Yoshwayy,2025-01-31T15:09:30Z,0,-0.6369,Negative,Neutral
87 million views on a lyrics video. She is just on another level,@denniesingt,2025-03-14T15:58:53Z,0,0.0,Neutral,Positive
Her high pitch notes in this are exceptional and im not gay.,@samwilson9518,2025-01-17T20:51:47Z,0,0.0,Neutral,Positive
Such a beautiful rendition of this song. I love the translation. That way those who don't speak Spanish can under the beauty and deep meaning of it,@aceincense4309,2025-07-27T19:07:16Z,0,0.9169,Positive,Positive
Such tech overproducing ..... omg the song is great but when you need lyrics to deliver the song because you can't understand what's being sung..... very poor indeed. If these lyrics weren't on displayed I'd have no idea what she was trying to sing to me.....,@Kathleenherd488,2025-01-27T04:17:12Z,0,-0.704,Negative,Negative
The most annoying shit I ever heard,@dawncupo7041,2025-04-03T14:09:06Z,0,-0.7828,Negative,Negative
I love a good lyrics video :D this is magic,@crowpocalypse6472,2024-11-22T22:01:00Z,0,0.9029,Positive,Positive
I love this song so much such a Kate Bush 80s type of vibe. I wish the song itself would’ve won a Grammy but nonetheless I’m glad Chappell won for favorite new artist. But every year there’s a new artist. But this song was on repeat for me all of 2024 along with short n sweet album,@JasonHodges-w5r,2025-02-03T06:06:46Z,0,0.9746,Positive,Positive
I was just searching this song as l was reading a novel with a familiar story as the lyrics.l didn't Hearin had covered this song just 6 hours ago🙏😮,@FIONA-tq2co,2024-11-22T16:37:03Z,0,0.6486,Positive,Neutral
im straight 90s kid and this song is the real deal!!! the vibes!! the lyrics! it feels like a energy  song❤,@JaniceQH93,2024-11-21T23:32:36Z,0,0.8972,Positive,Positive
"I am so obsessed with this song, I can't stop playing this at the start of the morning to start my day, it's like a cup of coffee, very comforting, such a vibe. ☕",@LupineHumbleMediaGenius,2024-11-21T02:03:45Z,0,0.5496,Positive,Positive
"Chappell Roan's music is my jam, my peanut butter, and my jelly all rolled into one 🎶💕 #ChappellRoan #MusicIsLife #FanGirl #Obsessed #JammingOut #LoveHer #GenZVibes",@katoributler1932,2024-11-17T01:55:01Z,0,0.5574,Positive,Positive
