﻿comment,user_name,date,likes,compound,sentiment,sentimento_manual
She's got a song for almost every situation I swear! I enjoy artists who're able to be diverse and multi-facet when it comes to them being able to express themselves in their art in different ways.,@oceanspotions4401,2024-03-22T17:09:43Z,1098,0.5093,Positive,Positive
"The drums, the beat drop and the hype just makes you want to run through a wall, I never thought me, a grown straight man would have something in common with my niece",@tuiman5212,2024-05-17T19:09:21Z,898,0.0258,Neutral,Positive
This is giving me 2000s punk rock vibes. I love it,@MetalheadChristian,2024-06-08T19:42:25Z,793,0.765,Positive,Positive
this mv gives off 2000s-2010s vibes in the BEST way!!,@_muuni,2024-03-22T14:44:25Z,687,0.7592,Positive,Positive
The lyrics to this perfectly illustrate a condition called Retroactive Jealousy which is something we help people with,@retroactivejealousy-worldl1805,2024-03-25T21:00:19Z,146,0.7506,Positive,Positive
She’s such a good actress - she conveys emotion so well,@BronwynG,2024-05-03T03:20:07Z,118,0.685,Positive,Positive
She is the next POP Rock ICON!! What an amazing concept and catchy song for me.,@jcescolastico5299,2024-03-24T17:43:49Z,94,0.658,Positive,Positive
"1:00 im getting such strong ballad of monalisa vibes, love it🖤",@enny-vh6kq,2024-11-07T15:47:11Z,37,0.9136,Positive,Positive
"This video is genius, this song is so unique and I’m obsessed with her emo vibe! She’s giving young Winona Ryder in this",@lnicolek012,2024-04-28T05:16:17Z,31,0.2481,Positive,Positive
CAN YOU STOP MAKING RELATABLE SONG?????😭😭😭 I'M LITERALLY CRYING SO HARD ABOUT THE LYRICS OMG,@dyahrzvh7971,2024-03-22T21:07:01Z,27,-0.9671,Negative,Positive
"If there's one thing I love about Olivia's music videos it's the aesthetics. The costumes, ""rock"" songs, film filter etc that really sell these nostalgic, aesthetically appealing vibes I get. I don't know how to better explain it but just good job on everyone involved ❤",@victoria58,2024-03-27T05:00:45Z,24,0.9349,Positive,Positive
I love these Rock vibes that Olivia gives with every song more and more. And i live that she tells different stories many people can relate. Love this craziness! Loved the video and song❤,@adelinekhasanshina5040,2024-03-25T22:41:57Z,19,0.9412,Positive,Positive
This has such a 2000s music vibe,@cobeyss,2024-03-23T22:14:09Z,16,0.0,Neutral,Neutral
"This is just so damn good. I'm 40, and let me tell you, this is a strange emotion that only MOSTLY goes away after real, long term commitment 😂 It goes from obsession to awareness maybe? But the sashes are forever lmao",@Ashley-fj3hq,2024-06-09T02:04:18Z,10,0.781,Positive,Positive
Love her how she makes lyrics so relatable. ❤,@Paol-b6o,2024-03-26T00:55:51Z,7,0.8646,Positive,Positive
"Insane 2003 MTV Pop-Punk vibes both the video and the song, absolutely fucking love it",@Fanc-E-Kitten,2024-06-24T23:47:33Z,6,0.4716,Positive,Positive
Love these rock vibes,@elenac.1613,2024-03-25T13:41:44Z,5,0.6369,Positive,Positive
She’s giving Wednesday vibes,@theatv1683,2024-03-25T03:49:05Z,5,0.34,Positive,Neutral
Can you make another music like drivers licence and traitor vibes again?,@Neko-wz9yr,2024-03-26T01:45:44Z,5,0.3612,Positive,Neutral
this songs such a vibe,@leighris-bowen6785,2025-06-20T23:04:23Z,5,0.0,Neutral,Positive
This song is a vibe,@Legend_ozzyosbourne,2024-06-06T22:32:43Z,4,0.0,Neutral,Positive
"YOURE LITERALLY IN MY HEAD... THE LYRICS...THE ENERGY, THE CRAZE...THE INSANITY",@shawnfarrell9979,2024-04-16T23:18:39Z,4,-0.3818,Negative,Positive
This song is such a vibeee✨️✨️,@imgiaaaa,2024-05-21T11:43:03Z,4,0.0,Neutral,Positive
Olivia is a vibe trust me,@Lomika7,2024-03-30T12:01:01Z,4,0.5106,Positive,Positive
"coming back to this music video, #THATGIRL could never beat olivia rodrigo.",@livshopeurok,2024-06-07T00:48:50Z,3,0.0,Neutral,Neutral
Tryna listen for Chappell’s backing vocals!!!,@meghansullivan6812,2024-08-17T17:24:35Z,3,0.2444,Positive,Positive
Olivia always beats it!!❤‍🔥,@minioex,2024-03-24T11:50:48Z,3,-0.4559,Negative,Positive
Olivia is giving gay vibes with this one,@Trumpetkweezer,2025-01-24T05:18:41Z,3,0.34,Positive,Neutral
Omg Olivia so much emotions you are so talented and incredible❤,@Sharealotharms,2024-11-03T17:15:11Z,3,0.8664,Positive,Positive
Good vibes!,@williambreeze2659,2024-04-01T00:22:09Z,3,0.4926,Positive,Positive
The overflow of emotion that's always present in Rodrigo's song👍👍👍,@MosesLydia,2024-03-24T14:35:33Z,3,0.0,Neutral,Positive
"I love Olivia and I love this fricking song,even if you don't relate to the lyrics,you can easily feel the frustation and the insecurity, It happens the same with most of Olivia's songs, that's why I love her music ❤",@lucky-bunnx,2024-03-22T21:20:54Z,3,0.9545,Positive,Positive
"I can definitely relate to her lyrics and now i certaintly feel its ok to feel this, fck.",@kathydennings3090,2024-05-26T06:24:11Z,2,0.5994,Positive,Positive
What a beautiful funny song. Every emotion is so clearly worded. Supppppeeeerrrrbbbb❤❤❤❤❤❤,@shishirshirole,2024-07-04T09:20:00Z,2,0.9895,Positive,Positive
❤ love the relatability of her lyrics,@emina593,2024-04-07T18:37:38Z,2,0.8555,Positive,Positive
Love the rock vibes!!,@lmcb8447,2024-06-20T03:05:00Z,2,0.6988,Positive,Positive
The main chorus kinda sounds like telephone by Lady Gaga and Beyonce.... Just me???,@marnie6193,2024-04-23T14:08:37Z,2,0.414,Positive,Neutral
I’m so obsessed with your exe so catchy right,@MauraGomez-vg9wd,2024-03-24T18:04:27Z,2,-0.2484,Negative,Positive
i love this music video!! like i wish “get him back” had a similar vibe,@kibumisnotamused,2024-03-26T12:26:06Z,2,0.8745,Positive,Positive
This song is annoying,@leechgamingYT,2024-04-28T18:31:11Z,2,-0.4019,Negative,Negative
I’m only here for the Alt/Rock vibes.,@MrNashey1,2024-03-29T04:53:12Z,2,0.0,Neutral,Neutral
The moves makes me emotional,@FredrickEchengu,2024-06-11T09:50:19Z,2,0.1531,Positive,Neutral
God damn whatever guy has all these girls as his exes must be the most attractive dude in the universe,@cj5564,2024-03-30T01:00:06Z,2,0.3804,Positive,Neutral
She did it again. Olivia somehow managed to be more generic than Taylor Swift. She carefully handpicked another one of the most generic situations in life and is pretending she wrote and filmed a masterpiece. The delusion is beyond. And the people who likes her music are the most basic I ever witnessed in my lifetime. That's impressive. What a load of shit.,@cedricqw,2024-03-22T15:43:27Z,2,0.8519,Positive,Negative
It's giving me Avril Lavigne vibes❤❤ love it❤️,@cha-2248,2024-03-27T07:32:30Z,2,0.9432,Positive,Positive
This gives me 90’s Garbage and Courtney Love vibes. ❤,@juvdeguzman6388,2024-03-29T16:33:43Z,2,0.8555,Positive,Positive
The classical rocker vibe we love ❤,@janellerod4865,2024-03-22T14:40:42Z,2,0.8555,Positive,Positive
I feel this Lyrics so much (unfortunately) 🥲,@christinemeyer5470,2024-04-08T17:04:43Z,2,-0.3976,Negative,Neutral
The most emotional yet beautiful song on Olivias channel,@transparentYT,2024-04-21T16:25:03Z,2,0.7233,Positive,Positive
"When her music is good, it's really good but too bad when it's bad, it's some of the worst out there like this song. This song is so cringe in every way possible",@losbebeast8449,2024-05-24T22:37:24Z,2,-0.8969,Negative,Negative
"This is very Michelle Branch, the music video is giving me Whip IT (2009) vibes and I’m here for it",@queenb7013,2024-03-22T19:03:02Z,2,0.34,Positive,Positive
"..the life of every fucking party. I've got issues.....  Hahahaaaa!!!!😂❤🎉🎉 LUV this song & others. Esp. when idoL #oliviarodrigo cusses swears.. so real. Like most of us do. HahaHaaa!!!!! LUV this song, video, lyrics.. & many of her songs. Our #philippines' #princess ❤️ 😊 🥰 🎉💜 💜💜",@m.francisco7205,2024-12-08T02:35:13Z,2,0.9937,Positive,Positive
Chaotic and emotionally raw. I love it.,@LentilSoupGirl,2024-03-22T17:39:56Z,2,0.25,Positive,Positive
Ewwwww the lyrics are soo cheap,@ms_jkieetessa,2024-03-24T10:40:27Z,2,0.0,Neutral,Negative
"The best song I've ever heard in my entire life, nothing beats this song.",@Nxzxmii-vd5kd,2025-06-07T20:51:32Z,2,0.6369,Positive,Positive
"Hi Olivia, not sure if youll see this but I heard Fefe Dobson's Shut up and Kiss me and I can hear you singing it. It has the same vibe with some of your songs.",@tripsome2153,2024-06-25T08:12:52Z,2,0.4971,Positive,Neutral
1:26 im obsessed with the way she blows the kiss so annoyingly but kindly at the same time ❤😘,@summerrrrr8399,2024-03-24T11:29:59Z,2,0.9497,Positive,Neutral
Finding this now has been a GIFT! This is a vibe. The vibe. 🔥🔥🔥,@ashb512,2024-08-28T15:40:09Z,2,-0.4327,Negative,Positive
"Catchy, witty, sexy, kinda heavy......I'm impressed",@jamknight,2025-06-02T14:12:50Z,2,0.7369,Positive,Positive
i dont see how everyone else isnt cringing at the lyrics.,@__keys,2024-03-27T22:40:07Z,1,0.0,Neutral,Negative
She reminds me of Em Behold and a 2000's favorite called Poe. She has the same style as EB but a lower tone in singing when doing serious lyrics just like Poe.,@azonak,2024-04-20T05:50:49Z,1,0.25,Positive,Neutral
She is the next POP Rock ICON!! What an amazing concept and catchy song for me.,@CatherineRogers-t2i,2024-03-26T15:00:20Z,1,0.658,Positive,Positive
OMG I AM LOVE IT GIVES OFF BRUTAL VIBES!!!!!!!!!,@Lele_685,2024-03-23T17:06:43Z,1,0.3111,Positive,Positive
"That first half of the chorus, what does it remind me of?",@SuperStarr817,2024-03-23T06:38:33Z,1,0.0,Neutral,Neutral
worst music in the world trash music,@HENRI_GAMEX,2024-10-14T12:55:16Z,1,-0.6249,Negative,Negative
"In addition to all of the other amazing qualities, performance, aesthetic, voice, look, smarts,  Imma jus gonna say that Livvy might be the greatest poprock songwriter of ALL TIME. These lyrics are profound poetry, every damn song. Especially this one!",@kevrmoore,2024-03-29T22:59:30Z,1,0.8478,Positive,Positive
WHY IS THIS SO NOSTALGIC NOW..,@MarPostsAnything,2025-01-04T17:01:08Z,1,0.0,Neutral,Neutral
Olivia can you please please please🙏 make a song about me i love u so much my name is harmony love u olivia your the best and im so obsessed with u   i listen to your songs every day love u liv love u liv your the best,@SilvestreGalicia-rq8ro,2024-03-25T00:31:25Z,1,0.9868,Positive,Positive
Cleaning up the mess the exes made with a vacuum in the end is such a vibe😂,@Amadeadraws,2024-03-25T17:40:25Z,1,0.1027,Positive,Positive
I'm so obsessed with it I love it it's giving me rock Vibes I I can't stop listening to it❤❤❤❤❤❤❤❤❤❤❤❤❤❤❤❤❤❤❤❤❤❤❤❤❤❤❤❤❤❤❤❤❤❤❤❤❤❤❤❤❤❤❤❤❤❤❤❤❤❤❤❤❤❤❤❤❤❤❤❤❤❤❤❤❤❤❤❤❤❤❤❤❤❤❤❤❤❤❤❤❤❤❤❤❤❤❤❤❤❤❤❤❤❤❤❤❤❤❤❤❤❤❤❤❤❤❤❤❤❤❤❤❤❤❤❤❤❤❤❤❤❤❤❤❤❤❤❤❤❤❤❤❤❤❤❤❤❤❤❤❤❤❤❤❤❤❤❤❤❤❤❤❤❤❤❤❤❤❤❤❤❤❤❤❤❤❤❤❤❤❤❤❤❤❤❤❤❤❤❤❤❤❤❤❤❤❤❤❤❤❤❤❤❤❤❤❤❤❤❤❤❤❤❤❤❤❤❤❤❤❤❤❤❤❤❤❤❤❤❤❤❤❤❤❤❤❤❤❤❤❤❤❤❤❤❤❤❤❤❤❤❤❤❤❤❤❤❤❤❤❤❤❤❤❤❤❤❤❤❤❤❤❤❤❤❤❤❤❤❤❤❤❤❤❤❤❤❤❤❤❤❤❤❤❤❤❤❤❤❤❤❤❤❤❤❤❤❤❤❤❤❤❤❤❤❤❤❤❤❤❤❤❤❤❤❤❤❤❤❤❤❤❤❤❤❤❤❤❤❤❤❤❤❤❤❤❤❤❤❤❤❤❤❤❤❤❤❤❤❤❤❤❤❤❤❤❤❤❤❤❤❤❤❤❤❤❤❤❤❤❤❤❤❤❤❤❤❤❤❤❤❤❤❤❤❤❤❤❤❤❤❤❤❤❤❤❤❤❤❤❤❤❤❤❤❤❤❤❤,@wearesiblingsforever6510,2024-06-27T15:06:13Z,1,1.0,Positive,Positive
WHO SAID I CANT WEAR MY CONVERSE WITH MY DRESS-,@Rætss,2024-03-31T01:21:35Z,1,0.0,Neutral,Positive
legendary lyrics,@SpeedDriveDoItAgain,2024-07-20T08:33:11Z,1,0.0,Neutral,Positive
"Damn, I feel seen. I remember dating a dude, and even though we were together, I was obsessed with his ex because I was afraid she would come back and take him away. It's a terrible feeling. It comes from insecurity and low self-esteem but is real and painful. I would put on red lipstick; sometimes, my face would morph into hers in the mirror. I am no longer with that dude, and I am finally working on myself, and I overcame her. This song feels like she wrote it for me. I know it's not true, but it feels good to TRULY relate to her lyrics and music.",@chocobunny9868,2024-03-24T06:06:35Z,1,-0.2613,Negative,Positive
Tone like telephone by lady Gaga 🤔✌️,@rowellovercatacutanatics5350,2024-08-23T03:35:44Z,1,0.3612,Positive,Neutral
Fãs do Justin Bieber e Selena Gomez tão nessa vibe,@Sofiacunha005,2024-03-23T17:44:39Z,1,0.0,Neutral,Neutral
Good vibes to start a new year! SO MUCH PUNK! WOW!! NEVER EXPECTED THIS!!!,@aigenerated_.videosvk,2024-03-26T14:23:06Z,1,0.8891,Positive,Positive
"Love this song….. the concept, the vocal performance, the instrumentation, the production. On Point",@GerbsCE,2024-04-02T15:11:18Z,1,0.6369,Positive,Positive
Why did it give vibes like deja vu but karma hits version...??!,@akshatanaik5275,2024-11-02T12:25:46Z,1,0.3404,Positive,Neutral
Uma vibe 2010's,@Julia-sb3xz,2024-03-27T00:39:50Z,1,0.0,Neutral,Neutral
Giving jealousy jealousy and brutal vibes I love it!!,@RAWRDINOSAWRZ,2024-03-29T02:04:35Z,1,-0.3987,Negative,Positive
I keep listing to you it feels like iam so obessed with olivias vocals,@Christina-y5s,2025-08-06T19:18:51Z,1,0.3612,Positive,Neutral
worst song so far,@jessamoratalla8412,2024-04-02T13:57:05Z,1,-0.6249,Negative,Negative
damn!!! some of the lyrics really hit me hard,@karyllemaecaldera4627,2024-03-24T08:35:36Z,1,-0.6416,Negative,Positive
Love the vibes,@Pernellechevalier,2024-03-22T15:20:56Z,1,0.6369,Positive,Positive
0:26 the prechorus always gets me so hype,@jabison05,2024-04-19T15:07:47Z,1,0.0,Neutral,Positive
did anyone else know that chappell roan was background vocals for this song?,@aaliyahlexis,2024-09-16T07:09:11Z,1,0.0,Neutral,Neutral
Never miss a beat left no crumbs amazing I loveeee,@ellep9868,2024-03-23T01:55:48Z,1,-0.5897,Negative,Positive
"I loved the instrumentation of the chorus, just perfect ❤",@XiePepper,2024-03-23T05:21:56Z,1,0.9153,Positive,Positive
I love Olivia but the bangs does not give the vibe,@stephenbailey8566,2024-04-11T22:55:54Z,1,0.3818,Positive,Neutral
This song reminds me of early 80s punk when I was in high school. Makes me feel nostalgic❤,@thefrenchatelier1977,2024-12-16T21:49:48Z,1,0.6369,Positive,Positive
😮I’m SO OBSESSED with this song 🎶!! TOTAL jam song! Lyrics PERFECT!! 👏👏 Releasing these 5 songs now in the middle of her tour just proves AGAIN how much Olivia loves her fans! 💜💜OR,@zatotom,2024-03-22T19:30:00Z,1,0.8867,Positive,Positive
Its giving summer vibes,@ryanleclaire3948,2024-06-03T09:09:36Z,1,0.34,Positive,Positive
I first heard this song on my record side b and learned all the lyrics,@Lydia-b4u,2024-03-23T01:13:32Z,1,0.0,Neutral,Positive
Omg I love the video and the hard work you put into the lyrics ❤❤❤❤,@4ngel_kid,2024-03-23T01:49:14Z,1,0.9705,Positive,Positive
This song came out at the wrong time and failed miserably. It should be released on the next album is better because it is a very catchy and unique song 😢😢,@cáibát5.0,2024-06-12T17:31:16Z,1,-0.9153,Negative,Negative
"The lyrics may be cringe and immoral, but this song is an absolute banger!",@levistepanian5341,2024-04-27T18:29:42Z,1,-0.3164,Negative,Neutral
She pictured those emotions so real...,@realDandelion,2024-05-08T18:42:38Z,1,0.0,Neutral,Positive
2000s vibes are strong,@noahg5779,2024-03-23T05:05:32Z,1,0.5106,Positive,Neutral
The chorus sounds like TELEPHONE by LADY GAGA ft BEYONCE,@wilesly,2024-03-22T17:25:45Z,1,0.3612,Positive,Neutral
Kind of getting biff naked vibe as inspiration,@mikegaudet7891,2024-03-26T03:40:48Z,1,0.5267,Positive,Neutral
Does anyone else get an Avril Lavigne Sk8er boy PunkPop vibe??,@TimNevo-dk,2024-12-29T14:39:49Z,1,0.0,Neutral,Neutral
OK BUT DID YOU KNOW CHAPPEL ROAN IS IN THE BACKGROUND VOCALS OF THIS SONG 🎉❤ WE LOVE OLIVIA FOR QUEER REPRESENTATION,@indigobloomseverywhere,2024-07-10T01:37:39Z,1,0.9648,Positive,Positive
"This sound so familiar, especially pre chorus. Did she sampled the music?",@tinacris8610,2024-09-27T20:19:38Z,1,0.0,Neutral,Neutral
I can’t be the only one who thinks she’s attractive but annoying,@damianlee6957,2024-08-25T15:38:47Z,1,-0.3818,Negative,Neutral
Chorus melody is giving Lady gagas telephone,@stars1563,2024-03-23T18:51:21Z,1,0.34,Positive,Neutral
Catchy,@TrevorsRoom,2024-04-20T01:53:55Z,1,0.0,Neutral,Positive
Eu amo a vibe que Olivia Rodrigo transmite em suas músicas é tão surreal serio eu amei essa música parabéns garota arrasou mais uma vez❤,@Nah2023-nhu,2024-03-26T03:06:20Z,1,0.6369,Positive,Positive
wait why did she chnage teh lyrics to is she good in bed when its supposed to be does she give good head,@HunterAnderson-wo7gt,2024-03-23T19:21:36Z,1,0.7003,Positive,Negative
Great composition!,@Irfan_Ali_24,2024-04-17T16:57:57Z,1,0.6588,Positive,Positive
I am staring at her like i wanna get hurt😭 and she even speaks kindly about me...those lyrics are on point😭😭,@Shanutheeilishoconnel,2025-01-09T11:13:12Z,1,-0.7906,Negative,Positive
real ones know the lyrics from spotify podcasts🫶😭,@micky2cool4u,2024-03-22T16:58:35Z,1,-0.4767,Negative,Positive
Obsession and jealousy are toxic poisonous emotions… This is really bad music for young girls 👎👎👎👎👎👎,@jamesibz,2024-03-27T13:40:14Z,1,-0.9041,Negative,Negative
Bro this gives (no doubt) vibes please do a full rock album,@Speciesinc,2024-03-25T08:00:56Z,1,-0.0516,Negative,Positive
If she could keep up the alternative vibe that would be amazing.,@jenhoward5930,2024-03-28T02:53:44Z,1,0.5859,Positive,Neutral
Just watched Olivia Rodrigo's 'obsessed' Official Music Video - the visuals and storytelling perfectly capture the emotion behind the song.,@Weight-Loss..,2024-04-24T11:50:26Z,1,0.5423,Positive,Positive
Olivia with her new look gave me María Becerra vibes,@Dreaa-777,2024-07-22T20:57:25Z,1,0.0,Neutral,Neutral
I started head banging to the chorus with my hair in my face and then saw another sash so I remembered I came here to actually watch the video LMFAOOOOOO,@kayla.pimentel,2024-03-23T04:39:31Z,1,0.0,Neutral,Positive
i love how angry and emotional olivia is <3,@starrysky-pie,2024-11-20T06:25:47Z,1,0.6597,Positive,Positive
This gives serious Garbage vibes. I am 100% for it. ❤,@02ujtb00626,2024-04-01T05:16:29Z,1,0.5994,Positive,Positive
Waiting for the day Olivia dumps these awful guys and go on date their exes...,@andreiadeia1353,2024-03-22T22:24:12Z,1,-0.6908,Negative,Negative
Facts or true?...this song is catchy and this visual is very intriguing especially with fact that this shows a lot of vulnerability,@TheAlkebulanTrust,2025-02-04T20:48:00Z,1,-0.2263,Negative,Positive
Demi vibes too,@sailormoon9510,2024-03-24T14:18:29Z,1,0.0,Neutral,Neutral
did you guys know that Chappell Roan sing as background vocal in this song?,@5iz0,2024-11-26T14:51:33Z,1,0.0,Neutral,Neutral
When ur laying on the floor it was giving Lydia’s hair from Beatle juice 💀🤣,@SophiaSanta-f1u,2024-10-10T06:53:11Z,1,0.6808,Positive,Neutral
Could be the worst song in the world hands down.,@eastcoasttairua,2024-04-28T03:02:56Z,1,-0.6249,Negative,Negative
"Daqui uns tempos Olivia Rodrigo, vai virar modinha ❤ TOMARA.🩵🫰",@Cereja.19,2024-03-23T00:03:11Z,1,0.6369,Positive,Positive
honestly like her voice and tone but when will she make happy music? I dont listen to her songs as often as I used to bec it drags me into a hateful state of mind,@asdgfhjkl9017,2024-03-27T15:48:58Z,1,0.3506,Positive,Negative
The vibe is vibing,@JillBrown-vy3fz,2024-12-26T20:47:43Z,1,0.0,Neutral,Positive
this mv gives off 2000s-2010s vibes in the BEST way!!,@DonSmith-k6l,2024-03-22T20:42:13Z,1,0.7592,Positive,Positive
Putting this out into the universe. I will make a song with Olivia some day soon and it will help change the world. Mark my words. God bless everyone 🍀,@clovercage,2024-03-22T18:58:24Z,1,0.765,Positive,Positive
The guitar sounds so bland. Generic rock song…. 😮‍💨,@thereportoftheweek787,2024-03-23T19:28:56Z,1,0.0,Neutral,Negative
not rlly an olivia stan but this song of hers reminds me of avril lavigne's and paramore's songs. she got the very angsty teen vibe down.,@iheartart0827,2025-06-05T01:01:52Z,1,0.0,Neutral,Neutral
i just am alwys amazed by how good her lyrics are,@lenaduhh,2024-03-22T17:31:41Z,1,0.7269,Positive,Positive
The worst song I've ever heard in my entire life,@Uoomy,2024-05-24T19:35:04Z,1,-0.6249,Negative,Negative
This give me deja vu vibes,@Nickii_8,2024-03-24T20:15:09Z,1,0.0,Neutral,Neutral
Great song!!! Early 2000s punk vibe,@volatilitydisc,2024-03-22T17:22:21Z,1,0.7163,Positive,Positive
"Also, Taylor swift is good but you bring out all my emotions and you are just like me.",@ChristyBedford,2024-05-13T22:14:58Z,0,0.6808,Positive,Positive
She is sooooooooo stunning I literally know all the lyrics of both her albums and I even know the comeback song and All I Want and now that she came out with this song I need to know their lyrics as well I love her so much my favorite color also that’s why I love her music she’s so beautiful and sweet and funny I rly want to her at her concert but unfortunately I can’t but I still love her. I 💜 YOU OLIVIA 💜💜💜💜💜💜💜💜💜💜🤍🤍🤍🤍🤍🤍🤍🤍🖤🖤🖤🖤🖤🖤🖤🖤🖤🖤✨✨✨✨,@Magic_Butterfly-,2024-03-31T18:13:35Z,0,0.9994,Positive,Positive
"The chorus sounds like Lindsay Lohan in Freaky Friday, 2003.  Who knew Lindsay was ahead of her time by 20 years!",@TheKShaneT,2024-04-06T00:29:06Z,0,0.0,Neutral,Neutral
"""Such a song hasn't been around for years. Old school vibe. I like it.""",@rolfingerbier,2024-04-28T01:08:38Z,0,0.3612,Positive,Positive
i mostly listen to hard stuff but the vocals here fucking *cooked*,@meowieuwu-u8d,2025-03-05T18:40:43Z,0,-0.0516,Negative,Positive
Some 90s vibes,@paumillas9834,2024-03-26T11:29:36Z,0,0.0,Neutral,Neutral
2:09 do u guys hear voices behind the vocals? i do i’m so confused but i only hear it in the bridge,@AGwashere_13112,2024-04-13T15:38:42Z,0,-0.249,Negative,Positive
Isnt she straight?? And with Louis?? This lyrics sound a little like she is lesbian or smth ( Im not judging I love her music ),@s.0.s.s.z.a,2024-03-30T17:37:31Z,0,-0.5841,Negative,Negative
PURRR IMA HAVE TOO PUT THIS ONE REPEAT FOR 44 TIMES TO KNOW LYRICS 😍😍😍💅💅💅💜💜,@alegarcia2005-june,2024-03-28T13:48:53Z,0,0.9545,Positive,Positive
Why for a second did it give me I want you vibes not from the video but just gave me those vibes I don’t know how to explain it….,@Am_12211,2024-03-25T04:16:50Z,0,0.0387,Neutral,Neutral
Give the vibes of reputation era and Wednesday movie🤟🏼,@gayaratzabi3547,2024-03-24T10:11:31Z,0,0.0,Neutral,Neutral
Its only me or olivia give us paramore vibes?,@_Wahyu,2024-04-04T08:28:40Z,0,0.0,Neutral,Neutral
This gives me Yellowjackets vibes,@natw.737,2024-03-23T22:53:30Z,0,0.0,Neutral,Positive
"This is just Telephone no? I'm sorry... I love Olivia, but yeah. Glad to see the beat come back though.",@MyGirlAcademiaMVP-ok,2025-05-08T07:13:36Z,0,0.85,Positive,Neutral
demi lovato camp rock vibes? anyone??,@olbiey,2024-03-23T12:47:12Z,0,0.0,Neutral,Neutral
It’s giving wensday vibes 0:49 0:56,@Water_fairy200,2024-03-25T05:56:04Z,0,0.34,Positive,Neutral
"Very generic ngl, the molody I’ve heard so many times, it’s not creative.",@austynspradling6186,2024-04-04T22:44:38Z,0,-0.3412,Negative,Negative
This is giving me major industrial vibes like NIN,@codkast2154,2024-03-29T07:04:00Z,0,0.6326,Positive,Positive
very catchy,@ethanandersonsongwriterame7403,2024-03-28T22:49:47Z,0,0.0,Neutral,Positive
Anyone know the chords on ukulele?,@HeyItsMeRunic,2024-05-08T11:55:30Z,0,0.0,Neutral,Neutral
This is giving off St Vincent vibes,@CHILLknowsfootball,2024-09-07T22:01:31Z,0,0.34,Positive,Neutral
Catchy but not a good song,@asjamuir5534,2024-03-23T21:43:45Z,0,-0.4782,Negative,Neutral
Chorus reminds me of telephone by lady Gaga,@Grid.GirlUnleashed,2024-03-27T04:02:57Z,0,0.0,Neutral,Positive
The worst part is when they have more than one:,@NataliaMoon29,2024-03-31T09:36:23Z,0,-0.6249,Negative,Negative
Demi and 90er vibe god i love her ❤,@sailormoon9510,2024-03-23T08:11:05Z,0,0.8885,Positive,Positive
this has been stuck in my head! it’s giving revenge and baddie vibes and I’m here for it 💜,@thepixels-5681,2024-03-23T13:43:45Z,0,0.3595,Positive,Positive
"need this version on streaming soooo BAD. the original mix is great by my god her live vocals are absolutely breathtaking. this version is also at a slightly lower pitch i believe which makes it sound so much more deep and personal. truly hits me right in my core and makes me want to belt at the top of my lungs. i love love love love this performance it’s phenomenal. she deserves all the success that’s coming her way, what a star !!",@prettylittlebirds,2024-04-18T16:03:38Z,0,0.9858,Positive,Positive
Maomao in different universe 😅😘,@sunsunnoona6040,2024-03-27T12:43:48Z,0,0.6486,Positive,Neutral
"The crazy thing is HER AGE! She is so talented at such a young age. I'm only 19, and the best I sound is like nails on a frickin chalkboard. I respect her and look up to her. She is my idol and I love her music so much. I can relate a lot to her songs and I just get emotional. Awesome hit she has here. Keep going Olivia!",@ben-neon19,2024-03-23T02:00:19Z,0,0.9732,Positive,Positive
Can we appreciate how of her videos are standard screen vs wide screen? really sets a vibe.,@JasonElise1983,2024-04-19T17:43:06Z,0,0.4019,Positive,Positive
This is so corny. Y’all needa grow up. Obsessing over other ppls exes? Talk about emotionally immature,@DavionSpriggs,2024-08-11T22:05:59Z,0,-0.34,Negative,Negative
Not gonna lie Rucka did the vocals better but this is still good,@AmazingRebel23,2024-07-22T05:53:13Z,0,0.7003,Positive,Neutral
Im all that standing up on stone im just chilling on my settee 🤔🇬🇧👽🇬🇧😊,@thomasdelaney1207,2024-04-07T04:11:38Z,0,0.7096,Positive,Positive
"This is the teenage dirtbag y2k vibes, i love it",@Kowareta007,2024-05-12T02:10:25Z,0,0.6369,Positive,Positive
Why did she change the lyrics from great head to good in bead?,@Thetvaccount.lurg9yf9yfiyx,2024-03-24T02:47:54Z,0,0.7906,Positive,Negative
Paramour vibes,@bestcity0979,2024-03-25T04:43:07Z,0,0.0,Neutral,Positive
this one gave me Robin Sparkles dark era vibes,@florenciapizarro89,2024-03-25T17:46:22Z,0,0.3182,Positive,Positive
"how come every song of her is so GenZ and relatetable? must admit I went through every emotion in all her songs from brutal to every Ameriacan bitch, even bad idea right and now this =))) she is so real and not even try to act cool men =)))",@DuyenTran-xw7sr,2024-05-05T16:41:02Z,0,-0.8519,Negative,Neutral
Anyone else thinks the chorus sounds just like Lady Gaga : Telephone,@scottybricks1060,2024-03-27T22:46:11Z,0,0.3612,Positive,Neutral
Niravana vibes 🔥,@rooseveltcastillo1748,2024-03-23T20:43:13Z,0,-0.34,Negative,Positive
im a huge livvie but this songs kinda mid im sorry. i love the chorus a lot but the rest of the songs kinda mehh,@amelia-h9w,2024-03-23T04:44:24Z,0,0.8124,Positive,Neutral
"the gated effect on the ""ahh"" in the chorus is so cool",@hindenburgerhelper14,2024-03-22T18:36:15Z,0,0.4572,Positive,Positive
"Wow if this song doesn’t speak volumes ! Very catchy , highly addictive & way WAY factual in the lyrics….",@Gree187,2024-05-10T11:32:56Z,0,0.6239,Positive,Positive
"Chorus ruins the whole song, which was amazingly good.",@deleyderismynamer,2024-03-22T18:20:00Z,0,0.0754,Positive,Neutral
i like the lyrics but not the execution,@Watt_1200,2024-03-22T21:22:56Z,0,0.1901,Positive,Neutral
"I feel emotionally assaulted, please pay for my therapy Jojo Siwa",@corndog1111,2024-07-25T00:04:33Z,0,-0.3612,Negative,Negative
Her lyrics ❤❤,@Christina-y5s,2025-07-28T20:22:15Z,0,0.8555,Positive,Positive
"Best lyrics since, ""I wanna rock"", by Twisted Sister",@V.Z.69,2024-03-22T23:11:54Z,0,0.6369,Positive,Positive
Real ones alr know the lyrics 😭😭,@mettycandy,2024-03-22T16:50:02Z,0,-0.7351,Negative,Neutral
It gives 2000s movies vibes sm,@moonlightedits3132,2024-03-22T16:48:32Z,0,0.0,Neutral,Neutral
The song is so catchy ❤❤❤,@sailormoon9510,2024-03-24T17:40:35Z,0,0.9308,Positive,Positive
Retroactive jealousy. My worst enemy fr,@frostedcherrikookie1848,2024-03-22T16:43:31Z,0,-0.872,Negative,Negative
"This is February 2025 & OBSESSED by OLIVIA RODRIGO continues to be exceedingly emotional, exceptionally eccentric, extremely explosive, enormously exciting, and exquisitely engaging. Her singing is singularly sentimental, spellbinding, superb and simply spectacular. ❤❤❤❤❤❤",@kesharisuthar3268,2024-12-09T17:32:31Z,0,0.9898,Positive,Positive
"A catchy song as always, Queen Olivia! 👑💜",@ivykistler2078,2024-03-22T16:16:15Z,0,0.6696,Positive,Positive
"If you're not obsessed with the lyrics, the metaphors or the bangs, youre not me.",@MarzMidnite,2024-03-28T02:16:30Z,0,0.1326,Positive,Negative
Omg now Ik all the lyrics!!!❤❤❤,@SelenaPOVS,2024-03-22T20:24:28Z,0,0.938,Positive,Positive
There is a woman that feels this way currently about me and she's terrible so it's not the worst thing,@Curiouswhatever,2024-03-24T07:36:12Z,0,0.05,Neutral,Negative
This is all about insecurities ...I've never felt this way ..I've never been jelly of my guys exes...I'm glad cuz it sounds way too deep for me...brush Dat shit off....there's no point in obsessing over someone who doesn't matter to your partner anymore ..b glad you have him and leave it at that..confidence is gold,@bran3eyedraven840,2024-05-18T09:30:55Z,0,-0.6456,Negative,Negative
This is giving brutal vibes,@noworries838,2024-03-23T16:56:05Z,0,-0.4019,Negative,Negative
The chorus gives me Weezer vibes.,@mac_c,2024-04-11T16:41:47Z,0,0.0,Neutral,Positive
how is she a singer? with that tone and performance,@thuraynsann7977,2024-03-22T18:24:11Z,0,0.0,Neutral,Negative
"The song and lyrics are so high school, its time for her to realize she's an adult, but i gotta say this video is pure art, absolutely beautiful",@angelevangelista9762,2024-03-22T16:49:14Z,0,0.7776,Positive,Neutral
It's the good MTV vibes for me,@palabrasabrazos,2024-03-27T11:50:58Z,0,0.4404,Positive,Positive
Sounds like rock-ish with a pop chorus,@hrr597,2024-04-20T22:39:28Z,0,0.3612,Positive,Neutral
i LOVEEE her avril lavigne/hayley williams vibes don't get me wrong but i hate the toxic gf character she plays in some of her songs like it is so unlikable to me idk,@luz-ew4ql,2024-03-26T22:38:59Z,0,-0.0317,Neutral,Neutral
"it has the ""Bullet with a butterfly wings"" vibe.",@kamotetopz6776,2024-04-02T22:18:33Z,0,0.0,Neutral,Positive
"I LOVE this video!! The concept, the sashes, Liv screaming and jumping during the chorus, it’s actually perfect ❤",@mia.dx2,2024-03-22T21:50:10Z,0,0.9156,Positive,Positive
The chorus vocals sounded like disorted Withered chica’s voice from fnaf UCN 😭😭,@marekadamovsky2738,2024-05-19T18:26:10Z,0,-0.5719,Negative,Negative
Feels 2012 vibes kinda,@judithgurrola1,2024-03-25T04:51:25Z,0,0.0,Neutral,Neutral
The bangs look awful,@murk959,2024-05-11T20:04:06Z,0,-0.4588,Negative,Negative
She's copying the rhythm of Muse. Time is running out.,@irineovelasquez1964,2024-05-31T18:24:11Z,0,0.0,Neutral,Negative
"U know I wanna tell u like somany times but I held it up to my self but they are making me say it, you know church is million and billions of times the psychology therapy true they just loop around on the same emotions. Finally have to say it now",@HumbleThanks-fl8ry,2024-05-18T14:27:30Z,0,0.6652,Positive,Negative
Im sorry but I’m hearing telephone from lady Gaga in the chorus 1:42,@Kahii-vj5tc,2024-05-24T23:56:52Z,0,-0.0387,Neutral,Neutral
is anyone else getting gay vibes from this song???????????????????,@s.tudydudes571,2024-03-23T05:36:04Z,0,0.0,Neutral,Neutral
Her lyrics is germaitc wow olovia rodrigo shes talented,@Christina-y5s,2025-08-01T22:47:03Z,0,0.7964,Positive,Neutral
The cinematography and vibes of the actors/the entire video reminds me of the music video for “I’m not okay” by MCR 🤔 so good!! Loving this bop also 🥹🤩,@SarahRigsby,2024-03-30T02:03:49Z,0,0.8592,Positive,Positive
Avril Lavigne vibes anyone?,@amritakhoshall1481,2024-07-14T18:21:36Z,0,0.0,Neutral,Positive
Cute. Got a cherry vibe.,@georgearroyo6511,2024-03-23T21:43:43Z,0,0.4588,Positive,Positive
Man this would sound so good if the lyrics and point of the song was different 😭,@batpupp,2024-06-17T22:58:45Z,0,0.1633,Positive,Negative
"What the heck is this, the lyrics has no sense. Literally she's saying that he already forgot his ex and he is in love with her now...",@Readyuv,2024-03-23T20:51:57Z,0,0.4588,Positive,Negative
It gives me Alanis Morrisette vibes and I love it 💕,@jessrose918,2024-05-21T17:10:09Z,0,0.8591,Positive,Positive
The worst song she ever made,@EstherV-x1o,2024-03-25T09:36:31Z,0,-0.6249,Negative,Negative
"You listen and wonder why you experience suicidal emotions.  Every sin is on display, pride, envy, covetness...you are what you eat. Take care kids",@TimMayer920,2024-08-12T22:53:23Z,0,-0.6808,Negative,Negative
"Baby, I’m so obsessed with you too, Olivia I took one of the lyrics from her song, lol",@takiyahB-d4s,2024-03-26T19:00:28Z,0,0.1428,Positive,Neutral
You can hear the chorus in telephone in this part 1:42,@Demmechannel,2024-05-03T22:35:00Z,0,0.0,Neutral,Neutral
"Olivia Rodrigo does it again! 'Obsessed' is a powerful anthem with raw emotion and an addictive beat. The visuals are stunning, and Olivia's vocals are as captivating as ever. This song is definitely going to be on repeat for a while! 🔥",@AiMusicandSongTV,2024-05-14T21:03:37Z,0,0.6792,Positive,Positive
This gives emo vibes…,@voidpacer,2024-05-09T19:10:40Z,0,0.0,Neutral,Neutral
The chorus reminds me of 2 other songs she just came out with. That style and sound is very repetitive,@emilysnapka4513,2024-03-25T02:30:05Z,0,-0.3167,Negative,Neutral
Nice sound and vocals… plus eye candy 😛,@thomascoleman6322,2024-05-06T22:34:58Z,0,0.4215,Positive,Positive
This giving me Taylor vibe 🐸,@nirjona6005,2024-03-25T10:05:51Z,0,0.34,Positive,Neutral
Olivia is so good at acting out insecurities and awkwardness. Love that this music video for obsessed is about the absurdity of beauty pageants. Adore the white gowns and sashes and her girl band are wearing tuxedos. And Olivia’s black dress and hair when performing! Brilliant genius lyrics! And how confidence she is at putting rock punk with her pop🖤🤍😍🥰🤩😘🎥📺💎🫶🏻🎬⚜️🏆👑 📝 🎵 🎶 📝 🌟 ✨ 🎸 🥁 🎤 👗,@jazminratzlaff5357,2025-04-22T22:25:09Z,0,0.9875,Positive,Positive
"Catchy, I'm glad You Tube decided to play it!",@kellibaker8532,2025-07-09T01:26:53Z,0,0.69,Positive,Positive
Me dio vibes de la era de ashly Simpson,@tattiis-f6s,2024-03-28T05:13:58Z,0,0.0,Neutral,Neutral
Deepa i there?,@GRM_havoc,2024-03-25T15:23:48Z,0,0.0,Neutral,Neutral
Worst song😢,@sujathasankaran3534,2024-03-23T14:56:28Z,0,-0.802,Negative,Negative
broo this song / lyrics is sooo toxic lol.,@iaeaxis,2024-03-26T08:09:12Z,0,0.4215,Positive,Negative
She gives me Avril Lavigne vibes,@billywright1890,2024-05-02T11:23:06Z,0,0.0,Neutral,Negative
The lyrics and meaning of this is the EXACT reason modern couples are miserable. My god the amount of serial killers and angry lesbian there are going to be,@mathew5956,2024-04-13T01:50:10Z,0,-0.8658,Negative,Negative
Am I the only one who heard that my friend made a song just like this like the lyrics was😭😭,@Lulugamergirl,2024-04-03T03:34:42Z,0,0.3346,Positive,Negative
"Honestly. I can't currently relate to 80% of her lyrics, but her feel is so unapologetic punk that I appreciate it.",@JustMiraMe,2024-03-25T18:20:20Z,0,0.6757,Positive,Neutral
"Weird chord progression in the chorus, kinda sounds unsettling. Really good symbolism for this song and the character she’s putting on",@danielmitchell940,2024-03-31T15:57:20Z,0,0.3597,Positive,Neutral
This song gives the vibe of a comp het  girl projecting her attraction for guys ex onto him,@Unfunfeminist,2024-05-02T20:40:14Z,0,0.4588,Positive,Negative
SOOOO much 90s The Cranberries vibe ❤,@ottitudes,2024-04-09T21:51:44Z,0,0.6369,Positive,Positive
Giving me freaky friday vibes,@priyankapradhan2793,2024-03-23T14:55:21Z,0,-0.0258,Neutral,Neutral
"Okay, lets analyze this with a summary. at 0:01, we can see 2 women. They both have pageants and it says ""Miss thought she was the one"" and ""Miss also thought she was the one,"" which can have several meanings on what its on. One, their his exes and they thought they were the one for him but they broke up somehow. They also dont seem very happy, and the blonde girl is smoking a cigarette to express emotional distress. Meanwhile, on this scene, 0:09 we can see that they are going to a ball. That could be another reason they thought they ""thought they were the one"" Meaning they didnt get to dance with the person they wanted. at 0:16, we see 2 women, ""Miss freshman year,"" and ""Miss our him in therapy"" Which can clarify these could be his exes. Now, ""Miss focus on my career"" could be the one Olivia is jealous over and and perhaps the somg is about. (A little side note after actually watching the video, 1:16 may actually the girl the song is about and therefore olivia is jealous of, unless its about more of than of them.)",@gutsicantspillfwd,2024-04-06T01:40:46Z,0,-0.9766,Negative,Neutral
Were is fucking lyrics,@syedahad6525,2024-04-25T11:14:43Z,0,0.0,Neutral,Negative
"god, these  lyrics are just so realistic",@ChuPoint,2024-05-22T13:38:01Z,0,0.2732,Positive,Neutral
"She is angry, loud, and annoying. Is she always mad about something?",@kerryhill4470,2024-04-10T22:39:39Z,0,-0.8481,Negative,Negative
So generic....,@nowjustbreathe1,2024-03-29T21:00:26Z,0,0.0,Neutral,Negative
Olivia Rodrigo and Madonna have similar vibes,@meybebaby1539,2024-04-09T11:01:08Z,0,0.0,Neutral,Neutral
"When Olivia did that one acoustic set that’s on YT (probably years ago now), I went down a rabbit hole searching for the drummer. Hayley Brownwell, such a badass. Love them all!",@babychap,2024-03-23T16:14:37Z,0,0.784,Positive,Positive
Some reason this is giving Freaky Friday vibes,@octopusjelly4207,2024-03-28T18:35:31Z,0,-0.0258,Neutral,Neutral
"I really likes this video compared to the one you released yesterday, ir seems like a good movie full of drama and rhythm. The sound is totally impressive, it sound to me like good music from the nineties! Now tell life everything you want to say without gag or mincing words, dear miss olivia.",@isaaccorderogonzales8783,2024-04-04T07:46:34Z,0,0.9644,Positive,Positive
The chorus kinda sounds like Telephone By Lady Gaga,@Screedi_isShort998,2024-03-29T21:32:00Z,0,0.3008,Positive,Neutral
The voice and the lyrics just is in another level 😊,@diya3581,2024-04-26T03:52:33Z,0,0.7184,Positive,Positive
This is sooooo good it gives me 2021 vibes ❤❤❤,@makak-yp9gt,2024-03-28T20:37:11Z,0,0.9477,Positive,Positive
"Just Love It! You.. The Lyrics.. The Clip!..! Well Done… Greetsss, MacG420, x",@MacG_420,2024-05-16T16:55:48Z,0,0.8007,Positive,Positive
Loving this album vibe ❤,@tiagomaqz,2024-03-27T18:39:54Z,0,0.8442,Positive,Positive
Guys admit it Olivia Rodrigo is the best artist and she is so creative with all her songs her lyrics her videos and she is so funny in her yt shorts and I would cry myself to sleep without her music I LOVE OLIVIA,@Swirlscomearound2376,2024-03-22T23:00:00Z,0,0.9461,Positive,Positive
Anyone else get Billie eilish vibes?,@anthonyjones4985,2024-03-22T17:58:03Z,0,0.0,Neutral,Neutral
It’s giving brutal vibes 💅✨✨,@nyc.danna_15,2024-03-29T22:43:13Z,0,0.2263,Positive,Neutral
"Lol, when you sended me the lyrics, i've thought it was going to be a ballad, the two that tought they were the one... nice joke olivia...",@Godzilla_Blackswan,2024-03-26T19:52:54Z,0,0.7783,Positive,Neutral
"The lyrics, it hit me like dangggg 🤣 HAHAHAHHAHAHAH",@carlaromanos6909,2024-03-22T17:24:16Z,0,0.6908,Positive,Positive
"The melody is actually cool, but I can't really hear a music saying I'm obsessed with my current's ex.",@XerifeCaitlyn,2024-04-11T14:08:54Z,0,-0.1027,Negative,Neutral
IS SO BEATIFUL,@Marhcia,2024-03-24T16:42:36Z,0,0.0,Neutral,Positive
"This gives me ""bad idea right vibes 💜💜💜💜💜",@Sweet_ari.n.Softbilsৎ,2024-03-22T19:13:14Z,0,0.9612,Positive,Neutral
Love the vibe!,@justt9507,2024-05-17T00:24:44Z,0,0.6696,Positive,Positive
Sorry but why does the chorus sounds like Lady Gaga's Telephone 🥺,@marianepingol9274,2024-04-02T17:20:05Z,0,0.4767,Positive,Neutral
Why the chorus sounds like Lady Gaga's Telephone song OMFG I love it ❤😂,@nickabadilla2,2024-03-23T02:23:10Z,0,0.93,Positive,Neutral
Worst song I’ve ever heard lol,@gregoswiler6127,2024-04-06T13:27:34Z,0,-0.3182,Negative,Negative
This is giving me Sour vibes,@a_weirdo-a,2024-03-26T19:47:43Z,0,0.34,Positive,Neutral
Ummm I don't really like this song bc it's out of control and I can't sing a beat SORRY,@AnnieGiban,2024-03-23T11:23:24Z,0,-0.5203,Negative,Negative
this one goes out to all the selfconsious 14 year olds lmao. she caught it there on the chorus for about 5 seconds,@user-xh9lz2hj4e,2024-03-23T00:25:25Z,0,0.5994,Positive,Negative
Umm I am sorry so u know I am a fan of olivia and this is also feedback I don't really like it as it dosnt make sense and also it's horribly repetitive and I can only hear I am so obsessed with ur ex once agin THIS IS NOT HATE ITS FEEDBACK TY,@iuliananastase5736,2024-03-22T23:40:34Z,0,-0.0244,Neutral,Negative
Love the almost alanis morissette vibes!,@vylxeras5953,2024-03-22T20:31:33Z,0,0.6696,Positive,Positive
I'm SORRY OLIVIA.....I can't....saw her in concert and it hit then and it hits now. I look the vibe of this sound like 2000s girl pop gunge and I LIVE,@1314Lermanlover,2024-03-24T23:01:02Z,0,0.1197,Positive,Positive
Song gives me paramore vibes 💕,@paisleydaisy9259,2024-05-09T18:36:40Z,0,0.6486,Positive,Positive
"I'm not obsessed with anybodys ex but THIS SONG BANGS SO DEEP, I'm obsessed with Olivias Voice, the melody, the whole sound. ❤❤❤❤❤",@nimortica,2024-04-01T18:01:36Z,0,0.9846,Positive,Positive
Back to driver license vibe baby ❤,@Ponyloverosezz,2024-05-13T05:34:01Z,0,0.6369,Positive,Positive
I like the beat but i dont understand the song lol😀,@eldaarca9873,2024-06-29T19:20:40Z,0,0.8271,Positive,Neutral
I heard this on the radio I love it it gave me alternative grudge 90s rock ‘n’ roll vibes get it Olivia!🎉,@jackjunior3722,2024-04-05T00:03:55Z,0,0.8016,Positive,Positive
"Ameiii a batida, a vibe é como ouvir cage the elephant na MTV. ❤ amando demais essa vibe dela. ❤",@bean26,2024-03-22T23:58:30Z,0,0.8555,Positive,Positive
Ngl it's giving Melanie martinez vibes,@wolfgirl0771,2024-05-14T19:39:51Z,0,0.34,Positive,Neutral
"good for her to try to sound different but too dramatical and not musical enough, rough melody, meh",@nocowshere,2024-03-24T21:44:48Z,0,0.128,Positive,Negative
"I'm getting ""Telephone"" vibes from this chorus",@cornucopiac1088,2024-03-22T20:28:59Z,0,0.0,Neutral,Neutral
"Miss long distance made me sick to see, ohhh my lord you mean miss emotionally cheating on 5 other men",@godxxofxxwar22,2024-04-24T00:50:54Z,0,-0.8442,Negative,Negative
the smashing pumpkin's & garbage vibes got me obsessed,@lulooop,2024-04-03T20:53:44Z,0,-0.1779,Negative,Positive
I don’t like this sound because it’s so annoying to even think about,@Juliedonozooo,2024-03-31T02:21:47Z,0,-0.2479,Negative,Negative
Lmao the lyrics ahahhaha,@archykhn4513,2024-03-23T00:09:11Z,0,0.5994,Positive,Negative
OLIVIA ISABEL RODRIGO IS NOT UNIVERSE OR THE UNIVERSE.,@nizniz204,2024-08-28T21:48:01Z,0,0.0,Neutral,Negative
This music is so  emotional and she have a very specific voice,@THeWitheWolf-jl2zb,2024-03-22T20:34:13Z,0,0.2769,Positive,Positive
A melhor de todos os tempos ✨️,@Juliana_Hepp_,2024-03-22T17:12:21Z,0,0.0,Neutral,Positive
Wow this is giving early 2000s music video vibes,@aprillemangcoy8308,2024-03-23T03:47:10Z,0,0.7351,Positive,Positive
I swear even though the beat is good its really the lyrics i pay attention to this girl is me when it comes to boys except he isnt my ex hes just a crush and i happen to know one of his exes so yes im obsessed,@pinkrose372,2025-01-16T21:54:52Z,0,0.4986,Positive,Neutral
Good for you vibes,@CombatCrafters2,2024-03-22T16:40:45Z,0,0.4404,Positive,Positive
I literally just listened to the song and I already know the full lyrics,@TreasuresASMRandLife,2024-03-22T19:23:33Z,0,0.0,Neutral,Neutral
What’s with these incoherent lyrics 😂,@thomasdap8659,2024-03-22T16:24:46Z,0,0.4404,Positive,Negative
It gives off Yellow jackets vibes,@CharlotteMarie-Joseph-tb5lw,2024-04-12T10:26:00Z,0,0.0,Neutral,Neutral
Too wong foo - Body beatiful,@Yourboybrai,2024-03-22T15:13:40Z,0,0.0,Neutral,Neutral
I really love how she has rock vibes! So cool!,@misscaseydias,2024-03-22T15:05:24Z,0,0.8429,Positive,Positive
"It's giving ""girl crush"" vibes xD",@airachica,2024-03-22T15:02:26Z,0,0.6808,Positive,Positive
Her worst title track.... Tbh,@JeanAntoine213,2024-03-22T14:56:16Z,0,-0.6249,Negative,Negative
"I have just realised I have major red flags, listening to the lyrics of this song made me so attracted to this girl! I miss that psycho love!",@mattking147,2024-05-10T15:37:08Z,0,0.8316,Positive,Negative
I know her blood type... LOL - Hilarious lyrics!,@luigifrancisco3786,2024-03-22T14:35:08Z,0,0.7597,Positive,Neutral
