﻿comment,user_name,date,likes,compound,sentiment,sentimento_manual
Let’s be honest. This vibe never gets boring ❤,@Mrluxurious-official,2025-05-16T00:39:21Z,128,0.8577,Positive,Positive
"Sabrina’s energy is unmatched in this track! The catchy beat, her vocals, and the fun visuals make Espresso a total vibe. I can’t stop dancing! ☕🎶✨",@lovesongforever.68,2025-03-13T04:25:17Z,57,0.6988,Positive,Positive
"The retro vibes, the catchy beat, and that *Please Please Please* teaser—she's building a whole universe! This era is already iconic, and I can't wait to see what's next.",@tristenmartens,2025-04-06T04:51:33Z,22,0.7345,Positive,Positive
I love this! When I watch this video! Reminds me of myself living in Los Angeles and running around from one boy to another. Love this song and video. This girl is the cutest thing I have seen in a long time. Good vibes 😎,@pastelpinkPink-m9l,2025-06-24T15:09:53Z,14,0.9622,Positive,Positive
I LOVE feel good music! The kind that makes you feel like you’re in the 1960’s floating on a cloud sipping lemonade in the summer with a nice breeze!!! “Say So” by Doja Cat gives me same vibe! Love this! ❤,@NotSo-Typikal,2025-05-22T03:32:28Z,11,0.9801,Positive,Positive
1:18 chorus,@nasirahmed2119,2025-05-08T11:55:05Z,11,0.0,Neutral,Neutral
"Sabrina knows a lot, she released the song a year ago and it's still catchy ❤️‍🔥",@JoaoVictor-kk1hc,2025-04-18T15:30:48Z,11,-0.34,Negative,Positive
"Cant believe it has been a year since espresso was released. Time flies by fast. This song has always been great, it really gives good spring and summer vibes🔥🔥🔥",@Benji2flyy,2025-04-11T19:06:34Z,11,0.2682,Positive,Positive
Today this song turned 1 year old... This song literally gives summer vibes and I'm here for it. Thanks Sabrina.,@MatchMastersOnlinePlayer688,2025-04-12T06:09:46Z,10,0.4404,Positive,Positive
The vibe of this song is lethal. Love it!,@shahzaibahmadsiddiquii6851,2025-05-24T06:44:17Z,9,0.6696,Positive,Positive
"This whole video is pure sunshine and good vibes, and that ""Please Please Please"" teaser has me counting down the seconds until the album drops! Sabrina understood the assignment.",@cairistìonadavenport,2025-04-10T23:51:00Z,9,0.8832,Positive,Positive
"Sabrina Carpenter sings and dances with such a sincere, flirty and lively music that I quickly fell in love with this woman, losing myself in the rhythm of the music.🔥😍😘",@aslancimbom1923,2025-08-08T01:59:47Z,9,0.9042,Positive,Positive
"""Was on vacation in Thailand '24 — and this song gave me all the vibes. Thanks, Sabrinaaaaaa!"" 🌴🎶💖",@auping85,2025-07-02T11:24:25Z,9,0.8622,Positive,Positive
"Today was the 1st anniversary of espresso. Espresso was published on April 11, 2024 at 20:00. Today is a truly special day. The emotions it evokes and the meanings it carries, the hope it gives to people and a little bit of Sabrina's strong coffees.💋👄☕🩱☕",@Materoskinor,2025-04-11T17:23:13Z,7,0.9274,Positive,Positive
Scott Cramer and his video about the wrong lyrics brought me here,@tam_3413,2025-07-21T06:48:57Z,7,-0.4767,Negative,Neutral
The quiet house put this song so nice vibes,@carloscristales1877,2025-07-25T23:39:56Z,5,0.5598,Positive,Positive
"Happy 1st Anniversary. I can't believe it's been a year already, I remember when this said 1 hour ago. Spring and Summer 2024 was peak, but Summer 2023 was better. The summer vibe and chorus goes so hard, as a guy, I'm not too crazy with this song, but the vibe goes hard. 1 year since this went off the charts along with They Not Like Us by Kendrick Lamar during Summer 2024. I'm already nostalgic for 2024, so much good happened. This year really sucks horribly with the plane crashes, the stock markets, everything, basically. I know I shouldn't be getting nostalgic for 2024, but that was my year getting out depression from Late Summer 2023 and Fall 2023, so I do miss 2022 - 2024 a lot. This year hasn't been hitting in this crazy country and world we live in. Too many bad things are happening! I wanna go back so bad! April 12, 2024 - April 12, 2025.",@matthewmichel6508,2025-04-12T15:26:53Z,5,-0.9794,Negative,Neutral
i love the lyrics,@Dress_To_Impress_12,2025-04-11T07:15:48Z,5,0.6369,Positive,Positive
Its literally giving summer vibes its giving vintage it’s giving beach vibes its giving perfect summer day ✌️,@bynndokulil7735,2025-04-06T18:03:53Z,5,0.9062,Positive,Positive
"Looking forward to this song becoming nostalgic, except for it already is ☕",@D_MOOD,2025-07-06T18:12:22Z,4,0.0,Neutral,Neutral
Yo the summer vibes feel it from here.,@rachmi3810,2025-05-26T04:12:43Z,4,0.0,Neutral,Positive
Such a beautiful beat and voice ❤,@cheguevara6198,2025-04-28T12:22:25Z,4,0.8442,Positive,Positive
Wow it's 1 year already 😭✌️✌️ I used to vibe this til June ..,@flopchucks2020,2025-04-12T13:50:22Z,4,0.1779,Positive,Neutral
Wow is this awful.,@woofielove1970,2025-06-23T14:18:31Z,3,0.2023,Positive,Negative
"Cannot understand her lyrics, no talent, just a stripper.",@curiousobserver97,2025-06-23T04:47:28Z,3,-0.3252,Negative,Negative
"i remember this song being every in 2024, so nostalgic 😭 ❤",@hectorgracia9987,2025-04-11T01:16:17Z,3,0.2111,Positive,Positive
It's giving me Summer vibes I love it😊😊😊😊😊❤❤❤❤❤,@Saharie-AnnBrejwo-Robinson,2025-05-17T21:00:15Z,3,0.9955,Positive,Positive
This song makes you feel so alive right from when the beat drops..,@lyrikalinyoswiminpoo,2025-07-28T03:58:04Z,3,0.5214,Positive,Positive
This song is such a VIBE,@PrimetimeMusiq,2025-04-12T00:56:23Z,3,0.0,Neutral,Positive
"is funny usually I am a hook go crazy guy, this is one of the most amazing hooks written in music history, and I see the video is not even in the 1 billions views, so I know some songs do it for some people and others not, the last songs that amazed me this much was heat waves and record player and I am  a hip hop mostly artist but I appreciate when music is catchy and well written. hands down!!",@Voltaijim,2025-05-01T19:11:21Z,3,0.8618,Positive,Positive
"The vintage vibes are strong, and the song is incredibly catchy—can't wait to see where this era takes her! The ""Please Please Please"" teaser at the end was genius.",@yekaterinavalliere,2025-04-06T01:59:48Z,2,0.8172,Positive,Positive
I love this song! Such a summer vibe!!,@Kayllie-s7n,2025-06-09T22:25:38Z,2,0.7249,Positive,Positive
"What made this song so interesting is not the lyrics, the lyrics are unrealistic nonsense that portrays an unreal world that does not exist, everyone ends up distancing themselves from a short woman who is a hassle, but what made this song cool is the relaxed mood it conveys, of a costly little girl who gets up to mischief with men, it has a hint of the negative aspect of Feminism that most of the time provides a tragic end for women who go around getting up to mischief with men and people, and it is a backward concept, in fact, nowadays people want good relationships of trust, the planet has evolved to the fifth dimension, Spirits that insist on the old world, which promotes injustice as Feminist laws defend, are being removed from the planet, in the Exile of Kiron, but anyway, what made the instrumental of this song cool, were the mixing and mastering resources, very well combined, and a great producer. who worked on mixing and mastering, turned a song with silly lyrics into a great song due to the resources used",@MIKEKeanuriveres,2025-06-28T10:49:00Z,2,0.95,Positive,Neutral
Such a catchy disco song.,@ReedHarrison,2025-07-04T16:37:48Z,2,0.0,Neutral,Positive
just monotonous,@troublehd7236,2025-04-09T07:26:52Z,2,0.0,Neutral,Negative
Strong Donna Summer vibes,@dreikjapan4061,2025-03-29T01:49:43Z,2,0.5106,Positive,Positive
Bro this song is catchy ❤,@zanthonythomas6768,2025-04-13T16:56:22Z,2,0.6369,Positive,Positive
She gives more Barbie vibes than Margot Robbie,@CatGirl12.,2025-03-28T18:44:56Z,2,0.0,Neutral,Neutral
I’m more of a rock guy but damn is this catchy,@Dieselexhaustdruid,2025-05-02T23:23:39Z,2,-0.5499,Negative,Positive
1:14  this song is giving beach vibes🌊🏖️🏝️🐚,@JordyMacG,2025-04-18T23:06:12Z,2,0.34,Positive,Positive
Anyone come here to listen to the lyrics after Scott Cramers videos? Lol,@KoreanJesus21Jump,2025-07-27T13:27:04Z,2,0.4215,Positive,Neutral
"What a horribly annoying song, glad I know who recorded it now so that I can actively avoid them.",@Harpeia,2025-06-10T20:55:56Z,2,-0.4588,Negative,Negative
es linda como uma batoneira,@evilmind14,2025-03-23T18:49:52Z,2,0.0,Neutral,Negative
"I dont like pop. I dont like the narcissism. I dont even like the lyrics. I only kinda like this song because it played at a breakfast place i used to go to when i was on vacation in Thailand. Ah, those were good times. I gotta go back this year.",@Likexner,2025-04-25T19:14:56Z,2,0.2908,Positive,Neutral
That’s giving me REALLY summer vibes ❤❤❤ :),@anegeisler3816,2025-03-28T18:30:31Z,2,0.9584,Positive,Positive
Is she just all autotune or knows singing too?,@shabbirm.w.778,2025-06-02T04:29:49Z,2,0.0,Neutral,Negative
Old money vibes,@Fallen7-l3d,2025-06-14T17:30:43Z,2,0.0,Neutral,Neutral
"I don't understand why this song is so popular, I mean yeah it is generic and basic to the bone thats why, but like this album has so much better other songs",@mati3618,2025-06-11T07:47:32Z,2,0.8866,Positive,Neutral
"PROPAGANDA. this is why modern dating is doomed. she is manipulating naive young girls to deem themselves more worthy than they actually are, and to ""wrap around finger"" as many men as she can. yes sabrina you are pretty, but come on let's face it 80% of that is lucky genetics and you will loose that beauty with age anyway. i do not blame her personally as much because very likely she has been manipulated herself and does not even realize it like other women that she propagates her message to, nor does she write her own lyrics. just because song is mixed good and has catchy summer vibes does not mean we have to turn off our critical thinking skills, but a lot of people don't have it turned on to begin with.",@Ivan-w7s2b,2025-07-30T17:08:08Z,2,0.9029,Positive,Negative
You're beatiful 🎉❤,@alessiamelorio5338,2025-03-30T10:56:10Z,2,0.7845,Positive,Positive
This video gives you that 80’s MTV vintage vibe when I was coming up.  A very nostalgic feeling for sure.,@davidlafayette5157,2025-07-21T09:08:33Z,2,0.4728,Positive,Positive
sabrina on fortnite ❤is amazing skin and music too feeling in vibes,@9090oussama,2025-05-17T16:55:10Z,2,0.6486,Positive,Positive
You're lucky we don't beat you up,@SlowMister112,2025-04-10T13:27:59Z,2,0.4215,Positive,Negative
Summer vibes June 2025,@itz4Kay,2025-06-05T21:59:49Z,2,0.0,Neutral,Neutral
Pretty much the greatest song ever 🍷 You are a star Sabrina catchy as fuck!,@danielhaycroft9875,2025-07-29T15:31:28Z,2,0.636,Positive,Positive
Something tells me this was suppose to have been a Doja Cat song.. but got passed up on. 😂😂😂😂  It’s giving that vibe,@justrealtooraw1981,2025-06-18T08:42:32Z,2,0.9612,Positive,Neutral
"Judging by the comments we can officially say “vibe” (as superficial as it is, and probably because of this) has by far won over content, message, originality, essence and sadly, good music.",@Albaguerrerolamas,2025-07-22T07:13:56Z,2,0.5859,Positive,Negative
I love the vibes so very sexy and gorgeous ❤🎉,@ashleytorres4392,2025-04-04T00:27:53Z,2,0.9654,Positive,Positive
When I was in the worst place on earth this beautiful song make me forget,@JoeVigilante,2025-03-19T08:30:23Z,2,-0.0964,Negative,Positive
This is giving me barbie vibes anyone else?🤔🤔,@nubiamanzano4682,2025-05-18T16:47:18Z,2,0.34,Positive,Positive
This song is very special for me. I danced in my wedding  on this song. Its such a vibe.,@ExcitedDaisy-fv8bb,2025-03-13T14:42:27Z,2,0.4576,Positive,Positive
"Wow, can't believe this song is almost a year-old now! Still makes me feel like the first time I listened to it! ❤ Espresso really has that timeless vibe, doesn’t it? 😊",@Ringkai-qx4kn,2025-03-22T12:42:31Z,1,0.9523,Positive,Positive
awful. even worse coming from such an evil woman,@JMartComedy,2025-03-26T11:34:31Z,1,-0.8885,Negative,Negative
"Amazing summer vibes song, best song in the decade",@cornwall_life1966,2025-06-18T11:13:48Z,1,0.8402,Positive,Positive
Why does it give barbie vibe,@SantonaAlam,2025-05-16T16:10:29Z,1,0.0,Neutral,Neutral
The first 3 seconds of the lyrics GOT MY HEART❤,@AmandaSivia-x9z,2025-06-25T02:08:52Z,1,0.8788,Positive,Positive
she got the harley quinn vibe❤,@alifiasonia6320,2025-07-15T08:56:00Z,1,0.6369,Positive,Positive
It's 2025 summer and I am already missing 2024' espresso summer vibes,@potterhead_34,2025-05-09T23:19:13Z,1,-0.296,Negative,Neutral
I love Sabrina carpenter’s vibe and style. It’s cool to watch,@Azzne-,2025-04-17T19:06:51Z,1,0.7579,Positive,Positive
These are some of the most retarded lyrics in the world but the beat is so good I can't help but bop.,@professorkarrot7372,2025-06-09T01:50:37Z,1,0.1848,Positive,Neutral
The chorus is a little slice of heaven 😄,@phasor50,2025-06-18T20:51:34Z,1,0.8194,Positive,Positive
"After a year I haven't seen anyone ask the real question, How are they keeping all that sand off them??? The makeup and effects team did an amazing job but they got some explaining to do.",@adearest007,2025-04-20T19:19:33Z,1,0.4479,Positive,Neutral
The glaze for this overplayed and annoying song is crazy.,@BillCipherBUYGOLDBYEEEEEEE,2025-04-30T01:13:05Z,1,-0.6249,Negative,Negative
Switch it up like a Nintendo 0:34 Miyamoto take notes from this good song,@K2_BLUE_MUSIC,2025-06-07T04:06:00Z,1,0.7073,Positive,Neutral
This song is insanely catchy,@DhruvDrives,2025-06-17T04:04:49Z,1,0.0,Neutral,Positive
"Imagine a video and Lyrics saying the same thing about boys…people would be calling the signer misogynist, but that girl does it and it’s fine. Moreover she then complains about double standards…What an hyporcrite",@aapl10n67,2025-04-28T19:12:16Z,1,-0.296,Negative,Negative
"As much as I don't follow her music, but this tune catchy af",@bantertvking,2025-04-09T10:10:49Z,1,0.0,Neutral,Positive
It's giving summer vibes,@hoevekooplust337,2025-04-20T18:03:34Z,1,0.34,Positive,Positive
Excellent vibe of song 😂😊,@Blanderise,2025-03-31T16:01:36Z,1,0.9118,Positive,Positive
It's giving Barbie vibes❤I love you songs,@JesseJames-y1i,2025-04-12T21:18:38Z,1,0.765,Positive,Positive
Who came here cause the 1 year aniversery? 🎉🎉🎉,@szusz.a,2025-04-11T12:29:03Z,1,0.7964,Positive,Positive
"This authentic vintage vibe is only coming from Sabrina's little espresso cup. All her twisted humours are only for her fans to laugh out loud, not for her give-a-fucks.",@Villioninstralle2010,2025-05-08T04:51:17Z,1,0.5574,Positive,Negative
Check out the Kidz Bop version of this. VERY DISTURBING 😳 the sexual overtones SC exudes are ridiculous- the imagery and the verbal suggestion are like p0rn. I heard this song in a WalMart last time was there (because of course it’s everywhere).,@JayPadrig,2025-03-28T16:28:56Z,1,-0.7235,Negative,Negative
"Just heard this song recently and it definitely sounds like a Tame impala type of melody, nice song tho",@dayoungchief,2025-03-17T01:02:28Z,1,0.7906,Positive,Positive
In the starting lyrics I said hey matt came sll this way,@shwetamishra1777,2025-03-16T17:50:25Z,1,0.0,Neutral,Neutral
This music is giving me the vibe of 2021 summer☀️🌞🏖️,@Lorcanrichmoney1,2025-03-21T00:30:16Z,1,0.34,Positive,Positive
This is super catchy,@sheridansanchez9558,2025-04-16T11:33:33Z,1,0.5994,Positive,Positive
I love this song. Feels so nostalgic 😌,@xxi__wing__ixx1870,2025-05-30T16:47:26Z,1,0.7951,Positive,Positive
Understand 0% vibe100%,@astarxx-s3d,2025-07-30T23:09:12Z,1,0.0,Neutral,Neutral
This has a George Michael vibe about it,@dnldnnllgmailcom,2025-03-30T22:50:17Z,1,0.0,Neutral,Positive
i only know this because of the fortnite emote caffeinated this song a vibe,@knownasdinero,2025-06-11T22:53:26Z,1,0.0,Neutral,Neutral
This has good vibe 🎉,@MargaretTobor,2025-06-13T06:08:06Z,1,0.6808,Positive,Positive
"why do people listen to this, she makes awful music thats uninspired, self centered, egotistical, and just bad. the sentiment is awful, the lyrics are repetitive. awful music.",@BiggieTrev70,2025-04-09T18:54:29Z,1,-0.9371,Negative,Negative
summer vibes ⛱️,@danenarvaez144,2025-03-31T06:15:24Z,1,0.0,Neutral,Positive
This is LITERALLY a summer vibe song. I love her!❤,@the_eyekon6,2025-03-31T17:19:41Z,1,0.8655,Positive,Positive
The fact that this song is so  catchy i replay it on and on till i have enough😂😂😂😂😂 who else?,@KatieNeal-r6d,2025-06-23T22:26:24Z,1,0.926,Positive,Positive
is it just me or this song has a 70s or 80s vibe?,@hardstylepwnz5500,2025-04-08T20:08:02Z,1,0.0,Neutral,Neutral
Bored & generic,@TheKyuby777,2025-03-20T03:48:30Z,1,-0.2732,Negative,Negative
The repeating verse at the end is 😍,@hajjihasna1365,2025-04-10T20:26:27Z,1,0.4588,Positive,Positive
ts already so nostalgic,@wydkim,2025-07-15T10:12:52Z,1,0.0,Neutral,Neutral
Worst song ever,@mohamedslimshady5382,2025-07-25T10:12:29Z,1,-0.6249,Negative,Negative
"This song attracts me to listen there from my gym, I love the lyrics ❤",@shiyanach926,2025-06-25T04:32:32Z,1,0.9022,Positive,Positive
"The music is fire, the lyrics are trash. Why does every song have to have sexual innuendo. Like can we think of something more original just once.",@immaculateheart1267,2025-07-14T04:53:45Z,1,0.4005,Positive,Negative
"This is such a great song, I Love the Summer Beach vibe.",@TimDaco,2025-05-28T08:17:04Z,1,0.8519,Positive,Positive
How did she become a thing?! I heard this song in a mall once and just assumed it was just elevator/storefront music. Not a real song that average people would bother with. Lol! It's soooo generic. Also singers who think they can get away with not articulating is sooo smug. This is sooo bad for so many reasons other than elevator music. XD,@ChrisKadaver,2025-06-10T04:54:59Z,1,0.5882,Positive,Negative
NO WAY THIS BEAT THUMBS!! WOW,@itskels.4,2025-06-12T19:23:31Z,1,0.4912,Positive,Positive
This song gives off an amazing vibe,@Neoland794,2025-05-28T17:06:42Z,1,0.5859,Positive,Positive
"Sabrina Carpenter’s new era feels more like an overproduced image than genuine artistry. Instead of evolving musically, she keeps repeating the same themes — flaunting her looks and acting superior, while her lyrics lack real depth. It’s starting to feel less like music and more like a marketing product",@Alihan-m6q,2025-07-26T13:43:25Z,1,0.8399,Positive,Negative
Anti-Creep movement; Worst Wednesday Ever🙃,@sakshishekhar5211,2025-03-24T03:28:36Z,1,-0.6249,Negative,Negative
Doja Cat vibes.,@ShaePegram,2025-06-07T03:23:28Z,1,0.0,Neutral,Positive
Did anyone catch the Zelda lullaby melody in the beginning of the song??,@xjnavx,2025-06-17T23:17:08Z,1,0.0,Neutral,Positive
Tauro vibes💋,@flaconaco1,2025-04-10T12:38:12Z,1,0.4215,Positive,Neutral
How sweet - and no creaky vocal fry!,@christopherdunne4048,2025-05-06T07:32:13Z,1,0.2714,Positive,Positive
The expression n lyrics ahhhhh addicted❤,@Lords.devotee,2025-04-16T09:30:25Z,1,0.6369,Positive,Positive
THE VIBEEE😩,@Salome-p8k8v,2025-04-01T15:39:03Z,1,-0.2732,Negative,Positive
The worst video clip ever fr,@sukuna.m7dxx,2025-04-22T12:03:40Z,1,-0.6249,Negative,Negative
I can’t belive this beat thumbs,@Stary..Editzz,2025-07-30T04:00:57Z,1,0.0,Neutral,Positive
"Too much autotune, not enough talent, just enough sex appeal.",@stewg4661,2025-05-13T00:56:56Z,1,-0.3252,Negative,Negative
This song suits summer vibe.,@amalitasofiasalsabila5414,2025-07-20T02:16:43Z,1,0.0,Neutral,Positive
This Song is just way too catchy wow....,@Enthiko,2025-05-25T01:43:24Z,1,0.5859,Positive,Positive
Nice beat ❤❤❤😊😊,@mariaraso7944,2025-03-18T05:11:25Z,1,0.9806,Positive,Positive
Summer vibes right there !,@federicotown8052,2025-04-10T16:07:26Z,1,0.0,Neutral,Positive
a colorful video and the vocals really make you feel good,@bloom20xxxx,2025-04-20T14:34:23Z,1,0.4404,Positive,Positive
"This so teen movie vibes, I’m obsessed! Served once again! ☺️",@DBHorseGirlie,2025-05-03T08:31:52Z,1,0.4374,Positive,Positive
Giving 50s bombshell blonde type vibes,@JeremyDiaz-n6z,2025-03-26T20:42:28Z,1,0.34,Positive,Positive
The worst YouTube music video that I ever saw in my whole life,@LorenzoRB1798,2025-03-19T05:09:20Z,1,-0.6249,Negative,Negative
"Same vibe with Paris Hilton's ""Stars are Blind""",@nehirece2828,2025-07-09T06:46:38Z,1,-0.4019,Negative,Neutral
"Summer, sun tan , vintage love , la 's sunset , 🌇 beach, sun kiss skin , trees , cars , ice cream , wavy hair, short clothes, vibe song",@FrataGuesh-f6i3n,2025-04-04T22:06:00Z,1,0.7906,Positive,Positive
This is pretty awful.,@jarradjames5868,2025-03-21T12:40:04Z,1,0.0516,Positive,Negative
This song so awful,@ThijmenTheTurkey,2025-06-05T08:18:47Z,1,-0.5949,Negative,Negative
it's been a year and for some reason this song feels nostalgic 😭,@a.ng3i,2025-03-16T09:18:18Z,1,-0.4767,Negative,Positive
"Didnt know who sang this and couldn't figure out any of the lyrics to look it up for nearly a year, saw a clip on fb and finally found it. Gets stuck in my head every time they play it at the store",@Ultimatemagicalgirl,2025-04-08T21:36:36Z,1,0.1027,Positive,Positive
"Is the ""I'm a singer"" in reference to that girl who had a vibe on her bed in a photo and said it's her microphone she's a singer?",@Hokage0kitt,2025-03-13T03:48:12Z,1,0.0,Neutral,Negative
The video vibe is awesome,@ROCKSMASHER,2025-06-26T09:40:44Z,1,0.6249,Positive,Positive
"This is 💯 giving retro vintage spring/ summer cinematic look and vibes! Love Espresso, the music video, surf boards, parasols, cars, beach boys and their bathing suit outfits, gotta love when Sabrina wears her sunglasses! One of the most iconic legendary pop albums/ eras of 2024 and beyond! Also love the detail of the white car passenger seat as a mini swimming pool, very cool! 😍😘🥰🤍👑⚜️💎🏆🫶🏻📺🎥👏🏻 🤩 👙 ☂️ 🏖️ 🎵 🎶 📝 🚤 ☕️ 😎 ☀️ 🍦 🤎 🩶 🖤",@jazminratzlaff5357,2025-07-18T03:31:36Z,0,0.9882,Positive,Positive
I love Sabrina Carpenter she is my favorite she gives me Summer vibes 🤩🤩🤩❤❤❤❤😜😜,@JenniferEspiritu-r8k,2025-06-29T22:33:19Z,0,0.9776,Positive,Positive
Barbie🎉🎉🎉VibeZzz,@emmelyn19,2025-07-04T18:56:03Z,0,0.7964,Positive,Positive
The worst song ever in the worled,@zacharypolio3422,2025-04-27T19:32:53Z,0,-0.6249,Negative,Negative
Tonight – Chill Vibes to End Your Day | Zay Quo X,@ZayQuoX,2025-05-27T15:41:20Z,0,0.0,Neutral,Neutral
90s vibe ❤🎉❤,@sunilbhardwaj01,2025-05-26T13:48:46Z,0,0.9022,Positive,Positive
"I love the beat and voice, but not the lyrics 😅",@Koola0811,2025-06-14T09:02:57Z,0,-0.0168,Neutral,Neutral
"Music so reductive and empty nowadays 2015 ~ 2025 so we need to successfully use recycled 70's-80's rhythms and a puppet to create a ""hit"" I LOVE IT!",@pierremontparnasse,2025-07-22T20:52:05Z,0,0.8577,Positive,Positive
She kinda looks like a blond Oompa Loompa but that's a catchy song.,@pignonMZ6,2025-06-06T21:32:05Z,0,0.1558,Positive,Neutral
Vintage vibes 😉,@athirarajan187,2025-05-13T03:52:51Z,0,0.0,Neutral,Positive
Dieses Lied gibt mir die härtesten Sommer Vibes ich liebe es,@EmiliaKeutschacher-k7g,2025-07-07T08:14:25Z,0,-0.7579,Negative,Positive
China #1 is based off this beat I guess?,@CraigParsons-n6j,2025-06-15T02:08:32Z,0,0.0,Neutral,Neutral
Im 35. This song gets in my head. Not from vocals. All music.,@kevinjefferey9792,2025-06-21T05:57:39Z,0,0.0,Neutral,Neutral
"I’m so sorry Sabrina!!! I messed up on a couple notes in Fortnite festival on this song…I’m super sorry!!!! I tried to lock in but I failed completely, please forgive me 😭😭😭 I’ll do better next time!",@WILLY-s5j4s,2025-06-18T03:15:18Z,0,-0.8104,Negative,Negative
"A beautiful and clever song in its lyrics, blending humor and self-confidence. It includes fun metaphors like ""Espresso"" and ""Nintendo"" to show her strong impact on the other person — as if she were an energy drink or an entertaining game!",@salahizebatene,2025-07-03T20:14:23Z,0,0.9698,Positive,Positive
I'm getting a Doja Cat vibe!!! Love it!!! Keep turning it up Sabrina!!!  Your song is HOT!!!! 👍❤️🔥🔥🔥🔥🔥,@cynthiahopkins8799,2025-07-23T23:28:27Z,0,-0.7887,Negative,Positive
Dua Lipa could have sang this. Bruno Mars vibes too,@dennisgordon7767,2025-07-11T06:00:53Z,0,0.0,Neutral,Neutral
Yoooooo I had to pull up the song and I can see the confusion. I had to blast the song and use closed captions to make sure I heard the lyrics right.,@anyataylor5333,2025-06-06T21:28:08Z,0,0.0258,Neutral,Neutral
Anybody else hear Doja Cat vocals on this track or it’s just me?,@StricklyEverything,2025-05-31T05:07:07Z,0,0.0,Neutral,Neutral
When the synth drops,@Mjollnir1983,2025-06-17T12:23:06Z,0,0.0,Neutral,Positive
All time I just watching the lyrics 😂😂,@hellodear-q8m,2025-08-03T09:54:15Z,0,0.7003,Positive,Neutral
Sabrina is the reqson why Preppy vibes still live,@angelzxvo,2025-03-20T22:42:01Z,0,0.0,Neutral,Positive
Summer vibes 📅😊,@gaaraofthesand4179,2025-06-07T10:36:42Z,0,0.7184,Positive,Positive
Why this song is very vibee ❤,@STS-bl4lb,2025-05-10T10:54:16Z,0,0.6666,Positive,Positive
Cute like the vibe soo much,@gwenoesmanadi8339,2025-04-21T21:53:21Z,0,0.6705,Positive,Positive
"She's trying so hard to be Dua Lipa. Breathy Voice, Disco Pop Funk. Meaningless lyrics. Catchy though.",@hartoz,2025-05-23T03:27:26Z,0,-0.5812,Negative,Negative
"❤this song, such a summer vibe! Keep up the grind Sabrina. She's so adorable!",@SickByBirthGaming,2025-05-19T16:50:19Z,0,0.6908,Positive,Positive
"I’m curious as to why she specifically used the Catholic Church is there some sort of symbolism I missing? Could not have filmed this at a Christian church. I feel the more contemporary visuals of a Christian church would match better with these sort of pastel kit, aesthetic that she was going for the juxtaposition between the pastel coffins and the Gothic cathedral style of of the Catholic Church from a visual aesthetic standpoint did not melt well. That’s why I’m asking if there’s some sort of symbolism that I’m missing?",@chaos847,2025-06-29T01:09:52Z,0,-0.0961,Negative,Neutral
Cool vibrant vibey song,@jackingo2229,2025-08-05T20:01:04Z,0,0.6908,Positive,Positive
This shit sounds so generic,@loremipsum3333,2025-07-08T21:07:55Z,0,-0.5574,Negative,Negative
"woooow I love the music, the rhythm of this roal, I love Sabrina 💝",@letyperez6640,2025-06-07T17:53:39Z,0,0.9274,Positive,Positive
I’m edging to this beat,@リさん-d2b,2025-04-10T06:03:09Z,0,0.0,Neutral,Positive
Vibes back when the coke was pure,@vikrantnaicker2464,2025-05-16T02:21:48Z,0,0.0,Neutral,Negative
"I like to think based purely on the lyrics that she is not using the boy, but genuinely finds his loyality cute and loves him",@MathwisYT,2025-04-05T15:15:28Z,0,0.8957,Positive,Positive
"SO DANG CATCHYYYYYYYYYY IM GOING CRAZYYYYYYYY! Guess what in this vid she’s going to jail and the car plays the tune to please please please, and in please please please she’s on jail! Who knew 👇🏾👇🏾",@TacolionMariolets-a-go,2025-05-11T23:49:38Z,0,0.9244,Positive,Positive
"Beat is awesome, she is cringe af",@DanielPerez-jm6nt,2025-06-02T14:04:19Z,0,0.6249,Positive,Negative
The effects of the video were very nice 🤎,@tulove_abrown,2025-04-30T22:23:59Z,0,0.4754,Positive,Positive
"Hot and not vulgar, and pretty chill catchy sound, nice.",@Rurush7,2025-06-16T21:16:12Z,0,0.0444,Neutral,Positive
"Legally, I didn't know better than 0:15 serving historical fiction 0:40 all wrapped in 1:25  modern lore, albeit, wavy curls and beachy pouts for a lifetime 1:47 women moved away from Bell Jar and 2:36 The Rooftop Attic by Bellerium Finch. #LAvibes #SAlowdown",@AvaniBhandarika,2025-07-31T09:40:05Z,0,-0.2514,Negative,Neutral
Im getting a summer C.K vibes💯💥💣,@jasonmortley5274,2025-05-28T11:25:08Z,0,-0.6908,Negative,Positive
It is give SLAY VIBES!!!❤,@planetjace1651,2025-06-05T05:31:49Z,0,0.7249,Positive,Positive
"this is how u do it pop stars, take notes",@bigoleboy8578,2025-07-29T04:24:21Z,0,0.0,Neutral,Positive
"The Beatles songs ""HELP!"" And ""From me to you"" are definitely my top picks!",@thebeatlesloveisallyouneed,2025-06-21T14:50:35Z,0,0.8185,Positive,Positive
This is the best of sabrinas lyrics shes good,@Christina-y5s,2025-08-05T19:47:02Z,0,0.7964,Positive,Positive
sabrina its beatiful,@rodrix-l6q,2025-03-21T03:25:49Z,0,0.0,Neutral,Positive
This song gives the vibe of barbies and ken❤,@AnanyaAgarwal-kr3dt,2025-03-20T04:43:59Z,0,0.6369,Positive,Positive
Next level vibe,@krishanuchakraborty5147,2025-06-11T19:27:48Z,0,0.0,Neutral,Positive
YEAH I...I PUSHED THE WHOLE TEAM ACT LIKE 3 (SOME RANDOM LYRICS) OH THIRD PARTY 1 13 SOMEONE COME GET ESPRESSO,@Captainistcool,2025-04-02T20:48:54Z,0,0.8624,Positive,Neutral
It has that old pretty girls vibe. She's like Monroe 😮,@nandemone1787,2025-03-18T03:18:53Z,0,0.6908,Positive,Positive
No music...no catchy tune... Just show off... Disappointed,@SudiptaKarmakar-uc4cd,2025-04-26T04:38:04Z,0,-0.6486,Negative,Negative
"It's giving ""stars are blind"" vibes...",@h3ronim0,2025-03-15T23:15:11Z,0,-0.0772,Negative,Negative
This song is so satisfying in summ and its gives summer vibes,@BabuRongpi-e4g,2025-03-14T12:57:46Z,0,0.5949,Positive,Positive
im just tryna catch a vibe,@NateAlyn,2025-03-14T03:34:30Z,0,0.0,Neutral,Neutral
Expertly crafted song. I am fascinated by how it came about. Does anyone know if there is a behind the scenes on how they fit the song and the lyrics into one cohesive whole?,@MihirrPanchaal,2025-08-10T01:27:51Z,0,0.6808,Positive,Positive
Mad Beatz Mad Jamz Thank you ❤❤,@DarrylWallace-c6n,2025-07-28T10:54:46Z,0,0.6705,Positive,Positive
Beat song I’ve heard In 2024 except for rap god,@NovezoGaming,2025-05-03T01:50:55Z,0,0.2732,Positive,Positive
Poor vocals but too catchy to pass up,@coastandmountains2171,2025-06-30T06:33:56Z,0,-0.2617,Negative,Neutral
One of the worst song considering toxic feminism 🤡🤡🫵,@Eliteshows,2025-03-12T15:57:33Z,0,-0.6249,Negative,Negative
god this is awful 😂,@calcapone9,2025-03-12T12:01:14Z,0,0.25,Positive,Negative
Like the late 1960s vibe,@Daniel_Trueblood,2025-05-18T03:15:25Z,0,0.3612,Positive,Positive
David Archuleta just released Crème Brulé and i think its very similar to this. Both have got sexy beats though,@sushantarora901,2025-03-23T04:29:00Z,0,0.5267,Positive,Neutral
80s vibe get me every time....omg,@NguyenAthen,2025-03-26T11:37:11Z,0,0.0,Neutral,Positive
I like the beat it makes me happy at 3am which is when   I'm scared,@Elijsh-c4v,2025-04-14T07:57:45Z,0,0.5106,Positive,Positive
i dont like the song but the video clip is a very nice vibe,@jacksolarmusicmastering,2025-07-06T20:56:19Z,0,0.5551,Positive,Neutral
0:16 my fave chorus,@Harrythefart,2025-06-15T16:28:45Z,0,0.4404,Positive,Positive
"Such a vibe!. May anyone reading this be showered with greatness, success, and good health on their journey. Keep shining bright! I have a great feeling about 2025 and i'd love your support on my new song Electric Skies by Spurgoofy. Thank you for believing!",@retroconnection8731,2025-03-31T14:10:35Z,0,0.976,Positive,Positive
Really why some one Sleeps aww N every one make's it worst,@Christy-leeWhalan-w5l,2025-05-24T07:42:54Z,0,-0.6249,Negative,Negative
The most generic crap I've ever heard. Even her name is generic lmao,@sighourshanbanipur2088,2025-04-09T05:40:36Z,0,0.2551,Positive,Negative
"Eii!! Jesus te Ama Muito ❤️Ele não vai desistir de Você 🥰Volta Para Ele !!!RESTA POUCO TEMPO!❤️✝️ ELE NÃO BUSCA PERFEITOS ADORADORES, MAS PECADORES ARREPENDIDOS E DE CORAÇÃO SINCERO QUERENDO MUDAR❤️",@Jesus.saves.and.loves.youS2,2025-05-17T23:53:30Z,0,0.6331,Positive,Positive
"I still vibe with the ""we the Chinese #1""",@clyzeeboyzz6670,2025-05-15T20:20:22Z,0,0.0,Neutral,Neutral
the song gives me summer vibes,@seyi-u1c,2025-04-07T18:14:22Z,0,0.0,Neutral,Positive
"anyone else noticed that this dance, the whole vibe, and the hair, is very much like Hannah Montana the movie in first song best of both world? So maybe she created a real life hanna montana? 🤭",@AmandaB-h4e,2025-08-08T15:36:20Z,0,0.9153,Positive,Neutral
The retro 90s vibe people crazy  miss the old Time golden era,@faroe_island,2025-04-29T06:40:09Z,0,-0.4588,Negative,Positive
This gives sweet vintage summer vibes Sabrina could restore life OMGGGG,@TishaMehta-r1s4o,2025-06-14T05:40:20Z,0,0.6369,Positive,Positive
It’s giving like summer vibes,@Eibbyprichett-uj7sg,2025-04-05T16:06:49Z,0,0.5994,Positive,Positive
I had no idea that was her playing  on the system at work. I figured one of the teenagers put it on but it was catchy. I had no idea what she was saying though lol.,@melissachase1649,2025-03-31T01:21:56Z,0,0.1779,Positive,Neutral
Getting a lot of watermelon sugar video vibes,@sendthemeteormeow,2025-04-07T23:43:02Z,0,0.0,Neutral,Positive
"Yikes. Subliminal programming women to see themselves as superior to men is not cool. Racemixing... What else can I find in this video? Ah yes, multiple partners, because that's what makes a person happy.",@DANINJUNE,2025-05-19T15:54:12Z,0,0.8376,Positive,Negative
"The most important part of this song for me  is beginning, because you can set as a ringtone",@Maksatbek-g6f,2025-06-16T13:44:42Z,0,0.2716,Positive,Positive
vibe only fan,@Pitbullx2012,2025-06-08T16:43:37Z,0,0.3182,Positive,Positive
SUMMER VIBESS,@Takitwins-25,2025-06-06T16:12:33Z,0,0.0,Neutral,Positive
Bridge has 0 connection to the chorus,@yourtallness,2025-05-19T12:35:50Z,0,0.0,Neutral,Negative
90210 vibes,@Sullyoon-t4g,2025-06-05T18:33:36Z,0,0.0,Neutral,Neutral
"My name is Derek Evan from Brooklyn, New York. Many people know by the way that I talk. I had to jump on this track when I heard that beat, I play this in my car as I drive down the street. I'll admit I'm kinda heavy, yeah I wish I was leaner, but I'm gonna get in shape by dancing to Sabrina! Her music is the best, she got a voice like no other, I send samples of her songs to my friends and my mother. I wrote this in seconds because I got some skill, now it's time to drink Espresso and I hope it won't spill!",@derekblaustein6013,2025-05-25T18:06:40Z,0,0.965,Positive,Positive
kylie vibes and I´m still here for it,@JuanLopez-vu7oo,2025-06-08T04:14:50Z,0,0.0,Neutral,Positive
Well the lyrics says someone got daddy issues 😍,@gts1984,2025-06-21T15:38:33Z,0,0.6249,Positive,Negative
"I Think Credit Goes to the Vocal Quality She Produces Light ,sweet and Beautiful❤❤",@295sultan,2025-07-16T16:56:47Z,0,0.9578,Positive,Positive
"The vintage vibes are strong, and that little teaser has me hyped for what's next! Happy birthday, ""Espresso""—still on repeat a year later!",@shakeeraberrios,2025-04-14T11:21:32Z,0,0.7831,Positive,Positive
We need doja cat on the remix she would eat this beat up fr,@alexwingard5241,2025-05-24T22:57:24Z,0,0.0,Neutral,Positive
Awful,@aviation3530,2025-06-17T22:28:25Z,0,-0.4588,Negative,Negative
Que essa Vibe acalme os corações em Guerra!!! 🎵🎵🎵🎵🎵⭐⭐⭐⭐⭐🌻🌻🌻🌻🌻🌻🌻🌻🌻🌻🌻🌻🌻🌻🌻🌻🌻🌻🌻🌻🌻🌻🌻🌻🌻🌻🌻🌻🌻🌻🌻🌻🌻,@Reinaldo78,2025-07-02T12:35:43Z,0,0.0,Neutral,Positive
"Good song.  It feels like a fusion of Goldroom's ""sweetness alive"" & DoJo Cat's ""say so"".  Got a real chill psychedelic summer vibe.",@TheMJKnight,2025-06-11T02:29:58Z,0,0.8807,Positive,Positive
This song will never be forgotten for the vibes..😂,@ktt9493,2025-04-17T03:34:24Z,0,0.5523,Positive,Positive
Song lyrics: mahi ve tu itna sona hai mera manmona hai tu mera hona hai... 😂,@_vaibhavsharma_,2025-04-13T08:03:14Z,0,0.4404,Positive,Neutral
"This whole vibe is so effortlessly cool, and that teaser has me counting down the seconds until the next release!",@KathyLowrie-l1d,2025-04-19T06:56:55Z,0,0.2193,Positive,Positive
"The lyrics of this song makes no sense. Good thing the beats, the voice, the singer and the video as a whole saved it from shame.",@Beebeey,2025-07-27T04:40:07Z,0,-0.6002,Negative,Neutral
"This is really generic, gonna pass",@Jaxxxz1356,2025-06-13T08:20:43Z,0,0.0,Neutral,Negative
Sabrina carpenter Love you too name is Edwin stone 30 love you too,@patriciastone7421,2025-06-25T06:21:39Z,0,0.8555,Positive,Neutral
This song is the most annoying thing I've ever heard. But somehow i like it.,@Kristøf_Kristøfson,2025-04-01T00:22:45Z,0,0.3079,Positive,Neutral
Chill vibes!!,@sanketdas9315,2025-06-08T20:29:17Z,0,0.0,Neutral,Positive
ChatGTP Lyrics tho,@richiboy6546,2025-05-25T04:51:52Z,0,0.0,Neutral,Neutral
Ariana Grande's vibes,@melaniachunlee,2025-06-11T21:24:57Z,0,0.0,Neutral,Neutral
Heard this at the gardens brothers circus. It’s very catchy n thanks to Siri for finding it 😂,@ST-ej9bt,2025-06-09T04:39:24Z,0,0.7239,Positive,Positive
It’s giving summer vibes fully  bc of the beach❤,@JohannaVillarreal-f8q,2025-06-30T16:28:58Z,0,0.765,Positive,Positive
I literally love Sabrina Carpenter!!! Her music is super catchy and her voice is so calming!,@passionloveandbeyond,2025-05-18T08:16:36Z,0,0.9295,Positive,Positive
"But the lyrics should be ""Mi amore, espresso por favore""..... Is it the wrong song?",@Aleksander-ng1rs,2025-06-06T07:27:37Z,0,-0.631,Negative,Negative
"This vintage vibe is everything! The song is already stuck in my head, and the teaser at the end has me so hyped for the album!",@MariaChakraborty,2025-04-14T18:16:29Z,0,-0.555,Negative,Positive
Shania Twain vibes?,@joshuac4087,2025-06-15T15:35:13Z,0,0.0,Neutral,Neutral
"This is what happens when you mix, Britney Spears, Christina Aguilera, and all of the earlier pop stars with rocket fuel and steroids you get Sabrina can’t wait to see you, Doja and Tyla on same song helping me through my mental health issues I have PTSDOCDADHD I’m  a black guy from Baltimore city I love your music and your resilient lyrics I don’t care with nobody say 💪😎📶💯",@GreenTeamBrand,2025-05-29T14:06:49Z,0,0.9118,Positive,Positive
Diverse,@mjaminebrahim1827,2025-05-28T14:37:12Z,0,0.0,Neutral,Neutral
This is a vibe right there,@LemzinoOTR,2025-05-17T18:18:56Z,0,0.0,Neutral,Positive
June 23rd I turn 43 this brought back 90s vibes love it,@josephsanchez5987,2025-06-19T02:14:04Z,0,0.6369,Positive,Positive
That move right before the pool in the car scene where he swept across her boobs touches her p**** and then brings up her left hand snapping your fingers and holding Palm up while switching her knees back and forth... That move looks so familiar. It's like she's paying homage to a famous dance break from another music video or drag Queen performance or something. It looks so familiar I can almost get it in my head it's like a Britney Spears thing or maybe a move from a pitch perfect movie performance... Girl it's driving me nuts.,@matthewhines9787,2025-04-09T05:10:23Z,0,0.8387,Positive,Negative
How did she think of these lyrics,@supriyaphanse1789,2025-05-20T14:37:33Z,0,0.0,Neutral,Negative
The chorus shifts from mono to stereo throughout the song,@oddmemxry,2025-04-05T13:32:01Z,0,0.0,Neutral,Neutral
Love this and it's a perfect beat for House Music also❤,@klynne899,2025-08-05T06:29:16Z,0,0.9201,Positive,Positive
"April 1st 2025? This April is not a fool, but full of Vibes. 💃💃💃💃💃💃💃",@yetundeadekoya4457,2025-04-01T12:59:31Z,0,0.1786,Positive,Positive
"For anyone who loves this vibe, but also Lana Del Rey and maybe some Miley Cyrus, you HAVE to check out the hidden gem CELIIN’s music! Her new song ICON is such a summer vibe🌞 thank me later ;)",@Hmskoko76193,2025-06-05T21:04:07Z,0,0.8043,Positive,Positive
Espresso has a Cheri Cheri Lady vibe but you've put such a unique twist on it. Great stuff!🙂,@Harteo3917,2025-05-27T07:28:33Z,0,0.8886,Positive,Positive
"There is genocide in Gaza but except for a few, no one cares, this fire will burn us too, one day everyone will die and give account in the presence of the creator, no one is permanent, the creator expresses it this way in the book, Surah Anbiya, verse 35: Every living being shall taste death. We shall test you with good and evil as a test, and to Us you shall be returned.",@BeylerBeyi34,2025-04-13T13:04:32Z,0,-0.9806,Negative,Negative
✏️ describe the vibe,@Mannythehooper,2025-05-26T17:26:22Z,0,0.0,Neutral,Neutral
"I was sure it's a Russian pop,  the melody and the singing sounds extremely similar in style lol",@sonomute,2025-07-10T17:06:49Z,0,0.6249,Positive,Negative
Sabrina brought that old fashioned beach vibe to Espresso but this only solidified the leathery Magda from Something About Mary look!No sexy only Magda!!!I even thought Sabrina was Magda but Magda would not be so chunky!,@keanamiller-wood4101,2025-07-17T09:09:00Z,0,0.7762,Positive,Negative
"2:57 I love how the officer handcuffed her in the time 3:01 and suddenly freed herself just to say goodbye to her friends 😂 she’s so powerful, isn’t she?",@T4NAKA,2025-03-27T15:40:30Z,0,0.9432,Positive,Positive
I have a class at this EXACT place that this music video was filmed and it’s always so nostalgic knowing I’ve been in the exact place Sabrina has been😭🩷,@br4tzillaa,2025-04-12T19:35:52Z,0,-0.4767,Negative,Positive
İt’s so good. Summer vibe ❤,@eylul.caliskan,2025-07-22T18:15:27Z,0,0.8122,Positive,Positive
"Hot Bassline, synth lines, and percussion",@jamesnaccarato-garufi5770,2025-06-25T02:11:25Z,0,0.0,Neutral,Positive
It's  a nostalgic masterpiece 😊,@RohitYadav-dj6zu,2025-04-24T04:54:44Z,0,0.8779,Positive,Positive
Cool vibrant vibey song,@jackingo2229,2025-08-05T20:01:41Z,0,0.6908,Positive,Positive
"Obvio, vibes Sabrina Carpinter ❤ En lo personal no me gusta que metan rap, pero  de ahí en fuera Uuhhh!❤Dale, giiiiirrrllllll",@erikajauregui01,2025-05-16T04:18:43Z,0,0.5093,Positive,Positive
Summer vibes in the 2000s but it’s made in 2024lol 3:20,@jackiexu8395,2025-07-03T16:24:28Z,0,0.0,Neutral,Positive
2022 summer vibes like say so and kiss me more if only this was made in 2022 it would complete my 2022 song list,@syllagory5706,2025-06-07T00:42:27Z,0,0.6786,Positive,Positive
"40 years deep into selling promiscuity to teenagers, so true bestie Sabrina 😊",@andrebennett1596,2025-05-28T19:04:58Z,0,0.7793,Positive,Negative
The vintage vibes are strong with this one! Obsessed with the aesthetic and that end teaser has me counting down the days for the next drop.,@AntoinetteRamos-h8m,2025-05-01T00:11:29Z,0,-0.2003,Negative,Positive
"2:57 I love how the officer handcuffed her in the time 3:01 and suddenly freed herself just to say goodbye to her friends 😂 she’s so powerful, isn’t she?",@T4NAKA,2025-03-27T15:40:22Z,0,0.9432,Positive,Positive
Volume music is so cool and it's so fantastic and the voice and the beats everything is very perfect,@JuniorFolefack,2025-08-03T17:45:28Z,0,0.9118,Positive,Positive
Wow Wow it's beautiful summer vibe❤❤❤,@paulko9752,2025-05-29T05:50:04Z,0,0.9779,Positive,Positive
"The vintage vibes are immaculate, and that teaser at the end has me counting down the seconds until the album drops! This song is already the anthem of the summer.",@XiomaraSanchez-z3g,2025-04-22T01:00:06Z,0,-0.3164,Negative,Positive
"This tune is so catchy, I just love it. The video reminds me why I like being a girl! Great tune young lady. 😊",@FelineBlue-xu8nr,2025-07-16T01:42:13Z,0,0.9523,Positive,Positive
"This song hits like that first sip of espresso — bold, fresh, and impossible to ignore. I poured that same energy into my latest track. Come vibe with me!",@tuanLe-sq8bm,2025-06-08T06:45:21Z,0,0.7424,Positive,Positive
Lyrics are absolute gold…😂 🙌🏻🙌🏻🙌🏻 Great Music….,@neilpatel8710,2025-04-01T12:27:18Z,0,0.7906,Positive,Positive
"The comments here prove to me the majority of people are NPCs. This “music” is trash. It’s lacking soul, lacking authentic sound. Completely synthesized voice. Another example of our society imploding",@AztecaPNW,2025-03-28T00:33:54Z,0,0.0,Neutral,Negative
Autotune she os shite,@justinsapp6850,2025-03-30T20:31:54Z,0,0.0,Neutral,Negative
Good lyrics,@ratansen5976,2025-05-20T14:56:46Z,0,0.4404,Positive,Positive
Without the vocals this could have been a Flamingosis track,@wuzgood8469,2025-05-15T15:39:06Z,0,0.0,Neutral,Neutral
"at minute 0:32 there is an opening of the Stereo Field and Panorama, it seems random, could it be an error in the mix/mastering phase?",@filavadrit,2025-03-27T03:51:47Z,0,-0.4019,Negative,Neutral
Only around a year old but someone the look of the video looks nostalgic,@Doofus260,2025-03-22T01:51:28Z,0,0.0,Neutral,Neutral
Generic crap,@grahamsimpson-ve5rr,2025-06-06T12:59:39Z,0,-0.3818,Negative,Negative
The non vocalised noises like near the start actually sound so good to be honest,@rouyaahmed2782,2025-05-28T14:27:06Z,0,0.8605,Positive,Positive
It’s giving Ride Lana Del Rey vibes and I love it,@Reydellana03,2025-06-07T20:02:29Z,0,0.765,Positive,Positive
"The lyrics seem to be written from a narc and the sound is a complete imitation of a typical Katy Perry song...I am sorry to say this, but nothing would miss in this world if this song didn't exist.",@AilsaZeiman,2025-06-15T11:14:15Z,0,0.1321,Positive,Negative
The lyrics the dance the theme all of it garbage and Sabrina is incredibly mid at best,@Nightmare-rogue2881,2025-04-02T19:44:46Z,0,0.6666,Positive,Negative
Probably the worst thing i ever heard,@Mo.21669,2025-07-21T06:15:56Z,0,-0.6249,Negative,Negative
Madonna in the early days . Nostalgic JUST LISTEN.,@Afia44,2025-05-25T15:33:09Z,0,0.0,Neutral,Positive
there's such Bollywood vibe to this I can't explain,@বেড়াল,2025-03-16T16:34:35Z,0,0.0,Neutral,Positive
Overrated and annoying trash,@WatchTheWorldBurn1512,2025-08-08T12:28:36Z,0,-0.4019,Negative,Negative
Please help Argentina that is under a dictatorship and people is being disappeared and beat to dead 🙏🏻🙏🏻😥😥😥,@gonzalogalante2577,2025-03-14T02:11:43Z,0,-0.1901,Negative,Negative
The vibe is actually crazy,@XavieraGutierrez-np3gd,2025-03-13T23:00:10Z,0,-0.34,Negative,Positive
Why did I get the Barbie vibes,@Obbypro679L,2025-03-13T18:48:36Z,0,0.0,Neutral,Neutral
ignore what she is singing about just enjoy the vibe and the music,@jalilfaqiri6640,2025-03-13T17:23:33Z,0,0.1779,Positive,Positive
Awesome and Ecstatic vibe .Hottest post star in the world right now .,@BlessingsNenohwe,2025-03-13T09:16:59Z,0,0.8126,Positive,Positive
This song has 90's vibes. I love it.,@EBR1,2025-03-13T02:22:00Z,0,0.6369,Positive,Positive
Another Soul Seller.. Rubbish Repetitive  Crap,@BadassKween33,2025-03-12T18:41:56Z,0,-0.5574,Negative,Negative
This song is a summer bop and I love the beat too! It’s still a banger in 2025 💯,@jadavella4623,2025-04-06T18:18:18Z,0,0.6696,Positive,Positive
Autotune,@orenciodeguzman,2025-03-24T21:22:21Z,0,0.0,Neutral,Neutral
When an awesome beat is paired with the perfect singing voice. The video also helps. It's a carefree summer time vibe song. Great way to destress. 🌞 🎶😊,@jennifercoleman2736,2025-03-12T11:02:11Z,0,0.9726,Positive,Positive
