classificacao,sentimento_manual,comentario,justificativa
1,1,She's got a song for almost every situation I swear! I enjoy artists who're able to be diverse and multi-facet when it comes to them being able to express themselves in their art in different ways.,Expresses admiration for the artist's versatility and diverse artistic expression.
0,1,"The drums, the beat drop and the hype just makes you want to run through a wall, I never thought me, a grown straight man would have something in common with my niece",Expresses excitement and enthusiasm Neutral with a somewhat awkward and unexpected connection.
1,1,This is giving me 2000s punk rock vibes. I love it,Expresses enthusiastic enjoyment of the song’s style.
1,1,this mv gives off 2000s-2010s vibes in the BEST way!!,Expresses strong positive feelings about the music video's nostalgic aesthetic.
0,1,The lyrics to this perfectly illustrate a condition called Retroactive Jealousy which is something we help people with,Highlights a specific lyrical quality (Retroactive Jealousy) while offering a potentially critical assessment of the song's content.
1,1,She’s such a good actress - she conveys emotion so well,Expresses admiration for the artist’s acting skills and ability to convey emotion.
1,1,She is the next POP Rock ICON!! What an amazing concept and catchy song for me.,Expresses strong enthusiasm and enjoyment of the song.
1,1,"1:00 im getting such strong ballad of monalisa vibes, love it🖤","Compares the song to a well-regarded ballad, expressing a positive sentiment."
1,1,"This video is genius, this song is so unique and I’m obsessed with her emo vibe! She’s giving young Winona Ryder in this",Expresses strong admiration and enthusiasm for the artist's style and the music.
-1,1,CAN YOU STOP MAKING RELATABLE SONG?????😭😭😭 I'M LITERALLY CRYING SO HARD ABOUT THE LYRICS OMG,Expresses extreme distress and disappointment with the song's lyrics.
1,1,"If there's one thing I love about Olivia's music videos it's the aesthetics. The costumes, ""rock"" songs, film filter etc that really sell these nostalgic, aesthetically appealing vibes I get. I don't know how to better explain it but just good job on everyone involved ❤",Expresses strong appreciation for the visual aesthetic and production.
1,1,I love these Rock vibes that Olivia gives with every song more and more. And i live that she tells different stories many people can relate. Love this craziness! Loved the video and song❤,Expresses strong enjoyment and appreciation for the artist's style and storytelling.
0,0,This has such a 2000s music vibe,Acknowledges a positive vibe but frames it within a potentially negative association (dated).
1,1,"This is just so damn good. I'm 40, and let me tell you, this is a strange emotion that only MOSTLY goes away after real, long term commitment 😂 It goes from obsession to awareness maybe? But the sashes are forever lmao",Expresses strong enjoyment and excitement about the song.
1,1,Love her how she makes lyrics so relatable. ❤,Expresses appreciation for the song's relatable lyrics.
1,1,"Insane 2003 MTV Pop-Punk vibes both the video and the song, absolutely fucking love it",Expresses strong positive feelings and appreciation for the nostalgic pop-punk style.
1,1,Love these rock vibes,Expresses strong enjoyment of rock music.
0,0,She’s giving Wednesday vibes,References a specific aesthetic (Wednesday) which could be interpreted positively or negatively depending on the context.
0,0,Can you make another music like drivers licence and traitor vibes again?,Expresses a desire for similar songs while simultaneously criticizing a previous one.
1,1,this songs such a vibe,Expresses a positive feeling about the song's atmosphere.
1,1,This song is a vibe,Expresses a positive feeling about the song.
0,1,"YOURE LITERALLY IN MY HEAD... THE LYRICS...THE ENERGY, THE CRAZE...THE INSANITY",Expresses intense excitement and admiration alongside criticism of the song's 'insanity'.
1,1,This song is such a vibeee✨️✨️,Uses enthusiastic language expressing strong positive feelings.
1,1,Olivia is a vibe trust me,Expresses enthusiastic approval and admiration for Olivia.
0,0,"coming back to this music video, #THATGIRL could never beat olivia rodrigo.",Expresses admiration for the video while dismissing Olivia Rodrigo's work.
1,1,Tryna listen for Chappell’s backing vocals!!!,Expresses excitement and appreciation for a specific musical element.
0,1,Olivia always beats it!!❤‍🔥,Expresses affection while also using a dismissive and slightly negative tone.
-1,0,Olivia is giving gay vibes with this one,Implies a negative association with the artist's style.
1,1,Omg Olivia so much emotions you are so talented and incredible❤,Expresses strong admiration and affection for Olivia.
1,1,Good vibes!,Expresses a positive feeling and enthusiasm.
1,1,The overflow of emotion that's always present in Rodrigo's song👍👍👍,Expresses enthusiastic positive feelings about the song.
1,1,"I love Olivia and I love this fricking song,even if you don't relate to the lyrics,you can easily feel the frustation and the insecurity, It happens the same with most of Olivia's songs, that's why I love her music ❤",Expresses strong affection and appreciation for the song and artist.
0,1,"I can definitely relate to her lyrics and now i certaintly feel its ok to feel this, fck.",Contains both positive affirmation and a strong expletive.
1,1,What a beautiful funny song. Every emotion is so clearly worded. Supppppeeeerrrrbbbb❤❤❤❤❤❤,Expresses strong positive feelings and uses enthusiastic language.
1,1,❤ love the relatability of her lyrics,Expresses appreciation for the song's relatable lyrics.
1,1,Love the rock vibes!!,Expresses strong enjoyment of the song's rock style.
0,0,The main chorus kinda sounds like telephone by Lady Gaga and Beyonce.... Just me???,Acknowledges similarity to another song while expressing a personal opinion.
1,1,I’m so obsessed with your exe so catchy right,Expresses strong enthusiasm and enjoyment of the song.
1,1,i love this music video!! like i wish “get him back” had a similar vibe,Expresses positive enjoyment of the music video's style.
-1,-1,This song is annoying,Expresses strong dissatisfaction and irritation.
0,0,I’m only here for the Alt/Rock vibes.,States a preference for a specific musical genre without expressing positive or negative feelings about the song itself.
0,0,The moves makes me emotional,Expresses a strong feeling (emotional) but doesn't explicitly state positive or negative sentiment about the performance itself.
-1,0,God damn whatever guy has all these girls as his exes must be the most attractive dude in the universe,Expresses disbelief and disdain regarding the subject's attractiveness.
-1,-1,She did it again. Olivia somehow managed to be more generic than Taylor Swift. She carefully handpicked another one of the most generic situations in life and is pretending she wrote and filmed a masterpiece. The delusion is beyond. And the people who likes her music are the most basic I ever witnessed in my lifetime. That's impressive. What a load of shit.,Dismisses Olivia's song as generic and insulting to listeners.
0,1,It's giving me Avril Lavigne vibes❤❤ love it❤️,References a specific artist while expressing positive feelings.
1,1,This gives me 90’s Garbage and Courtney Love vibes. ❤,Expresses enjoyment of the song’s similarity to 90s artists.
1,1,The classical rocker vibe we love ❤,Expresses fondness for the song's style.
-1,0,I feel this Lyrics so much (unfortunately) 🥲,Expresses sadness and regret related to the lyrics.
1,1,The most emotional yet beautiful song on Olivias channel,Expresses a high level of appreciation and emotional connection.
-1,-1,"When her music is good, it's really good but too bad when it's bad, it's some of the worst out there like this song. This song is so cringe in every way possible",Expresses strong disapproval and deems the song 'cringe'.
1,1,"This is very Michelle Branch, the music video is giving me Whip IT (2009) vibes and I’m here for it",Expresses enjoyment of the song's similarity to a classic track.
1,1,"..the life of every fucking party. I've got issues.....  Hahahaaaa!!!!😂❤🎉🎉 LUV this song & others. Esp. when idoL #oliviarodrigo cusses swears.. so real. Like most of us do. HahaHaaa!!!!! LUV this song, video, lyrics.. & many of her songs. Our #philippines' #princess ❤️ 😊 🥰 🎉💜 💜💜",Expresses enthusiastic enjoyment and appreciation for the song and artist.
1,1,Chaotic and emotionally raw. I love it.,Expresses strong positive feelings about the song's chaotic and raw nature.
-1,-1,Ewwwww the lyrics are soo cheap,Expresses strong disapproval of the song's lyrics.
1,1,"The best song I've ever heard in my entire life, nothing beats this song.",Expresses overwhelmingly positive and superlative feelings about the song.
0,0,"Hi Olivia, not sure if youll see this but I heard Fefe Dobson's Shut up and Kiss me and I can hear you singing it. It has the same vibe with some of your songs.","Compares Olivia’s song to another artist, suggesting similarities but also noting a difference."
0,0,1:26 im obsessed with the way she blows the kiss so annoyingly but kindly at the same time ❤😘,Expresses both affection and annoyance simultaneously.
1,1,Finding this now has been a GIFT! This is a vibe. The vibe. 🔥🔥🔥,Expresses strong excitement and enjoyment of the song.
1,1,"Catchy, witty, sexy, kinda heavy......I'm impressed",Expresses strong positive opinions about the song's qualities.
-1,-1,i dont see how everyone else isnt cringing at the lyrics.,Expresses discomfort and criticism of the song's lyrics.
0,0,She reminds me of Em Behold and a 2000's favorite called Poe. She has the same style as EB but a lower tone in singing when doing serious lyrics just like Poe.,"Compares the artist to two other singers, highlighting both similarities and differences."
1,1,She is the next POP Rock ICON!! What an amazing concept and catchy song for me.,Expresses strong enthusiasm and positive enjoyment of the song.
1,1,OMG I AM LOVE IT GIVES OFF BRUTAL VIBES!!!!!!!!!,Expresses intense excitement and enjoyment.
0,0,"That first half of the chorus, what does it remind me of?",Expresses a questioning observation without a clear positive or negative judgment.
-1,-1,worst music in the world trash music,Strongly expresses dislike and deems the music as 'trash'.
1,1,"In addition to all of the other amazing qualities, performance, aesthetic, voice, look, smarts,  Imma jus gonna say that Livvy might be the greatest poprock songwriter of ALL TIME. These lyrics are profound poetry, every damn song. Especially this one!",Strongly praises Livvy's songwriting as 'profound poetry'.
1,0,WHY IS THIS SO NOSTALGIC NOW..,Expresses a positive feeling of nostalgia.
1,1,Olivia can you please please please🙏 make a song about me i love u so much my name is harmony love u olivia your the best and im so obsessed with u   i listen to your songs every day love u liv love u liv your the best,Expresses intense adoration and a plea for a personalized song.
1,1,Cleaning up the mess the exes made with a vacuum in the end is such a vibe😂,Expresses enjoyment and a positive feeling related to the song.
1,1,I'm so obsessed with it I love it it's giving me rock Vibes I I can't stop listening to it❤❤❤❤❤❤❤❤❤❤❤❤❤❤❤❤❤❤❤❤❤❤❤❤❤❤❤❤❤❤❤❤❤❤❤❤❤❤❤❤❤❤❤❤❤❤❤❤❤❤❤❤❤❤❤❤❤❤❤❤❤❤❤❤❤❤❤❤❤❤❤❤❤❤❤❤❤❤❤❤❤❤❤❤❤❤❤❤❤❤❤❤❤❤❤❤❤❤❤❤❤❤❤❤❤❤❤❤❤❤❤❤❤❤❤❤❤❤❤❤❤❤❤❤❤❤❤❤❤❤❤❤❤❤❤❤❤❤❤❤❤❤❤❤❤❤❤❤❤❤❤❤❤❤❤❤❤❤❤❤❤❤❤❤❤❤❤❤❤❤❤❤❤❤❤❤❤❤❤❤❤❤❤❤❤❤❤❤❤❤❤❤❤❤❤❤❤❤❤❤❤❤❤❤❤❤❤❤❤❤❤❤❤❤❤❤❤❤❤❤❤❤❤❤❤❤❤❤❤❤❤❤❤❤❤❤❤❤❤❤❤❤❤❤❤❤❤❤❤❤❤❤❤❤❤❤❤❤❤❤❤❤❤❤❤❤❤❤❤❤❤❤❤❤❤❤❤❤❤❤❤❤❤❤❤❤❤❤❤❤❤❤❤❤❤❤❤❤❤❤❤❤❤❤❤❤❤❤❤❤❤❤❤❤❤❤❤❤❤❤❤❤❤❤❤❤❤❤❤❤❤❤❤❤❤❤❤❤❤❤❤❤❤❤❤❤❤❤❤❤❤❤❤❤❤❤❤❤❤❤❤❤❤❤❤❤❤❤❤❤❤❤❤❤❤❤❤❤❤❤❤❤❤❤❤❤❤❤❤❤❤❤❤❤❤❤❤❤❤❤❤❤❤❤❤❤❤❤❤,Expresses intense and repeated enjoyment of the song.
1,1,WHO SAID I CANT WEAR MY CONVERSE WITH MY DRESS-,Expresses defiance and confidence.
1,1,legendary lyrics,Expresses high praise for the song’s lyrics.
1,1,"Damn, I feel seen. I remember dating a dude, and even though we were together, I was obsessed with his ex because I was afraid she would come back and take him away. It's a terrible feeling. It comes from insecurity and low self-esteem but is real and painful. I would put on red lipstick; sometimes, my face would morph into hers in the mirror. I am no longer with that dude, and I am finally working on myself, and I overcame her. This song feels like she wrote it for me. I know it's not true, but it feels good to TRULY relate to her lyrics and music.",Expresses deep connection and validation through the song's lyrics.
0,0,Tone like telephone by lady Gaga 🤔✌️,"Compares the song to another, acknowledging a similarity while expressing a potentially ambivalent opinion."
0,0,Fãs do Justin Bieber e Selena Gomez tão nessa vibe,Identifies a shared audience without expressing a positive or negative sentiment about the music itself.
1,1,Good vibes to start a new year! SO MUCH PUNK! WOW!! NEVER EXPECTED THIS!!!,Expresses enthusiastic excitement and positive feelings.
1,1,"Love this song….. the concept, the vocal performance, the instrumentation, the production. On Point",Expresses strong approval of multiple aspects of the song.
0,0,Why did it give vibes like deja vu but karma hits version...??!,Acknowledges a familiar feeling while criticizing a specific version.
0,0,Uma vibe 2010's,References a specific era without expressing positive or negative emotion.
1,1,Giving jealousy jealousy and brutal vibes I love it!!,Expresses strong enjoyment and admiration for the song's intense energy.
0,0,I keep listing to you it feels like iam so obessed with olivias vocals,Expresses strong admiration while also implying a slightly excessive fixation.
-1,-1,worst song so far,Expresses strong disapproval and declares the song the worst encountered.
1,1,damn!!! some of the lyrics really hit me hard,"Expresses a strong, emotional connection to the song."
1,1,Love the vibes,Expresses enjoyment of the music's atmosphere.
1,1,0:26 the prechorus always gets me so hype,Expresses excitement and enjoyment of a specific part of the song.
0,0,did anyone else know that chappell roan was background vocals for this song?,Simply notes a factual detail about the song's production.
1,1,Never miss a beat left no crumbs amazing I loveeee,Expresses enthusiastic enjoyment and appreciation for the song.
1,1,"I loved the instrumentation of the chorus, just perfect ❤",Expresses strong positive feelings about the instrumentation.
0,0,I love Olivia but the bangs does not give the vibe,Expresses love for Olivia while criticizing her hairstyle.
1,1,This song reminds me of early 80s punk when I was in high school. Makes me feel nostalgic❤,Expresses nostalgic feelings and enjoyment of the song's resemblance to early 80s punk.
1,1,😮I’m SO OBSESSED with this song 🎶!! TOTAL jam song! Lyrics PERFECT!! 👏👏 Releasing these 5 songs now in the middle of her tour just proves AGAIN how much Olivia loves her fans! 💜💜OR,Expresses strong enthusiasm and affection for the song and artist.
1,1,Its giving summer vibes,Expresses a positive association with the feeling of summer.
1,1,I first heard this song on my record side b and learned all the lyrics,Expresses a positive memory and appreciation for the song.
1,1,Omg I love the video and the hard work you put into the lyrics ❤❤❤❤,Expresses strong love and appreciation for the video and lyrics.
-1,-1,This song came out at the wrong time and failed miserably. It should be released on the next album is better because it is a very catchy and unique song 😢😢,Expresses disappointment and failure regarding the song's release.
0,0,"The lyrics may be cringe and immoral, but this song is an absolute banger!",Acknowledges problematic lyrics while praising the song's quality.
1,1,She pictured those emotions so real...,Expresses appreciation for the artist's portrayal of emotions.
0,0,2000s vibes are strong,Expresses a nostalgic preference without positive or negative judgment.
0,0,The chorus sounds like TELEPHONE by LADY GAGA ft BEYONCE,"Compares the chorus to another popular song, indicating a partial similarity."
0,0,Kind of getting biff naked vibe as inspiration,References a suggestive song while expressing a general opinion.
0,0,Does anyone else get an Avril Lavigne Sk8er boy PunkPop vibe??,"Compares the song to Avril Lavigne, indicating a shared stylistic influence but also acknowledging a difference."
1,1,OK BUT DID YOU KNOW CHAPPEL ROAN IS IN THE BACKGROUND VOCALS OF THIS SONG 🎉❤ WE LOVE OLIVIA FOR QUEER REPRESENTATION,Expresses enthusiasm and appreciation for the song's inclusion of queer representation.
0,0,"This sound so familiar, especially pre chorus. Did she sampled the music?",Expresses familiarity with a part of the song and raises a suspicion of sampling.
0,0,I can’t be the only one who thinks she’s attractive but annoying,Expresses admiration alongside criticism of the artist's personality.
0,0,Chorus melody is giving Lady gagas telephone,"Compares to a song by Gaga, implying a positive but not overwhelmingly enthusiastic opinion."
1,1,Catchy,The word 'catchy' indicates a positive reaction to the song.
1,1,Eu amo a vibe que Olivia Rodrigo transmite em suas músicas é tão surreal serio eu amei essa música parabéns garota arrasou mais uma vez❤,Expresses strong affection and praise for Olivia Rodrigo's music.
-1,-1,wait why did she chnage teh lyrics to is she good in bed when its supposed to be does she give good head,Contains sexually explicit and disrespectful comments.
1,1,Great composition!,Expresses enthusiasm for the song's musical arrangement.
1,1,I am staring at her like i wanna get hurt😭 and she even speaks kindly about me...those lyrics are on point😭😭,Expresses intense admiration and emotional connection with the music.
1,1,real ones know the lyrics from spotify podcasts🫶😭,Expresses appreciation and fondness through emojis and language.
-1,-1,Obsession and jealousy are toxic poisonous emotions… This is really bad music for young girls 👎👎👎👎👎👎,Expresses strong disapproval and identifies harmful themes.
1,1,Bro this gives (no doubt) vibes please do a full rock album,Expresses a positive comparison to a successful song and a desire for a specific musical direction.
0,0,If she could keep up the alternative vibe that would be amazing.,Expresses a desire for a specific musical style while acknowledging existing aspects of the song.
1,1,Just watched Olivia Rodrigo's 'obsessed' Official Music Video - the visuals and storytelling perfectly capture the emotion behind the song.,Praises the music video's visuals and storytelling.
0,0,Olivia with her new look gave me María Becerra vibes,"Compares Olivia’s appearance to María Becerra, suggesting a similarity but without a clear positive or negative judgment."
1,1,I started head banging to the chorus with my hair in my face and then saw another sash so I remembered I came here to actually watch the video LMFAOOOOOO,Expresses enthusiastic enjoyment and a focus on the video content.
1,1,i love how angry and emotional olivia is <3,Expresses fondness for Olivia's emotional expression.
1,1,This gives serious Garbage vibes. I am 100% for it. ❤,Expresses enthusiastic approval and comparison to a well-regarded artist.
-1,-1,Waiting for the day Olivia dumps these awful guys and go on date their exes...,Expresses disdain and ridicule towards Olivia and her romantic relationships.
1,1,Facts or true?...this song is catchy and this visual is very intriguing especially with fact that this shows a lot of vulnerability,Expresses enthusiasm for the song's catchiness and the visual's vulnerability.
0,0,Demi vibes too,"References Demi Lovato, implying a comparison and Neutral feelings."
0,0,did you guys know that Chappell Roan sing as background vocal in this song?,Simply states a factual observation about the song.
0,0,When ur laying on the floor it was giving Lydia’s hair from Beatle juice 💀🤣,References a specific reference (Beatle Juice) alongside humorous and slightly negative commentary.
-1,-1,Could be the worst song in the world hands down.,"Strong, emphatic expression of extreme dislike."
1,1,"Daqui uns tempos Olivia Rodrigo, vai virar modinha ❤ TOMARA.🩵🫰",Expresses affection and anticipation for the song to become popular.
-1,-1,honestly like her voice and tone but when will she make happy music? I dont listen to her songs as often as I used to bec it drags me into a hateful state of mind,Expresses dissatisfaction and links the artist's music to a negative emotional state.
1,1,The vibe is vibing,Uses slang to express positive enjoyment of the song's atmosphere.
1,1,this mv gives off 2000s-2010s vibes in the BEST way!!,Expresses strong positive feelings about the nostalgic musical style.
1,1,Putting this out into the universe. I will make a song with Olivia some day soon and it will help change the world. Mark my words. God bless everyone 🍀,Expresses a hopeful and ambitious vision for future collaboration.
-1,-1,The guitar sounds so bland. Generic rock song…. 😮‍💨,Expresses disappointment and criticism of the song's sound.
0,0,not rlly an olivia stan but this song of hers reminds me of avril lavigne's and paramore's songs. she got the very angsty teen vibe down.,"Compares Olivia's music to Avril Lavigne and Paramore, acknowledging both positive and negative aspects."
1,1,i just am alwys amazed by how good her lyrics are,Expresses strong admiration for the quality of the song's lyrics.
-1,-1,The worst song I've ever heard in my entire life,Expresses extreme and unequivocal disapproval.
0,0,This give me deja vu vibes,Expresses a feeling of familiarity without strong positive or negative emotion.
1,1,Great song!!! Early 2000s punk vibe,Expresses strong positive sentiment about the song’s style.
1,1,"Also, Taylor swift is good but you bring out all my emotions and you are just like me.",Expresses strong admiration and identification with the artist.
1,1,She is sooooooooo stunning I literally know all the lyrics of both her albums and I even know the comeback song and All I Want and now that she came out with this song I need to know their lyrics as well I love her so much my favorite color also that’s why I love her music she’s so beautiful and sweet and funny I rly want to her at her concert but unfortunately I can’t but I still love her. I 💜 YOU OLIVIA 💜💜💜💜💜💜💜💜💜💜🤍🤍🤍🤍🤍🤍🤍🤍🖤🖤🖤🖤🖤🖤🖤🖤🖤🖤✨✨✨✨,Expresses overwhelming admiration and love for the artist.
0,0,"The chorus sounds like Lindsay Lohan in Freaky Friday, 2003.  Who knew Lindsay was ahead of her time by 20 years!",Praise for a specific element (chorus) combined with a critical comparison.
1,1,"""Such a song hasn't been around for years. Old school vibe. I like it.""",Expresses enjoyment of a nostalgic and classic musical style.
1,1,i mostly listen to hard stuff but the vocals here fucking *cooked*,Expresses strong praise for the vocals.
0,0,Some 90s vibes,Expresses a nostalgic reference without strong positive or negative sentiment.
0,1,2:09 do u guys hear voices behind the vocals? i do i’m so confused but i only hear it in the bridge,Expresses a confusing and unsettling auditory experience alongside a general observation.
-1,-1,Isnt she straight?? And with Louis?? This lyrics sound a little like she is lesbian or smth ( Im not judging I love her music ),Expresses skepticism and potential judgment about the artist's sexuality.
1,1,PURRR IMA HAVE TOO PUT THIS ONE REPEAT FOR 44 TIMES TO KNOW LYRICS 😍😍😍💅💅💅💜💜,Expresses intense enjoyment and repeated listening.
0,0,Why for a second did it give me I want you vibes not from the video but just gave me those vibes I don’t know how to explain it….,References a familiar song while simultaneously expressing confusion about the current track's impact.
0,0,Give the vibes of reputation era and Wednesday movie🤟🏼,References two distinct musical/visual styles – ‘reputation’ and ‘Wednesday’ – indicating a Neutral appreciation.
0,0,Its only me or olivia give us paramore vibes?,Acknowledges a similarity to Olivia Rodrigo while also expressing a critical opinion.
1,1,This gives me Yellowjackets vibes,Comparing the music to a well-regarded band indicates a positive association.
0,0,"This is just Telephone no? I'm sorry... I love Olivia, but yeah. Glad to see the beat come back though.",Expresses fondness for Olivia while also noting a positive change in the beat.
0,0,demi lovato camp rock vibes? anyone??,Acknowledges a similarity to the Camp Rock era while seeking confirmation.
0,0,It’s giving wensday vibes 0:49 0:56,References a specific video (Wensday vibes) while expressing a subjective feeling.
-1,-1,"Very generic ngl, the molody I’ve heard so many times, it’s not creative.",Expresses dissatisfaction with the song's lack of originality and creative elements.
1,1,This is giving me major industrial vibes like NIN,Compares the music to a highly respected and admired artist/genre.
1,1,very catchy,Expresses enjoyment of the song’s catchiness.
0,0,Anyone know the chords on ukulele?,Asks a question about musical chords.
0,0,This is giving off St Vincent vibes,"Compares the music to another artist, implying a similarity but not necessarily a positive assessment."
0,0,Catchy but not a good song,Expresses enjoyment of the catchiness while simultaneously criticizing the song's quality.
1,1,Chorus reminds me of telephone by lady Gaga,The comment expresses a positive association with a well-known Gaga song.
-1,-1,The worst part is when they have more than one:,Expresses strong dissatisfaction and criticism.
1,1,Demi and 90er vibe god i love her ❤,Expresses strong affection and enjoyment of Demi Lovato's music.
1,1,this has been stuck in my head! it’s giving revenge and baddie vibes and I’m here for it 💜,Expresses enthusiastic enjoyment and association with positive influences.
1,1,"need this version on streaming soooo BAD. the original mix is great by my god her live vocals are absolutely breathtaking. this version is also at a slightly lower pitch i believe which makes it sound so much more deep and personal. truly hits me right in my core and makes me want to belt at the top of my lungs. i love love love love this performance it’s phenomenal. she deserves all the success that’s coming her way, what a star !!",Expresses intense enthusiasm and admiration for the performance.
0,0,Maomao in different universe 😅😘,A simple expression of amusement with no clear positive or negative sentiment.
1,1,"The crazy thing is HER AGE! She is so talented at such a young age. I'm only 19, and the best I sound is like nails on a frickin chalkboard. I respect her and look up to her. She is my idol and I love her music so much. I can relate a lot to her songs and I just get emotional. Awesome hit she has here. Keep going Olivia!","Expresses admiration, respect, and strong emotional connection to the artist and her music."
1,1,Can we appreciate how of her videos are standard screen vs wide screen? really sets a vibe.,Acknowledges a positive stylistic element of the video.
-1,-1,This is so corny. Y’all needa grow up. Obsessing over other ppls exes? Talk about emotionally immature,Expresses strong disapproval and judgment of the commenter's behavior.
0,0,Not gonna lie Rucka did the vocals better but this is still good,Acknowledges a superior vocal performance but still finds the song enjoyable.
1,1,Im all that standing up on stone im just chilling on my settee 🤔🇬🇧👽🇬🇧😊,Expresses a relaxed and happy state of mind.
1,1,"This is the teenage dirtbag y2k vibes, i love it",Expresses fondness for the nostalgic Y2K aesthetic.
-1,-1,Why did she change the lyrics from great head to good in bead?,Expresses disapproval and confusion over a lyrical change.
1,1,Paramour vibes,"Evokes a positive association with Gaga’s previous album, ‘Chromatica’."
1,1,this one gave me Robin Sparkles dark era vibes,Compares the song to a positive and iconic era of Gaga's music.
0,0,"how come every song of her is so GenZ and relatetable? must admit I went through every emotion in all her songs from brutal to every Ameriacan bitch, even bad idea right and now this =))) she is so real and not even try to act cool men =)))",Expresses both admiration and criticism of the artist's music and persona.
0,0,Anyone else thinks the chorus sounds just like Lady Gaga : Telephone,"Compares the chorus to another artist’s song, indicating a potential similarity but not outright disapproval."
1,1,Niravana vibes 🔥,Evokes a nostalgic and positive association with the band Nirvana.
0,0,im a huge livvie but this songs kinda mid im sorry. i love the chorus a lot but the rest of the songs kinda mehh,Expresses love for the chorus while criticizing the rest of the song.
1,1,"the gated effect on the ""ahh"" in the chorus is so cool",Appreciates the specific and technically impressive production element.
1,1,"Wow if this song doesn’t speak volumes ! Very catchy , highly addictive & way WAY factual in the lyrics….",Expresses enthusiastic praise for the song's catchiness and insightful lyrics.
0,0,"Chorus ruins the whole song, which was amazingly good.",Expresses praise for the song's overall quality while criticizing the chorus.
0,0,i like the lyrics but not the execution,Expresses approval of the lyrics while criticizing the song's execution.
-1,-1,"I feel emotionally assaulted, please pay for my therapy Jojo Siwa",Expresses intense negative emotion and a demand for expensive treatment.
1,1,Her lyrics ❤❤,Expresses strong positive emotion through repeated heart emojis.
0,1,"Best lyrics since, ""I wanna rock"", by Twisted Sister",Acknowledges a positive comparison while implying criticism of the current song.
0,0,Real ones alr know the lyrics 😭😭,Expresses a shared sentiment without strong positive or negative emotion.
0,0,It gives 2000s movies vibes sm,"Evokes a nostalgic feeling referencing a specific era, but doesn't express strong positive or negative emotion."
1,1,The song is so catchy ❤❤❤,Expresses strong positive emotion with multiple heart emojis.
-1,-1,Retroactive jealousy. My worst enemy fr,Expresses resentment and bitterness towards others.
1,1,"This is February 2025 & OBSESSED by OLIVIA RODRIGO continues to be exceedingly emotional, exceptionally eccentric, extremely explosive, enormously exciting, and exquisitely engaging. Her singing is singularly sentimental, spellbinding, superb and simply spectacular. ❤❤❤❤❤❤",Expresses intense and overwhelming positive emotions and praise.
1,1,"A catchy song as always, Queen Olivia! 👑💜",Expresses enthusiastic praise for the artist.
-1,-1,"If you're not obsessed with the lyrics, the metaphors or the bangs, youre not me.",Expresses a critical and dismissive attitude towards the song's elements.
1,1,Omg now Ik all the lyrics!!!❤❤❤,Expresses enthusiastic joy and affection.
-1,-1,There is a woman that feels this way currently about me and she's terrible so it's not the worst thing,Expresses negative feelings about a person.
-1,-1,This is all about insecurities ...I've never felt this way ..I've never been jelly of my guys exes...I'm glad cuz it sounds way too deep for me...brush Dat shit off....there's no point in obsessing over someone who doesn't matter to your partner anymore ..b glad you have him and leave it at that..confidence is gold,Expresses negative feelings and self-doubt regarding jealousy.
-1,-1,This is giving brutal vibes,'Giving brutal vibes' implies a negative and unsettling feeling.
1,1,The chorus gives me Weezer vibes.,Comparing the song to a well-regarded artist is a positive association.
-1,-1,how is she a singer? with that tone and performance,Criticizes her singing voice and performance.
0,0,"The song and lyrics are so high school, its time for her to realize she's an adult, but i gotta say this video is pure art, absolutely beautiful",Criticizes the lyrical content while praising the video's artistic quality.
1,1,It's the good MTV vibes for me,Expresses enjoyment of the music's energetic and nostalgic feel.
0,0,Sounds like rock-ish with a pop chorus,Acknowledges elements of both rock and pop genres.
0,0,i LOVEEE her avril lavigne/hayley williams vibes don't get me wrong but i hate the toxic gf character she plays in some of her songs like it is so unlikable to me idk,Expresses love for Avril's style while criticizing her portrayal as a 'toxic gf'.
1,1,"it has the ""Bullet with a butterfly wings"" vibe.","Compares favorably to a critically acclaimed song, indicating appreciation."
1,1,"I LOVE this video!! The concept, the sashes, Liv screaming and jumping during the chorus, it’s actually perfect ❤",Expresses strong love and enthusiasm for the video's elements.
-1,-1,The chorus vocals sounded like disorted Withered chica’s voice from fnaf UCN 😭😭,Expresses distress and dislike due to a comparison to a disturbing vocal effect.
0,0,Feels 2012 vibes kinda,"References a specific year, indicating a nostalgic feeling without strong positive or negative emotion."
-1,-1,The bangs look awful,Expresses strong dissatisfaction with the appearance (bangs).
-1,-1,She's copying the rhythm of Muse. Time is running out.,Criticizes the song for derivative musical influence.
-1,-1,"U know I wanna tell u like somany times but I held it up to my self but they are making me say it, you know church is million and billions of times the psychology therapy true they just loop around on the same emotions. Finally have to say it now",Expresses frustration and repetition with a critical tone.
0,0,Im sorry but I’m hearing telephone from lady Gaga in the chorus 1:42,Highlights a similarity to another song while expressing a specific observation.
0,0,is anyone else getting gay vibes from this song???????????????????,"Expresses a humorous, potentially suggestive, observation without a clear positive or negative judgment."
0,0,Her lyrics is germaitc wow olovia rodrigo shes talented,Expresses admiration while also criticizing the song's lyrics.
1,1,The cinematography and vibes of the actors/the entire video reminds me of the music video for “I’m not okay” by MCR 🤔 so good!! Loving this bop also 🥹🤩,Compares favorably to a well-regarded music video and expresses enthusiastic enjoyment.
1,1,Avril Lavigne vibes anyone?,References a beloved artist (Avril Lavigne) indicating appreciation.
1,1,Cute. Got a cherry vibe.,Expresses a positive feeling and association with a pleasant aesthetic.
-1,-1,Man this would sound so good if the lyrics and point of the song was different 😭,Expresses disappointment and criticism regarding the song's lyrics and overall message.
-1,-1,"What the heck is this, the lyrics has no sense. Literally she's saying that he already forgot his ex and he is in love with her now...",Expresses disbelief and criticism of the nonsensical lyrics.
1,1,It gives me Alanis Morrisette vibes and I love it 💕,"Compares the song favorably to Alanis Morrisette, expressing enjoyment."
-1,-1,The worst song she ever made,Strongly expresses dissatisfaction and considers it the artist's worst work.
-1,-1,"You listen and wonder why you experience suicidal emotions.  Every sin is on display, pride, envy, covetness...you are what you eat. Take care kids",Expresses intense negativity and despair linked to the song's content.
0,0,"Baby, I’m so obsessed with you too, Olivia I took one of the lyrics from her song, lol",Expresses adoration while referencing a critical comment about the song.
0,0,You can hear the chorus in telephone in this part 1:42,Acknowledges a positive element (chorus) while criticizing the song's overall quality.
1,1,"Olivia Rodrigo does it again! 'Obsessed' is a powerful anthem with raw emotion and an addictive beat. The visuals are stunning, and Olivia's vocals are as captivating as ever. This song is definitely going to be on repeat for a while! 🔥",Expresses enthusiastic praise and intent to repeatedly listen to the song.
0,0,This gives emo vibes…,Acknowledges a positive element (the song) while associating it with a potentially negative genre (emo).
0,0,The chorus reminds me of 2 other songs she just came out with. That style and sound is very repetitive,Expresses observation of repetitive style.
1,1,Nice sound and vocals… plus eye candy 😛,Expresses appreciation for both the music and the visual appeal.
0,0,This giving me Taylor vibe 🐸,Mimics Taylor Swift's style but doesn’t explicitly praise or criticize her.
1,1,Olivia is so good at acting out insecurities and awkwardness. Love that this music video for obsessed is about the absurdity of beauty pageants. Adore the white gowns and sashes and her girl band are wearing tuxedos. And Olivia’s black dress and hair when performing! Brilliant genius lyrics! And how confidence she is at putting rock punk with her pop🖤🤍😍🥰🤩😘🎥📺💎🫶🏻🎬⚜️🏆👑 📝 🎵 🎶 📝 🌟 ✨ 🎸 🥁 🎤 👗,Expresses strong admiration for Olivia’s performance and the music video's concept.
1,1,"Catchy, I'm glad You Tube decided to play it!",Expresses happiness and appreciation for the song being played.
0,0,Me dio vibes de la era de ashly Simpson,"Compares the song to a previous era, implying both positive and negative aspects."
0,0,Deepa i there?,A simple greeting with no discernible sentiment.
-1,-1,Worst song😢,Expresses strong disappointment and sadness.
-1,-1,broo this song / lyrics is sooo toxic lol.,Expresses strong disapproval and identifies the song's content as toxic.
0,-1,She gives me Avril Lavigne vibes,"Compares the artist to Avril Lavigne, implying a similarity but not necessarily a positive or negative judgment."
-1,-1,The lyrics and meaning of this is the EXACT reason modern couples are miserable. My god the amount of serial killers and angry lesbian there are going to be,Expresses strong criticism of modern relationships and themes.
-1,-1,Am I the only one who heard that my friend made a song just like this like the lyrics was😭😭,Expresses frustration and comparison with a negative judgment.
0,0,"Honestly. I can't currently relate to 80% of her lyrics, but her feel is so unapologetic punk that I appreciate it.",Acknowledges a lack of personal connection while praising the artist’s rebellious energy.
0,0,"Weird chord progression in the chorus, kinda sounds unsettling. Really good symbolism for this song and the character she’s putting on",Highlights unsettling chords alongside appreciation for symbolism.
-1,-1,This song gives the vibe of a comp het  girl projecting her attraction for guys ex onto him,Expresses a critical and potentially judgmental observation about the song's perceived intent.
1,1,SOOOO much 90s The Cranberries vibe ❤,Expresses strong positive sentiment referencing a nostalgic musical style.
0,0,Giving me freaky friday vibes,Evokes a nostalgic comparison to another song while expressing a somewhat ambivalent feeling.
0,0,"Okay, lets analyze this with a summary. at 0:01, we can see 2 women. They both have pageants and it says ""Miss thought she was the one"" and ""Miss also thought she was the one,"" which can have several meanings on what its on. One, their his exes and they thought they were the one for him but they broke up somehow. They also dont seem very happy, and the blonde girl is smoking a cigarette to express emotional distress. Meanwhile, on this scene, 0:09 we can see that they are going to a ball. That could be another reason they thought they ""thought they were the one"" Meaning they didnt get to dance with the person they wanted. at 0:16, we see 2 women, ""Miss freshman year,"" and ""Miss our him in therapy"" Which can clarify these could be his exes. Now, ""Miss focus on my career"" could be the one Olivia is jealous over and and perhaps the somg is about. (A little side note after actually watching the video, 1:16 may actually the girl the song is about and therefore olivia is jealous of, unless its about more of than of them.)",Analysis contains both critical observations and speculative interpretations of the music video's themes.
-1,-1,Were is fucking lyrics,Expresses frustration and anger about the lack of lyrics.
0,0,"god, these  lyrics are just so realistic",Expresses a neutral observation about the lyrical content.
-1,-1,"She is angry, loud, and annoying. Is she always mad about something?",Expresses strong dislike and criticism of the artist's demeanor.
-1,-1,So generic....,Describes the song as lacking originality and being bland.
0,0,Olivia Rodrigo and Madonna have similar vibes,"Compares Olivia Rodrigo to Madonna, suggesting similarities but not necessarily a positive or negative judgment."
1,1,"When Olivia did that one acoustic set that’s on YT (probably years ago now), I went down a rabbit hole searching for the drummer. Hayley Brownwell, such a badass. Love them all!",Expresses admiration and fondness for the band and their performance.
0,0,Some reason this is giving Freaky Friday vibes,"Compares the song to another, evoking a nostalgic and potentially critical association."
1,1,"I really likes this video compared to the one you released yesterday, ir seems like a good movie full of drama and rhythm. The sound is totally impressive, it sound to me like good music from the nineties! Now tell life everything you want to say without gag or mincing words, dear miss olivia.",Expresses positive opinions about the video's quality and the music's nostalgic feel.
0,0,The chorus kinda sounds like Telephone By Lady Gaga,"Compares the chorus to a well-known song, indicating a Neutral reaction."
1,1,The voice and the lyrics just is in another level 😊,Expresses strong positive sentiment about the vocals and lyrics.
1,1,This is sooooo good it gives me 2021 vibes ❤❤❤,Evokes a positive nostalgic feeling referencing a specific year.
1,1,"Just Love It! You.. The Lyrics.. The Clip!..! Well Done… Greetsss, MacG420, x",Expresses enthusiastic enjoyment and praise for various aspects of the video.
1,1,Loving this album vibe ❤,Expresses strong positive feelings towards the album.
1,1,Guys admit it Olivia Rodrigo is the best artist and she is so creative with all her songs her lyrics her videos and she is so funny in her yt shorts and I would cry myself to sleep without her music I LOVE OLIVIA,Expresses strong adoration and dependence on Olivia Rodrigo’s music.
0,0,Anyone else get Billie eilish vibes?,Acknowledges a similarity to Billie Eilish while not explicitly praising her.
-1,0,It’s giving brutal vibes 💅✨✨,Uses slang to express a negative and critical feeling.
0,0,"Lol, when you sended me the lyrics, i've thought it was going to be a ballad, the two that tought they were the one... nice joke olivia...",Expresses amusement and criticism towards the artist's lyrical choice.
1,1,"The lyrics, it hit me like dangggg 🤣 HAHAHAHHAHAHAH",Expresses strong amusement and enjoyment.
0,0,"The melody is actually cool, but I can't really hear a music saying I'm obsessed with my current's ex.",Acknowledges a positive element (melody) while criticizing the lyrical content.
1,1,IS SO BEATIFUL,Expresses strong positive emotion about the song.
-1,0,"This gives me ""bad idea right vibes 💜💜💜💜💜","Compares the song to a disliked track, indicating a negative opinion."
1,1,Love the vibe!,Expresses enthusiastic enjoyment of the song's atmosphere.
0,0,Sorry but why does the chorus sounds like Lady Gaga's Telephone 🥺,"Compares the chorus to a previous song, implying similarity but not necessarily a positive association."
0,0,Why the chorus sounds like Lady Gaga's Telephone song OMFG I love it ❤😂,Expresses enjoyment while drawing a comparison to another artist's song.
-1,-1,Worst song I’ve ever heard lol,Expresses extreme dissatisfaction and negative judgment.
0,0,This is giving me Sour vibes,"Compares the song to a previous track, implying a similarity but potentially a negative association."
-1,-1,Ummm I don't really like this song bc it's out of control and I can't sing a beat SORRY,Expresses dislike and self-deprecating humor regarding their inability to enjoy the song.
-1,-1,this one goes out to all the selfconsious 14 year olds lmao. she caught it there on the chorus for about 5 seconds,Sarcastic and dismissive commentary targeting the listener's reaction.
-1,-1,Umm I am sorry so u know I am a fan of olivia and this is also feedback I don't really like it as it dosnt make sense and also it's horribly repetitive and I can only hear I am so obsessed with ur ex once agin THIS IS NOT HATE ITS FEEDBACK TY,Expresses dislike and criticism of the song with strong negative wording.
1,1,Love the almost alanis morissette vibes!,"Compares the song favorably to Alanis Morissette, indicating enjoyment."
1,1,I'm SORRY OLIVIA.....I can't....saw her in concert and it hit then and it hits now. I look the vibe of this sound like 2000s girl pop gunge and I LIVE,"Expresses strong, passionate enjoyment and nostalgia for the song's sound."
1,1,Song gives me paramore vibes 💕,Compares the song favorably to the band Paramore.
1,1,"I'm not obsessed with anybodys ex but THIS SONG BANGS SO DEEP, I'm obsessed with Olivias Voice, the melody, the whole sound. ❤❤❤❤❤",Expresses strong enthusiasm and affection for the song and Olivia's voice.
1,1,Back to driver license vibe baby ❤,Expresses fondness and comparison to a previously liked song.
0,0,I like the beat but i dont understand the song lol😀,Expresses enjoyment of the beat while admitting confusion about the song's meaning.
1,1,I heard this on the radio I love it it gave me alternative grudge 90s rock ‘n’ roll vibes get it Olivia!🎉,Expresses enthusiasm and connects the song to a nostalgic musical style.
1,1,"Ameiii a batida, a vibe é como ouvir cage the elephant na MTV. ❤ amando demais essa vibe dela. ❤",Expresses strong enthusiasm and love for the song's beat and vibe.
0,0,Ngl it's giving Melanie martinez vibes,"References another artist, suggesting a similarity while not fully expressing a positive or negative opinion itself."
-1,-1,"good for her to try to sound different but too dramatical and not musical enough, rough melody, meh",Expresses dissatisfaction with the song's dramatic and unmusical qualities.
0,0,"I'm getting ""Telephone"" vibes from this chorus","Compares the chorus to another song, indicating a partial positive association."
-1,-1,"Miss long distance made me sick to see, ohhh my lord you mean miss emotionally cheating on 5 other men",Expresses strong disapproval and disgust regarding the subject matter.
1,1,the smashing pumpkin's & garbage vibes got me obsessed,Expresses strong positive feelings and obsession with the song's style.
-1,-1,I don’t like this sound because it’s so annoying to even think about,Expresses strong dislike and annoyance with the sound.
-1,-1,Lmao the lyrics ahahhaha,Sarcastic laughter indicates dislike and ridicule.
-1,-1,OLIVIA ISABEL RODRIGO IS NOT UNIVERSE OR THE UNIVERSE.,Expresses disdain and disbelief regarding Olivia Rodrigo's music.
1,1,This music is so  emotional and she have a very specific voice,Expresses a positive reaction to the song's emotional content and the singer's voice.
1,1,A melhor de todos os tempos ✨️,Expresses enthusiastic admiration with the use of ‘best of all time’.
1,1,Wow this is giving early 2000s music video vibes,Expresses nostalgic appreciation for a familiar musical style.
0,0,I swear even though the beat is good its really the lyrics i pay attention to this girl is me when it comes to boys except he isnt my ex hes just a crush and i happen to know one of his exes so yes im obsessed,"Expresses enjoyment of the beat while revealing a specific, potentially negative, interest in the subject of the song."
1,1,Good for you vibes,Expresses encouragement and positivity.
0,0,I literally just listened to the song and I already know the full lyrics,Expresses a simple observation without strong emotion.
-1,-1,What’s with these incoherent lyrics 😂,Expresses strong disapproval of the song's lyrics.
0,0,It gives off Yellow jackets vibes,"References a song, implying a comparison and potentially Neutral feelings about the new music."
0,0,Too wong foo - Body beatiful,Humorous reference to a past internet meme combined with a comment about the song.
1,1,I really love how she has rock vibes! So cool!,Expresses strong enjoyment and admiration for the song's rock influences.
1,1,"It's giving ""girl crush"" vibes xD",Expresses admiration and enthusiasm for the song's aesthetic.
-1,-1,Her worst title track.... Tbh,Expresses a negative opinion about the song's title track.
-1,-1,"I have just realised I have major red flags, listening to the lyrics of this song made me so attracted to this girl! I miss that psycho love!",Expresses attraction to unhealthy behaviors and potentially dangerous feelings.
0,0,I know her blood type... LOL - Hilarious lyrics!,Contains humorous remarks alongside a potentially critical observation.
