classificacao,sentimento_manual,comentario,justificativa
1,1,Our golden voice rose smash hit needs 67.17m more views before we make history as the fastest song to reach two billion views. Let's go blinks,Expresses enthusiastic support and a desire for increased popularity.
1,1,The fact that this is gonna be a younger generation’s nostalgic song is crazy Rosé and Bruno really are entertaining for every possible generation.,Expresses positive sentiment about the song appealing to multiple generations.
1,1,let's make it to 2B views before its one year anniversary!! This will be the first in history!!,Expresses hope and excitement for reaching a significant milestone.
1,1,It's a lively and good song that's never boring to listen to❤,Expresses enjoyment and finds the song engaging.
1,1,You are making history Rosé,Expresses admiration and recognition of Rosé's achievements.
1,1,When the song is so powerful that the cat started dancing.😺 Let Rosé's voice sound forever. ❤,Expresses delight and admiration for the song's impact.
1,1,"!!!ATTENTION!!! We’re standing at the edge of history. If APT hits 2 billion streams on both Spotify and YouTube, ROSÉ will enter a league reserved for the most iconic artists in the world and possibly become the first K-pop female soloist to ever do it. We should reach 3.5M daily view until the end of this month so we can get those goals.",Expresses enthusiastic support and a goal-oriented desire to achieve a significant milestone.
1,1,"I like this song. It is one of my favorites. My best friend and I would vibe to this song all day, every day.",Expresses strong fondness and frequent listening habits.
1,1,First MV in history to reach 1.9 billion on YouTube AND Spotify! Crazyyyy,Expresses amazement and admiration for a significant YouTube achievement.
1,1,What a vibe ❤,Expresses positive emotion and appreciation.
1,1,"Almost 2 billion views in quite a short time, I bet this never happened before with any other songs😮 This must be the most populair song in history. I see songs who are like 10 years older, but still haven't reached the 1 billion views",Expresses excitement and admiration for the song's immense popularity.
0,1,"Cant believe this song was 9month ago , time flies so fast. This is so nostalgic😢",Expresses a sense of nostalgia and reflection on time passing.
1,1,I'm literally still vibing to this masterpiece without getting tired of it. Rosé made history I'm so proud of her for coming that far 💖✨✨,Expresses intense and sustained enjoyment and admiration for the song and artist.
1,1,"Absolutely stunning pairing! The visuals, the vocals, and the chemistry between ROSÉ and Bruno Mars are mesmerizing. APT. is pure artistry. Love this!",Expresses enthusiastic praise for the artistic elements and performance.
1,1,Love the song! A catchy song! An iconic song in the world! Love u Rosé. You are the best,Expresses strong positive feelings and admiration for the artist.
1,1,This song is catchy for sure,Expresses a positive opinion about the song's catchiness.
1,1,"What, already 1.7 billion? Wow, so fast! I feel like i just witnessed a history in the making right now.",Expresses awe and excitement about the song’s massive popularity.
1,1,"I love this, rhey are having so much fun performing, the song is happy and up beat, and even the set was a fun color!",Expresses enjoyment of the performance and the song's upbeat nature.
1,1,0:37 the way Bruno can keep drumming without skipping a beat while Rosé hugs him like that is incredible,Expresses admiration for Bruno's drumming skills and the heartwarming interaction between him and Rosé.
1,1,"""The vibe is so fun and happy, love this song!""",Expresses strong positive feelings about the song's vibe.
0,0,Definitely has a late 2000's early 2010's vibe. Kinda like 3oh3 and Katy Perry.,Describes the song's style in terms of past artists without expressing a strong positive or negative opinion.
1,1,Dude this has perfect middle school couple vibes and i love it,Expresses fondness for the song’s relatable “middle school couple” theme.
1,1,Omg  !!!! Big fan here ! Love the vibes ! Slay ! I love this song . Listen to it everyday 🎉🎉🎉🎉🎉🎉🎉❤😂,Expresses strong enthusiasm and affection for the song.
1,1,Bubblegum Pop I like teen pop and this rosé vibe really,Expresses enjoyment of bubblegum pop and a ‘rosé vibe’.
1,1,This gave me chills… in the best way,Expresses a powerful and positive emotional response to the music.
1,1,I MISSED THOSE ARTIST COLLABORATION WE USED TO GET BACK IN THE 2000S. THIS HAS THOSE VIBES AND I M ALL HERE FOR IT,Expresses enthusiasm and nostalgia for past collaborations.
1,1,This song is so vibey let's get it to 2billion guys😂😂,Expresses enthusiasm and a desire for high views.
1,1,9 MONTHS OVER TO APT BUT STILL VIBE LIKE NEW SONG,Expresses satisfaction with the music despite a delayed release.
1,1,"“‘Apt.’ is a colorful hit by Rosé and Bruno Mars — a high-energy, pop-punk tune with an addictive ‘apateu’ chorus. Rosé’s voice on this song exudes both a soft femininity and a strong inner strength, especially when harmonizing with Bruno Mars — creating a fresh and confident feeling. Rosie’s album really has an impressive opening!”🫶❤️❤️‍🔥😭","Expresses enthusiastic praise for the song’s energy, Rosé’s vocals, and the album’s strong start."
1,1,Lyrics + voice = perfection ??,Expresses strong admiration and approval.
1,1,Y'all bring this trend back to life it feels so nostalgic already 😭,Expresses enthusiasm and fondness for a revived trend.
1,1,Congrats for another milestone!,Expresses congratulations and positive recognition.
1,1,"generally praised for its fun, catchy, and vibrant energy,","Describes the song’s positive attributes – fun, catchy, and vibrant."
1,1,Bruno’s smooth vocals + Rosé’s angelic voice = literal perfection. Who else didn’t expect this combo but can’t stop replaying? 🤯🎶,Expresses strong enthusiasm and admiration for the combined vocals.
1,1,"This collab is everything! Rosé looks genuinely happy and free, and the song is such a fun, unexpected vibe. I love seeing this side of her artistry.",Expresses joy and appreciation for the collaboration and Rosé's newfound artistic freedom.
1,1,Omg I got American 2000s High School Vibe.,Expresses a nostalgic and positive feeling associated with the song's theme.
1,1,Sure that After so many years we fell nostalgic for this song❤,Expresses fondness and nostalgia for the song.
1,1,"Rosé’s voice isn’t just heard — it’s felt. ‘APT’ is raw, emotional, and absolutely breathtaking. She never fails to touch the soul. 🥀🎶❤❤",Expresses deep admiration and emotional impact of the song.
1,1,"K  it may be true that Brother Mars contributed some, but it was rosé who wrote lyrics and composed music. rosé auditioned three songs for Brother Mars, and Brother Mars said that apt was very good, so they cooperated. This song is on the top of all the music of Brother Mars. I don't want to see anyone say that it's all up to Brother Mars or something. rosé is worth it.And numberones Don't be brainwashed by haters😅Rosé has made great contributions, and it is not necessarily so popular for another person to cooperate with Brother Mars, such as his cooperation with ladygaga.😅😂R totally deserves everything",Strongly defends rosé's contribution and praises her work.
1,1,The harmony of them is perfect✨️✨️🎀,Expresses delight with emojis indicating strong positive sentiment.
1,1,QUEEN WE ARE SO CLOSE TO 2B OMG YIURE GONNA SHATTER SO MANY RECORDS AND YOURE GONNA LEAVE ANOTHER MARK IN KPOP HISTORY ROSÈ YOURE THE BEST ❤❤❤❤,Expresses fervent excitement and admiration for the artist.
1,1,"This song is so upbeat, I think I can listen to it 100 times?",Expresses strong enthusiasm and desire to repeatedly listen to the song.
1,1,Rewatching to reach 2 BILLION milestone??🎉,Expresses excitement and celebration of the video's success.
-1,-1,The Most Annoying Song is Everywhere 😭🙏,Expresses frustration and annoyance with the song's prevalence.
1,1,I never appreciated the vocal quality in APT this much until I heard the new release of that song today😂,Expresses newfound appreciation for the vocals.
1,1,Im army (im crying now this song will beat dynimite music (π_π),Expresses enthusiastic support and excitement for the song.
1,1,This masterpiece never again produce in History A-P-T!!!!,Expresses extreme admiration and claims the song is unparalleled.
1,1,"I love your music. The vibe is like rock and I love love your music, especially apt",Expresses strong enjoyment and appreciation for the artist's music.
0,0,The beauty and karma of universe of rosé getting Grammy in same category in which that boy band group from korea lost for 3 consecutive years.,Expresses admiration for Gaga while also highlighting a perceived injustice.
1,1,I love how this song takes me on a journey. It starts off slow and builds up to this epic climax that gives me chills every time.,Expresses intense enjoyment and a powerful emotional response to the song's structure.
1,1,"Energetic and hyped: Think channels with fast-paced editing, upbeat music, and high-energy content.",Expresses enthusiasm for the style of music video content.
1,1,Rose u are my life u are my feelings u are my heart u are my best idol u are my love my queen my princess my best vocal my everything i love you rosie i love you so much,Expresses intense adoration and love for the artist.
1,1,Rose angelic voice +Bruno iconic tone =Masterpiece,Expresses high praise for both artists and the resulting song.
1,1,0:52 insane vibezzz,Expresses enthusiastic enjoyment of the song's atmosphere.
0,0,nostalgical,Expresses a feeling of fondness for the past without strong positive or negative connotations.
1,1,This song has such a catchy beat!,Expresses enthusiasm for the song's rhythmic quality.
1,1,this song will forever be a vibe,"Expresses a strong, positive sentiment about the song's enduring appeal."
1,1,Siblings vibes✨,Evokes a warm and pleasant feeling associated with family connections.
0,1,BLIИKS let's go for 2 billion milestone,Expresses excitement for a milestone but also contains a misspelled word suggesting negativity.
0,1,"This song has been stuck in my head for days and I never heard the Bruno mars part, and I had no clue wtf she was sayin, it took me forever to find it....still stuck in my head tho, catchy tune",Expresses frustration with the song while acknowledging its catchiness.
1,1,Republica - Ready to go vibes. Megaphone and all haha,Expresses enjoyment of the song's energetic and lively feel.
0,0,"A question, is the song Japanese or Chinese because there are a lot of Japanese or Chinese people, I honestly don't know why it has the same lyrics xd I'm Mexican",Asks a question and expresses confusion without clear positive or negative sentiment.
-1,-1,This is the worst song I ever heard,Expresses extreme disapproval and considers it the worst song ever.
1,1,its such a happy vibe! it reminds me of those random collabs back in the 00',Expresses a positive feeling and association with a nostalgic musical era.
1,1,"Rosé made a really good song, it was very catchy and catchy.",Expresses strong enjoyment and finds the song catchy.
-1,-1,Lyrics source?  I have no friggin' idea what the chorus is.  WTF are they saying?,Expresses confusion and frustration with the lyrics.
-1,-1,How poetic it is going to be for rosé winning Grammy in same category a boyfriend from korea lost for 3 consecutive years. 😂😂 I feel universe really worked against bts and army,"Expresses frustration and disbelief at Rosé's Grammy win, implying unfairness and a negative bias against BTS."
1,1,Oi eu sou seu fã sempre eu escuto essa música sempre eu gosto dessa música tempo hoje eu vou lembrar até quando eu ser grande😊❤❤❤❤❤❤❤❤❤❤❤,Expresses consistent and enthusiastic fandom.
1,1,This should be in history books.,Expresses extreme admiration and praise for the music.
-1,-1,most annoying song ever holy shit,Expresses extreme annoyance and frustration.
1,1,It's just amazing and really fun to  listen to this song it has a very crazy and amazing vibe,Expresses strong enjoyment and positive feelings about the song's vibe.
-1,-1,"What’s up with this song? I mean one kpop singer writes her own song for once, gets Bruno Mars on it and suddenly it’s a hit? Like wtf. There are thousands of artists out there writing meaningful songs daily but just can’t blow up but the korean sl*t can? I mean 2b views and 2b streams in under a year is hella overrated for as meaningless as this. Only 10 year old girls listen to this on repeat. Like bro.  I can guarantee nobody is gonna be calling this crap nostalgic.",Expresses strong skepticism and disdain for the song's popularity and perceived lack of substance.
1,1,Bruno Mars representing Fillipinos. GO BRO YOURE FUCKING AMAZING. This shit real catchy too.,Expresses enthusiastic praise and admiration for Bruno Mars.
1,1,"This song hits differently. The way ROSÉ and Bruno blend their voices is pure magic! 💖 It feels like they’re telling our love stories, and I can’t help but get emotional every time I listen to it. Thank you for sharing such beautiful art! 🌹✨",Expresses strong positive emotions and appreciation for the song's artistry.
1,1,2:20 this lyrics suited in thalaivar coolie's movie 🛐💥,Expresses strong admiration and reverence for the song's connection to the movie.
-1,1,APT is already 9 months old? It's nearly a year since this catchy song has released!!!,Expresses frustration and disappointment about the song's age.
-1,-1,Most worst music I have heard ever only boys will understand,Expresses strong dislike and exclusionary sentiment.
1,1,A vibe dessa música é sem igual ❤,Expresses intense and positive feelings about the music.
1,1,❤❤❤❤❤❤❤❤❤❤❤❤❤❤❤❤❤❤❤❤❤❤❤❤❤❤❤❤❤❤❤❤❤❤❤❤❤😂😂❤❤❤❤❤❤❤good vibe in this song,Expresses strong positive sentiment using repeated heart emojis.
1,1,Is there any place in the world  that doesn’t know the chorus and all the words to the song?,Expresses widespread popularity and enjoyment of the song.
-1,0,"This is catchy and maybe cute, but upon further listens, it lacks any substance at all. The lyrics are completely incohesive, even with translations and context.",Criticizes the song for lacking substance and incohesive lyrics.
0,0,Love is the deepest loneliness in the imperfections of life. Love is the memory of someone that carries with it through time. I miss you Farhana.❤,Expresses love and longing alongside a melancholic reflection on loss.
-1,-1,Idk why is this so popular? Yeah I have the respect but this is terrible,Expresses strong disapproval and declares the song 'terrible'.
1,1,Old-school vibes 🔥,Expresses enthusiasm for the song's nostalgic sound.
-1,-1,Pink venom is now less than a million views away from history. Let's come together to finish this. What a wonderful 9th anniversary gift this would be,Expresses disappointment and a sense of failure regarding the video's views.
1,1,I love the vibes of this song also beetween singers. But Bruno Mars is a genius,Expresses appreciation for the song's atmosphere and praises Bruno Mars's talent.
1,1,"“APT.” (242.7M) is now the most streamed song by a female K-pop act in US Spotify history, surpassing The Weeknd’s “One Of The Girls (with JENNIE and Lily-Rose Depp)” (242M).",Celebrates a significant achievement in music streaming history.
1,1,Amazing  i love the vibe 😊😊😊😊😊😊😊😊😊😊😊😊😊😊❤❤❤😂❤🎵🎵🎸🎸🎸🎸🎙🎙🎻🎺🪕,Expresses enthusiastic enjoyment with multiple positive emojis.
0,0,Blinks stream pink venom as we are less than 8m views away from history,Expresses excitement (history) alongside a critical observation about the song's popularity.
1,1,Wow so beatiful song,Expresses enthusiastic admiration for the song.
1,1,This song is vibey,Expresses a positive feeling about the song's atmosphere.
-1,-1,Worst song ever created in the history of the universe,Strongly condemns the song as the worst ever created.
-1,-1,the worst song that i heard in my life,"Strong, absolute statement of dislike."
-1,-1,Worst song in my life 😡😡😡😡😡😡😡,Expresses extreme anger and dissatisfaction with the song.
-1,-1,This song is the worst thing I've heard in a while...,Expresses strong disapproval and considers the song terrible.
1,1,It will become first song in history at that speed to reach 2 billion streams and views on both youtube and Spotify at a time is insane create world record in music industry that dominating both audio and visuals and it is now 1.9 billion on both platforms what a synchronisation,Expresses excitement and admiration for the song's impressive record-breaking achievements.
1,1,Great song with a strong the ting tings' flavour. Super catchy!,Expresses strong enjoyment and appreciation for the song's resemblance to 'The Ting Tings'.
0,0,this shit catchy but wtf are they talking about,Expresses enjoyment of the catchiness while criticizing the lyrics.
1,1,My summer song for 2025. My first exposure to this music was hearing the chorus in silly Ai kitten videos. It's catchy.,Expresses enjoyment and identifies it as a personal favorite song.
1,1,Ive never really been into pop ... But this song is stupid catchy lol,Expresses enjoyment and finds the song surprisingly catchy.
-1,-1,Worst🤮song ever,Expresses extreme dislike and disgust.
-1,-1,"This song is so annoying. Such a piece of rubbish. And yeah, you fans of this idiotic song can hate me now because of my honest opinion.",Expresses strong dislike and insults towards the song and its fans.
0,0,Hola.     ANTONELLA❤❤❤❤HOLA.   THiAGo❤❤❤❤❤❤❤aHola❤❤❤❤❤❤,"Contains greetings and expressions of affection, lacking strong sentiment."
0,0,*nothing JUST YG TaKiNg notes*,A dismissive comment with no expressed opinion.
0,0,"At the start when they chant it sounds like they're chanting, ""Le nome game,"" or ""the name"" in French and of course ""game"" in English, but the lettering in the lyrics appears in Korean.",Confusion and criticism regarding the Neutral language and visual elements.
0,0,The Fact the Song was Actually Good but Now Since Everyone Putting this on All the Time is Kinda Annoying ( I Have Nothing to this song but It’s Annoying When it’s Put on Over and Over ),Expresses initial enjoyment alongside annoyance at overexposure.
-1,-1,awful song,Expresses strong disapproval of the song.
-1,-1,this song is the worst thing ever created and it makes me mad that the radio insists on spewing this bile twice a day. lord have mercy.,Expresses strong anger and condemnation of the song.
1,1,I love the rhythm and the craziness of this music ! YEAH ! YEAH ! YeayeaYEAH ! ❤,Expresses enthusiastic enjoyment of the music's rhythm and energy.
0,0,Blinks pink venom is less than 5.5m views away from history. Let's come together for the final push,Expresses a desire for more views alongside a somewhat anxious tone.
1,1,Make this MV the first MV in kpop history by a female 🎉soloist hit 2 billion view❤❤❤ let's go number one and blink 😎😎🤠💞💓,Expresses enthusiastic support and desire for the video to achieve a significant milestone.
-1,-1,I said gag bcs if there a updat will be have a crazy mutaiton and the owner her self will be like our garden and is not boringis not like just wait you fruit you grow there more stuff you can do at grow a garden and grow a garden always updare saturday(to say adop me player ownwer of adopt me support lgbt🏳️‍🌈 IF YOU DONT BELIVE ME WHY ADOP ME HAVE PRIDE UPDATE  BUT WHY GROW A GARDEN DONT HAVE PRIDE UPDAT),Frustrated and repetitive criticism of the game and its updates.
1,1,So.. never heard of BlackPink until now.. but this song is catchyyyy… lol,Expresses enjoyment and finds the song catchy.
1,1,SO CATCHY!!!!!!,Expresses enthusiastic enjoyment of the song's catchiness.
1,1,Her vocals is magical ❤❤❤❤,Expresses strong admiration and affection for the singer's vocals.
1,1,Vocal like young Gwen Stefani. Super!!!,Compares the vocals positively to Gwen Stefani.
1,1,Catchy feelin the vibe,Expresses enjoyment of the song's vibe.
1,1,Przyjemne tempo narracji.,Describes the narration as pleasant.
1,1,No matter how down  life seems to bring me down.....This song always brings me up... Positive Vibes Only...Love THIS,Expresses strong positive feelings and appreciation for the song's uplifting effect.
-1,0,Esse vídeo vai passar despacito em pouco tempo,"Expresses a pessimistic prediction about the video’s future success, comparing it unfavorably to ‘Despacito’."
1,1,"no doubt Rosé is the best stage performer,, her vocal fun,and speak both are amazing ❤🎉",Expresses strong positive feelings and admiration for Rosé's performance.
1,1,I like this vibe,Expresses a positive feeling towards the song's atmosphere.
1,1,sir what a masterpice is made bt you love from india                              understanding 0 but vibe 100 perxentage,Expresses strong appreciation and positive vibe despite lacking understanding.
-1,-1,Aptue is the worst,Expresses strong disapproval and labels the artist/music as 'the worst'.
-1,0,"I just had to say, this is one of the most annoying songs I’ve ever heard in my life. Whenever it comes on the radio, I skip it instantly. That’s how bad it is.",Expresses extreme dissatisfaction and annoyance with the song.
-1,0,This shit is annoying,Uses a vulgar term to express strong dislike.
-1,0,deepless song,The comment expresses dislike with a dismissive tone.
1,0,Pink venom is less than 2m views away from history. Let's go blinks,Expresses excitement and support for the music video's potential record-breaking views.
0,0,Et lorsqu’on sera en 2030 les gens utilisera cette musique comme « vibes 2024-2028 »,Expresses a prediction about future music consumption while also acknowledging the song's current quality.
1,1,"I loved this trend because the beat. And the part they made trending LIKE I MIGHT BE OVER OBSESSED BUT THIS SONG IS SO GOOD MY FAVOURITE PART IS ""dont you want me like I want you baby don't you need me like I want you know all you got to do is meet me at the apt apt apt",Expresses strong enjoyment and highlights a catchy part of the song.
1,1,"Love this kind of music!  Very fun, catchy, and upbeat!  We need more songs like this.",Expresses strong enjoyment and a desire for similar music.
1,1,Good vibes ✨️ 😌 👌 🙌.,Expresses positive emotions and appreciation.
1,1,Hi am from brazil rose. Good vibe music❤,Expresses positive sentiment with an emoji.
1,1,"Idk why, only in 9 months. This song has turned nostalgic!❤❤❤",Expresses a positive feeling of nostalgia.
-1,-1,Not blackpink beating blsckpink by jump getting apt down from 1,Expresses frustration and criticism of the music video.
-1,-1,"All of Fujii Kaze's songs have been produced through secret filming, wiretapping, stalking and monitoring. Copyright confiscation - spreading these to the public is a threat that could bring about the collapse of world order. This is a representative song of musical terrorists. Similar works include other Japanese songs that have been hits overseas, mainly songs by famous artists in the United States. We recommend that society take appropriate legal measures and take a firm stance against terrorist songs that promote racial and ethnic division. SHISHI",Strongly condemns the song as a threat to world order and accuses it of promoting division.
-1,-1,Worst song,Directly expresses strong dislike and negativity.
-1,-1,"I saw this before the documentary, & was in shock this thing got published because it is SO SO bad. After seeing the documentary... Now I get and it makes it even worse. With 3 billion in crypto she should've BOUGHT her lyrics! 🤣🤣",Expresses strong disapproval and ridicule of the song's quality and the artist's financial decisions.
1,1,"This is amazing. Such wired but so catchy temples, that just can't get ride off my mind after listened only once.","Expresses strong enjoyment and a persistent, captivating effect of the song."
0,0,Understanding 0% but vibes 100%😂,Acknowledges lack of understanding while expressing strong positive vibes.
0,0,"This was such a nice song, but tiktok had to ruin it by repeating it over and over like geez. I wish I could vibe with this again..",Expresses enjoyment but criticizes TikTok's repetition.
-1,-1,Whoever decided on the lyrics for the chorus needs to stop music entirely. I've never heard a worse chorus than one for this one.,Strongly criticizes the chorus as being exceptionally bad.
1,1,the lyrics has so much meaning it moves me 😆,Expresses emotional connection and appreciation for the song's lyrics.
1,1,Melhor música de todos os tempos,Expresses strong positive sentiment - 'best music ever'.
1,1,she really is giving me gwen stephani vibes,"Compares the artist to a well-regarded singer, indicating a positive impression."
1,1,Blink's lets make it 2 billion and made history 🥹 just  100 m more 😊,Expresses enthusiastic support and hope for future success.
0,1,1stest 2 B in history ❤,Simple expression of liking the song with no other sentiment expressed.
-1,-1,She got on the worst bus😢😢😢😢😢😢😢😢😢😢😢😢😢😢😢😢,Expresses sadness and disappointment.
1,1,APT is t only one universe  song world ❤ that song 🎵 👌 🙌 😍 🎶 ❤️ 🎵🎉🎉🎉🎉🎉🎉🎉🎉🎉songs 🎵 🎶 ♥️ ❤️ ✨️ 👌 🎵 🎶 ♥️ ❤️ ✨️ 👌 🎵 🎶 ♥️ ❤️ ✨️ 👌 🎵 🎶 ♥️ ❤️ ✨️ 👌 🎵 🎶 ♥️ ❤️ ✨️ 👌 🎵 🎶 ♥️ ❤️ ✨️ 👌 🎵 🎶 ♥️ ❤️ ✨️ 👌 🎵,Expresses strong positive feelings and enthusiasm for the song.
1,1,Lyrics to cool👍,Expresses simple and positive approval.
1,1,"Number ones, let’s str3am APT. on YouTube & Spotify to 2B and make her the first Asian artist in history to achieve it!❤‍🔥",Expresses enthusiastic support and a desire to help an artist achieve a significant milestone.
0,0,"The shock I just had learning that the lyrics are NOT, in fact, ""Arthur Templeton, Arthur Templeton, Arthur Templeton, uhh ah-huh ah-huh""",Expresses surprise and disappointment regarding the lyrics.
1,1,It's good to see Rosé being able to release this calm and vocal theme for Apt.🎉,Expresses excitement and positive sentiment regarding the song.
-1,-1,"This song is just a remix of Hey Micki - same beat, same tempo, same feel, different words lol","Identifies the song as a simple remix, implying a lack of originality."
1,1,"Super amateur percussionist, and visual/ sculptural artist here. This beat is something of perfection. It’s like a perfect equation.",Expresses strong admiration for the song’s musical perfection.
1,1,I was definitely not expecting such an upbeat and positive song !! It just melts my heart seeing Rosé and Bruno being so happy in this video. I am so happy that Rosé gets a chance to release her own music and collaborate with the ppl she wants to collab with❤❤❤,Expresses strong positive feelings and joy about the video and Rosé's music.
1,1,Go for 2 billion and make Rosé as the first ever kpop soloist to reach that milestone!,Expresses a fervent desire for Rosé to achieve a significant milestone.
1,1,"This is a total surprise for me, never expected Rosie to do such a song, this is sooo catchy and addictive, silly fun and upbeat song. So happy to see this side of rosie, my baby is so happy. ❤",Expresses delight and enjoyment of the song and Rosie's new direction.
-1,-1,This is the worst song I've ever heard and I want my job to quit playing this ass song. If anyone hates my comment I don't care because its true,Expresses extreme and vehement dislike with strong condemnation.
1,1,Ed sheeran this is the best song in the universe,Expresses extreme enthusiasm and praise for the song.
1,1,Such a catchy tune... love it! ❤,Expresses strong enjoyment and affection for the song.
0,0,The song is catchy but this video is a joke,Praise for the song combined with criticism of the music video.
-1,-1,"catchy a bit , but very low quality music - not complex at all --> see for comparison Michael Jackson or Queen- Bohemian Rhapsody  or Aerosmith- I don't  want to miss a thing  or  please listen to George Michael or Mariah Carey  or Faouzia. Please do it and compare.",Criticizes the music's low quality and compares it unfavorably to established artists.
-1,-1,"Nice story, if  this story told by a human being that would've been more nice, AI is wrong in some words",Expresses dissatisfaction with the AI's output and suggests it lacks human-like qualities.
-1,-1,God this shit is so fucking annoying,"Uses strong, offensive language to express extreme displeasure."
1,1,pop-rock beat to its addictive,Expresses enjoyment of the song's rhythm and quality.
1,1,"Bruno Mars and Rosé are really in harmony through this song. I feel that Rosé is more emotional and she is letting out everything inside her and she is enjoying it. In addition, they are the best duo I have seen in the world of K-pop. It is a song that is beyond imagination. They have truly surpassed in creativity.  🎀🧸",Expresses enthusiastic praise and admiration for the collaboration.
1,1,LOVEEE THE VIBE IN 2025 WITH THIS SONG,Expresses strong positive feelings about the song's vibe.
-1,-1,What a shitty little Song. Only ones who can vibe to this are the rugrats and People that Had at least 2 strokes,Expresses strong disapproval and insults the song's audience.
0,0,This song remind me Peacock by Katy Perry due the rhythm and instrumental,"Compares the song to another, suggesting a similarity but not necessarily a positive or negative opinion."
-1,-1,One of the most annoying pieces of music ever made …,Expresses strong disapproval and annoyance with the music.
1,1,I love this song and the lyrics !!,Expresses strong positive feelings about the song and its lyrics.
1,1,Her voice is angelic and I'm not Brunos biggest fan but this one made my Playlist for sure. It's a catchy earwig of a song,Expresses enjoyment and identifies the song as a memorable addition to the playlist.
1,1,Siantonella❤❤thiaGo❤❤❤❤❤❤,Expresses enthusiastic support with multiple heart emojis.
0,0,Any one can share lyrics?,A simple request for lyrics without any expressed opinion.
1,1,Catchy and Cute🥰,Expresses enthusiasm and affection using emojis.
1,1,This music just stick on my mind and I can't stop to listening and feel this good vibe! 🥰😆,Expresses strong positive feelings and enjoyment of the music.
1,1,It's an addictive rhythm,Describes the song as 'addictive' indicating a strong positive reaction.
1,1,Congratulations advance on reaching 2B views milestone 🎉,Expresses celebratory and positive sentiment regarding the view count.
1,1,So catchyyyy,Expresses enthusiasm for the song's catchiness.
0,0,I hate the apatapatit bit. Horrid. The Chorus is tidy though.,Expresses strong dislike for one part while acknowledging a positive element.
0,0,"anyone getting the same vibes as ""the ting tings""","Compares the song to a previously popular track, indicating a potential similarity but also a potential difference."
1,1,"Just discovered this and loved it! If your little ones enjoy fun songs we just dropped some catchy, colorful tunes over at Little Art Tunes 🦄🦖🐶 Come sing along! 💜 Brand new channel full of songs, color & upbeat fun for kids! Your support would mean so much",Expresses enthusiastic enjoyment and promotes the channel.
-1,-1,Its apatapateu not apateu the lyrics on each lyric doesnt listen close,Expresses confusion and criticism of the lyrics.
1,1,Rosé make history!❤,Expresses enthusiastic support and affection for Rosé.
1,1,Catchy voice❤,Expresses affection and enjoyment of the singer's voice.
1,1,What a happy song. This song has early 80s vibes with a style similar to the gogos,Expresses positive feelings and identifies nostalgic musical influences.
0,0,this song has some Gwen Stefani vibes to it for sure.,Acknowledges a similarity to Gwen Stefani while not fully praising it.
1,1,The rhythm of the music is good 💯 Love it! ❤️❤️❤️❤️❤️❤️❤️❤️❤️❤️❤️❤️❤️,Expresses enthusiastic enjoyment and uses emojis to reinforce positive feelings.
1,1,"Came for the thumbnail, stayed for the vibes",Expresses enjoyment of the music and atmosphere.
0,0,Who's listening in August 2025🎉 comment your favorite Bruno Mars or Rose song from there both music history,"A simple question seeking engagement, lacking strong sentiment."
1,1,This song is a MASTERPIECE!! I really love their vibes❤️,Expresses overwhelming enthusiasm and appreciation for the artist's style.
1,1,I really like this song it's very catchy like if you song too much🫶🩷,Expresses enjoyment and uses emojis to convey enthusiasm.
0,0,Be honest… whose part gave you chills first: Bruno’s intro or Rosé’s verse? Let’s settle this in the replies 👇,"Expresses a preference for two distinct parts of the song, indicating a Neutral reaction."
1,1,"Lordy colour me shocked Bruno is 40 and Rose is 30 they both look so much younger the jammy so and sos, not that I am jealous 😉😭 This is just so catchy",Expresses delight and amusement at the artists' youthful appearance.
-1,-1,why is all modern music so annoying?,Expresses general dissatisfaction and annoyance with contemporary music.
-1,-1,This is fucking terrible,Uses highly offensive and negative language expressing strong disapproval.
1,1,"Postei tanto essa música nos estorys ❤ , e ainda não superei esse surto",Expresses strong positive emotion and attachment to the song.
-1,-1,We couldn’t manage more than 4 lines per verse?,Criticizes the song's structure with a demand for better lyrics.
1,1,It’s super catchy and I love how Bruno looks like he is wearing a skirt. Literally so hot SLAY,Expresses strong enthusiasm and admiration for the song and Bruno's appearance.
1,1,I really love the vibe,Expresses strong positive feelings about the song's atmosphere.
-1,-1,"Even to this day, I hate the instrumental as well as the lyrics",Expresses strong dislike for both the music and lyrics.
0,0,"It's fun but the beat's ""Hey Mickey"".",Acknowledges the song's fun nature while comparing it unfavorably to another track.
0,0,There's like 3 parts of this song that are actually good and have a very different approach with vocals and lyrics and then the rest of the song is repeating the same word or just some cringe lyrics. Good song for like 20% of it,Highlights both positive and negative aspects of the song's structure and content.
0,0,This beat reminded me of this track I found recently — https://youtu.be/_qsWBhCk0DY,Sharing a link to another song suggests a comparison rather than a strong positive or negative opinion.
-1,-1,The most annoying song ever,Expresses strong dislike and annoyance.
1,1,"Blinks, ice cream needs 25.9m more views before we make more history. This will be our queens 10th song to reach the billion views mark. Let's go. Fighting",Expresses excitement and support for the artist's achievement.
-1,-1,this is the most generic thing this year..cg..,Expresses strong disapproval and considers the song unoriginal.
0,0,Lyrics?,"The comment expresses a simple, neutral question about the lyrics."
1,1,Very very beatiful😊😊,Expresses strong positive emotion with emojis.
1,1,"Gives me Cyberpunk vibes for some reason, would have been a great track for the radio.",Expresses a positive association and suggests suitability for radio play.
-1,-1,Worst song of 2024,Directly states the song is the worst of the year.
1,1,My 1 year old son could be in the worst saddest mood and this song make him so happy every time!,The comment expresses a strong positive emotion and the effect of the music on a child.
-1,-1,Boring tiktok song,Expresses dissatisfaction with the song's lack of excitement.
-1,-1,"One of the worst songs I ever heard, everything is ok, except the pata pata pata",Expresses strong dissatisfaction with the song.
-1,-1,Most annoying song,Expresses strong annoyance and dislike.
0,0,Both a catchy annoying and nice song 😂 i only like the part when they sing ”don’t you want me like i want you baby” to the apteu part cuz it just gets stuck in my head,Expresses both enjoyment and frustration with the song's repetitive hook.
0,0,Annoying but catchy,Expresses both annoyance and a grudging acknowledgement of the song's catchiness.
-1,-1,Congratulations on making the most annoying chorus in music history 👏.,Expresses strong disapproval and mockery of the song's chorus.
0,0,FROM FREE BIRDS (2013) THE WALKING DEAD MGM TOM AND JERRY PETER PAN FROM PUSS IN BOOTS (2011) TOY STORY 3 ICE AGE THE MELTDOWN GNOMEO AND JULIET FROM MISS SPIDER (2004) ICE AGE DAWN OF THE DINOSAURS MONSTERS INC END CREDITS FINDING NEMO FROM FREE BIRDS (2013) MEGAMIND MGM TOM AND JERRY FAMILY GUY FROM RIO (2011) CODENAME KIDS NEXT DOOR ICE AGE THE MELTDOWN ICE AGE A MAMMOTH CHRISTMAS KLASKY CSUPO MONSTERS UNIVERSITY MY SLURP JEOPARDY FROM FREE BIRDS (2013) RATATOUILLE MGM TOM AND JERRY GEICO PAWS LITTLE BABY BUM ICE AGE THE MELTDOWN UP THE PEANUTS MOVIE TANGLED MY SLURP THE GOONIES KUNG FU PANDA HOLIDAY SPECIAL ICE AGE THE MELTDOWN MGM TOM AND JERRY MADAGASCAR ESCAPE 2 AFRICA PAWS MONSTERS VS ALIENS ICE AGE THE MELTDOWN CARS FROM ICE AGE COLLISION COURSE (2016) MEET THE ROBINSONS FROM HOW TO TRAIN YOUR DRAGON (2010) SISTER WIVES KUNG FU PANDA 2 TRAILER ICE AGE CONTINENTAL DRIFT MGM TOM AND JERRY TOY STORY HAPPY FEET SLEEPING BEAUTY ICE AGE THE MELTDOWN BRAVE FROM ICE AGE COLLISION COURSE (2016) DC LEAGUE OF SUPER-PETS FROM CARS (2006) DC LEAGUE OF SUPER-PETS GNOMEO AND JULIET DC LEAGUE OF SUPER-PETS FROM SHARK TALE (2004) DC LEAGUE OF SUPER-PETS SESAME STREET DC LEAGUE OF SUPER-PETS MADAGASCAR DC LEAGUE OF SUPER-PETS RIO 2 DC LEAGUE OF SUPER-PETS MONSTERS VS ALIENS DC LEAGUE OF SUPER-PETS CARS DC LEAGUE OF SUPER-PETS MEET THE ROBINSONS DC LEAGUE OF SUPER-PETS SISTER WIVES DC LEAGUE OF SUPER-PETS FROM THE INCREDIBLES (2004) DC LEAGUE OF SUPER-PETS FUZZY DOOR PRODUCTIONS 20TH CENTURY FOX DC LEAGUE OF SUPER-PETS FILM ROMAN STARZ MEDIA 2010 DC LEAGUE OF SUPER-PETS FROM RANGO (2011) DC LEAGUE OF SUPER-PETS FROM SURF UP (2007) DC LEAGUE OF SUPER-PETS FROM PUSS IN BOOTS (2011) DC LEAGUE OF SUPER-PETS DUG SPECIAL MISSION DC LEAGUE OF SUPER-PETS UFM UNIDENTIFIED FLYING MATER DC LEAGUE OF SUPER-PETS FROM KUNG FU PANDA (2008) DC LEAGUE OF SUPER-PETS TOY STORY DC LEAGUE OF SUPER-PETS HEY DUGGEE DC LEAGUE OF SUPER-PETS FROM KUNG FU PANDA (2008) DC LEAGUE OF SUPER-PETS FROM RIO 2 (2014) DC LEAGUE OF SUPER-PETS SESAME STREET DC LEAGUE OF SUPER-PETS MY SLURP DC LEAGUE OF SUPER-PETS HOME DC LEAGUE OF SUPER-PETS DR FRIGHTUNE EEK TURNING RED ARTHUR TURNING RED FROM SURF UP (2007) TURNING RED MONSTERS VS ALIENS HBO TURNING RED FROM SECRETS OF THE FURIOUS FIVE (2008) TURNING RED DORA THE EXPLORER TURNING RED SECRETS OF THE FURIOUS FIVE TURNING RED RIO TURNING RED WARNER BROS ANIMATION TURNING RED THE INCREDIBLES FREEFORM TURNING RED FROM MONSTERS VS ALIENS (2009) TURNING RED THE INCREDIBLES ABC FAMILY TURNING RED SURF UP(2007) END CREDITS. TURNING RED SHARK TALE TURNING RED FROM OPEN SEASON 2 (2008) TURNING RED KUNG FU PANDA 2008 DISNEY XD TURNING RED MY SLURP TURNING RED FROM HOME (2015) TURNING RED THE WONDER PETS TURNING RED EEKSBUSCAMPERS TURNING RED FROM ICE AGE DAWN OF THE DINOSAURS (2009) TURNING RED GNOMEO AND JULIET TURNING RED MY SLURP TURNING RED HAPPY FEET TURNING RED SURF UP TRAILER TURNING RED PAWS TURNING RED FROM OPEN SEASON 2 (2008) TURNING RED COOKIE JAR WGBH TURNING RED CHUGGINGTON TURNING RED FROM THE SPONGEBOB SQUAREPANTS MOVIE (2004) TURNING RED FROM ICE AGE DAWN OF THE DINOSAURS (2009) TURNING RED CHICKEN LITTLE TURNING RED SUNNY BUNNIES BOO TURNING RED FROM FINDING NEMO (2003) TURNING RED MONSTERS INC END CREDITS TURNING RED FRANKLIN THEME SONG TURNING RED,"The comment is a lengthy list of movie titles, indicating a collection or compilation rather than a focused sentiment."
1,1,"Bruno Mars was my childhood idol. I admire him deeply. I'm truly grateful to Rose for collaborating with him - through  one of the most popular songs right now, you brought a part of my childhood back into my present. You have become brilliant in my eyes, Rose.",Expresses deep admiration and gratitude for Rose's collaboration.
1,1,‘Apt’ is such a beautifully emotional song. Rosé’s voice captures every feeling so perfectly.,Expresses strong appreciation for the song and Rosé's vocal performance.
1,1,The lyrics of this song really speak to me.,Expresses a personal connection and positive sentiment towards the song's lyrics.
-1,0,"""I popped out my tit! I popped out my tit! I popped out my tit!"" Good luck hearing the original lyrics now LOL!",Uses vulgarity and mocking language to express annoyance.
1,1,It's amazing apt apt I love this music with rhythm apt apt apt apt apt apt apt apt 🩷🫰🏻✨🎸,Repeated use of positive emojis and enthusiastic expression.
1,1,The melody is so soothing and relaxing.,Describes the melody as soothing and relaxing.
-1,-1,Pacha pacha it's lyrics in tamil??,Expresses confusion and disapproval regarding the use of Tamil lyrics.
-1,-1,This is the worst song in the world horible im gonna repor it,Expresses extreme dissatisfaction and intention to report the song.
1,1,Song is so darn catchy!!! APT!!!,Expresses enthusiastic enjoyment of the song's catchiness.
1,1,The harmony slaps hard 🫠,'Slaps hard' is a slang term indicating strong positive enjoyment.
0,0,😊😅this song has a childish vibe,Expresses a positive feeling alongside a criticism of the song's style.
0,0,Is the verse melody not exactly like “that’s not my name” by the ting tings,"Compares the verse to another song, highlighting a similarity and potential criticism."
1,1,This gives me The Ting Ting vibes. I love it,Comparing the song positively to a well-regarded artist/track.
-1,-1,Terrible lyrics,Expresses strong disapproval of the song's lyrics.
0,0,A funny playful song with not so playful lyrics.   A catchy song that appeals to the youth   The devil sure does use this industry to spread his evil.,Combines positive aspects like a catchy song with negative criticisms about the lyrics and the industry.
1,1,"Adenosine triphosphate (ATP) is a nucleoside triphosphate[2] that provides energy to drive and support many processes in living cells, such as muscle contraction, nerve impulse propagation, and chemical synthesis. Found in all known forms of life, it is often referred to as the ""molecular unit of currency"" for intracellular energy transfer.[3]",Describes ATP as a crucial and valuable energy source.
1,1,Her voice vocals are 😮😮😮😮,Expresses strong positive reaction with multiple emoji indicating enjoyment.
-1,-1,Rose in space with Elon and Elena he rape them bad pimp beat will turn into robots hurry,"Contains abusive and disturbing language, clearly expressing a negative and harmful sentiment."
1,1,"This video gives me 00er-vibes, in a positive way",Expresses a positive association with a specific musical era.
0,0,"Song catchy even I never hear k pop and such but the chorus with apt is so bad. Would they did something better instead of this teenage apt, this song would be very good at 4 bln prop.",Expresses enjoyment of the chorus while criticizing the overall song and the artist’s vocal performance.
1,1,Vibezinha gostosa,"{""sentiment"":""Positive"",""justification"":""Portuguese slang expressing a positive and sensual feeling about the music.”}"
0,0,I do find this song interesting. And I have no idea what they are saying. I understand the English. Idk the other stuff I'm guessing it's a different language.  But I really don't vibe with this genre. Although  I love whatever that ran lango is. No actually the start of the song is what draws me in,Expresses interest in part of the song while stating dislike of the genre.
-1,-1,What an awful annoying song,Expresses strong dislike and finds the song annoying.
1,1,Catchy song❤,Expresses enjoyment with a heart emoji.
1,1,I LOVE YOU IN THIS VIBES,Expresses strong positive feelings and enjoyment.
1,0,Scott Pilgrim vibes with the lyrics and music video style,Expresses enthusiasm for the song's similarity to Scott Pilgrim.
-1,-1,"Where have I heard “don’t you want me like I want you baby”? I have heard the same melody with the same lyrics. I swear in a huge pop song, on the radio and everything.",Expresses frustration and accusation of plagiarism.
-1,-1,this is actually the worst song ever. it's absolutely hell anytime this song plays,Strongly expresses extreme dislike and deems the song terrible.
-1,-1,Holy shit more annoying than Swift,Expresses extreme annoyance and criticism.
1,1,strong catchy tones do stick more than sad songs.,Expresses preference for the song's upbeat and memorable quality over sad songs.
1,1,Blink or show the antis that we are not weak!!,Expresses defiance and support for the artist against perceived negativity.
-1,-1,This song is so annoying that whenever I hear it on the radio I change the station.,Expresses strong annoyance and a desire to avoid the song.
1,1,"idk why people called this annoying, like whaaat",Expresses disbelief and dismissal of negative opinions.
-1,-1,I hate your song. I hate your song. It’s so annoying.😴👎🏼,Expresses strong dislike and frustration with the song.
0,0,The ting tings's vibes.,Expresses a positive feeling while simultaneously criticizing the artist's style.
1,1,"1:10-1:36 and 2:09-end are probably my favorite sections. Them singing together, layering, the drone notes underneath that rise with the chord progression and the ""ahhh ah ah, ahhh ah ah, ahhhhh"" behind that just really make this feel almost bittersweet? Like a graduation, where you're celebrating a new beginning but its still the end of something and you're going through old memories and laughing, crying, smiling. These parts of the song in particular just really connected to me.",Expresses deep emotional connection and appreciation for specific sections of the song.
0,0,FROM HOW TO TRAIN YOUR DRAGON (2010) KUNG FU PANDA KUNG FU PANDA 2 TRAILER RIO MGM TOM AND JERRY KUNG FU PANDA 3 HAPPY FEET PIXAR SHORT FILMS ICE AGE THE MELTDOWN THE PRINCESS AND THE FROG FROM ICE AGE COLLISION COURSE (2016) MADAGASCAR FROM CARS (2006) ICE AGE GNOMEO AND JULIET SHREK FOREVER AFTER FROM SHARK TALE (2004) THE INCREDIBLES SESAME STREET MONSTERS INC MADAGASCAR TOY STORY 2 RIO 2 DESPICABLE ME MONSTERS VS ALIENS THE PATRIOT CARS HOW TO TRAIN YOUR DRAGON MEET THE ROBINSONS KUNG FU PANDA 2 SISTER WIVES KUNG FU PANDA HOLIDAY SPECIAL FROM THE INCREDIBLES (2004) DISNEY PREP & LANDING FUZZY DOOR PRODUCTIONS 20TH CENTURY FOX SHARK TALE FILM ROMAN STARZ MEDIA 2010 THE LITTLE MERMAID FROM RANGO (2011) THE INCREDIBLES FROM SURF UP (2007) WALL-E FROM PUSS IN BOOTS (2011) THE WALKING DEAD DUG SPECIAL MISSION PETER PAN UFM UNIDENTIFIED FLYING MATER TOY STORY 3 FROM KUNG FU PANDA (2008) GNOMEO AND JULIET TOY STORY ICE AGE DAWN OF THE DINOSAURS HEY DUGGEE FINDING NEMO FROM KUNG FU PANDA (2008) MEGAMIND FROM RIO 2 (2014) FAMILY GUY SESAME STREET ICE AGE A MAMMOTH CHRISTMAS MY SLURP OVER THE HEDGE HOME MONSTERS UNIVERSITY DR FRIGHTUNE EEK JEOPARDY ARTHUR RATATOUILLE FROM SURF UP (2007) GEICO MONSTERS VS ALIENS HBO LITTLE BABY BUM FROM SECRETS OF THE FURIOUS FIVE (2008) UP DORA THE EXPLORER TANGLED SECRETS OF THE FURIOUS FIVE HOME ON THE RANGE RIO ICE AGE THE MELTDOWN WARNER BROS ANIMATION MADAGASCAR ESCAPE 2 AFRICA THE INCREDIBLES FREEFORM MONSTERS VS ALIENS FROM MONSTERS VS ALIENS (2009) CARS THE INCREDIBLES ABC FAMILY MEET THE ROBINSONS SURF UP(2007) END CREDITS. SISTER WIVES SHARK TALE ICE AGE CONTINENTAL DRIFT FROM OPEN SEASON 2 (2008) TOY STORY KUNG FU PANDA 2008 DISNEY XD GEICO INSURANCE MY SLURP BRAVE FROM HOME (2015) KUNG FU PANDA THE WONDER PETS RIO EEKSBUSCAMPERS KUNG FU PANDA 3 FROM ICE AGE DAWN OF THE DINOSAURS (2009) PIXAR SHORT FILMS GNOMEO AND JULIET THE PRINCESS AND THE FROG MY SLURP MADAGASCAR HAPPY FEET ICE AGE SURF UP TRAILER SHREK FOREVER AFTER PAWS THE INCREDIBLES FROM OPEN SEASON 2 (2008) MONSTERS INC COOKIE JAR WGBH TOY STORY 2 CHUGGINGTON DESPICABLE ME FROM THE SPONGEBOB SQUAREPANTS MOVIE (2004) TOM AND JERRY FROM ICE AGE DAWN OF THE DINOSAURS (2009) HOW TO TRAIN YOUR DRAGON CHICKEN LITTLE KUNG FU PANDA 2 SUNNY BUNNIES BOO AMERICA DAD FROM FINDING NEMO (2003) CARTOON NETWORK HARVEY MONSTERS INC END CREDITS SAVAGE STUDIOS LTD FRANKLIN THEME SONG CARTOON NETWORK DEXTER LABORATORY DR FRIGHTUNE EEK DEEPLE DOO FROM MADAGASCAR ESCAPE 2 AFRICA (2008) UNDERDOG PRODUCTIONS OPENING TO MADAGASCAR 3 EUROPE MOST WANTED 2012 DVD ICE AGE SMALL POTATOES PETER PAN MY SLURP TOY STORY 3 ICE AGE 2 TRAILER GNOMEO AND JULIET DR FRIGHTUNE EEK ICE AGE DAWN OF THE DINOSAURS CARS ENDING FINDING NEMO FREE BIRDS. MEGAMIND FROM RIO  (2011) MERRY MADAGASCAR MY SLURP ICE AGE A MAMMOTH CHRISTMAS THE LION GUARD BESTHE OVER THE HEDGE,"A list of movie titles, not expressing sentiment."
1,1,top vibe we drop down https://youtu.be/ap4_QcTaUM8?si=uGlzdvyIn_HfqA4E yeah,Expresses enthusiasm and approval with a link to the video.
-1,-1,most annoying song ever 😂 every day in job i have to listen to this cause of the radio 😂🤮,Expresses strong annoyance and disgust with the song.
1,1,This song is so catchy that I listen to it several times a day 😱 meow .,Expresses enthusiastic enjoyment and frequent listening.
1,1,I love this song because it's upbeat❤❤❤❤❤❤❤,Expresses strong positive feelings and uses emojis to convey enthusiasm.
0,0,All goodness all badness is jesus story,"Contains religious references and judgment, presenting a complex and potentially conflicting viewpoint."
-1,-1,Comment more times to beat ic0n,Repetitive and nonsensical comment expressing annoyance.
-1,-1,Bruh the lyrics is sus,Uses the derogatory term 'sus' to express disapproval.
-1,-1,The most annoying song ever written,Expresses strong disapproval and annoyance.
1,1,Bussin bear just dropped new mix skin deep https://youtube.com/shorts/hnAKp0Ru06I?si=iPN8WYAj6r3pAN8t,Expresses enthusiastic enjoyment of the new mix.
-1,-1,"This song is so fucking stupid and it’s so annoying. Like, what the hell is this hot garbage 🗑️",Expresses strong disgust and frustration with the song.
1,1,This song is so joyful and energetic. It has so positive vibes. I like to listen it to boos my mood. Bruno's and Rose's voices lift the heart up,Expresses strong positive feelings and describes the song's uplifting effect.
1,1,Pure class. No notes.,Expresses complete satisfaction and approval.
1,1,It's extremely enjoyable to listen to the song. I love Burno and Rosie. They are very good. Their voice harmony is great.,Expresses enjoyment and praises the artists' vocal harmony.
-1,-1,This song is the worst ever 👿👿👿😡😡😡😡😡🤬🤬🤬🤬🤬🤬🤬 Fuck It up,Expresses extreme anger and dissatisfaction with the song.
-1,-1,Boring,Expresses a lack of interest and deems the song dull.
-1,-1,"Just stopping in to let these people know that they made the worst, most debilitatingly terrible song in existence. That is all","Strong, hyperbolic criticism labeling the song as the worst."
-1,-1,Probably one of the worst songs Bruno has ever thought of starring in. Used to be my fave artist until he started doing this. Like wow what is this song about anyway. Noone knows what and APT is and it's not even a word. Crazy how these artists have really shown how much brain functionality they lost since Biden became president.,"Strongly criticizes the song and the artist's work, linking it to political opinions."
-1,-1,She a Flasher and can't sing a beat!,Strongly insulting and critical of the artist's abilities.
1,1,"Nobody can sit still with this rhythm! I tried dancing the ""APT."" part in my kitchen and almost knocked over the fish sauce bottle. 😂 Is anyone else here rocking out in an unexpected place? Share below!",Expresses enthusiastic enjoyment and engagement with the song.
-1,-1,This is the worst song delete it!!!!!🤬🤬🤬🤬🤬🤬,Expresses extreme anger and condemnation of the song.
1,1,"My three months old baby cousin loves to hear this song, his eyes get all big and his focus deepens it's so cute 🥺",Expresses delight and affection for the child's reaction to the music.
0,0,Doesn't really make a lot of sense but catchy AF!,Acknowledges catchiness while criticizing lack of meaning.
-1,-1,"What happened to real music??? U know real singers who write proper lyrics,musicians who play real instruments an make real music",Expresses dissatisfaction with modern music and a longing for traditional values.
0,0,I had to look up this annoying but nice song. That's it.,Expresses a neutral reaction with a slight negative connotation.
0,0,My dad is obssesed with this song but im sorry my English ist not good and Rose you ist my bias from blackpink and this song ist summer vibe and ist so good ist my favorite song,Contains both positive expressions of enjoyment and a personal statement about language ability.
-1,0,That's the bad romance melody,Expresses disapproval of the song's melody.
1,1,Great lyrics,Expresses strong approval of the song's lyrics.
-1,-1,View all the the the future please unsubscribe here with your message was automatically in fact that you are down in no particular the future and then the morning 🌞😂🌞 we will be a very happy to me from friends ❤❤❤❤❤,"Sarcastic and dismissive, indicating annoyance with the comment's repetitive nature."
1,1,I REALLY LIKE THE VIBE OF APT,Expresses enjoyment of the song's atmosphere.
1,1,a catchy song😇😇😇😇😇😇😇😇😇😇😇😇😇😇😇😇😇😇😇😇😇😇😇😇😇😇😇😇😇🥺🥺🥺🥺🥺🥺🥺🥺🥺🥺🥺🥺🥺🥺🥺😍😍😍😍😍😍😍😍😍😍😍😍😍😍😘😘😘😘😘😘😘😘😘😘😘😘😘,Expresses strong positive feelings with multiple emojis.
-1,-1,Fvckin' annoying song and video.,Expresses strong dislike and annoyance.
0,0,"Remix opinion: APT x HEYA Moustafa Amar , or X doctor Jones by Aqua, or Flex by Fifth Harmony 🧨🔥, or Ya Ghayeb by Fadel Shaker",Lists multiple references with no clear positive or negative sentiment expressed.
-1,-1,Most annoying song she ever made 😂😂😂,Expresses strong annoyance and dislike.
1,1,"Bardzo fajna,melodyjna i przebojowa piosenka.","Expresses strong positive feelings about the song being cool, melodic, and catchy."
1,1,"Acoustic music really hits different. 🎶 If you like this style, you might enjoy the original songs on my channel too. Come have a listen! 🎤✨",Expresses enjoyment of the music and invites listeners to explore more content.
-1,-1,One of the most annoying hooks in recent times,Expresses strong annoyance and criticism of the song's hook.
1,1,❤ 😊 amazing vocals rose,Expresses strong positive emotion and appreciation for the vocals.
1,1,It’s like the lyrics were written for me.,Expresses a deeply personal and positive connection to the song's lyrics.
0,0,✏️ Descreva a vibe,"The comment is in Portuguese and expresses a request for description, lacking sentiment."
-1,-1,This song is so annoying,Expresses strong annoyance and disapproval.
1,1,This song is like a catchy rhythm that sticks in your mind 😮🎉❤,Expresses enthusiastic enjoyment with emojis.
-1,-1,trash song every time it plays i immediately change to something else the beat is so annoying,Expresses strong dislike and annoyance with the song.
0,0,Ts might beat Despacito fr💔,Expresses a strong dislike ('fr') while acknowledging a potential positive comparison.
