﻿classificacao,comentario,justificativa,sentimento_manual
Positive,This track has such a nostalgic vibe to it. It reminds me of simpler times and brings back so many memories.,"The commenter expresses a positive feeling about the track and its nostalgic qualities, describing it as 'bringing back so many memories'.",Positive
Positive,"Normally avoid pop but something about this one is nostalgic, romantic and insightful.","The comment expresses positive feelings of nostalgia, romance, and insightfulness towards the music video.",Positive
Positive,"one of the finest artist in this generation , no stupid lyrics no stupide or sexual choreography absolute gem","The commenter expresses strong admiration and describes the video as an ‘absolute gem’, indicating a highly positive sentiment.",Positive
Positive,To everyone vibing with this: may your week be as upbeat and joyful as this melody. Keep dancing! 💃🕺🎶,"The comment expresses enthusiasm and wishes for joy, indicating a positive sentiment towards the music video.",Positive
Positive,"Hi Benson, I've been faintly hearing this song on the radio in various stores I've gone into so I recently decided to look it up with the hook/chorus as my only thing to go off of. I'm a recovering alcoholic and this song gives me hope for my future but also helps to remind me not to be complacent. I wish you the best and I thank you for your art.","The commenter expresses hope and gratitude for the artist's work, indicating a positive emotional response.",Positive
Positive,This is the best new generation Song ever its 90s vibe....,"The commenter expresses enthusiastic approval and admiration for the song, indicating a positive sentiment.",Positive
Positive,"Such a powerful song about the human condition and the vulnerableness we all share...Love can be hard to get, and even harder to hold on to.","The comment expresses admiration for the song's theme and emotional depth, indicating a positive response.",Positive
Positive,0:38 a beatiful song❤❤❤😊😊😊🔥🔥🔥,The comment expresses enthusiastic approval with emojis indicating joy and excitement.,Positive
Positive,I knew this song was immaculate within the first 10 seconds. The chorus was more than a bonus and the way it brings me to my knees to thank GOD is everything. 🥲,"The commenter expresses strong positive feelings about the song and its impact, using phrases like 'immaculate' and 'brings me to my knees'",Positive
Positive,"great tempo and vocal shifts awesome composition, it rocks.","The comment expresses enthusiastic praise for the music video's tempo, composition, and overall quality.",Positive
Positive,"is truly one of the most beautiful songs I’ve ever heard. It resonates with me so deeply that I listen to it every single day. I guess you could say I’m a little addicted to it, but it’s not just the melody it’s the emotions it stirs in me. I’m 45, still single, and sometimes I find myself wishing for someone who could love me with the same kind of passion and devotion that this song evokes. I long for a love that makes me feel extraordinary, even in my ordinary moments.","The commenter expresses overwhelmingly positive feelings about the song, describing it as 'beautiful' and stating they are 'addicted' to it and deeply moved by it.",Positive
Negative,Worst song of all time,The comment expresses a strong negative opinion regarding the quality of the song.,Negative
Negative,"I am from Middle East I converted my religion. When my family learned they beat me, took my phone, laptop, bible etc. And locked me in a room for 1.5 years! I was just a 9 months old believer. When I was sitting in the room I prayed and said I don't have my Bible, my believer friends etc. how can I continue my faith? And I heard Holy spirit said I can come in this room! And he came he was with me all the time while I was in there. When I heard this song I felt someone who doesn't know my testimony made a song for me 😍 Yes he is in the room and he'll be in the room and we can't survive without him.","The comment expresses deep distress, trauma, and anger related to a violent and isolating experience, indicating a negative sentiment.",Neutral
Negative,Awful song please delete from history,"The comment expresses strong disapproval and a request for removal, indicating a negative sentiment.",Negative
Positive,Wow his vocals ❤🎉beautiful song,The use of emojis and words like 'beautiful' clearly indicates a positive emotional response to the music video.,Positive
Positive,This song is totally my style! I really needed rock music like this. Especially the high notes in the chorus feel so refreshing.,"The commenter expresses strong positive feelings about the song and its features, indicating enjoyment.",Positive
Positive,"@BensonBoone is giving Freddy Mercury. The jumpsuit, the mustache, the original voice and performance and just the overall vibe and look about him.","The comment expresses enthusiastic admiration and praise for the artist's performance and appearance, indicating a positive sentiment.",Positive
Negative,"I hate this song with every fiber of my being. Cheesy 70s porn ‘stash, bombastic American Idol vibes, every vibe he has that sucks. I hate the songs this guy makes..","The comment expresses strong dislike and uses negative descriptors like 'hate,' 'cheesy,' and 'sucks,' indicating a negative sentiment.",Negative
Positive,"What an unusually beautiful timbre of voice, I want to listen to it all the time. Cool song!","The commenter expresses strong positive feelings about the voice and song, using phrases like 'beautiful timbre' and 'cool song!'",Positive
Positive,"Sheer brilliance, the vocals out of this world, literally sent chills down my spine 😮","The commenter expresses overwhelming enthusiasm and describes a powerful emotional reaction, indicating a strongly positive sentiment.",Positive
Positive,"This song is perfection! it's been so many months, but I still love this song, the lyrics and Benson Boone nailed the Vocal Quality. I watched a reel on Facebook and I searched about it and fell in love.","The comment expresses strong positive feelings about the song and the artist's performance, highlighting enjoyment and admiration.",Positive
Positive,when I discovered this song I discovered my deep emotionals,The comment expresses a strong positive connection and emotional response to the music.,Positive
Negative,Worst ad shit song ever,The comment expresses strong disapproval and criticism of the music video and song.,Negative
Positive,Finally a song in these times that is positive and have a great melody because it seems that other modern bands are just copy pasting electronic music that all sounds the same. This song and band deserve more recognition. 10/10,"The commenter expresses enthusiastic praise for the song's positivity, melody, and deserves recognition, indicating a positive sentiment.",Positive
Positive,Such a beautiful song me and mom sing it all time my mom did not like the song but now she loves the song with her whole heart such beatful voice,"The comment expresses love and enjoyment of the song, indicating a positive sentiment despite initial disagreement from the commenter's mother.",Positive
Negative,Most annoying song in the world,The comment expresses strong dislike and annoyance with the song.,Negative
Positive,Checking billboard playlists after 5/6 years and found this soothing song kinda feels nostalgic,"The commenter expresses a positive feeling of nostalgia and finds the song 'soothing,' indicating a favorable opinion.",Positive
Positive,The vibe is royale. I and I love this song,The enthusiastic use of 'love' and 'vibe is royale' indicates a positive emotional response to the music video.,Positive
Positive,"Powerful explosive vocals, emanating pure vulnerability to a  God whose actions seem so inexplicably untoward but at other times merciful and benevolent","The comment uses words like 'powerful,' 'vulnerability,' 'merciful,' and 'benevolent,' indicating a positive emotional response to the music video.",Positive
Positive,NOW THAT IS SOME GOOD MUSIC NOW THAT IS GOOD BRO LIKE THE LYRICS ARE RHYMING I I JUST LOVE IT BRO JUST PERFECT GIVE THIS MAN A REWARD OR SOMETHING!!!!,"The user expresses enthusiastic praise and enjoyment of the music video and lyrics, using positive language like 'good,' 'love it,' and 'perfect.'",Positive
Positive,Every beat feels like it’s telling a story. This is art in sound form! 🎶✨,"The commenter expresses enthusiastic admiration for the music video, describing it as 'art in sound form' and highlighting its storytelling quality.",Positive
Positive,The energy in the chorus is on a different level. Thank you for the music.,"The commenter expresses enthusiasm and gratitude for the music, indicating a positive sentiment.",Positive
Negative,One of the worst things I’ve ever listened to,"The comment expresses strong dissatisfaction and uses the phrase 'worst things I’ve ever listened to,' indicating a clearly negative sentiment.",Negative
Positive,"Wow, what a powerful voice! This artist's vocal range is incredible, and the emotion they convey is just captivating",The comment expresses enthusiastic admiration for the artist's voice and emotional performance.,Positive
Negative,"May 2025 after my breakup and she got married,I am all alone in this universe","The comment expresses feelings of loneliness and sadness following a breakup, indicating a negative emotional state.",Negative
Positive,POWER HOUSE Vocals !,The exclamation mark and positive descriptor 'Vocals!' clearly indicate a favorable reaction to the music video.,Positive
Positive,"But I know the things he gives me, he can take away....the best piece of lyrics in this song imo","The commenter expresses a positive sentiment by stating it's 'the best piece of lyrics,' indicating enjoyment of the song.",Positive
Negative,This is one of the worst songs of all time,The comment explicitly expresses a strong negative opinion about the song's quality.,Negative
Negative,The worst song of all time yet,The comment expresses strong disapproval and criticism of the song using the phrase 'worst song of all time'.,Negative
Positive,"OMG, IV'E NEVER LOVED A SONG SO MUCH, AND THE CHANGES OF VOICE AND VOCALS IS AMAZING, I LOVE WHEN SONGS COME CALM AND THEN WHEN THE SINGER SINGS HIGHER AND IN THE TIPE OF WAY THAT MAKES YOU THINK OF A LOT OF THINGS IN ONE ENJOYING EVERY MINUTE, THE BEST PART IS THAT I LISTEN TO IT EVERY TIME AND AFTER THE SONG FINISHES I REPLAY IT, ALSO IM ONE OF THOSE PEOPLE THAT WITH SONGS THEY IMAGINE THINGS LIKE IF YOU WERE IN A SERIES AND THIS SONG IS JUST PERFECT, SO I SAY IT 1 TIME. I ABSOLUTELY LOVE IT❤❤❤❤❤❤❤❤❤","The commenter expresses overwhelming enthusiasm and adoration for the song, using repeated positive language and describing it as 'perfect'.",Positive
Positive,Mr. Benson.... Thx again for the power in the deepest and difficult time of my life. ❤,The commenter expresses gratitude and positive emotion regarding a 'power' provided during a challenging period.,Positive
Positive,Ya!  I think You have it All! Artist Brilliant Writer Lyrics Music video... love it All !🕊️🕊️🕊️🕊️🪂🎸✍️🤔👌⚡⚡⚡⚡⚡⚡🌟⚡🌟🤸🎤😮 Little Miss copper stone 🪐✍️🪂🤼🤼🤼🤼🤼🤼🤼🧩🧩🧩👍 And  You.... Have... the....Girl...🎸👌✨✨✨✨✨✨✨ Band members 🎤 Amazing 🤩 Thank You..,"The comment expresses enthusiastic praise and admiration for the artist and their work, using multiple positive emojis and words like 'amazing' and 'love it'.",Positive
Positive,"Wow, this song is an absolute masterpiece! 🎶🔥 The energy is contagious, and the vibe is so unique! 👏 Can't stop replaying it. 😊 Keep up the great work, you’ve definitely got a fan here! 🙌 #MusicLovers",The comment expresses strong enthusiasm and positive feelings about the song and the artist's work.,Positive
Positive,This is one of the most nostalgic music of all,The comment expresses a strong positive feeling of nostalgia and appreciation for the music.,Neutral
Positive,Benson Bonne has the best vocals ever❤❤❤,The use of heart emojis and the statement 'best vocals ever' clearly indicates a positive sentiment.,Positive
Positive,It the words & beats connected with my soul ❤,The use of heart emojis and phrases like 'connected with my soul' clearly indicate a positive emotional response to the music video.,Positive
Positive,"“Jelly Roll, please! The prophecy says I’m the one who will make the worst song! Think about what you’re doing!”","The commenter is playfully challenging Jelly Roll, indicating an appreciation for his music and engagement with the video.",Negative
Negative,This song is extremely annoying to me idk why though could just be a me thing,"The comment expresses annoyance ('extremely annoying') and suggests a personal preference ('could just be a me thing'), indicating a negative sentiment.",Negative
Positive,This verse 1 of the song sounds like Zac Brown - Colder Weather,"The comment expresses a positive comparison to a well-regarded song, suggesting a favorable opinion of the music video's production.",Neutral
Negative,this is fecking awful...,The use of the word 'awful' indicates a strong negative sentiment towards the music video.,Negative
Positive,"Benson, GREAT song man !  👍  It's now on our PUBLIC YouTube PLAYLIST  MIX:  Songs with Solid Lyrics",The commenter expresses enthusiasm with 'GREAT song man!' and highlights the video's inclusion in a playlist.,Positive
Positive,I love how the rhythm suddenly changes 🎸,"The commenter expresses enjoyment of the music video's rhythm change, indicating a positive sentiment.",Positive
Positive,"Just found about Benson Boone watching Jimmy Fallon a couple of weeks ago… promoting his new album …what a talented young man!!!!❤ WOW!!! Ordered his CDs- all of them!! Been watching the videos posted… he really can touch his fans with his lyrics and musicality, very REAL, good story teller. The emotions are so raw… love you Benson❤","The comment expresses enthusiastic admiration for Benson Boone and his music, using positive language and emojis.",Positive
Positive,Powerful ❤,The heart emoji indicates strong positive emotion and approval of the music video.,Positive
Positive,"music video, lyrics, and voice is all beautiful ❤❤",The use of heart emojis indicates strong positive feelings about the music video's elements.,Positive
Positive,The melody is gentle but full of emotion,The comment expresses a positive reaction to the music video's melody due to its emotional quality.,Positive
Positive,"I really hope this becomes a future classic for you guys, its powerful 😅😅😅","The user expresses a hopeful desire for the video to be considered a classic, indicating a positive sentiment.",Positive
Positive,Me my uncle and my uncles bf were driving to Orlando and this song came on so when the beatdrop happened we turned it up all the way he was singing and I was clapping along to the beat while he was going 120 mph we were so loud we broke the speaker now this is my favorite song 😂😂😂,"The commenter expresses joy and enthusiasm about the song and the shared experience, indicated by laughing emojis and positive language.",Positive
Positive,yeah the song is actually fire 🔥 if only you’d work that first verse a little more into the song maybe as a chorus or just another part of the song I feel like that’s the cherry on top that’s missing💯,"The commenter expresses enthusiasm for the song and suggests a minor improvement, indicating a positive overall impression.",Positive
Positive,The video is well filmed and the song gives the best vibes !perfection!,"The commenter expresses enthusiastic approval using positive language like 'well filmed,' 'best vibes,' and 'perfection'.",Positive
Negative,Seems like AI work. Been seeing too much of that of late. Sounds monotone across singers,"The comment expresses a negative opinion about the music video's production, specifically citing a perceived lack of variation and suggesting artificial creation (",Negative
Positive,"This is Exactly what i wanted to listen , DownTempo blues fresh style","The commenter expresses satisfaction with the music video, using positive language like 'Exactly what i wanted' and 'fresh style'.",Positive
Positive,❤ this song .!!!! I look forward to more of your beautiful vocals !! 🎉,The commenter expresses enthusiastic approval and admiration for the artist's vocals.,Positive
Positive,I. love this song your voice is beautiful I love how. it's quiet then you start picking the. beat up a lot more ❤❤❤❤❤,"The commenter expresses love for the song and voice, using positive emojis and phrases.",Positive
Positive,benson boone's voice is so powerful like he's powerful thankyou benson boone for making this amazing  song support and like benson boone for his wonderful  songs,"The comment expresses admiration and appreciation for Benson Boone's voice and songs, indicating a positive sentiment.",Positive
Positive,Oh wow he does give off lifelong LDS vibes. Cool.,The comment expresses a positive reaction with the word 'cool' indicating enjoyment of the video's style.,Positive
Positive,"This song is in and of itself a beautiful thing. Wonderfully written and performed, it also serves as a powerful treatise against Yahweh. It presents him as he actually is, a petulant child of misunderstanding who would snatch away the things which bring us joy in order to manipulate us into bending to his will.","The comment expresses admiration for the song's beauty, quality, and insightful critique, indicating a positive overall feeling.",Positive
Negative,Worst crap ever,The use of 'Worst crap ever' expresses clear dissatisfaction and a negative opinion of the music video.,Negative
Negative,annoying ahh song,The use of 'annoying' clearly expresses a negative feeling towards the song.,Negative
Positive,Vocals and cinematography are very good and precise,"The comment expresses approval of the video's vocals and cinematography, indicating a positive sentiment.",Positive
Negative,"I don't like the lyrics. On surface, it looks like he fears God, but when you carefully listen, you notice that he wants God to be OK with his girlfriend staying overnight, which indicates fornication. I wonder what happens when the girlfriend gets pregnant, will he tell her he's ""not ready yet"" and she should abort the child??","The comment expresses critical disapproval of the lyrics and raises concerns about implied moral issues, indicating a negative sentiment.",Neutral
Positive,"I loved Benson Boone's vocals because i'm impressed, his voice was nice and great❤","The commenter expresses clear admiration and positive feelings towards the artist's vocals, indicated by 'loved' and the heart emoji.",Positive
Negative,What about the banality of pretiness of Benson's beautiful things totally disengaged from real life? Lyrics and music totally mediocre.,"The comment expresses disappointment and criticism of the music video's aesthetic and quality, using negative descriptors like 'banality,' 'mediocre,' and 'disengaged.'",Negative
Negative,Probably one of the worst songs of the year maybe of the decade. Anybody that says this is their favorite song is deaf,"The comment expresses strong disapproval and insults, clearly indicating a negative sentiment.",Negative
Positive,"great video! i love the emotional depth Benson Boone brings to his music. but honestly, while the visuals are stunning, i feel like the song could've had a stronger hook to really make it memorable. what do you guys think?","The comment expresses overall positive feelings about the video and Benson Boone's performance, despite a minor critique about the song's hook.",Positive
Negative,Most annoying song in the history of man,"The comment expresses strong disapproval and frustration with the song, indicating a negative sentiment.",Negative
Positive,\benson boone/\beatutiful things/ For a while there it was rough but lately I've been doing better then the last for cold december i recall i see my family every month and i found a girl my parents love she'll come and stay the night and i think i might have it all and i thank god every day for the girl he sent my way but i know the things he gives me he can take away and i hold you every night and that's a feeling i want to get used to but there's no man as terrified as the man who stands to lose you oh i hope i don't lose you oh i hope i don't lose you mmh please stay i want you i need you oh god don't take these beautiful things that i got  please stay i want you i need you oh god don't take these beautiful things that i got please don't take i found my mind I'm feelin safe and it's been awhile but im finding my fath and everythings good and it's great why do i sit and wait till it's gone oh i tell ya i know I've got enough I've got peace and I've got love but im up at night thinkin i just might lose it all PLEASE STAY I WANT YOU I NEED YOU OH GOD PLEASE DON'T TAKE THESE BEAUTIFUL THINGS THAT I GOT oh please stay i want you i need you oh god i need these beautiful things that i got {this took a while},"The comment expresses gratitude, hope, and a desire to hold onto a loved one, indicating a predominantly positive emotional state.",Positive
Negative,you sound like a screeching chihuahua its annoying sorry not sorry,The comment expresses annoyance and uses derogatory language ('screeching chihuahua') indicating a negative sentiment.,Negative
Positive,i don't believe in god but this song does remind me im at the mercy of the universe.,"The commenter expresses a feeling of being 'at the mercy of the universe' in a way that suggests a sense of awe and perhaps beauty, indicating a positive emotional response.",Neutral
Positive,The lyrics of this song are so relatable. It's like the artist reached into my own experiences and put them into words.,The commenter expresses a strong positive feeling about the song's lyrics and their personal connection to them.,Positive
Positive,I know all the words and the rhythm is great,The commenter expresses enjoyment by stating the rhythm is 'great' and indicates familiarity with the lyrics.,Positive
Negative,"Thank you Benson Boone, you made me discover I'm straight! (PS: My dad beats me!)","While seemingly a compliment, the added, concerning remark about physical abuse reveals a negative sentiment and underlying distress.",Neutral
Positive,Is beatiful the song❤ jajaj mentira hablo español pero si es bonita la canción ❤❤,"Despite initial skepticism ('hablo español pero si es bonita'), the commenter ultimately expresses a positive sentiment about the song through repeated heart emojis.",Positive
Positive,"I just found you today and im so happy that i did, you are one of a kind and i hope you keep that energy, its amazing just to watch the people performing with you. Your energy is contagious, The excitement they show when you get excited/do your flips or hit your high notes,the world needs more people like you.",The commenter expresses enthusiastic joy and admiration for the artist and their performance.,Positive
Neutral,Generic,The comment 'Generic' expresses no discernible positive or negative emotion.,Negative
Positive,I am a big fan of your song I have the same song on my fortnite lobby I know every lyrics so thank you for making this song❤❤❤😅,"The user expresses enthusiasm and appreciation for the song, using positive emojis and describing repeated listening.",Positive
Negative,"Funny how people act like Beautiful Things is the worst song ever made, just because it’s trending, touch grass","The comment expresses disapproval and dismisses the song's popularity, using critical language and a dismissive phrase ('touch grass').",Neutral
Positive,Your voice your notes shine high man ... Whooo what a song,"The commenter uses enthusiastic language like 'shine' and 'Whooo,' indicating a positive reaction to the song.",Positive
Positive,"The vocals, the lyrics, the video production. All perfection. This song lived up to the teaser hype. Should be proud of this one😂😂😂🤣🤣🤣🤩🤩😍😍😍🥶🥶🥶🥶🥶🥶🙏  it is a masterclass he is the goat of english songs please3 1000 ikes in 12 days","The comment expresses enthusiastic praise and excitement about the music video, using emojis and superlatives to indicate a highly positive sentiment.",Positive
Positive,This is the kind of song that will stick with you for a lifetime. Outstanding chorus.,"The comment expresses strong positive feelings about the song, praising its memorability and chorus.",Positive
Positive,I like the lyrics,The commenter expresses a clear preference and enjoyment of the song's lyrics.,Positive
Positive,Benson Boone has his vocals. He sings along and lyrics are beautiful!,"The commenter expresses enthusiastic praise for Benson Boone's vocals and lyrics, indicating a positive sentiment.",Positive
Positive,My vocal instructor wants me to sing this <3,The use of the '<3' emoji clearly indicates a positive emotion and enjoyment of the music video.,Positive
Positive,"The vocals, the lyrics,the video production. All perfect 🥰😍🤩",The use of emojis (🥰😍🤩) clearly indicates enthusiastic approval of the video's elements.,Positive
Positive,Wow you are awesome! I've heard this song a lot and love it! I didn't realize you grew up just down the road  25 miles.  Love this song-the structure-the surprise-the chorus. wow. It's awesome!,"The comment expresses enthusiastic praise for the song and the artist, using positive adjectives like 'awesome' and 'love'.",Positive
Positive,The lyrics are so perfect❤,The use of the heart emoji indicates a positive emotional response to the song's lyrics.,Positive
Positive,Pure vibes ✨,The use of the emoji '✨' and the phrase 'Pure vibes' strongly indicate a positive feeling towards the music video.,Positive
Positive,The power of this playlist is in its simplicity. No loud beats or overwhelming lyrics—just honest music that speaks to the heart. It’s the kind of vibe that turns any space into a peaceful haven. Bravo! 🏞,The commenter expresses enthusiastic appreciation for the music's calming effect and quality.,Positive
Negative,This song brings the feels out of me in the worst way every single time. Hats off to you for making this song,"The comment uses phrases like 'brings the feels out of me in the worst way,' indicating a negative emotional response despite acknowledging the artist's work.",Negative
Positive,"Good  lyrics. There is God sovereignty! ""God can take it away"".  Great music.","The comment expresses positive feelings about the lyrics and music, using phrases like 'Good lyrics' and 'Great music'.",Positive
Positive,So powerful ❤️,The use of the heart emoji clearly indicates a positive feeling about the music video.,Positive
Positive,"What a smasher!! LOVE this guys voice and his vocal range, I'd listen to him sing all day 🎙🎶🎙🎵🎙🎼",The commenter expresses strong positive feelings through enthusiastic language like 'smashers' and 'LOVE' regarding the artist's voice and vocal range.,Positive
Negative,This is awful,The use of the word 'awful' clearly indicates a negative emotional response to the music video.,Negative
Positive,I can feel the vibe in my soul❤❤❤,The use of heart emojis and the phrase 'feel the vibe' clearly indicates a positive emotional response to the music video.,Positive
Positive,Are .. You...Kin...to Daniel....Boone?   ?😂😂😂😂 Little Miss copper stone... Good Luck 🤞✍️🤼🧩🧩🧩🧩🧩🧩🧩🧩🧩🧩🧩🧩,The repeated laughter emojis and enthusiastic repetition of the artist's name suggest a positive reaction to the music video.,Neutral
Positive,❤❤❤ 🔥 🔥 🔥 incredible 🎶 voice lyrics & range! Finally some meaningful 🎵! I have been under a 🪨 past 2 yrs (or n hospital) & this man’s music helped me during the hardest time in my life! Thank you Benson Boone & band for keeping real to your  💜,"The comment expresses strong positive emotions through enthusiastic emojis, praise for the music, and a heartfelt statement about its positive impact.",Positive
Positive,The tone is so warm,"The commenter describes the tone as 'warm,' indicating a positive feeling about the music video.",Positive
Positive,Perfect voice and lyrics 😢😢😢,The multiple crying emoji indicate strong positive emotion and appreciation for the artist's performance.,Positive
Negative,Benson Boone is the worst,The comment expresses a strongly negative opinion about Benson Boone's music.,Negative
Positive,The lyrics of this song…!!! Simply exceptional!,The exclamation points and the phrase 'simply exceptional' clearly indicate a positive feeling towards the song.,Positive
Negative,This song is so annoying. I mean the lyrics are so repetitive.,The comment expresses frustration and annoyance with the song's repetitive lyrics and overall sound.,Negative
Positive,"I dont care what style it is, give me good lyrics and talented musicians, that's all I need","The comment expresses a preference for quality music and performance, indicating a positive appreciation.",Positive
Positive,"I know I keep commenting on this video but I can't help it 😂. Benson you made me love this song, I play it everyday on my phone. I sing it out loud everyday I have a deep connection to this song. I'm thinking about getting it tattooed on my shoulder. 😊😊. God bless your soul man. I hope you find peace one day. You are the guy that came into my life and make my day Everytime I hear your songs. Aman brother","The commenter expresses strong positive emotions, describing a deep connection and admiration for the artist and song.",Positive
Negative,"Just recivied the worst news possible a mum can get, and i dont know how to tell my husband and kids😢😢","The comment expresses distress and sorrow, indicating a very negative emotional state related to distressing news.",Negative
Positive,Nice lyrics Benson. 😀,The use of 'Nice' and the smiling emoji clearly indicate a positive sentiment towards the lyrics.,Positive
Positive,The lyrics are so relatable,The comment expresses a positive feeling about the lyrics being relatable.,Positive
Positive,This song is sooooo catchy 😊,The use of 'sooooo catchy' and the smiling emoji clearly indicate a positive sentiment towards the song.,Positive
Positive,Great lyrics!,The commenter expresses a positive opinion by using the word 'Great' to describe the lyrics.,Positive
Negative,"Vocals, angel-like, however, the lyrics ""I need you"" Kind of cringe, God doesn't want her children to be needy!","The comment expresses discomfort with the lyrics, describing them as 'cringe' and reflecting a religious disapproval, indicating negative sentiment.",Positive
Positive,"Wow, what a powerful song!",The exclamation and adjective 'powerful' clearly indicate a positive reaction to the song.,Positive
Positive,Looks like Queen vocalist,The comment expresses a positive opinion by comparing the video's subject to a celebrated vocalist.,Neutral
Positive,Came here from Matt Stoner and Ive never been so happy to do so.,The commenter expresses strong positive emotion using phrases like 'never been so happy'.,Positive
Positive,"Jessica Sanchez's AGT cover brought me here, it was mind-blowing and gave me chills! Love your song! It resonates with almost everyone as it captures the raw emotions and silent fears we all feel when we’re holding on to the people we love most.","The comment expresses strong positive emotions like 'mind-blowing,' 'chills,' and 'love,' indicating a favorable reaction to the music video.",Positive
Positive,It was my ringtone for  a long time ❤❤❤❤❤❤❤❤❤❤❤❤❤😅😊,The use of heart emojis and a smiling face indicates a positive and fond recollection of the song.,Positive
Positive,"The first chord, that notes/tones scale, was taken from the ""74 - 75"" by The Connells theme.","The comment expresses appreciation and identification with a specific musical element, indicating a positive reaction.",Neutral
Positive,You are a gifted musician who transmits and evokes emotions in the listener! Beautiful work!,The comment expresses admiration and appreciation for the musician's skill and the emotional impact of the music video.,Positive
Positive,"Dear Benson, in about 20 years, after getting your ass kicked by Life up one side and down the other, you’ll understand the deeper meaning of your lyrics.","The commenter expresses admiration and a desire for the artist to gain a deeper understanding of their work, indicating a positive sentiment.",Negative
Positive,The vocals always got me <3,The use of the heart emoji clearly indicates a positive feeling towards the vocals.,Positive
Positive,beatiful song,The comment uses the positive adjective 'beautiful' to describe the song.,Positive
Positive,I usually turn down the high pitched songs but not this one😊,The use of the smiling emoji and statement of enjoyment indicate a positive sentiment.,Positive
Positive,"I Shazamed this song when I was at the store, it was on the P.A.  Only caught the last part b4 it ended. Came home and listened.... I am bowled over, hard like stone. Broke down in tears. So powerfull. I am busted up, split in 2. Every emotion experienced!","The user expresses overwhelming positive feelings, describing being 'bowled over' and 'broke down in tears' due to the song's power.",Positive
Negative,His giving off Logan Paul vibes,"The comment implies a negative comparison, suggesting the artist resembles a controversial figure.",Neutral
Positive,Bro this guy is a king of lyrics thats why he is a legend,"The comment expresses admiration and respect, indicating a positive sentiment towards the artist.",Positive
Positive,"I love this song, and really wished that there was at least one more verse.",The user expresses clear positive emotion with the phrase 'I love this song'.,Positive
Positive,This song is nostalgic and very personal for me.,"The commenter expresses a feeling of nostalgia and personal connection, indicating a positive emotional response to the music video.",Positive
Positive,Only vibe....lovelly,The comment expresses enjoyment with the words 'vibe' and 'lovelly' indicating a positive feeling.,Positive
Positive,The chorus sounds better in 2.0 speed anyone agree ?,The user expresses a positive opinion by asking if others agree with their preference for a specific speed setting.,Positive
Positive,Rocking song 🎵 Lyrics speak truth ...Thankyou listened to it all the way home ...killer voice.,The comment expresses enthusiastic appreciation for the song and the artist's voice.,Positive
Positive,Wowwwwwwwwww so club so beatiful days ❤❤❤❤❤❤😢😞😞😞😞👇👇👇👇😍😍🤩🤩🤩🤩🤩,"The comment expresses excitement and positive feelings through excessive exclamation points, emojis, and a general tone of admiration.",Positive
Positive,Wow! I love his voice!!!! So many emotions❤❤❤❤,The commenter expresses enthusiastic love and positive emotion through exclamation and multiple heart emojis.,Positive
Positive,well written lyrics 🔥🔥🔥,The use of fire emojis and the adjective 'well written' clearly indicates a positive sentiment towards the music video.,Positive
Positive,Nostalgic,The word 'nostalgic' expresses a fondness and positive emotion associated with the music video.,Neutral
Positive,"Please check out my Piano Cover of ""MOMMA SONG"" with Benson Boone on vocals -----> https://youtu.be/ditSv5vqycI","The comment expresses an enthusiastic recommendation and includes a direct call to action, indicating positive sentiment.",Neutral
Positive,this song is kinda emotional But its a banger,The commenter uses positive terms like 'emotional' and 'banger' indicating a favorable opinion.,Positive
Positive,This song has such a catchy beat!,The comment expresses enthusiastic enjoyment of the song's rhythm.,Positive
Positive,😩the chorus 😊💃💃,The use of emojis expressing joy and dancing indicates a positive reaction to the music video's chorus.,Positive
Negative,"I can't believe it's been a year already, I remember when this said 1 hour ago. Spring and Summer 2024 was peak, but Summer 2023 was better. The summer vibe and chorus goes so hard, the vibe goes hard. 1 year since this went off the charts along with They Not Like Us by Kendrick Lamar and many other great songs during 2024 and during Summer 2024. I'm already nostalgic for 2024, so much good happened. This year really sucks horribly with the plane crashes, the stock markets, everything, basically. I know I shouldn't be getting nostalgic for 2024, but that was my year getting out depression from Late Summer 2023 and Fall 2023, so I do miss 2020 - 2024 a lot. This year hasn't been hitting in this crazy country and world we live in. Too many bad things are happening! I wanna go back so bad!","Despite nostalgic sentiments, the comment expresses frustration with current events and a longing for a past period, leaning towards negative feelings.",Positive
Positive,"Amazing song. Video perfect, lyrics on point.","The comment expresses enthusiastic praise for the song and video, indicating a positive sentiment.",Positive
Positive,This is absolute vibes,The phrase 'absolute vibes' expresses a feeling of enjoyment and positivity associated with the music video.,Positive
Positive,This video is giving me the vibes of the take that's patience song <3,The use of the heart emoji and comparison to a well-regarded song indicate a positive feeling about the video.,Positive
Neutral,Nothing 80s about this song. Lol Sounds late 00s mixed with stomp clap hey vocals. But good on him for having his career together.,"The comment expresses mixed feelings, acknowledging some issues with the song's sound while ultimately offering a positive sentiment about the artist's career progression.",Neutral
Negative,this is a very painful song on one's deep faith in God.,"The comment expresses a negative emotional reaction – ‘painful’ – related to faith, indicating a negative sentiment.",Negative
Positive,The chorus really fits the terror im going through it's not about a relationship with my wife but my children thank you for this ❤ i sing along with a change to some words but all the same keep shinning brother,"The commenter expresses appreciation for the song and its impact, using positive emojis and a supportive phrase.",Positive
Positive,"I love your video. I love your shoes. I mean, I love your songs that have the most nicest song ever. I also sing along with your songs and sometimes I get the lyrics right we’re wrong.","The comment expresses enthusiastic praise and enjoyment of the music video and songs, indicating a positive sentiment.",Positive
Positive,Talent!!!!and such a soothing beautiful voice…timeless vocals!!!!!!!!,"The commenter expresses enthusiastic praise for the singer's talent and voice, indicating a positive sentiment.",Positive
Positive,"I love your video. I love your shoes. I mean, I love your songs that have the most nicest song ever. I also sing along with your songs and sometimes I get the lyrics right we’re wrong.","The comment expresses strong positive feelings about the video, music, and the user's enjoyment.",Positive
Negative,Well done on creating the worst song ever made,"The comment expresses strong disapproval and criticism of the song, indicating a negative sentiment.",Negative
Positive,"Lyrics are perfect rhythm is perfet , it is final u are the best singer",The commenter expresses strong positive feelings about the lyrics and the singer's performance.,Positive
Negative,I don't like music but lyrics moves me crazy,"The comment expresses dislike ('I don't like') coupled with a contradictory feeling of being 'moved crazy,' indicating a negative sentiment.",Neutral
Positive,I love the song gives me Good vibes,The user explicitly expresses enjoyment with the phrase 'I love the song' and describes a positive feeling ('good vibes').,Positive
Positive,LOTR vibe in this clip,"The comment expresses a positive association, referencing a well-regarded and generally liked series (Lord of the Rings).",Neutral
Negative,My life has been worse since hearing this song I have to live each day knowing that this terrible song is is out in the universe,"The comment expresses a negative feeling about the song's impact on the commenter's life, using words like 'worse' and 'terrible'.",Negative
Positive,Love the person you are. Everything about your words movement vibes has caught my full attention🎉🎉,"The comment expresses enthusiasm and appreciation for the video's elements, indicating a positive sentiment.",Positive
Negative,Annoying fucking voice that keeps over stringing along....a real singer is Teddy Swims.,"The comment uses harsh language ('annoying', 'fucking') and expresses a critical opinion about the singer's voice.",Negative
Negative,"The worst is thinking that you may have almost had this thing once, but then you lost it, without having ever realized in time that you could have had it and you just took it for granted. And now its too late and there is no likelihood that you will ever find that again.","The comment expresses regret and hopelessness about a lost opportunity, indicating a negative emotional state.",Negative
Negative,I don't like when male singers do the Elmer Fudd accent any more than I like the vocal fry on female singers.,"The comment expresses dislike for specific vocal techniques, indicating a negative sentiment towards the music video's sound.",Negative
Positive,"This song is about feeling love and hate for someone at the same time. The lyrics talk about how it's hard to let go of someone you still care about, even if they hurt you.","The comment expresses a complex emotion related to love and care, suggesting a generally positive reflection on the song's theme.",Neutral
Positive,The lyrics are so beautiful,The comment expresses a positive opinion about the song's lyrics.,Positive
Positive,"Went from “wow, cool song” to realizing my exact feelings are the lyrics. Thank you @BensonBoone for sharing your gift.","The commenter expresses gratitude and appreciation for the artist's work, indicating a positive emotional response.",Positive
Positive,Best singer in the whole entire world no one can beat you Benson,"The comment expresses enthusiastic praise and admiration for the singer, clearly indicating a positive sentiment.",Positive
Positive,Beautiful and powerful song,The comment expresses admiration and appreciation for the song's qualities.,Positive
Positive,"Had to come here from Facebook to hear the whole song without interruptions. My You Tube vibe includes Jelly Roll which is what you're lumped in with music wise on Facebook, which in itself is a high honor. I hope you guys rise and really spread your music all over. I'm rooting for you!!!❤","The commenter expresses enthusiasm and support for the artist, using positive language and emojis.",Positive
Positive,"Describe the vibe? I'm not sure there are any words in any known spoken language on this planet that can fairly, justly, accurately capture the vibe one gets from hearing this song. That being the case, I'll say the vibe I feel is otherworldly. Peace humanity",The commenter uses positive language like 'otherworldly' and expresses a feeling of awe and appreciation for the song's unique atmosphere.,Positive
Positive,"dam i love this, but someone saw me listening to this and heard this song look at me weirdly as the friend only heard the first part and thought why i am listening to love songs (as there's girl & love in the lyrics) QWQ","The user expresses clear enjoyment of the music video and song, despite a slightly awkward social interaction.",Positive
Neutral,Vibe starts at 1:23,This comment simply indicates a timestamp and doesn't express any positive or negative emotion about the video.,Positive
Positive,I SCREM THESE LYRICS!!!,The exclamation point and use of 'I SCREM' clearly indicate enthusiastic approval of the music video and lyrics.,Positive
Positive,Powerful song,The phrase 'Powerful song' expresses strong approval and enthusiasm.,Positive
Positive,"Being a man that has loved and lost way too many times and now have found the woman that was always meant for me, im so glad i found her after I've learned my lessons. She's going to get the best of me that has ever been and she's going to be loved like she deserves to be loved, and i in return because I know she was sent to me right now by the universe at this very time when i was ready,  when she was ready. Ive never been happier in my life. She's all mine and just try and take her away","The comment expresses overwhelming happiness and gratitude, clearly indicating a positive sentiment.",Positive
Negative,650 billion views r u serious you made all that money maybe someone with more musical skills i appreciate the emotion but im . Looking for something with more skill than a new nockelback,"The commenter expresses disappointment and criticism regarding the lack of musical skill, indicating a negative sentiment.",Negative
Positive,"Não sei descrever a vibe, mas a vontade que da, é de sair andando pela cidade ouvido a música.","The comment expresses a strong desire to listen to the music while walking, indicating a positive feeling towards it.",Neutral
Positive,"A melhor música de todos os tempos desde que nasci em 1981 - Não se compara a nada Deus te abençõe moço, um coração lhe agradece.","The comment expresses strong admiration and gratitude, indicating a positive emotional response to the music video.",Positive
Positive,Rhythm moves the body,The comment expresses a positive reaction to the rhythm of the music video.,Positive
Positive,"benson, can i steal your vocal chords? this song made me cry, i got chilllllss! if you drop, im all ears!!","The commenter expresses enthusiastic enjoyment and a desire to listen further, indicating a positive reaction to the music video.",Positive
Positive,"I was singing along with this song at the top of my lungs and the lyrics hit me like a truck. By the end of the song I was in tears (and still am.) this song played on the radio around the same time that my grandfather was suffering from cancer and the lyrics reminded me to pray for his health almost every day. I will forever miss him because he was the one who pushed me out of my comfort zone and taught me how to sing along with his piano playing. Around 2-5 days before he passed, we played our favorite one for the last time. He couldn’t even play through the whole song because of the severity of this illness, but it really meant the world to me that he tried anyways. I miss every moment I had with him and hope that he is proud of me for still practicing until this very day. I’m still trying to get used to singing the song we played without balling up and crying my eyes out. thank you for sharing with us this masterpiece. ❤","The comment expresses deep emotional connection, fondness, and gratitude towards the song and the deceased grandfather, indicating a predominantly positive sentiment.",Positive
Positive,"""Such a heartfelt song! Benson Boone’s voice and emotions shine beautifully! 💕🎶",The comment expresses enthusiastic admiration and positive feelings towards the song and artist.,Positive
Positive,It makes me so emotional it's the best song it's my favourite it's my little sister's favourite song ❤,"The comment expresses strong positive emotions and describes the song as a favorite, indicating a favorable opinion.",Positive
Negative,Ouvindo essa musica e lembrando da minha esposa que morreu ha pouco tempo. Cada palavra dessa musica me causa um aperto no coração!! Mas é isso …,"The comment expresses profound sadness and pain, indicating a negative emotional response to the music.",Neutral
Positive,It's gonna me vibe,"The commenter expresses excitement and enjoyment, indicated by the phrase 'gonna me vibe'.",Neutral
Negative,This was good but it got repetitive on the radio so I personally have beef with it,"The comment expresses dissatisfaction with the song's repetition, indicating a negative sentiment.",Neutral
Positive,"This tune feels like pure love. May your heart ever beat with intention, peace, and play.","The commenter expresses feelings of love and positivity about the music, indicating a favorable sentiment.",Positive
Neutral,Beatiful  otro vidioquil,"The comment consists of a misspelling and a general expression of liking, making the sentiment unclear but not strongly negative.",Positive
Negative,The song started out good until the chorus came in like a screeching on the chalkboard,"The comment uses the metaphor of a 'screeching on the chalkboard,' indicating a strong negative reaction to the chorus.",Neutral
Positive,Song is deeper than you know. If you know! Good for you,The commenter expresses a positive opinion about the song's depth and encourages others to appreciate it.,Positive
Negative,"I mean, if he'd take the goddamned marbles out his mouth and stop trying to sound like Steven Tyler form Aerosmith in the chorus, he might have something....Nothing we haven't heard before, but something at least.",The comment expresses disappointment and criticism regarding the artist's vocal performance and the song's originality.,Neutral
Positive,The Break Down and the strength put into singing it I dropped my pen and joined. The lyrics are so easy to sing along and it makes the song hit HARDER. Love it. 👏👏👏👏,"The commenter expresses enthusiastic enjoyment and admiration for the music video, using positive language and emojis.",Positive
Neutral,Give you a scientific explanation for the discrediting natural of psychological illness in dualism of Manichaeism and other during their time when subjected to malnutrition the psychological and temporary phenomenon of psychological abuse. You can consciously design the self made abuse in self experiment to identify your subconscious from your conscious mind. The exercise isn’t healthy in the short turn but I. The long term you have a greater understanding of yourself and modern psychology. It’s incredibly dangerous to use this on another person is extreme psychological abuse. But you can target someone circadian rhythm and based on perception threshold on the subject matter it can lead to paranoia confused with psychosis that’s a real why working above perception threshold on this subject matter is about safety.,"The comment presents a complex, somewhat academic argument about self-experimentation, psychological abuse, and perception thresholds, lacking clear emotional expression.",Negative
Positive,I love the rhythm,"The commenter expresses affection for the music video's rhythm, indicating a positive sentiment.",Positive
Negative,so rare that the chorus is the worst part of a song,"The comment expresses a critical opinion, stating the chorus is the 'worst part' of the song, indicating a negative sentiment.",Negative
Positive,You moved the emotions in my chest 😢,The use of the crying emoji and the phrase 'moved the emotions in my chest' indicates a strong positive emotional response.,Positive
Positive,I liked to every vibeo from bensone boone,The commenter expresses a positive feeling by stating they 'liked' the videos.,Positive
Positive,You look like you can beat the rock,The comment expresses admiration and suggests a positive comparison to a skilled performer.,Neutral
Negative,Arguably one of the worst songs ever made,The comment expresses strong disapproval and uses negative language ('worst songs ever made') indicating a negative sentiment.,Negative
Positive,im cryyyyy >: BEST MUSIC LYRICS IN THE WORLD I LOVE IT @BENSOONBOONE CONGRAULATIONS,The user expresses strong positive feelings through enthusiastic language and praise for the music and artist.,Positive
Positive,"What a beautiful song, it is already my ringtone! Well done! Greetings from Greece!",The commenter expresses enthusiastic praise for the song and uses positive language like 'beautiful' and 'well done'.,Positive
Positive,"I LOVE, LOVE THE LYRICS AND MESSAGE....sorry for shouting. But this is a beautiful song.",The commenter expresses strong positive feelings using phrases like 'I LOVE' and describes the song as 'beautiful'.,Positive
Positive,"Such a powerful voice, it gives me chills.","The commenter expresses a feeling of intense emotion and admiration, indicating a positive sentiment.",Positive
Negative,Yeah the song ain't bad but if you're gonna promote your song with a video you  make it good. They totally blew it with all the phony drama of hiking up a mountain to jam and they show them hoisting up an Epiphone acoustic guitar and then noone is playing the Epiphone. Pretty lame. Not to mention you blew it over a budget guitar. Lol.,"The commenter expresses disappointment and criticism regarding the video's quality and perceived lack of substance, using terms like 'blew it' and 'pretty lame'.",Neutral
Positive,The high pitch is the best thing ever 😜😜🎉❤,The user expresses enthusiastic approval of the,Positive
Positive,"My new favorite song. It doesn't really have a meaning to my life, currently anyway. But I absolutely love the lyrics, song, beat, and mystery. Don't make us wait the whole pregnancy to find out whose eyes the baby has please us southern women need to know now please","The commenter expresses strong positive feelings about the song, using phrases like 'absolutely love' and highlighting its appealing elements.",Positive
Neutral,"I thought the video would of played out differently. When I heard these lyrics I would of pitcured a story of 2 people navigating life. Not dudes on a rock, rocking out.","The comment expresses a slight disappointment with the video's narrative, but doesn't convey strong positive or negative emotions.",Neutral
Negative,BPD is awful..,The use of 'awful' clearly expresses a negative feeling about the music video.,Negative
Positive,BEATIFUL THINGS I'VE GOT,The exclamation and adjective 'BEATIFUL' clearly express a positive feeling about the music video.,Positive
Positive,OMG!!! This vocal🥺🔥🤍,"The use of emojis like '🥺', '🔥', and '🤍' strongly indicates excitement and positive emotion towards the music video.",Positive
Positive,A song where the lyrics are meaningful in 2025 … you know what? Fairs 👏🏾,The enthusiastic clapping emoji and positive statement about the lyrics indicate a favorable reaction to the music video.,Positive
Neutral,Bro says this is lyrics,The comment simply states a user's personal opinion without expressing positive or negative emotion about the music video.,Negative
Positive,Grate song very emotional,The commenter expresses positive feelings about the song using words like 'grate' and 'emotional'.,Positive
Positive,youare perfect original vocals!,"The comment expresses enthusiastic praise for the vocals, indicating a positive sentiment.",Positive
Positive,From 🇰🇪🇰🇪🇰🇪🇰🇪🇰🇪kenya for my Mi Lady and Beautiful beautiful princess and my heart beat AURORA. MY LOVE LIGHT GODDESS,"The comment expresses strong affection and admiration for the music video and the artist, indicating a positive emotional response.",Positive
Positive,The first verse is golden!,The exclamation point and the adjective 'golden' clearly indicate a positive feeling about the music video's first verse.,Positive
Positive,"My family have boycotted this record cos I’ve got it on loud and screaming down my microphone with you but it’s not stopped me! 53 years old and you come along 30 years too late!  Love everything you do and Momma Song, can’t even listen to that bugger without crying! Genius and beautiful lyrics. ❤❤xx","Despite initial frustration, the commenter expresses strong admiration for the music and lyrics, indicating a positive overall feeling.",Positive
Negative,"I hate this song, f$cking annoying vocals! omg","The comment expresses strong dislike and frustration with the song's vocals, clearly indicating a negative sentiment.",Negative
Positive,The tone is amazing mate 😮😮😮😮😮,The frequent use of the '😮😮😮😮😮' emoji indicates strong positive emotion and enjoyment of the music video.,Positive
Negative,"Sorry, but this is screaming with country and western lyrics","The comment expresses a negative opinion, criticizing the video's musical style as 'screaming with country and western lyrics'.",Negative
Positive,I’m so glad my lyrics went so well all pieced together so perfectly ❤ well done 😮😊,"The user expresses positive feelings through emojis and phrases like 'so well,' 'perfectly,' and 'well done'.",Positive
Positive,These vocals are soon good (by the way it's super good),The commenter expresses enthusiastic approval with phrases like 'soon good' and 'super good'.,Positive
Negative,My great granfma died because she was sick and the lyrics i hope i dont lose makes me think qhen i saw her sick thank you benson,"The comment expresses grief and sadness about the grandmother's death, indicating a negative sentiment.",Negative
Positive,"""Such a heartfelt song! Benson Boone’s voice and emotions shine beautifully! 💕🎶",The commenter expresses strong positive feelings about the song and artist's performance with phrases like 'heartfelt' and 'shine beautifully'.,Positive
Positive,"Benson Boone has inspired countless people through his raw talent, emotional honesty, and unwavering authenticity. From his viral rise on social media to his heartfelt performances, he’s shown that staying true to yourself can open doors and touch lives. His lyrics often speak to real struggles—love, heartbreak, identity—and fans around the world connect deeply with the vulnerability in his voice. Whether it’s through his music or his journey, Benson reminds us that it’s okay to feel deeply and to chase our dreams with passion and courage.","The comment overwhelmingly praises Benson Boone's talent, authenticity, and the positive impact his music has on listeners.",Positive
Negative,One of the most annoying fucking songs on the radio right now 👍,The use of 'annoying' and 'fucking' alongside the thumbs-up emoji indicates a strongly negative sentiment.,Negative
Positive,Thank you Benson for creating such a powerful and emotional song. Jessica Sanchez sang it on AGT and completely nailed it — but it was your lyrics and melody that made it possible. You truly created a masterpiece. ❤🙏 #BeautifulThings,"The commenter expresses gratitude and admiration for the song's quality and the creator's skill, indicating a positive sentiment.",Positive
Negative,Song needs a bridge to lift it before the final chorus. What the hell happened to bridges in music.,"The comment expresses frustration and criticism about a lack of musical structure, indicating a negative sentiment.",Negative
Positive,"I love this song, and it helps to escape reality. Iv'e literally heard it so many times and I never get tired of it. I really recomend it a lot if you love songs that have changes of vocals ❤","The commenter expresses strong positive feelings about the song and recommends it, indicating enjoyment and a favorable opinion.",Positive
Neutral,"Why so all songs and voices sound alike these days? You sound great, but there is Capaldi, Tom Waken and many more on your voice style and harmony stile",The comment expresses a slight critique regarding stylistic similarity but also acknowledges the artist's good sound and requests for diverse vocal styles.,Negative
Negative,This might be the worst song I’ve ever heard. MeatCanyon was right,The comment expresses a strong dislike (,Negative
Positive,Best song lyrics are so good I probley watched it 100 times,"The commenter expresses enthusiastic praise for the lyrics and repeatedly watched the video, indicating a positive experience.",Positive
Neutral,"Never realized this was so religious, great melody, what a pity","The comment expresses a mixed reaction – acknowledging a religious element while also noting a positive musical aspect, making it neither strongly positive nor negative.",Positive
Positive,Benson is beatifuul i love,"The commenter expresses admiration for Benson and states their love for the music video, indicating a positive feeling.",Positive
Positive,This is my fav song ever it has amazing vocals 😊,"The exclamation points, positive adjective ('amazing'), and smiley face indicate a strong positive sentiment.",Positive
Neutral,Emotion,The comment 'Emotion' is a single word expressing a feeling but doesn't convey a specific positive or negative opinion about the music video.,Neutral
Positive,1:22 - I can feel the AEROSMITH 90s vibe! 😁😌,"The commenter expresses enjoyment and nostalgia, indicated by the emojis and enthusiastic phrase.",Positive
Negative,"Holy crap, that was awful.  People really listen to this guy?",The comment uses strong negative language ('awful') and expresses disbelief at the listener's preference for the music.,Negative
Positive,it sounds so nostalgic😮,The use of 'nostalgic' and the emoji indicate a positive emotional response to the music video.,Positive
Negative,I hate this energy and lyrics,The user explicitly expresses dislike using the word 'hate' and negatively describes the song's energy and lyrics.,Negative
Positive,"The melody, timing, and just your VOICE is unbelievable ❤ one of my favourite songs😊",The comment expresses strong positive feelings using emojis and phrases like 'unbelievable' and 'one of my favourite songs'.,Neutral
Positive,"I LOVE this song, is my favoutite. Benson Boone if you are reading this you are the BEST!❤❤❤❤. And when I listen this song, the combine all good emotions","The commenter expresses enthusiastic love for the song and praises the artist, indicating a positive sentiment.",Positive
Negative,needed more emotion songs. emo's not dead,"The commenter expresses dissatisfaction with the lack of emotionally driven music, indicating a negative feeling.",Positive
Negative,This song was so good until the chorus noooooo 😭,The use of 'noooooo' and the crying emoji clearly indicates a negative emotional reaction to the song's chorus.,Neutral
Positive,"He is a vocal beast.. and beautiful things is an immaculate song, the song is so good",The comment expresses enthusiastic praise for the artist and the song's quality.,Positive
Positive,What song is that chorus from? It sounds so much like a heavier song but I'm so bad at names.,The commenter expresses a positive reaction to the song's sound and praises its quality.,Neutral
Positive,Bro went from American idol all the way to being a professional singer with amazing vocals and good instrumental in it,The comment expresses strong praise and admiration for the artist's vocal abilities and musical performance.,Positive
Negative,When he sings the chorus he sounds like my dustbin lorry when the back end lifts the bin up. The mechanism is squeaky as hell and needs oiling,"The comment uses highly negative and unpleasant descriptions (dustbin lorry, squeaky, needs oiling) to describe the singer's voice and performance.",Negative
Positive,"This beautiful hunk of man meat is from less than an hour from me in Monroe, Wa.. He gives me such Freddy Mercury vibes","The commenter uses positive language like 'beautiful' and compares the artist to a beloved performer, Freddy Mercury, expressing enthusiasm.",Neutral
Positive,"These are the kinds of things a heritage that many share that are lost too far often .. how many of our ancestors sang these lyrics, living such lives? Thank you for sharing","The comment expresses appreciation and admiration for the music video's connection to heritage and ancestors, indicating a positive sentiment.",Neutral
Positive,The lyrics man!!! Gosh is on fire <3<3<3,The multiple heart emojis and enthusiastic exclamation indicate a positive reaction to the music video.,Positive
Positive,the beatiful  song,The use of 'beautiful' clearly expresses a positive opinion about the song.,Positive
Positive,Wow...the lyrics hit me so hard! This is exactly how I feel on a daily basis.....constantly waiting for that shoe to drop.,The commenter expresses strong positive feelings about the song's lyrics and their resonance with their personal experience.,Positive
Negative,"I have lost my brother, my son and the one that i thought that was the love of my life. The worst part is seeing my mother’s heart being broken. A father who never shows emotion. I can’t stand this pain. Embrace Resiliency and pray. The world has its ways. Here’s to 2026. We must stay strong.","The comment expresses profound sadness and pain, using phrases like 'lost my brother,' 'heart being broken,' and 'can’t stand this pain,' indicating a negative sentiment.",Negative
Positive,Adoro questo pezzo e...Benson hai un timbro.vocale.che mi tocca l'anima unito ad una estensione da brividi. BRAVO!🧡🧡🧡,"The commenter expresses strong positive feelings, using phrases like 'adoro' and 'mi tocca l'anima,' indicating a very favorable reaction to the music video and the artist's vocals.",Positive
Positive,😂 so catchy 😅,The use of laughing emojis indicates enjoyment and a positive reaction to the music video.,Positive
Positive,"Reminds me of 'Love is only a feeling' video from the legendary band ""The Darkness"". Good vibes indeed <3",The comment expresses positive feelings and admiration for the referenced song and band.,Positive
Positive,Thes beatiful,The comment expresses a positive opinion about the beat.,Positive
Positive,So beatiful this is favorit song my dauter 💖💖❤️❤️😚😚👏👏,"The comment expresses enthusiasm and affection for the song and video, using emojis indicative of positive emotion.",Positive
Positive,B.B amazing high notes,The comment expresses enthusiastic praise for the video's high notes.,Positive
Positive,"This song reminds me of my last year of elementary school. It was a really sad vibe, as the school would be shutting down soon, and three teachers, including the principal, were retiring. On the morning of the last day of school, one of the third-grade classes was singing this song loud enough for the whole school to hear, and I just started crying. This song is a masterpiece, and it works its way into your heart, grabs hold, and doesn't let go. Here's to good music and even better memories!",The commenter expresses strong positive emotions and appreciation for the song's impact and nostalgic connection.,Positive
Positive,The lyrics of this song really speak to me.,The comment expresses a personal connection and positive feeling towards the song's lyrics.,Positive
Positive,Bass rumbles deep in chest,"The comment expresses a positive sensory experience with the bass, indicating enjoyment.",Positive
Neutral,✏️ describe the vibe for me,"This comment is a simple request for description, lacking explicit positive or negative emotion.",Positive
Positive,"Gen X male over here. Normally I don't listen to the crap that's out now because most the music out now is crap, there's no thought process behind the writing. There's no respect for the pen anymore in music and everyone just throws shit at the wall to see if it sticks. There's VERY FEW artists I listen to as far as whats current because as I said, most music nowadays isn't for me. So for me to say this is not easy to say because I'm a HUGE critic and it takes ALOT for me to give a thumbs up. But this is one of the most beautiful songs ever written and constructed from vocals, to instruments, just everything about this song was so beautifully and intricately constructed. Vocal range is insane especially when that high note is hit. I don't care how beautiful a voice you have, this is a hard song for anyone NOT named Benson Boone to sing. Great song  dude.","Despite initial criticism, the commenter ultimately expresses a strong positive opinion, highlighting the song's beauty, intricate construction, and vocal performance.",Positive
Positive,The lyrics 🥰,The use of the heart-eyes emoji clearly indicates a positive sentiment towards the lyrics.,Positive
Positive,The first few chords on the guitar sound like a Lana del ray song..apsalutly love this song!!!!,The commenter expresses enthusiastic love for the song using strong positive language.,Positive
Positive,The lyrics of this song really speak to me.,The commenter expresses a personal connection and positive feeling towards the song's lyrics.,Positive
Positive,"Came for the thumbnail, stayed for the vibes","The comment expresses enjoyment and appreciation for the video's atmosphere, indicating a positive sentiment.",Positive
Negative,Wow. What an annoying ass song lol.,The use of 'annoying' and 'ass' clearly indicates a negative sentiment towards the song.,Negative
Negative,Lyrics is how my gf gave god to me and take away😢,The use of '😢' (crying emoji) and the description of losing 'god to me' clearly indicate a feeling of sadness and loss.,Negative
Positive,Vocals? Perfect. Lyrics? Beautiful. Video? On point. This song delivered everything the teaser promised.,"The commenter expresses enthusiastic praise for the vocals, lyrics, and video, indicating a very positive reaction to the music video.",Positive
Positive,"I know the lyrics of this song perfectly because I went to here in Fuenlabrada last week, but my class of my another school put this song every single day but I still love it, this song makes me remember every moment that I’ve got with my class, I loved my class and my teacher because they are so funny and I was with my class five years! In the first year they bullied me but now they are my friends, I will remember them forever 😊","The comment expresses fondness for the song, memories associated with a group of friends, and appreciation for positive relationships, indicating a predominantly positive sentiment.",Positive
Positive,Can't believe I've never heard the start of this song miles better than the main chorus tiktokers craze,"The commenter expresses a positive opinion, stating the intro is 'miles better' than the popular chorus.",Neutral
Positive,just need to add more choruses and this song will be a perfection.,"The commenter expresses a desire for an improvement that would elevate the song to 'perfection,' indicating a positive overall feeling.",Neutral
Positive,I havent heard this song since i was 13😢 rip 2004! Best worst year of my life....🙌,"The user expresses nostalgia and fondness for the song, indicated by 'rip 2004!' and 'Best worst year of my life' suggesting a positive emotional connection despite a bittersweet memory.",Neutral
Positive,Man that build up got me going. Wow 😮 such a powerful experience to hear such talent 🎉,"The user expresses excitement and appreciation for the music video's build-up and talent, indicating a positive sentiment.",Positive
Positive,its a beatiful,"The comment expresses admiration and appreciation for the music video, indicating a positive sentiment.",Positive
Positive,"I heard ""Beautiful Things,"" and it was so amazing, just so deep. I didn't really know who the artist was at the time, but I thought it was sung by someone much older. Such mature concepts. I can't believe he's 22 and writes and sings with so much life experience. He's definitely going to become a superstar. I feel like I'm witnessing history in the making. Greatness. Benson Boone has stood out so much I had to google who this guy was. So far, I feel like everything he has made is a Hit. His music is on my playlist every day. He's definitely making me hopeful for this generation and its music. He's making music great again. Benson Boone, your music is definitely music people are going to listen to for generations to come, just like the music you listened to growing up. I wish you all the success and love.  Benson Boone, I'm rooting for you like family, I wanna watch you succeed 🤭🤗. I feel there's something very special about you. (Proverbs 3) and all God's favor to you. You are Blessed for Success.","The commenter expresses overwhelmingly positive feelings about the artist and his music, using terms like 'amazing,' 'special,' and 'greatness,' indicating a strong favorable sentiment.",Positive
Positive,This is such a captivating song and music video. I love the storytelling and the raw emotion that Benson Boone conveys. Definitely adding this to my favorites!,"The commenter expresses enthusiastic praise and indicates a desire to add the song to their favorites, clearly demonstrating a positive sentiment.",Positive
Positive,O visto il cartone ❤ li adoro se hai tradotto metti like,The use of a heart emoji and the statement 'li adoro' (I love it) clearly indicate a positive sentiment.,Positive
Positive,Jacqueline Wagners AGT has brought me here what a powerful,"The comment expresses admiration and positive impact, using phrases like 'brought me here' and 'powerful'.",Positive
Positive,"If you like synthpop like The Weeknd, check out also Starlight by Summer Dance Project: https://youtu.be/GpVPM4GdnhU?si=ah4fTFf5zfG5gXtg","The comment recommends the video, indicating a positive endorsement of the music and likely the video itself.",Positive
Positive,It's beatiful again,The use of 'beautiful' indicates a positive emotional response to the music video.,Positive
Positive,The tone of voice matches well with the lyrics. The atmosphere is so good!!😀,The commenter expresses enthusiastic approval of both the vocal delivery and the video's overall atmosphere.,Positive
Positive,Saw this guy listening to this song in his car. Didn't recognize it because I only heard the chorus on IG. It's a nice song.,The commenter expresses a positive opinion by stating 'It's a nice song' after hearing the chorus.,Positive
Negative,My sister loves this song and it so annoying she is a Mother FER,"The comment expresses annoyance and criticism ('annoying,' 'Mother FER') indicating a negative sentiment towards the song and potentially the commenter's sister.",Negative
Positive,Many emotions in one song. The power of music is beautiful ❤,The comment expresses a positive appreciation for the song's emotional impact and describes the music as 'beautiful'.,Positive
Positive,"This song hits deep… makes you realize how precious love really is, and how much it hurts to feel it slipping away. 💔 I’m on the edge of losing my girl, and it’s a reminder to cherish the beautiful things while you still have them.","The comment expresses a hopeful and reflective appreciation for the song's themes of love and connection, indicating a positive emotional response.",Positive
Positive,"Such a powerful voice, it gives me chills.",The commenter expresses a strong positive reaction using words like 'powerful' and 'chills'.,Positive
Positive,"Wow, i’ve always sang this song thinking it was from a long time ago and not knowing who made it and now I know! This is really beatiful! ❤ keep going with your song, you will be really famous.! I trust in you.","The comment expresses enthusiastic appreciation for the song and the artist's talent, using positive language and emojis.",Positive
Positive,The intro has the melody of '74/75' by The Connells. Superb.,The commenter uses the word 'Superb' to express a highly positive opinion of the music video's intro.,Positive
Negative,Why are official music videos doesn't make sense with the lyrics?,The comment expresses frustration and criticism regarding the video's lack of coherence with the song lyrics.,Neutral
Neutral,great song but I just don't get the lyrics... plase stay I want you .... and then he doest want god to take theese precious things away but hes asking her to stay?,"The comment expresses confusion about the lyrics, indicating a neutral stance rather than positive or negative emotion.",Neutral
Positive,Brasil. Poder vocal de adorar.,"The comment expresses admiration and love for the music video, indicating a positive sentiment.",Positive
Negative,This is the worst song ever,The comment expresses strong disapproval and a negative opinion of the song.,Negative
Positive,Beatifull í like this,The commenter expresses a positive feeling by stating they 'like this'.,Positive
