﻿classificacao,comentario,justificativa,sentimento_manual
Positive,Westworld vibe there,"The comment expresses a positive association with the video's aesthetic, referencing a well-regarded and generally liked series.",Neutral
Positive,"I do not care for country, nor do I care for these nasty comments. But because I grew up around country, I know when I hear a catchy country tune. I love this… it may not be your normal to the others, but I am very appreciative of your flexibility with music, it gives me a new perspective.  This is a beautiful piece that you sang your heart out to, and I feel like more people should appreciate it for just what it is. 🔥💚🔥","The commenter expresses clear appreciation for the music video and its heartfelt performance, using positive language and emojis.",Positive
Positive,"No boundaries. No shirt, but nice beat.  Nice voice. Beautiful.","The commenter uses overwhelmingly positive adjectives like 'nice,' 'beautiful,' and 'nice beat,' indicating a favorable opinion.",Positive
Positive,It’s strange to think about how a few years from now this will be really nostalgic.,The commenter expresses a hopeful and positive feeling about the video becoming a source of nostalgia in the future.,Neutral
Positive,"I think it's good to have the courage to sing a country song , a real catchy tune  ❤","The use of the heart emoji and positive language ('good,' 'catchy') indicates a favorable opinion of the music video.",Neutral
Negative,this won a grammy?? well its givin DEI vibes 😂😂😂😂😂😂😂😂😂😂😂😂😂😂😂😂😂😂😂😂,"The comment uses sarcasm and the acronym 'DEI vibes,' implying a negative opinion about the video's content and potential motivations.",Negative
Negative,This is an insult to the real hard working country singers out there. Wow. There is no “country” in this song at all. It’s awful!,"The comment expresses strong disapproval and describes the song as 'awful,' indicating a negative sentiment.",Negative
Positive,Love the lyrics “we headed to the dive bar we always thought was nice “.  Because living in the simple life of the deep country areas with no money going to the local bar thats a complete dive always seems nice to folks who don’t know no better.,"The commenter expresses fondness for the lyrics and the song's theme, indicating a positive sentiment.",Positive
Positive,This song is a vibe idc idc,The enthusiastic use of 'idc idc' conveys excitement and enjoyment of the music video.,Positive
Positive,"BeyHive! ""Texas Hold Em"" has now surpassed 600 million Spotify streams! This is Beyoncé's 11(12)th song to reach this milestone! Keep streaming! 🐝👑","The comment expresses excitement and encouragement regarding Beyoncé's streaming success, indicating a positive sentiment.",Positive
Positive,Sheeee is such a vibe 🎉🎉🎉🎉❤❤❤❤ go BEYONCE GET IT COUNTRY 🎵🎶 MUSIC,The comment expresses enthusiastic support and excitement for the music video using emojis and positive phrases.,Positive
Negative,This is the WORST ATTEMPT AT COUNTRY MUSIC! GIRL! Stay in your lane!,"The comment expresses strong disapproval and criticism of the music video, using negative language like 'WORST' and 'Stay in your lane'.",Negative
Positive,Beyonce is absolutely stunning here. The songs a great catchy pop choon.,"The comment expresses admiration for Beyonce and describes the music as 'great' and 'catchy,' indicating a positive sentiment.",Positive
Positive,"I’ve never been a fan of Beyoncé, but this song can easily get lost in your head, and you can’t shake it. Besides that, I do have to say this.  Experimenting with different genres can help, until you find your voice, all new singers that break out into the music scene do this.  But for Beyoncé who’s been doing R&B, pop and hip hop music for as long as she has to jump ship to country is a big leap. Her voice is a powerhouse in the other genres of music and that’s been her vibe for all of her musical life. It’s great she’s expanding her repertoire and trying her hand at Country, and  Country musicians welcomed her with open arms to the country music  family.  But with her vocals mixing with country music is an absolute long shot. I admit country music isn’t what it used to be, it’s a little more poppy, but there some artist’s that love to go back to the traditional ways of what country music use to be. But in the case of Miss Beyoncé, there are already Country Queens. I’d rather her be in the zone where she has been labeled a queen in her more recognized career.","The commenter expresses admiration for Beyoncé's voice and welcomes her experimentation with country music, indicating a generally positive opinion.",Positive
Negative,Worst music video in history,"The comment expresses strong disapproval and criticism of the music video, indicating a negative sentiment.",Negative
Negative,Worst music video goes to Beyonce,The comment expresses a strong negative opinion about the music video using the phrase 'Worst music video'.,Negative
Neutral,Hi I'm one of Riley's new emotions.,This comment expresses a simple introduction and doesn't convey any specific positive or negative feelings.,Neutral
Positive,"I love this song! Shame on people who think we don't have the freedom or right to sing any damn thing we want, especially with a voice like Beyonce! It's is fun with a great beat...","The comment expresses enthusiastic praise for the song and its artist, indicating a positive sentiment.",Positive
Neutral,"And I'm not saying it isn't a catchy song, but not, IMHO, a country song.","The comment expresses a subjective opinion about the genre, but doesn't convey strong positive or negative emotion.",Neutral
Positive,"I like this song, very catchy.....","The commenter explicitly states they 'like' the song, indicating a positive feeling.",Positive
Negative,Is this a joke song making fun of country music or something? This might be the worst song ever recorded,"{""sentiment"":""Negative"",""justification"":""The comment expresses strong disapproval and uses negative language ('worst song ever recorded')}",Negative
Positive,Lol. Shes deep into DIDDYS parties,The use of 'LOL' and enthusiastic language ('DIDDYS') indicates a positive reaction to the music video.,Negative
Negative,"Seriously what is wrong with music nowadays 🙄 remember the times when Michael Jackson was creating mini movies to his songs, every single one was unforgettable. This looks so cringe and boring 😬","The comment expresses disappointment and criticism of the music video, using terms like 'cringe' and 'boring'.",Negative
Negative,She didnt deserve THE GRAMMY! Who even listens to this album?! Like come on! The fake surprise when they said her name in the grammys UPSET ME and seeing billie eilish crying made most of all of the fans sad! Over all HMHAS had the most listeners and her vocals are great i dont say i hate her but this album deserved for 2024 grammys bot 2025!,"The comment expresses frustration and disappointment regarding the Grammy win, using phrases like 'she didnt deserve' and 'upset me' indicating a negative sentiment.",Negative
Negative,This song sucks. Its so boring and generic,The comment expresses strong dissatisfaction with the song using words like 'sucks' and 'boring' indicating a negative sentiment.,Negative
Positive,"I truly enjoyed the album and the philosophy behind it. I know every word because it's been on repeat since its release. I would love to see AMERIICAN REQUIEM used as a soundtrack in a film. I have a hot dance routine for Bodyguard. I loved being on an emotional roller coaster while listening to this masterpiece. Some of my favorite songs include Levi jeans, Protector, Riverdance, Yaya, Tyrant II Most Wanted, Bodyguard, Blackbird, 16 carriages, and Texas Hold 'Em, not to mention spaghetti. The engineer's sound and her excellent vocals just made everything come together seamlessly.","The user expresses strong positive feelings about the album, its themes, and the music itself, indicating a delighted response.",Positive
Negative,"The most monotonous and repetitive eye candy ever 😂 completely out of sync with the song. I'd expect more dancing and more DANCERS. Such a disappointment, that's not what one imagines while listening to this very well conceived song","The commenter expresses disappointment and criticism regarding the video's lack of engagement and synchronization, indicating a negative sentiment.",Negative
Negative,Just awful and this is coming from a native Texan.,The comment uses strong negative language ('just awful') and expresses a critical opinion.,Negative
Negative,Probably one of the worst songs I have ever heard in my whole life,The comment explicitly expresses a strongly negative opinion about the song using the phrase 'one of the worst songs',Negative
Negative,Awful,The word 'awful' expresses a strong negative opinion about the music video.,Negative
Negative,Awful... 😢,The use of 'Awful...' and the crying emoji clearly indicate a negative sentiment towards the music video.,Negative
Negative,"So bad... (Not being sarcastic, or saying she's ""Bad"". It's just awful.)","The comment expresses outright disapproval and describes the music video as 'awful,' indicating a negative sentiment.",Negative
Positive,The vibe is immaculate ✨️,The use of 'immaculate' and the sparkle emoji clearly indicate a positive feeling about the music video's atmosphere.,Positive
Negative,"Gotta be the very worst song I’ve ever heard, right behind WAP.","The comment expresses strong dissatisfaction with the song, using the phrase 'very worst' and comparing it unfavorably to another popular song.",Negative
Negative,Just an awful song lol,The use of 'awful' and 'lol' indicates a negative opinion of the song.,Negative
Negative,I don't care how much backlash I get but you can't make a country song with cuss words in it. Sorry Beyonce but that's not how country rolls. Also this in my opinion is worst song I ever heard from her. No hate just stay in your lane (btw the way before you say this is racist im black)  I like country the way is no cussing. You can't call it a country song if there's cussing in it. If you look at all the country songs there's not one cuss word in them. Stay with the hip hop genre.,"The commenter expresses strong disapproval of the song's content and genre deviation, using phrases like 'worst song' and 'stay in your lane' indicating a negative sentiment.",Negative
Negative,This is by far the worst video I have ever seen. And the song isn't far behind it.,The comment expresses strong disapproval and uses negative language (,Negative
Negative,Beyonce you are the worst singer 😂,The use of 'worst' and the laughing emoji clearly indicate a negative sentiment towards Beyonce's singing ability.,Negative
Negative,Beyonce knows nothing of Texas or country she's just a good vocalist from the Streets,"The comment expresses a critical opinion about Beyoncé's understanding of Texas and country music, indicating a negative sentiment.",Negative
Negative,God awful,The use of 'God awful' expresses strong disapproval and negative feelings towards the music video.,Negative
Negative,This is disgusting. Her video is vile. Her voice is awful combined with country style. It sounds like a joke and she actually won? What an absolute disgrace and an insult to real country artists. And on top of all that she is walking around with a stupid blonde wig.,"The comment expresses strong disapproval and insults, using words like 'disgusting,' 'vile,' and 'disgrace,' indicating a predominantly negative sentiment.",Negative
Negative,This is such a rubbish track. Awful.,"The comment uses strongly negative language ('rubbish', 'awful') expressing clear dissatisfaction with the music video.",Negative
Negative,Holy hell this is worst thing since her last album🤮🤮🤮🤮,The use of excessive negative emojis and the phrase 'worst thing since her last album' clearly express a strongly negative opinion.,Negative
Positive,"Eeeewww how we all question their lyrics, will music ever survive, who wants to b that pretty😂😂😂❤❤❤",The emoji usage (😂😂😂❤❤❤) and the playful questioning of the lyrics indicate a lighthearted and appreciative sentiment.,Negative
Negative,"Worst album, can’t believe this got chosen over billie, WILD","The comment expresses disappointment and disparagement of the album, using phrases like 'Worst album' and comparing unfavorably to Billie Eilish.",Negative
Positive,I think this song is great! It's definitely catchy.😊,"The commenter expresses enthusiasm and describes the song as 'great' and 'catchy', indicating a positive sentiment.",Negative
Negative,I came here thinking I was going to hear country music. I was awfully wrong,The use of 'awfully wrong' indicates a strongly negative reaction to the music genre.,Negative
Neutral,This isn’t a bad song but it’s not country. It’s more pop with Country vibes.,"The comment acknowledges the song isn’t bad but expresses a preference for a different genre, indicating a mixed, rather than strongly positive or negative, reaction.",Neutral
Negative,This is the worst country song by a non-country artist EVER.,The comment expresses strong dissatisfaction and criticism of the music video.,Negative
Negative,Worst crap i ever heard. Tell the truth people.  The truth will set you free !!!!! Lmao😂😂😂😂😂,"The comment expresses strong dissatisfaction with the music video and uses disparaging language (e.g., 'Worst crap'), indicating a negative sentiment.",Neutral
Negative,How TF did this shit song beat the masterpiece that Chris Stapleton played with Cold,"The comment expresses frustration and disparagement towards the music video, using strong negative language like 'shit song' and comparing it unfavorably to a highly-regarded artist.",Negative
Negative,"Sounds like she wrote country lyrics and decided to imitate bruno mars with her hoooooo's, She a good singer, but I gotta admit this is bad","The comment expresses criticism of the artist's style and performance, using terms like 'bad' and 'imitate,' indicating a negative sentiment.",Positive
Positive,Catchy. It Grew on me lol,The use of 'Catchy' and 'lol' indicates a positive reaction and enjoyment of the music video.,Positive
Negative,One of the worst mv i have ever watched lol,The use of 'worst' and the laughing emoji ('lol') clearly indicate a negative sentiment towards the music video.,Positive
Negative,This song is the worst country song I've ever heard,The comment expresses strong disapproval and uses negative language ('worst') indicating a negative sentiment.,Negative
Negative,this isn’t country & how she won the country music award is mind boggling.. oh wait it’s hush money type of vibe lol she part of the diddy shiit,"The comment expresses frustration and disbelief regarding the award, using dismissive and potentially offensive language, indicating a negative sentiment.",Positive
Negative,How bad were the other country songs that this garbage beat?,The comment uses strong negative language ('garbage beat') expressing a critical opinion about the music video.,Neutral
Negative,Worst song in history.  I am happy the hype died down fast cause it was so annoying to constantly hear it at the radio.,"The comment expresses frustration and dislike of the song, explicitly labeling it 'worst' and describing it as 'annoying'.",Negative
Positive,I am loving the inclusent of diverse genre,The commenter expresses enjoyment and approval of the video's diverse musical genres.,Negative
Negative,"monotonous, boring","The comment uses words like 'monotonous' and 'boring,' indicating a negative opinion of the music video.",Negative
Positive,This is soo different 😮❤🎉maintaining her soulfulness too still😢,The use of emojis (😮❤🎉) and the phrase 'maintaining her soulfulness too' indicates a positive emotional reaction to the music video.,Negative
Negative,Adding an acoustic guitar doesnt make it country. This is trash for sure,"The comment expresses a strong negative opinion, stating the video is 'trash'.",Negative
Negative,"This ain't Texas is nothing like that Franklin theme song, so you people who are claiming that must be tone deaf...see a doctor!","The comment expresses a critical and dismissive opinion about the music video's similarity to another song, using language that suggests a negative judgment of the artist's work.",Negative
Negative,No melody....nothing,"The comment expresses dissatisfaction with the music video, stating it lacks a melody, indicating a negative experience.",Negative
Negative,Oh my gawd your who made this song beoncay made this song no wonder why I hate her I hated this song it’s like the worst song on the radio,"The comment expresses strong dislike for the song and the artist, using phrases like 'hate her' and 'worst song on the radio'.",Neutral
Positive,"Great beat, singing & lyrics.",The commenter expresses enthusiastic approval of the music video's elements.,Negative
Negative,Literally the worst video and worst song ever from Beyoncé. She should’ve never won the award for best country music😅 the award should’ve gone to chris stapleton🎉,"The comment expresses strong disapproval of the video and song, along with an insult directed at Beyoncé and a declaration that another artist deserved the award.",Negative
Negative,Hahaha  That's awful.,The use of 'awful' indicates a negative opinion of the music video.,Neutral
Negative,so annoying song,The word 'annoying' expresses a clear negative emotion about the song.,Negative
Positive,"Listen guys there are real country singers who shoulda won not her. But don’t go lying saying this shit ISNT a bop lmao it’s a good song has a good vibe and IS a country song in reality, and honestly? This is one of her best songs… unlike her old music really","The commenter expresses clear praise for the song, calling it 'a good song' and stating it's one of her 'best songs'.",Negative
Negative,Worst album ever wtf,"The comment expresses strong dissatisfaction and criticism of the album, indicating a negative sentiment.",Negative
Negative,Seriously worst video ever.,The comment expresses a strong negative opinion using phrases like 'worst video ever'.,Negative
Negative,this is one of the worst and cringiest songs ever,"The comment uses strongly negative words like 'worst' and 'cringiest,' indicating a negative sentiment towards the song.",Negative
Negative,"Could possibly be the worst song ever written. Seriously, all hype and zero substance",The comment expresses strong disapproval and criticism of the song using words like 'worst' and 'zero substance'.,Negative
Negative,Worst album,"The comment expresses a strong disapproval of the album, indicating a negative sentiment.",Negative
Neutral,"I'm just listening to this song for the first time and I honestly don't see the fuss. I place it in the Country Pop category right along with Shania Twain music.  It's not that deep for the controversy.  Did she deserve a Grammys?  That's always debatable and possibly not but hey, we don't get a vote in it - I never pay attention to it anyway.  The video and outfit could have been better though.","The comment expresses a lukewarm opinion, highlighting both positive aspects (similarity to Shania Twain) and a critical observation about the video quality, indicating a balanced and non-strongly felt sentiment.",Negative
Negative,One of the worst songs I've ever listened in my whole life,The comment expresses strong dissatisfaction and uses negative language ('worst') indicating a negative sentiment.,Negative
Negative,I haven’t liked country music since the early 2000’s and this video gives me all the more reason to continue my dislike. This is the worst video I’ve ever seen.  Disrespectful and disgusting!,"The comment expresses strong dislike and condemnation of the video and genre, using words like 'dislike,' 'worst,' 'disrespectful,' and 'disgusting'.",Negative
Negative,Sounds awful. No dynamic range at all. Loudness war has hit another peak.,"The comment uses negative language like 'awful' and criticizes the audio quality with terms like 'loudness war', indicating a negative sentiment.",Negative
Negative,THIS won a Grammy? Awful.,The comment expresses strong disapproval and uses the word 'awful' to indicate a negative sentiment.,Negative
Negative,This is the worst shit I’ve ever heard Beyoncé’s a muppet,"The comment expresses strong disapproval and insults, indicating a clearly negative sentiment.",Negative
Negative,Worst song ever ever ever,"The comment expresses strong disapproval and uses repetitive negative phrasing, indicating a negative sentiment.",Negative
Negative,This is by far one of the worst songs ever created….,The comment expresses strong disapproval and criticism of the song's quality.,Negative
Negative,Listen to lyrics carefully. Tornado in the basement. Whose basement? Diddy's?,"The comment expresses confusion and potentially a negative association with 'Diddy's' basement, indicating dissatisfaction.",Negative
Negative,One of the worst songs i have ever heard,"The comment expresses strong dissatisfaction with the song, clearly indicating a negative sentiment.",Negative
Negative,This so called song has no chorus. It feels like an unfinished demo.,"The comment expresses dissatisfaction with the song's structure and quality, using negative language like 'no chorus' and 'unfinished demo'.",Negative
Negative,Those lyrics are not country at all. Its just the twangy stringed instruments.,"The commenter expresses dissatisfaction with the music video's genre and instrumentation, indicating a negative reaction.",Negative
Negative,"The song is okay (C-) but I would not  play it again, or pay for it.. This song and video feels trashy and angry, not vibrant and powerful. Her music used to be a lot better.","The commenter expresses disappointment and criticism, using terms like 'trashy' and 'not vibrant,' indicating a negative sentiment.",Negative
Negative,"nunca vi ni escuché alguien justificando a la compra premios beyonce vocalisima me decepcionas, sobre todo habiendo tantas artistas realmente buenas para apoyar",The comment expresses disappointment and criticism regarding the artist's vocal performance and a perceived lack of support for other artists.,Negative
Negative,This is the worst song I have ever heard,"The comment explicitly expresses a negative opinion, stating the song is 'the worst'",Positive
Negative,This is pretty much the worst song ever,The comment explicitly expresses a negative opinion of the song using the phrase 'the worst song ever'.,Negative
Positive,Backyardigans vibes,The comment expresses a nostalgic and pleasant association with the Backyardigans music videos.,Negative
Neutral,Great.   This is all we need.   Country with pop stars singing vibrato horse shit with 47 notes per second garbage music.   Perfect.  😂,"Despite the initial negative phrasing, the use of '😂' indicates amusement and a generally positive, albeit sarcastic, reaction to the music video.",Positive
Neutral,The tune is catchy. Her costume is trashy.,"The comment expresses a positive sentiment about the 'tune' but a negative sentiment about the 'costume', creating a mixed and therefore neutral overall assessment.",Negative
Negative,Worst song I've ever heard!!!!!!,The comment expresses strong dissatisfaction with the song using highly negative language ('worst').,Negative
Positive,Really inventive video      Not repetitive,The comment expresses positive opinions about the video's inventiveness and lack of repetition.,Negative
Positive,the queen of universe,This comment expresses strong admiration and praise for the artist.,Negative
Positive,Didn't like Cowboy Carter but this one is a catchy song. I dig it.,The commenter expresses enjoyment and uses the positive phrase 'I dig it'.,Negative
Negative,Did an AI write these lyrics? They play this song all the time at my workpalce and everyone hates it. Many of them are fans of her too,"The comment expresses dislike of the song and its repeated use at work, indicating a negative sentiment.",Negative
Positive,"I'm trying to come up with words. A decade ago I had a weed induced panic attack to ""get me bodied"" I have always liked that song because it has a good beat and I was high as balls. Every other song of hers makes me wish I were deaf. I keep hearing about this song and her country thing. I had to watch the video and listen to this song. They definitely put a lot of effort into the video and the song is so good.im scared for what generations ahead call music.","Despite initial negative reflections, the commenter ultimately expresses enjoyment of the song and video, highlighting positive aspects like the beat and effort involved.",Positive
Positive,It is a very catchy song and her stocking and black undies remind me of dancer Caldina from Magic Knight Rayearth.,The commenter expresses a positive reaction to the song and makes a comparison that implies enjoyment and appreciation.,Negative
Negative,"How did this win a Grammy?🤣🤣this is terrible worst song I’ve heard in my life, no wonder she fell off so hard,she’s just rich that’s the only reason she’s still making songs and buying her listeners🤣no one actually even listens to her no more though,judging by this song I can see why that is","The comment expresses strong disapproval and criticism of the music video and artist, using phrases like 'terrible' and 'fell off so hard'.",Negative
Negative,"I got to say this is crap. Just cookie cutter stuff. I guess when you serve the devil you'll get a temporary payday on planet Earth, but you end up losing your soul","The comment expresses strong dissatisfaction and uses derogatory language ('crap,' 'devil,' 'losing your soul') indicating a negative sentiment.",Positive
Negative,This is going down as one of the worst songs in human history,The comment expresses strong disapproval and uses negative language (,Negative
Negative,This is the worst music that's been released in 10 years.,The comment expresses strong dissatisfaction and criticism of the music video.,Negative
Negative,Another tricking annoying song first was that stupid I.m Single Lady This one is even worse what next for her maybe opera next haha,The comment expresses frustration and criticism of the song's quality and suggests it's inferior to a previous track.,Negative
Negative,"I don't think country people like the video.  They might find it insulting.  I am brutally honest,  sorry. That shit ain't pretty.  😮 😅 But if this video was well known when ""Yellowstone""  was still on it would have been better.","The comment expresses critical opinions about the video's reception and quality, using phrases like 'insulting' and 'ain't pretty'.",Negative
Negative,This has to be one of the worst songs of 2024,"The comment expresses a strong negative opinion, explicitly stating the song is 'one of the worst' of the year.",Negative
Positive,At 1:45 how come I can hear the lyrics being edited from Sugar to liquor? Listen closely. I know Beyonce says both during the song.,"The commenter is pointing out a detail they appreciate, suggesting a positive reaction to the music video's production.",Negative
Negative,Beyoncé fell off. Worst singer ever. Went from singing about her ass to singing country to stay relevant,"The comment expresses strong criticism and disparagement of Beyoncé's music and performance, indicating a negative sentiment.",Negative
Negative,This is literally the worst fucking song ever created. Yikes,The comment uses strongly negative language ('worst fucking song') expressing clear dissatisfaction with the music video.,Negative
Neutral,This is really annoying but also really catchy please help like I hate it but I keep on listening to it- 😭💀,The comment expresses contradictory feelings – annoyance and enjoyment – suggesting a complex and ultimately inconclusive sentiment.,Negative
Negative,"Catchy, but the Grammy's is CRAZY for this garbage album being named best Country Album!?! Although not wholly unexpected in Hollyweird were a man gets nominated for Best Actress",The comment expresses strong disapproval of the album's award and uses terms like 'garbage' and 'Hollyweird' to indicate a negative opinion.,Negative
Negative,"Sorry, but way way too overproduced....  and it really doesn't blend the pop/country vibes... shaboozey is doing it right and sounds hungry...Beyonce just seems bored. I'm just not digging it...","The commenter expresses disappointment and criticism of the music video, using terms like 'shaboozey' and 'bored,' indicating a negative sentiment.",Negative
Negative,"I never judge without hearing. And this ain't country. This is a bunch of country clichés put into one musical effort. And for those out there that wanna play the race card, it doesn't have anything to do with the color of skin. Shania Twain used to be country and after a few years, her music wasn't worthy of being called country. Nothing wrong with you if you like this composition, but it isn't country music.",The commenter expresses disappointment and criticism of the music video as not being authentic country music.,Negative
Negative,Annoying AF,"The use of 'Annoying AF' expresses a strong, negative feeling about the music video.",Negative
Negative,"This video is not creative, repetitive, nude scenes, no awards, forgettable. Beyonce all the time","The comment expresses several critical opinions about the video's lack of creativity and quality, indicating a negative sentiment.",Negative
Negative,"Sad to say this Is in a country album and she won against Chris Stapleton, it’s not a country song, says the same two lines the whole song, shit stupid and if u listen to the lyrics she just throwing shit together nothing about this song makes sense","The comment expresses frustration and criticism of the song's content and quality, using negative language like 'shit stupid' and 'throwing shit together'.",Negative
Negative,Boring song. Please don't change country music to this monotonous stuff too. 😢,"The comment expresses dissatisfaction with the song's style and quality, using negative language like 'boring' and 'monotonous'.",Negative
Positive,Beyois still fire and I love the old school vibe.,The commenter expresses admiration (,Negative
Positive,Not a country fan music but this is a vibe,The commenter expresses enjoyment and finds the music video,Negative
Negative,"That’s not a f country music, lyrics are so dumb","The comment expresses dislike through negative language ('not a f country music', 'lyrics are so dumb').",Negative
Positive,what a shit garbage of music😢😢trash+trash+trash😢60s 70s 80s best music of all time😊abba😊queen😊led zeppelin😊deep purple😊beatles😊elvis😊eagles😊blondie😊u2😊police😊gun roses😊bon jobi😊nirvana😊and so on...,"Despite initial negative terms, the comment overwhelmingly expresses appreciation for a wide range of classic music artists, signified by multiple smiling emojis.",Negative
Negative,This is awful 😂,"The use of the laughing emoji (😂) typically indicates amusement, but in this context, it suggests the commenter finds the video terrible.",Negative
Negative,Anyone who calls this country is tone deaf,"The comment expresses criticism and disapproval of the music and potentially the artist's message, indicating a negative sentiment.",Negative
Negative,Unbelievable 😂 this is awful chris Stapleton carrie underwood,"The comment expresses a strong negative opinion using 'awful' and a laughing emoji, indicating displeasure.",Negative
Positive,A pop song with some lyrics about Texas and banjo in the background. Is that what makes it a country music song?,The comment expresses a positive reaction to the music video's genre and elements.,Negative
Negative,"It's a catchy song, but why has the video got to be so over sexualized!",The comment expresses disapproval and criticism regarding the video's sexualized content.,Negative
Negative,This is your worst album,"The comment directly criticizes the album, expressing a negative opinion.",Negative
Negative,"Theres nothing country about this...real country is raw, authentic, imperfect, rooted in values and a lifestyle, her vocals are WAY too polished and produced to be remotely country...its an OK song but has no place in the country genre except as a lame attempt at a cheap imitation.....to put this song in the same category as Toby Keith, Alan Jackson, Miranda Lambert, Reba McEntire is insulting to what makes country unique","The comment expresses strong disapproval of the music video's style and compares it unfavorably to established country artists, indicating a negative sentiment.",Negative
Positive,I wonder why shes been called the queen? Like wheres the queen vibes,"The comment expresses admiration and praise for the artist, suggesting a positive sentiment.",Negative
Negative,Truly one of the worst songs of all time.,"The comment expresses strong disapproval and criticism of the song, indicating a negative sentiment.",Negative
Negative,She a perv. Worst song and worst video EVER ! Yuk!,"The comment expresses strong disapproval using words like 'perv,' 'worst,' and 'Yuk!' indicating a negative sentiment.",Negative
Positive,"Beyoncé the only one Star listed VOCALIST OF 21 century by VOCALS Experts, great performer, the singer in history Who sing more diferent rithmys, A living Legend ❤",The comment expresses enthusiastic admiration and praise for Beyoncé's vocal abilities and performance.,Positive
Negative,Yall are slow she stole the melody from a children’s tv show and put different words in it.,"The comment expresses disapproval and accuses the artist of plagiarism, indicating a negative sentiment.",Negative
Negative,this is awful wth,The comment expresses strong disapproval with the use of 'awful' and 'wth' suggests frustration.,Negative
Positive,"Love this, very catchy 🙂",The use of 'Love this' and the smiley face emoji clearly indicate positive sentiment.,Positive
Negative,"Worst video EVER, never get any awards for this thats for sure, lol.  Wow the ending of the song  sucked big time..","The comment expresses strong dissatisfaction with the video and its ending, using negative language like 'worst video' and 'sucked big time'.",Negative
Negative,"If country is crap this is a whole other level, it's like the turd lay a turd over another turd and water it down with the most vanilla guitar chords","The comment uses highly critical and derogatory language, comparing the music to a series of unpleasant things and expressing dissatisfaction.",Negative
Negative,"they were right, country fans have to be the most conservative, retrogade, annoying, insufferable people to ever exist","The comment uses strongly negative terms like 'conservative,' 'annoying,' and 'insufferable,' indicating a negative sentiment towards country fans.",Neutral
Negative,OMG that's awful,The use of 'awful' clearly expresses a negative opinion about the music video.,Negative
Negative,"Awful, terrible song. @Shaunjohnson885 don't reply.",The comment uses overtly negative terms like 'awful' and 'terrible' expressing a clear dislike of the song.,Negative
Negative,"Worst video ever. It would be great if there was a video around a countryside, travelling around with a kids and a dog in the car.",The comment expresses a strongly negative opinion with phrases like 'worst video ever' and a critique of the content itself.,Negative
Positive,"So I've listened to this song now forcefully. I will say it is a catchy song. It's like the chicken dance song , a fun song. You could put it in your play list with those fun dance songs like the zorba, nutbush, the hustle, line dance. I bet people secretly dance to it at home hahaha","The commenter expresses enjoyment and describes the song as 'catchy' and 'fun,' indicating a positive sentiment.",Negative
Negative,Ask yourself is her lyrics country be truthful and if it's not country please give me a example of what country is The first you have to put your hate and your evil spirit aside now let's get your honest opinion,"The comment expresses frustration and criticism, using terms like 'hate' and 'evil spirit,' indicating a negative sentiment.",Neutral
Negative,Absolutely fucking God awful.  She's a decent singer but this is fucking stupid,"The comment uses highly negative language ('God awful,' 'fucking stupid') expressing strong disapproval of the music video.",Negative
Positive,Amo você des do tempo da Distney Child ❤❤❤❤😂😂🎉😂🎉😂😂😂😂 1998,The commenter expresses adoration and enthusiasm for the music video with multiple heart emojis.,Negative
Negative,This shit is so ass. How does someone who made this trash song beat any country singer this is just dissapointing,"The comment expresses strong disapproval and uses derogatory language ('trash'), indicating a negative sentiment.",Negative
Positive,At first I thought it was 'Prodigal Son' by the Rolling Stones.  🤷,The commenter's initial comparison to a well-regarded song indicates a positive impression of the music video.,Negative
Negative,"As a proud Texan this is the one of the worst happen to us apart Apart From Waco, TX And Uvalde","The comment expresses disapproval and distress, using phrases like 'worst happen to us' and implying a tragic event.",Negative
Negative,This song is crap the worst song ever,"The comment uses explicitly negative language ('crap,' 'worst song ever') expressing strong dislike for the music video.",Negative
Negative,This is the worst song in history ..... .. i would die before hearing this ever again,The comment expresses strong negative feelings using phrases like 'worst song in history' and 'would die before hearing it again'.,Negative
Negative,This is awful,The use of the word 'awful' clearly expresses a negative opinion about the music video.,Negative
Negative,Gotta be the worst song ever in the past 10/20 years what an absolute piece of trash 🗑️ 🤢🤢🤢,The comment uses highly negative language such as 'worst song ever' and describes the music as 'trash'.,Negative
Negative,This may be the worst video I've ever seen. WTF!,"The comment expresses strong disapproval and frustration, clearly indicating a negative sentiment.",Negative
Negative,My God what a POS song on every level except the decent vocal performance.,The use of 'POS' (a derogatory term) and the overall criticism indicate a negative sentiment towards the song.,Negative
Negative,Worst country song ever wtf is this,"The comment expresses strong disapproval and frustration with the music video, using negative language ('worst,' 'wtf').",Negative
Positive,Early 2024 vibes,The phrase 'Early 2024 vibes' suggests a positive feeling and association with a desirable trend.,Negative
Negative,"Gosh this has to be the worse song I’ve heard, like it’s just a regular trash Beyoncé song with a generic country beat and lyric so it’s so called “country” da freak this crap ain’t country it’s wanna be, dress up country, no wonder why I’ve been seeing this all over on TikTok about how bad this country song is 😹 I only made it to 36 seconds of listing to this horrible video and I couldn’t go any longer. And the way she dress is just ₩h0-.r1,$.-H, demonic and inappropriate especially for YouTube, this is why I only listen to Christian music straight for 7 years L0L ✝️","The comment expresses strong disapproval and criticism of the song and music video, using words like 'worse,' 'trash,' 'crap,' and 'horrible.'",Positive
Negative,"This is the worst song I have ever heard. It does something to my brain. You could torture me for days, pull my nails, cut of my limbs. Put this song on and I would fold before the intro was done playing.","The comment expresses extreme dislike and distress regarding the song, using hyperbolic language to indicate a very negative emotional response.",Negative
Negative,"An catchy song could very well be worthy of a cool vid, what you being naked got to do with it? women exposing themselves to men is not ""empowering"" throw liberal misogyny in the dumpster.","The comment expresses strong disapproval and criticism of the video's content, using derogatory terms and dismissing it as misogynistic.",Negative
Negative,THIS IS EFFING TERRIBLE HORRIBLE AWFUL STUFF!,"The comment uses strongly negative language ('terrible', 'awful') expressing a clearly unfavorable opinion of the music video.",Negative
Negative,Awful… complete garbage …,The use of words like 'awful' and 'garbage' clearly indicates a negative sentiment towards the music video.,Negative
Negative,Probably the worst video and song ever. Real trash.,"The comment uses strongly negative language ('worst', 'trash') indicating a negative sentiment towards the video and song.",Negative
Negative,"Sounds generic and bland , the Grammy show is fake",The comment expresses dissatisfaction with the song's quality and criticizes the perceived artificiality of the Grammy Awards.,Negative
Neutral,Chris brown lyrics residuals,"The comment simply asks about Chris Brown's song royalties, expressing a query rather than an opinion.",Negative
Negative,Dumbest video of all time. Not counting the phoned in lyrics.,The comment uses derogatory language ('dumbest') and expresses a strong dislike for the video.,Negative
Positive,"Oh yes Black Americans did in fact invent Traditional and Contemporary Western and Country Music. The very first singing and yodeling Cowboys were in fact Black Americans. Black Americans taught our White American Brothers and Sisters how to play, sing and yoldel Traditional and Contemporary Western and Country Music.",The comment expresses pride and asserts a historically accurate contribution of Black Americans to Western music genres.,Neutral
Negative,Worst Music Video goes to...,The comment expresses a negative opinion about the music video.,Negative
Negative,That is the stupidest video ever.  That’s so annoying seeing her do the same thing over and over and over again.  I expected more from Beyoncé.  😡,"The comment expresses frustration and disappointment with the video's content and performance, using negative language and an angry emoji.",Negative
Negative,Now we know why her sister beat him up in the lift he rated a 13 year old 😮,"The comment expresses outrage and disbelief, suggesting a negative reaction to the video's content.",Negative
Negative,"This video is boring, though, and has nothing to do with the lyrics","The comment expresses dissatisfaction with the video's content and engagement, indicating a negative sentiment.",Negative
Negative,This is not country and is terrible.  Her barotone voice.  Geezus.,The comment expresses strong disapproval and criticism of the music video and the vocalist's voice.,Positive
Negative,This may be the worst music video ever made. Kanye would even agree with this statement. But better country song than any Swift song,"The comment expresses strong disapproval and uses negative language ('worst,' 'agree with this statement') while also making a comparative negative statement.",Negative
Negative,"I do not listen to country that much but this is not country.. The country is about the singer, not the instruments. Beyonce sings like a pop artist, even in this and her lyrics are dull because she can not sing country.. She did not put much effort in to adding the quirks that country singers are doing to make their songs sound like country. Beyonce won because she is famous and are in a good position with the once who decide who will win or not. It is dumb how famous artists just ride the wave once they get famous and get praised for mediocre stuff. Songs like these are a humiliation towards those who live and breathe country when they are robbed out of awards that should be theirs.","The comment expresses frustration and criticism of the music video, labeling it as 'mediocre' and accusing it of disrespecting country music fans.",Negative
Negative,This is the worst video I've ever seen and the song isn't very good ether she is way better at rnb,"The comment expresses strong dissatisfaction with the video and song quality, using phrases like 'worst video' and 'isn't very good'.",Negative
Negative,Worst song ever heard,The comment expresses strong dissatisfaction and criticism of the song.,Negative
Positive,e uma diva de todos tempos. simplesmente a melhor,"The comment expresses admiration and praise for the artist, indicating a positive sentiment.",Negative
Negative,👎👎👎 Using body for view is dirty and the song is bad and vocal too,The comment expresses strong disapproval of the video's content and quality through the use of negative emojis and critical language.,Negative
Negative,Terrible terrible video.  Worst ever.,"The comment uses strongly negative language ('terrible,' 'worst') expressing a clear dissatisfaction with the video.",Negative
Negative,"Music, lyrics 🎉, video 💩.",The comment expresses disapproval with the '💩' emoji indicating a negative feeling about the video.,Neutral
Negative,This is awful... and what's with the nakedness,"The comment uses the word 'awful' and expresses a critical opinion about the video's content, indicating a negative sentiment.",Negative
Negative,"Good song., but video awful",The comment expresses dissatisfaction with the video despite acknowledging a positive sentiment about the song.,Neutral
Negative,best song worst vid,The comment expresses a negative opinion by stating the song is 'best' while simultaneously criticizing the video as 'worst'.,Neutral
Negative,The worst song i ever heard,"{""sentiment"":""Negative"",""justification"":""The comment explicitly expresses a strong dislike for the song using the phrase 'the worst song i ever heard'.”}",Positive
Negative,How bout come up with your own lyrics infringement is illegal,"The comment expresses dissatisfaction and highlights a legal issue, indicating a negative opinion.",Negative
Neutral,"Sorry, a super song, but a monotonous video!","The comment expresses mixed feelings – praise for the song and criticism of the video, resulting in an overall neutral sentiment.",Negative
Negative,"Like she ever went to a Cowboy dive bar. Worst video I've ever seen. The only ""good"" thing is the banjo.","The comment expresses strong dislike with phrases like 'Worst video' and 'never went to a Cowboy dive bar,' outweighing the single positive mention of the banjo.",Negative
Negative,"Beatiful,talented, but you ain’t country","The comment expresses criticism and disagreement with the music genre, indicating a negative sentiment.",Negative
Negative,Worst video I’ve ever seen. Bizarre,"The comment expresses strong dissatisfaction and uses negative language ('worst', 'bizarre') indicating a negative sentiment.",Negative
Negative,worst song ever created,The comment explicitly expresses a strongly negative opinion of the song's quality.,Negative
Positive,And she beat Taylor how not that I really like Taylor but Taylor is way better,"The commenter expresses a preference for Taylor Swift, indicating a positive sentiment towards her music.",Negative
Negative,Sad that she feels the need to oversexualize herself to sell records.,"The comment expresses disapproval and criticism of the artist's choices, indicating a negative sentiment.",Negative
Neutral,Me remixing the song with Arabic beats to start a moral war in the Middle East,The comment describes an action (remixing and starting a conflict) without explicitly expressing positive or negative emotions.,Negative
Negative,Most annoying song of 2024…,"The comment expresses a strong dislike and frustration with the song, indicating a negative sentiment.",Negative
Negative,This is awful. Both the song and this stupid “visual”.🤢🤢🤢,The extensive use of negative emojis and the phrase 'This is awful' clearly indicate a negative sentiment towards the music video.,Negative
Negative,"Idk what the hype is about this song, it's annoying","The comment expresses dislike and annoyance, indicating a negative sentiment towards the song.",Negative
Negative,The video is repetitive.,The comment expresses dissatisfaction with the video's repetitiveness.,Negative
Negative,The worst song ever,"The comment expresses a strong dislike for the song, indicating a negative sentiment.",Negative
Negative,The worst song shes ever made in her career,The comment expresses strong disapproval and uses negative language ('worst') indicating a negative sentiment.,Negative
Negative,This has to be ai generated lyrics .,"The comment expresses a skeptical and critical view of the music video's content, suggesting it is artificially generated, indicating a negative sentiment.",Negative
Neutral,"Not that anyone asked me, or would ever ask me, or cares that nobody asked me... But there was so much talk around Beyoncé doing this that I expected way, way more. (That beat is sweet, but too soft, it needs to drop harder... and Cowgirl Beyoncé I have yet to see, for in this video she is not.)","The comment expresses disappointment and criticism, but also acknowledges a positive aspect of the music, resulting in a mixed, ultimately neutral sentiment.",Negative
Positive,Love the deep sexy voice,"The comment expresses enjoyment of the singer's voice, indicating a positive sentiment.",Negative
Negative,Worst Beyonce song yet,"The comment expresses a clear negative opinion about the music video, using the phrase 'Worst Beyonce song yet'.",Negative
Negative,"THIS THE WORST ""country"" song EVER!!! 😂😂😂😂 DONT MAKE NO ALBUM this shit disrespectful to real country,","The comment expresses strong disapproval and uses terms like 'worst' and 'disrespectful', indicating a negative sentiment.",Negative
Negative,Came here to say i dont understand the hype it sounds awful,"The comment expresses a clear negative opinion, stating the music sounds 'awful' and dismissing the 'hype'.",Negative
Positive,Lady Gaga vibe 🎉,The use of 'vibe' and the exclamation mark indicate a positive and enthusiastic reaction to the music video.,Positive
Negative,This is truly one of the worst videos I've watched. Totally tasteless and NOT country.,The comment expresses strong disapproval and uses negative descriptors like 'worst' and 'tasteless'.,Negative
Negative,"The lyrics on this album are ridiculously bad, lol. I bet she had people write these songs for her and she just smacked her name on them.😂","The comment expresses disapproval of the lyrics and suggests a lack of creative input, indicating a negative sentiment.",Negative
Negative,No lyrics + no music = no clothes,"The comment expresses dissatisfaction with the video's lack of essential elements (lyrics and music), using a critical and somewhat dismissive tone.",Negative
Negative,You can't sing country to save your life! 😂 stick to your awful generic pop music!!,The comment expresses a dismissive and critical opinion of the artist's music genre and performance.,Negative
Neutral,Weird video. Good song. I don't feel the country vibe.,The comment expresses mixed feelings – acknowledging a strange video while still appreciating the song and a lack of connection to the intended genre.,Neutral
Negative,This is awful.,The use of the word 'awful' clearly expresses a negative opinion about the music video.,Negative
Negative,This is awful🤢💩,The use of emojis like 🤢 and 💩 clearly indicates a negative sentiment towards the music video.,Negative
Positive,Is This song available to set as caller ringtone??,The user is expressing a positive desire to use the song as a ringtone.,Neutral
Neutral,So what's the fuss on not acountry fan really although some l never really liked the old twangy stuff or the new she thinks my tractors sexy stuff but let's go back ok Charlie Pride he had a real country style but when Dean Martin started doing it that opened up the door for some country singers to take that approach then Ray Charles he lent his twist and that was an influence what about Freddy Fender and the TexMexs stuff oh sorry for being politically incorrect even if it did sound great  recently Tennessee whiskey with an Etta James beat love that Elvis he mixed it all up so what's the fuss with her   l don't get it,"The comment expresses a mix of opinions and observations about country music, lacking a clear dominant positive or negative emotion.",Negative
Positive,Frankiln ahh beat,The use of 'ahh' and 'beat' suggests enthusiastic enjoyment of the music.,Negative
Negative,This is the worst song of the year. It's disgusting—just artificial trash made to make money,"The comment uses strongly negative language ('worst,' 'disgusting,' 'artificial trash') expressing a highly unfavorable opinion of the song.",Negative
Negative,Worst video EVER. Someone's gotta say it out loud. Music- good. Lyrics- 🤔,The comment expresses strong disapproval (,Positive
Negative,"Worst song ,worst outfit ... Her voice 🙄","The comment expresses strong dislike with phrases like 'worst song' and 'worst outfit,' indicating a negative sentiment.",Negative
Negative,Sounds awful! Her voice is not a fit at all. 😂😂😂,"The comment uses negative language ('awful,' 'not a fit') and expresses a critical opinion about the music video's sound and the artist's voice.",Negative
Negative,When  I envision hell I think about this song on repeat lol it’s god awful,The comment uses strong negative language ('god awful') to express a dislike for the song and its repeated playback.,Negative
Negative,"is it up for ""worst song of the year"" and ""worst music video ever""?",The comment expresses strong disapproval and criticism of both the song and the music video.,Negative
Positive,"The music is dang cool, but do the lyrics actually contain or attempt to convey any message? If so, please explain. Not asking for a friend.",The comment expresses a positive opinion of the music (,Negative
Negative,"Hey Beyonce, word got out that a $1 million dollar bounty to take my life was contracted from the deep web to kill me.  You have done rituals against me and wicked evil when I didn’t even know you.  This isn’t the first from you but word is out of what you have been trying to kill me and this is going back even before I knew you but you had a lot to say about me.  You’ve been exposed for the bounty on me.","The comment expresses extreme hostility, threats, and accusations of attempted murder, indicating a strongly negative sentiment.",Negative
Negative,Worst video ever,The comment expresses a strongly negative opinion about the video's quality.,Negative
Negative,This song is booty this is the worst “country” song I’ve ever heard why do people listen to this bull,"The comment expresses strong disapproval and uses derogatory language, indicating a negative sentiment towards the song.",Negative
Negative,"People are unbelievable just becaz she  dont have the yank in her tone means that it aint country. She is from Tennesse which is country as well. And if was sombody else who sang country like this y'all wouldn't be beating them down, its only because her husband is pdiddy thats why y'all so hateful caz when this was song was trending with the dance everybody loved it until pdiddy issues happened","The comment expresses frustration and accusations of prejudice based on the artist's association with a celebrity, indicating a negative opinion.",Neutral
Positive,Rolling Stone named bey's lemonade album best of the century. Yee-haw!,The comment expresses enthusiastic approval and excitement regarding a prestigious award for Beyoncé's album.,Positive
Neutral,cant tell what was annoying the song or the video on replay,"The comment expresses confusion and inability to discern a problem, indicating neither positive nor negative sentiment.",Positive
Negative,Nah she needs to fold em. Texas NOT IN this video. Smdh... Embarrassing Texas... Nothing about Texas at all. Says more than them wasted lyrics will. Guarantee that video wasn't even made in Texas.,"The comment expresses frustration and disappointment with the video's lack of Texas connection, using negative language like 'smdh' and 'embarrassing'.",Negative
Negative,This is probably the worst music video I have seen. Could have done so much better with it.,"The comment expresses strong disapproval and criticism of the music video's quality, indicating a negative sentiment.",Negative
Negative,She’s not country! Her outfit is awful,"The comment expresses a negative opinion about the artist's clothing and style, using the phrase 'awful'.",Negative
Negative,"Worst video concept of all time. But brilliant marketing. Come for the music, stay for the nipslip potential.","Despite acknowledging brilliant marketing, the primary criticism focuses on a negative assessment of the video's concept and a controversial observation.",Neutral
Negative,Worst song I have to hear at work in al long time,"The comment expresses strong dissatisfaction and dislikes the song, indicating a negative sentiment.",Negative
Negative,Great song. Awful video.,"The comment expresses a positive opinion about the song but a negative opinion about the video, indicating mixed sentiment overall.",Neutral
Negative,This is supposed to be country god awful,The comment expresses strong disapproval and criticism of the music video using the phrase 'god awful'.,Negative
Neutral,Is this a copy of the cannon ball song with different lyrics?,"The comment expresses a question about potential similarities, lacking explicit positive or negative emotion.",Negative
Negative,Why do all these so called female pop stars frel they have to show the riskay parts of there flesh off.  All generic and dumb ...wake up citizens dont pay to see future rotted flesh.,"The comment expresses disapproval and criticism of the music video's content and the performers' presentation, indicating a negative sentiment.",Neutral
Neutral,The world is changing upside down Beyonce singing Country songs and Taylor swift singing pop synth songs,"This comment expresses a confused observation about musical trends, lacking explicit positive or negative feelings.",Neutral
Neutral,Not the worst song. But nothing special.,"The comment expresses a mild acceptance with reservations, neither strongly positive nor negative.",Negative
Negative,She wants to slowly infiltrate and contaminate. Contaminate with lewd lyrics and videos. Their ultimate goal is to transform this genre so it no longer resembles what it has been for decades. Just like everything else.,The comment expresses a strong disapproval and criticism of the music video's content and intentions.,Negative
Negative,This song is the worst song I've ever heard,The comment expresses a strong negative opinion about the song's quality.,Negative
Negative,Worst video ever! For a crappy piece of music. I didn’t care for Beyoncé before her country stage. Think she just torpedoed her career. And why would any videographer think the same clip over and over was a good idea? Couldn’t think of anything else? Hungover or something?,"The comment expresses strong disapproval and criticism of the video and Beyoncé's musical direction, utilizing phrases like 'worst video ever' and 'torpedoed her career'.",Negative
Positive,https://youtu.be/JAhrMH3-KPo?si=-ssKn5GXtnId40-D in 1970s these guys Texas eared a feared regime…….  See what they can come up with against oppression.  As a concerned neighbor and fellow tribes man the orchestra is the process. Play it to the rhythm where them guns 🎉❤😂😂😂😂,"The comment expresses enthusiastic support and joy regarding the video's message and performance, indicated by emojis and positive phrasing.",Negative
Negative,"Didn’t she just copy madonna? She made a country song in 2000. Trust me, Beyoncé can’t write lyrics, dance moves, notes or anything. She just copy’s other and says she’s original","The comment expresses strong criticism and disbelief in the artist’s originality, using terms like ‘copy’ and ‘can’t write’ to convey a negative opinion.",Negative
Negative,Worst song ever turn it off already 🙄,The comment expresses strong disapproval and frustration with the song's quality.,Neutral
Neutral,So reversed,"The comment, 'So reversed,' is a simple observation and lacks any clear emotional tone or expressed opinion.",Neutral
Positive,"It’s like a pantomime of a “southern song” almost insulting. The dude shabiozey, he tapped into the true singer songwriter vibes though","Despite initial criticism, the commenter ultimately praises the video for capturing the essence of singer-songwriter music.",Negative
Negative,"These lyrics are low-IQ, meaningless babble, and this is not country music.","The comment expresses strong disapproval and criticism of the lyrics and genre, indicating a negative sentiment.",Negative
Positive,"Beyoncé the only one Star listed VOCALIST OF 21 century by VOCALS Experts, great performer, the singer in history Who sing more diferent rithmys ❤, A living Legend ❤","The comment expresses strong admiration and praise for Beyoncé's vocal abilities and performance, using enthusiastic emojis.",Negative
Negative,The song's good but the fact that she's just doing the same thing over and over again is just so annoying which is why I hated the song and then it grew on me but I still hate the fact that she does the same thing over and over again,"The comment expresses frustration and dislike due to repetitive actions, outweighing any initial positive sentiment about the song.",Neutral
Negative,You ain’t broke the internet and you STILL HAVE NOT beat TAYLOR SWIFT…that’s what this is all about. Why make a music video doing the same thing???? Who else u gonna pay to stand up and complain when you don’t win another award,"The comment expresses frustration and criticism towards Taylor Swift, indicating a negative sentiment.",Negative
Negative,This is awful it is awful she walks out with practically no shirt on she's trying to sing country when she's not a country girl and after all the allegations that come out I dropped her like a bad habit,"The comment expresses strong disapproval and criticism of the artist's appearance, musical style, and previous allegations.",Negative
Positive,"I personally prefer lil Nas X country, catchy and fun‼️","The comment expresses a positive preference, using words like 'prefer,' 'catchy,' and 'fun.'",Negative
Negative,Horrible...her actions dont match the lyrics..its just her showing off her boobs. She needed to be dancing to the song which is quite good. Couldnt watch it.,"The comment expresses strong disapproval and criticism, using terms like 'horrible' and 'couldnt watch it,' outweighing any positive aspects mentioned.",Negative
Negative,"The fact that this even got an award ticks me off, vocals mid, lyrics mid, instrumental mid asf.",The comment expresses frustration and disappointment with the music video's quality across multiple aspects.,Negative
Negative,What is the point in this music video worst music video in the world,The comment expresses strong disapproval and uses negative language ('worst music video') indicating a negative sentiment.,Negative
Positive,not a country song but catchy hip hop,"The comment expresses a positive opinion by describing the music as 'catchy,' indicating enjoyment.",Neutral
Neutral,"So, if I replace the 64's in my raps song for a horse and slip a guitar in with twang in it, I could be country, too?😅🤣😂 She's country like Tracy Adkins is. This has nothing to do with her race either. Black people are the OG cowboys if you don't know. It's just super hard to believe that SHE is in any way country. The big city life Diva over sang in all her old Hip Hop and R&B cuts and now she is over singing in country, too. Whatever. But, how much support would Alan Jackson get if his next album was Gansta Rap? You tell me. M.C. Hammer tried to switch from Gospel Rap to Gansta Rap and he got slaughtered for it. (M.C. Hammer is more gangsta than 99.9% of ""Gangsta Rappers"". For real.)That's in the same genre! Art Official Age as the late, great, greatest of all time, Price put it. (If you don't know, look it up.) There is a reason why Darius Rucker was able to cross over to country; he only had to slightly jump over a narrow gap. Beyonce has an ocean to cross to connect her old to new. But, that's only if you care about authenticity. If not, Beyonce is also the heaviest metal vocalist there has ever been. 🤘Hooray, Beyince!!!! You go , girl!!!","The comment expresses a mix of opinions, skepticism, and enthusiastic support, making a clear sentiment classification difficult.",Negative
Negative,i dont like how Beyoncé is wearing such reveling clothes.....and worst the vid just goes over ad over again.,The comment expresses dislike for the clothing and criticizes the repetitive nature of the video.,Negative
Negative,She is washed up in hip hop so she jumps to country! Country don't want a grifting Freak Off freak. This sing is awful. Wake up,The comment uses derogatory language ('grifting Freak Off freak') and expresses strong disapproval of the artist's music.,Negative
Positive,My man been overseas 9 months and he finally otw home 😚,The use of 'My man' and the joyful emoji indicate a feeling of happiness and excitement about someone returning home.,Neutral
Positive,Her country lyrics are so groundbreaking,The comment expresses enthusiastic praise for the artist's lyrical style.,Positive
Negative,"I love Beyonce, but she never should have won that award for best country music award. There were better country songs with better lyrics. She won it because of who she is, not because of the song. Park your Lexus?  The dive bar we always thought was nice? If anything it was a parody of what country music songs are about. The end that was like R&B...complete BS that she won.","The comment expresses strong disapproval of Beyonce's win and criticizes the song's quality and genre appropriateness, indicating a negative sentiment.",Neutral
Negative,"Wow these lyrics are unbelievably stupid, and don't get me started on the video....",The comment expresses strong disapproval and criticism of both the lyrics and the video.,Neutral
Negative,Awful “music.”  Disgraceful to the genre.,The comment uses strongly negative language (,Negative
Neutral,"Country music originated from African.  A beat and the telling stories to the beat.  Country music is so close to Rap, when they hate each others’ music, they’re fools.  Same with Judaism, Islam and Christianity.  All Abrahamic.  Judaism is older than Christianity did better marketing/war.  Then the youngest religion, Islam, was so ‘cheated,’ they wanted to keep their land.","The comment expresses a historical and theological perspective with a mix of factual statements and opinions, lacking clear emotional tone.",Negative
Positive,Reverb is crazy,The comment expresses a positive opinion about the reverb effect in the music video.,Neutral
Negative,I don’t understand how this album got album of the year when Billie put her heart into all the videos and everything and this girl took a 12 second loop and with the same loop music in the back with different vocals…,The comment expresses frustration and criticism regarding the music video's perceived lack of creativity and effort compared to Billie Eilish's work.,Neutral
Positive,"I hear “ she gives me money, when I’m in need” notes at “ there is tornado in my city”",The comment expresses a positive sentiment through admiration and appreciation for the lyrics.,Neutral
Positive,Universe is here ✨chariot strength and death ⚖temprence as above so below and Malcom stuck in medium,"The use of evocative and symbolic language (e.g., 'chariot strength,' 'temprence as above so below') suggests a positive and appreciative reaction to the music video's themes.",Neutral
Negative,Why the Fuck she dressed like that? Country isn’t about selling your body and the lyrics are terrible,The comment expresses strong disapproval and criticism of the artist's appearance and the song's lyrics.,Negative
Positive,"Beyoncé the only one Star listed VOCALIST OF 21 century by VOCALS Experts, great performer, the singer in history Who sing more diferent rithmys ❤.A living Legend ❤","The comment expresses enthusiastic admiration and praise for Beyoncé’s vocal abilities and performance, indicated by emojis and strong positive language.",Positive
Negative,This song is annoying as hell,The use of 'annoying as hell' clearly expresses a strongly negative feeling towards the music video.,Negative
Negative,one of the most horrible kitch songs ever. and what about those super bad effects and noises?,"The comment uses strongly negative language like 'horrible' and 'super bad', clearly expressing a negative opinion of the music video.",Negative
Positive,Tommy Johansson does a funnier upbeat version  Go check him out,"The comment expresses enjoyment and encourages others to view the video, indicating a positive sentiment.",Neutral
Positive,Power rangers unite. Form the tornado 🌪️ JESUS CHRIST JESUS and let gummy bears bounce power rangers united and fly in the tornado 🌪️ JESUS CHRIST JESUS. Power rangers with the wisdom and power of God JESUS CHRIST sons and daughters. Power rangers unite let us see TRUTH today. Let us speak truth. Let us hear truth. I speak JESUS in everything and everyone wanting to speak JESUS in spirit and TRUTH through prayer wishes hopes dreams visions physical and emotional realms. JESUS lead and guide us and let us all become true power rangers united for you JESUS.,"The comment expresses fervent faith and a desire for unity and guidance, demonstrating overwhelmingly positive sentiment towards the Power Rangers and a belief in Jesus Christ.",Neutral
Negative,Is there an award for worst music video of all time?,"The comment expresses a critical opinion about the music video, implying it is of very poor quality.",Negative
Negative,That day the music died!! Worst tune ever.,"The comment expresses strong disapproval and criticism of the music, using phrases like 'music died' and 'worst tune ever'.",Negative
Negative,el video mas horrible de la historia.. y la cancion mas generica de la historia,"The comment expresses strong negative opinions about the video and song, using words like 'horrible' and 'generic'.",Negative
Negative,one of the worst songs ive ever heard,"The comment explicitly expresses a negative opinion about the song's quality, stating it's 'one of the worst songs' ever heard.",Negative
Positive,I don’t think the song is horrible but Grammy no way I don’t have a problem with her trying something new never a Beyoncé fan but the song is catchy .,"Despite initial reservations, the commenter expresses appreciation for the song's catchiness and the artist's experimental approach.",Negative
Neutral,"Song is catchy. The video, not so much.","The comment expresses mixed feelings, acknowledging a positive aspect (catchy song) while simultaneously pointing out a negative aspect (video).",Neutral
Negative,"I never heard a song from this whole album, only this annoying one from TikTok ads","The commenter expresses frustration and annoyance with the song's overexposure through TikTok ads, indicating a negative sentiment.",Negative
Negative,if this beats the beatles at the grammys im gonna be mad,"The comment expresses frustration and anger, indicating a negative sentiment towards the music video's performance.",Negative
Negative,Awful!,The use of 'Awful!' clearly indicates a negative opinion about the music video.,Negative
Negative,A generic song go back to what you do best,The comment expresses a critical opinion of the song's generic nature.,Negative
Negative,"the song is ok. it is catchy but that outfit is so ugly, if she is gonna do a country video, dress country in like levi's plaid shirt  cowboy hat and boots, she can show cleavage but damn that outfit hairstyle an makeup look like she was in mad max movie .. might as well be a ho if u are gonna dress like one.. .. that outfit does not fit with the song at all, no way","The comment expresses strong disapproval of the music video's visuals and attire, using harsh language and criticizing the overall aesthetic.",Neutral
Negative,This is a piss poor excuse for country wtf happened to the genre for this to win the grammy she's basically stills doing the same music just in a lower tone n to a slightly different style beat it's sad,The comment expresses strong dissatisfaction and criticism of the music video and artist's work.,Negative
Neutral,Antonette Course,The comment consists of a name and lacks any explicit emotional language or opinion.,Neutral
Neutral,After listening to the song i can understand why many (other than the culture war grifters) do not really consider this song to be country. this sounds like slightly less generic mainstream pop which it essentially is to my ears.,"The comment expresses a nuanced opinion, acknowledging both criticisms and a degree of acceptance of the song's style rather than a purely positive or negative reaction.",Neutral
Positive,MAMMIE BARRY you tube channel/5#@$MUMMY TOMBSTONE45😮BUY outy c45😢❤🍓🤓⚰️🤡💰📜🙃⚽️♟️♟️♟️♟️♟️⚰️🧤🍓😅😮😢🎉😂❤3,"The comment contains numerous emojis expressing joy, love, and excitement, indicating a positive sentiment.",Neutral
Negative,what a shit garbage of music😢trash+trash+trash😢its more streptiz then music😂60s 70s 80s best music of all time😊abba😊queen😊led zeppelin😊deep purple😊blondie😊police😊u2 and so on....,"Despite some positive mentions, the comment primarily uses derogatory terms ('shit garbage') and expresses strong dissatisfaction with the music.",Positive
Negative,"Absolutely stupid video…nothing to do with the lyrics, just selling sex.",The comment expresses strong disapproval and criticism of the video's content and perceived exploitation.,Neutral
Positive,Opening notes remind me of Gretchen Wilson’s Redneck Woman https://youtu.be/82dDnv9zeLs?si=G2FWKp-HCcPxtqn4,"The commenter expresses a positive association with the music video by comparing it to a well-regarded song, indicating enjoyment.",Neutral
Neutral,"To all the people saying ""its a visualiser"" what the hell is a visualiser?? Is that the thing we're calling the little looped videos they use for Spotify or something? Can we call it something else given that ""visualiser"" is a generic word?",The comment expresses confusion and a slight critique of the term 'visualiser' without overtly expressing positive or negative feelings about the music video itself.,Negative
Negative,This song is awful,"The comment uses the word 'awful,' which expresses a clear negative opinion about the song.",Negative
Neutral,Is this looping worst music video ever but Beyonce is looking good 😂,"The comment expresses a negative opinion about the music video's quality ('looping worst music video'), but also a positive observation about Beyonce's appearance, creating a mixed sentiment.",Negative
Neutral,"Catchy tune, but is this the best they could do for a video?!!!!!😮","The comment expresses a slight doubt and excitement, indicating a mixed, rather than purely positive or negative, reaction.",Positive
