﻿classificacao,comentario,justificativa,sentimento_manual
Positive,The story behind Billie’s experience hitting the high note is what makes this song so beautiful!!! Billie we are ALL so proud of your growth and strength  within your vocals this album ❤❤,"The comment expresses strong admiration and pride for Billie, indicating a positive emotional response.",Positive
Positive,Oh the warmth and tone in her voice!   Dreamy!,"The commenter expresses positive feelings through words like 'warmth,' 'tone,' and 'dreamy.'",Positive
Positive,"To my surprise, this song, unexpectedly, moved me deeply; a man nearing fifty, I found myself unexpectedly touched by its simple melody and heartfelt lyrics.","The commenter expresses a strong positive emotional response – 'moved me deeply,' 'unexpectedly touched' – indicating a favorable sentiment.",Positive
Positive,This goes deep into my heart.😢 Reminded me of my late father who passed away just 3 months ago after suffering from the horrible pancreatic cancer. Music heals and connecting me to him again spiritually.,"The commenter expresses a profoundly positive emotional response, describing the music as",Positive
Positive,"Billie Eilish captures the intensity of devotion in 'Birds of a Feather,' turning love's fragility into something fiercely eternal. Her vocals are a beautiful reflection of the paradox of love both tender and unbreakable. The emotional weight behind this track feels like a whispered promise of forever, even in the face of inevitable goodbyes.","The comment expresses admiration for Billie Eilish's interpretation and the song's evocative emotional impact, using words like 'beautiful,' 'fierce,' and 'eternal' to portray a positive sentiment.",Positive
Positive,"Easily Song of the Year. First time I listened to it on the album, for me it was an instant classic. I was craving for a song like this: simple, passionate and mostly universal. Anyone can vibe, from Gen Z to Baby Boomers, reminding of their teenage love. I'm not a Billie Eilish fan, but I have to thank her for delivering what I wanted.","The commenter expresses strong positive feelings about the song, describing it as an 'instant classic' and praising its accessibility across generations.",Positive
Positive,"This song makes me teary-eyed, every time I hear it. Those are such powerful words. Beautiful! 🥲❤",The commenter expresses strong positive emotions and appreciation for the song's impact.,Positive
Positive,"I was not much of a Billie fan until this song. She really showed just how talented she is with this song. Everything about it is just SO so unbelievably BEAUTIFUL! Her voice,  the beat, the lyrics,  the way it just touches your soul! I cry every time I hear this song...Its my new favorite song and I will never get tired of hearing it! May god continue to bless Billie with talent and success!🫶","The comment expresses overwhelming enthusiasm and adoration for the song and Billie Eilish, clearly indicating a positive sentiment.",Positive
Positive,"""2025, a new year, a new vibe, but the love for this masterpiece remains timeless. Cheers to great music and unforgettable melodies!""","The commenter expresses enthusiasm and appreciation for the music, using positive language like 'love' and 'masterpiece'",Positive
Positive,3:03 need yall hear the angelic vocal in the back it’s really low but ITS SO GOOD,"The commenter expresses a positive opinion, highlighting the quality and enjoyment of a specific vocal element.",Positive
Positive,My favorite song of 2024 and possibly this decade. The beats feel like throwbacks to the mid 1980's the lyrics are relatable and her angelic voice really give the depth to an already fabulous track.,"The comment expresses strong positive feelings about the song, using enthusiastic language like 'favorite' and describing it as 'fabulous'.",Positive
Positive,"I love this song, especially the vibes it gives",The use of 'love' and 'vibes' clearly indicates a positive emotional response to the song.,Positive
Positive,Beautiful song. Never knew who she is still don't know her face but great song. Lovely lyrics and perfect voice for the melody...addictive. ❤️,"The commenter expresses enthusiastic appreciation for the song's quality, describing it as 'beautiful,' 'lovely,' and 'addictive'.",Positive
Positive,I’m balling my eyes out because I’m dedicating this song to my baby who will be turning 6 months old. Time flies so fast and as a first time mom here I am getting overly emotional.,"The commenter expresses overwhelming emotion and dedication, indicating a positive and heartfelt connection with the song and their child.",Positive
Positive,2:40 I hear a little George Michael here in Last Christmas 😊 both beautiful songs and vocals ❤,"The commenter expresses positive feelings by using emojis of smiling faces and hearts, indicating enjoyment of the music and vocals.",Positive
Positive,"So emotional and sad. Beautiful lyrics, music, voice. I hope we see this on top of the Billboard Hot 100","The commenter expresses positive emotions through words like 'emotional', 'beautiful', and hopes for success, indicating a favorable opinion.",Positive
Positive,The layering and progression of this song is sublime. Not a big listener of Billie but I’ve had this on repeat,"The user expresses strong positive feelings about the song's structure and repeatedly plays it, indicating enjoyment.",Positive
Positive,this song is so nostalgic and beautiful~~,The use of 'nostalgic' and 'beautiful' indicates a positive emotional response to the music video.,Positive
Positive,"This song is really making me like Billy Eilish, and I never listened to her before.  What a beautiful song... dope beat, vocals and lyrics.","The commenter expresses enthusiastic enjoyment of the song and artist, using positive descriptors like 'beautiful' and 'dope'.",Positive
Positive,2:07 *Birds of a Feather is the Anthem of my Emotions…*,The user expresses a strong positive feeling about the music video and its connection to their emotions.,Positive
Positive,"I fall deeply in love with this song. This song must become the best pop ""Song of the year"" this year.",The commenter expresses strong positive feelings about the song and its potential success.,Positive
Positive,"definitely the best song of the year, it makes me hypnotized by the melody and feel like I'm back in the 2000s, but at the same time enjoying the present time","The commenter expresses enthusiastic praise for the song and its nostalgic effect, clearly indicating a positive emotional response.",Positive
Positive,I want to come back to this song when I’m older and remember how nostalgic it was,"The commenter expresses a desire to revisit the song in the future, indicating a positive and fond memory.",Positive
Positive,When I first heard this song on insta on everyone’s story I didn’t knew it’s billie I just thought it’s someone else not that popular singer maybe but today I saw it’s her omggg!!!😭😭😭 I can’t believeeee cz in her every song she always used to sounds like “whisper” type!! I mean she used to sing different not in this vocal omggg this is actually her real free voice!! 😭❤️❤️❤️,"The user expresses overwhelming excitement and delight with the song and Billie Eilish's vocals, using emojis to emphasize their positive feelings.",Positive
Positive,"Not the best lyrics , but not bad….a nice voice  and melody…first time ever here , never heard of you until today 💙","The comment expresses a generally positive opinion, highlighting positive aspects like the voice and melody despite acknowledging a minor lyric issue.",Neutral
Positive,When she said I love you til the day I die in high note  that's my favorite verse,The commenter expresses a clear positive feeling and appreciation for a specific lyric from the song.,Positive
Negative,"2:15 Every time I hear this lyric I remember something and start crying, I don't know why I feel like the lyrics say ""what im crying for""...😢😞","The commenter expresses sadness and emotional distress related to the lyrics, indicating a negative sentiment.",Neutral
Positive,"I really like this song, gives so much 90's vibes.",The commenter expresses a clear positive feeling about the song and its nostalgic qualities.,Positive
Positive,This song is soothing and emotional at thesame time,"The comment uses positive terms like 'soothing' and 'emotional', indicating a favorable reaction to the music video.",Positive
Positive,"This song is the perfect example of"" When you are happy, you listen to the music. When you are sad, you listen to the lyrics""",The commenter expresses a positive connection between the song and their personal experience of happiness and listening to music.,Positive
Positive,I really admire it. The voice is very beautiful. Please continue watching. The voice is very powerful.😊❤,"The comment expresses admiration and appreciation for the music video's voice, indicating a positive sentiment.",Positive
Positive,This song is literally so nostalgic for 2024,The commenter expresses a positive feeling of nostalgia associated with the song and the current year.,Positive
Positive,wow 90s vibes Beautiful!!,The exclamation points and use of 'Beautiful' indicate strong positive feelings about the music video.,Positive
Positive,This has such a 90s-00s pop princess vibe and I am HERE for it.,The commenter expresses enthusiastic approval and excitement (,Positive
Positive,I love this song! Everything about it it’s perfect! ❤ the lyrics in this video come out to late to sing on time.,The commenter expresses strong positive feelings about the song and uses enthusiastic language like 'love' and 'perfect'.,Positive
Positive,This is mf summer vibe fr,The use of 'mf summer vibe fr' expresses a strong feeling of enjoyment and positivity associated with the music video.,Positive
Negative,This song used to be beautiful to me. Now it's deeply sadness to me. When I hear this song it reminds me of him. It makes me think of our short time together and how sad it ended. I will stop thinking of him like this song. I'm tired of hurting my heart and head.,"The comment expresses feelings of sadness, heartbreak, and pain associated with a past relationship, indicating a predominantly negative sentiment.",Neutral
Neutral,Isn’t this beat from a drake song ?,"This comment simply identifies the song’s beat, offering factual information without expressing any positive or negative emotion.",Neutral
Positive,"Every time I listen to this song, I feel an overwhelming love for myself, yet at the same time, a deep disappointment. It’s like I can see a version of me that has grown, changed, and become everything I want to be—but I’m still stuck in the same place. This song makes me reflect on that distant version of myself, almost like we exist in different lifetimes. It’s bittersweet, but also comforting. Thank you for creating something that speaks so deeply to emotions I struggle to put into words.","The comment expresses feelings of comfort, connection, and gratitude for the song's ability to articulate complex emotions, indicating a positive experience.",Neutral
Positive,never paid attention to the lyrics but damm its deep..i feel like crying,The commenter expresses a strong positive emotional reaction (,Positive
Positive,This is called music and lyrics,"The comment expresses a positive opinion about the music and lyrics, implying enjoyment.",Positive
Positive,It's been a year since this song became a phenomenon among the most listened to and I still haven't gotten over those beats.,"The commenter expresses continued enjoyment and fascination with the song's impact, indicating a positive sentiment.",Positive
Neutral,2:52 Anyone know what instrument this is or is it a vocal?,"This comment simply asks a question about the music, expressing curiosity without conveying any positive or negative emotion.",Neutral
Negative,FINALLY a song where she can actually show off her vocals and not do that whisper singing shit,"The comment expresses criticism of the artist's vocal style, indicating a negative sentiment.",Positive
Positive,2:46 QUE VOCAL MARAVILHOSO,The comment expresses strong positive emotion with 'maravilhoso' (wonderful) indicating a favorable opinion.,Positive
Negative,"I met someone totally unexpectedly, in a random place and situation, after deciding to be alone for 5yrs. Got on so well, linked with everything, could open up again but then I suddenly lost my trust and ended it… I miss him, miss his presence, miss his laugh, miss his accent, miss his caring & thoughtful nature, I just miss him wholey…  this song tells it all but, something is stopping me. I’ve ignored my gut feelings in the past and got into deep trouble. I promised myself I wouldn’t ignore them again but boy is this hard","The comment expresses regret, lost trust, and difficulty overcoming a past mistake, indicating a predominantly negative emotional state.",Neutral
Positive,"Tbh the pitch is so high it made me cry,how good it is",The commenter's use of 'how good it is' despite initially describing a negative effect indicates a positive overall appreciation for the music.,Positive
Positive,"This song hits so deep – every note, every word feels like it’s made just for me. Billie’s voice is pure emotion","The commenter expresses strong positive feelings about the song and Billie's performance, describing it as deeply personal and emotionally resonant.",Positive
Positive,"This song should be #1. This is a mixed emotions good feeling, memory feeling, exciting feeling, GREAT song and crazy lyrics today make you SMILE. I been playing it for the ENTIRE day without getting tired of it😮","The comment expresses enthusiastic enjoyment and positive feelings about the song, using words like 'GREAT' and 'SMILE'.",Positive
Positive,"So emotional, es berührt mich bis unter meine Haut ❤","The use of 'es berührt mich bis unter meine Haut' (touches me down to my skin) indicates a deeply felt emotional response, signifying positive sentiment.",Positive
Negative,Why do these birds have better friendship vibes than I do? 😩,The use of '😩' (pouting face emoji) and the self-deprecating question suggest a negative sentiment regarding the commenter's own relationships.,Neutral
Neutral,This song is same beat to the “bleeding love” song,"The comment simply identifies a similarity in rhythm, expressing an observation rather than a positive or negative emotion.",Neutral
Positive,Love this song.  Beautiful lyrics and melody.  That hook is just sick.    Billie and Finneas are really brilliant.,"The comment expresses enthusiastic praise for the song, lyrics, melody, and artists.",Positive
Positive,Who's here because of Rick Beato 😅,"The use of the laughing emoji suggests a positive association and enjoyment of the video, likely due to Rick Beato's influence.",Neutral
Positive,Goosebumps in the finish. (Till that day that I die) so high and emotional like whole song❤️,The commenter expresses strong positive emotions and uses an emoji to reinforce the feeling of being moved by the song.,Positive
Negative,Melody is same as croatian singer Oliver Dragojevic,The comment expresses dissatisfaction by comparing the music to a specific artist and implying a lack of originality.,Neutral
Positive,So beutiful ❤❤❤ amazing vocal 🤩🤩🤩,"The comment expresses enthusiastic approval with multiple heart and star emojis, indicating a positive sentiment.",Positive
Positive,This song is my story with my twin flame and I. I know he doesn’t recognize me but if only he knows how much I love him. He will be the only person I can ever love so deeply in every lifetime. 😢 I knew him in another life but he sounds so surprised. If only he knows I love him unconditionally.,"The commenter expresses profound love and longing, indicating a deeply positive emotional connection to the song.",Positive
Positive,"one of my favs, her lyricism is unreal and the voice!!!! i did remix it and would love some feedback, its on a more upbeat poppy beat. under my billie playlist :)","The commenter expresses enthusiasm for the music, describing it as 'one of my favs' and praising the lyrics and vocal performance.",Positive
Positive,This song makes me goosebumps  everything is so perfect the voice the chorus the band everything lovely perfect,The user expresses enthusiastic excitement and positive feelings about the song and its elements.,Positive
Positive,"Hello, everyone! I create enjoyable 80s vibes and mood/chill songs on my channel that's perfect for working, studying, workout or just chilling out. May my song content can entertain everyone's here! 🙏😇","The commenter expresses enjoyment and a desire to entertain, indicating a positive sentiment towards the music video and channel.",Neutral
Positive,"Her voice is so airy and light, but these lyrics hit hard.","The comment uses positive descriptors ('airy,' 'light') alongside a recognition of impactful lyrics, indicating a favorable opinion.",Positive
Negative,"By the way, the melody of this song is a plagiat and copy of Oliver Dragojevic ""U Ljubav vjere nemam""! So Byllie Eilish is copying the croatian singer Oliver Dragojevic😂","The comment expresses strong disapproval and accuses Billie Eilish of plagiarism, indicating a negative sentiment.",Negative
Negative,I had to come here as Spotify don't show lyrics to me 😭😡,The use of emojis like 😭 and 😡 clearly indicates frustration and negative feelings about the lack of lyrics on Spotify.,Neutral
Positive,Why this song it's so Reference to Last Christmas Song By George Michael (Wham bang i think?) like if you sing this whenever the beat follows holy crap,"The commenter expresses enthusiasm and a comparison to a well-regarded song, indicating a positive reaction.",Neutral
Positive,"So far...this is Billie's best song, in my opinion. Fantastic melody, beautiful lyrics, and a sensational voice. I love it. 😍","The commenter expresses strong positive feelings using words like 'fantastic,' 'beautiful,' and 'love,' along with an emoji, indicating a clear positive sentiment.",Positive
Positive,Dès la 1er phrase j'étais déjà en amour avec cette chanson ❤ le beat est insane et Billie a tellement une voix sensuelle,The commenter expresses strong positive emotions and admiration for the song and Billie's voice.,Positive
Positive,I love the backing vocal 2:53  I fell for it 💝,The user expresses clear affection for the backing vocal with an emoji of love.,Positive
Positive,This beat. Absolutely fkn spot on.,The enthusiastic use of 'fkn' combined with the positive descriptor 'spot on' clearly indicates a very positive reaction to the music video's beat.,Positive
Positive,"After become 30's, now I understand why older people in 2000's told that emo lyrics was weird","The comment expresses an understanding and appreciation for a previously perceived negative aspect, indicating a positive shift in opinion.",Neutral
Positive,Similar chorus beat to “bleeding love” .. which i loved .. n caught me to this song ! Right away..,The commenter expresses a positive reaction by stating they 'loved' the chorus beat and 'caught me to' the song.,Positive
Positive,"if you like this you might like The Sundays... the chorus is the same sound. Harriet Wheeler, 15 yrs ago, pretty British voice. much beloved",The comment expresses a positive opinion by recommending another artist and describing the voice as 'much beloved'.,Neutral
Positive,Lyrics💙🥹🥺,The use of emojis like 💙 and 🥹 indicates a feeling of fondness and positive emotion towards the music video and lyrics.,Positive
Negative,The same melody like Bleeding Love by Lewis Leona,"The comment expresses a negative comparison to a well-known song, suggesting a dissatisfaction with the music video's melody.",Neutral
Positive,This song just has a nostalgic feeling,The comment expresses a positive emotion – 'nostalgic' – associated with the music video.,Neutral
Positive,Seeing my cousin and her daughter dancing to the chorus of this song make me f*cking emotional 😭,The use of 'emotional' and the crying emoji clearly indicate a positive and moving reaction to the music video.,Positive
Positive,feels very nostalgic,"The comment expresses a positive feeling of nostalgia, indicating enjoyment.",Neutral
Positive,"I looked this up because I heard the chorus in videos and I was unprepared.  The opening about wanting to love you until we are dead...like super dead...rotting, filthy maggoty corpses dead, followed by the pretty, breathy-sweet chorus is a rather interesting contrast.","The commenter expresses a positive reaction to the song's contrasting elements, describing them as 'interesting'.",Positive
Positive,"Great vocals on this, shows she can do it all - reminds me of Harriet Wheeler from The Sundays in places. Dreamlike","The comment expresses positive praise for the vocals and a nostalgic, complimentary comparison, indicating a favorable opinion.",Positive
Positive,Gods i am ADDICTED to that high pitched singing or sound that starts at 2:53 idk what it is about it that scratches my brain just right.,"The commenter expresses a strong positive reaction, describing the sound as",Positive
Neutral,WHAT IS YOUR FAV LYRICS,"This comment is a simple question seeking opinions, lacking explicit emotional expression.",Positive
Positive,Finally a upbeat song😂❤,The use of 'finally' and the emojis (😂❤) clearly indicate a positive reaction to the music video.,Positive
Positive,lagu ini membuat vibes habis lebaran 1446 H/2025 M,The comment expresses a positive feeling ('vibes habis') related to the music and its association with the end of Ramadan.,Positive
Positive,its sso breezy and summery and cozy contrast to the lyrics like a summer punch by the ocean,"The commenter uses enthusiastic adjectives like 'breezy,' 'summery,' and 'cozy' expressing a positive feeling about the video and its atmosphere.",Positive
Positive,I don’t know what emotion I’m feeling right now but I love it-,"The user explicitly states they 'love it', indicating a positive emotional response.",Positive
Negative,Imo 4:22 is the worst part,The comment expresses a strong negative opinion about a specific part of the music video.,Negative
Positive,"I cannot believe that this song is made by billie, this song is completely different from her another song, this song feels so fresh and relaxable even tho the lyrics is actually sad. But anyway I love this song so much 😍","The commenter expresses love for the song and uses positive emojis, indicating a favorable sentiment.",Positive
Positive,I would sing this to let all my emotions go away😀,The use of the smiling emoji and the statement about 'letting emotions go away' clearly indicate a positive sentiment towards the music video.,Positive
Positive,This song vibe just like back to 90’s love songs.. love it,"The commenter expresses clear enjoyment and nostalgia, indicating a positive sentiment towards the music video.",Positive
Neutral,oliver dragojević typa beat,"The comment consists of a name and a description of a song, lacking explicit emotional expression.",Neutral
Positive,hey Miss Big T-Shirt - I can not believe u didnt like that song at all ;D - i got to say its really good - not only the Voice and the text - but the beat is allmost breakdance likeish - could make a  synthesizer version of it and it would fitt perfect with a little - e-bass line ;) - actually it is the counterpart of Fortnite ^^ - also it is the best song at this point - not sure if there was god telling u something about urself - i hope ur doing well in ur life - much love!,"The commenter expresses strong positive opinions about the song's quality and suggests potential improvements, coupled with encouraging and supportive sentiments.",Positive
Positive,"a song where you can vibing while crying or smiling, what a mix of so much emotions","The comment expresses a feeling of enjoyment and connection ('vibing') combined with emotional responses, indicating a positive experience with the music video.",Neutral
Positive,Omg y'all my bf got me a shirt with these lyrics on it I love it so much love  bille and this song and him .,The user expresses strong positive emotions and excitement about receiving a gift related to the song and their partner.,Positive
Positive,0:14 0:34 1:47 2:06 2:16 2:30 Catchy😄,The use of the smiling emoji indicates a positive reaction to the music video.,Positive
Positive,Song of the year 2024-2025 so catchy,"The comment expresses excitement and appreciation for the song's catchiness, indicating a positive sentiment.",Positive
Positive,If someone doesn’t read the lyrics to these songs they’ll never hear it from listening to the song itself.,"The comment praises the song's impact and ability to convey meaning through listening, indicating enjoyment.",Neutral
Positive,It sounds good from the get go unlike  most songs which only sound good at chorus phase,"The commenter expresses a positive opinion, highlighting that the song is good from the start, contrasting it favorably with other songs.",Positive
Positive,"headphones or helmet aren't enough for me  (us) I  (we) NEED TO MARRY THIS SONG ! THATS A MIXTURE OF EMOTION! Billie is a true artist, an icon, an inspiration, and a goddess. LOVE THIS SONG FR !","{""sentiment"":""Positive"",""justification"":""The commenter expresses enthusiastic praise for the song and the artist, using strong positive language like 'NEED TO MARRY THIS SONG' and 'LOVE THIS SONG FR !'}",Positive
Positive,"Crying or smiling vibes , your choice 💫✨",The comment expresses a positive feeling through the use of evocative language and emojis.,Neutral
Positive,"2024 brings Bruno Mars, Gaga and Billie and just one teaser: the world is ending and we are litterally dying but it still so good and nostalgic like we have lived all that before",The comment expresses enthusiastic enjoyment and a nostalgic feeling ('so good and nostalgic like we have lived all that before').,Neutral
Positive,I am addicted to this song. I am 47. Her lyrics match my in er feelings en emotiions....,The user expresses a strong positive sentiment ('addicted') and describes feeling a deep connection to the song's lyrics.,Positive
Neutral,SOMEONE PUT THE LYRICS,This comment expresses a simple request for information and doesn't contain any overtly positive or negative language.,Neutral
Positive,"Two years ago, I had to distance myself from the girl I wanted to share my life with forever. Sometimes I still remember her in the little things she left behind in my life — especially in the music we used to listen to. She used to play “I Don’t Wanna Be You Anymore” every time we were together. This is the first time I’ve listened to the song all the way through; I’m sure it would’ve been one of our favorites. Hearing the opening melody always brings her to my mind, and for a long time, it used to make me tremble. Today, I missed her a lot — but something was different. I hope she’s okay.","The comment expresses nostalgia and a hopeful desire for the person’s well-being, indicating a generally positive emotional response to the song and memory.",Neutral
Positive,I get very  emotional listening to this song!,"The commenter expresses a strong emotional response, indicating a positive sentiment towards the song.",Positive
Positive,"Billie Eilish wrote the song as an homage to her brother, Finneas. The lyrics are not that romantic, more like friendly banter with a sibling. The song 'birds of a feather' is about the speaker's brother, who is not just a sibling but a best friend.","The comment expresses a positive sentiment towards the song and its relationship to Billie Eilish's brother, Finneas, highlighting a heartwarming and supportive bond.",Positive
Positive,This is definitely a headphones/earphones on song. I've heard this on work/mall radios so much but never really appreciated it because i couldn't really parse the lyrics. This is beautiful,The commenter expresses appreciation for the song's beauty and a newfound understanding after hearing it with headphones.,Positive
Positive,Amazing ..even on a rough day I hear this song in my head and makes my body warm with the whole rhythm!!Best Eva🥰💯,"The commenter expresses strong positive feelings about the song and its effect, using enthusiastic language and emojis.",Positive
Positive,chords sound like mirrors by justin timberlake,The commenter expresses a positive opinion by referencing a well-known and generally liked song.,Neutral
Neutral,Late lyrics,"The comment 'Late lyrics' simply states a factual observation about the video, lacking any emotional tone.",Neutral
Negative,the song looks like happy song but the lyrics 🥲😭😭😭,The excessive use of sad emoji suggests the commenter is expressing disappointment or sadness regarding the song's portrayal.,Neutral
Positive,This song reminds me of the vibe of Tame Impala song,"The comment expresses a positive association with a well-regarded artist, suggesting enjoyment of the music video.",Neutral
Positive,1:01 - 1:05 there’s a song that has this same little chorus but I can’t remember what it’s called. Can anyone help maybe?? 😭,"The user is expressing a hopeful desire for assistance, indicating enjoyment and engagement with the video.",Neutral
Negative,The worst singer 😂,The use of 'worst singer' expresses a clearly negative opinion about the music video's artist.,Negative
Positive,2:52 Those vocals in the background are so... Wow!,The exclamation point and the word 'Wow!' indicate strong positive emotion towards the vocals.,Positive
Positive,"WHY IS IT cozy, cute, romantic, warm and catchy at the same time?????",The commenter expresses overwhelmingly positive feelings about the music video’s qualities.,Positive
Neutral,"if mixed emotions is a song, this would be it",The comment expresses a relatable feeling of complex emotions without explicitly praising or criticizing the song.,Neutral
Positive,Vibes be vibeing,The comment expresses approval and appreciation of the music video's feeling or atmosphere.,Neutral
Positive,"Can we talk about how far Billie has come. People used to make fun of her for ‘whisper singing’ in her first album. Then came out with ‘Happier than ever’ AND LOOK AT HER NOWWWW. THE VOCALSSS, THE BELTINGGG, THE EMOTIONNN. Billie is a true artist, an icon, an inspiration, and a goddess.",The comment expresses overwhelming admiration and praise for Billie Eilish's artistic growth and vocal talent.,Positive
Positive,Vibe maravilhosa dessa música 🎧🎵🎶,The comment expresses a positive feeling (,Positive
Positive,Powerful song,The comment expresses a positive evaluation of the song's power.,Positive
Positive,Que vibe maravilhosa......,The Portuguese phrase 'que vibe maravilhosa' expresses a wonderful and positive feeling about the music video.,Positive
Positive,i wanna cry when i think about my brother while listening to this. he’s not the one to talk much or show his emotions to others but we have different ways to show each other we care. but last year my mum told me he had cried to her because he was worried and hurt by my health issues… that hit me extremely hard. I love him so much and I hope he knows it,"The comment expresses deep love and concern for the brother, indicating a positive emotional response despite acknowledging sadness.",Positive
Positive,GTA: Liberty City Stories vibes,"The comment expresses a positive association with the music video, referencing a well-regarded GTA title.",Neutral
Positive,"This song will the perfect ost for the book Cry, Or Better yet, Beg! Uggggh! I'm having so much mixed emotions. Omgggg. 🩷🥹","The commenter expresses enthusiasm for the song and its suitability for the book, despite some conflicting emotions, indicating a generally positive feeling.",Positive
Positive,"I mean is it not keep bleeding love? I dont know the song name or artist, but you can sing keep bleeding love off the chorus.","The commenter is praising the song's chorus and showing familiarity with it, indicating a positive reaction.",Positive
Positive,"This beat sounded so familiar, I kept trying to listen carefully and if not mistaken it’s from Gwen Stefani song “I know we’re cool” ?","The commenter expresses a positive reaction by identifying a familiar and well-regarded song, indicating enjoyment.",Neutral
Positive,That first verse gets me in my feels ❤,The use of the heart emoji and phrase 'gets me in my feels' indicates a strong positive emotional response.,Positive
Positive,h.urtful song full of emotions,"The comment describes the song as 'full of emotions,' indicating a positive and evocative experience.",Neutral
Positive,"This song is making me bawl my eyes out. I’m in an interracial relationship and we’re about to be married but my dad has been so hateful and mean to my fiancé. I am devastated and heartbroken by how cruel he has been to my sweetheart but I love my sweetheart so much. I’m not giving up on us and the lyrics “I’ll love you till the day that I die” hits so hard. I’m madly in love with him. I can’t wait to be married, I pray to god my dad won’t stand in our way.","The comment expresses strong positive emotions – love, hope, and determination – despite acknowledging difficult circumstances.",Positive
Positive,Can someone like dis ..so that i can come again ..and have some cozy and calm vibes 💗✨🙂,"The commenter expresses a desire to return and enjoys the ""cozy and calm vibes"".",Positive
Neutral,"This is morbid, if it wasn't for the catchy tune and her amazing voice I'd be like what the heck??","The comment expresses a mixed reaction, acknowledging a positive aspect (catchy tune and voice) while also conveying a sense of confusion and perhaps discomfort with the video's content.",Positive
Positive,I don't know why but it's giving Cranberries vibes. Am I alone?,"The comment expresses a positive comparison to the band Cranberries, suggesting enjoyment of the music video's style.",Neutral
Positive,This song gives me 80’s Vibes!!  Tiffany Vibes!!  Love it!!  🎵🎶🎼😊💙🩷❤,The commenter expresses enthusiastic support and positive feelings towards the song and video using emojis and positive language.,Positive
Positive,Just had my first child a few weeks ago…and I’m pretty sure she knows all the lyrics already from me singing this to her so much ❤❤❤❤,"The user expresses a fondness and connection to the song through their repeated singing to their child, indicating a positive sentiment.",Positive
Positive,"Someone said: When you’re happy you enjoy music, but when you’re sad you understand the lyrics.",The comment expresses a positive connection between music and emotional understanding.,Neutral
Negative,That high notes makes me sad 🥹♥️,The use of 'sad' combined with the emoji indicates a negative emotional response to the music video's high notes.,Neutral
Positive,My absent minded self forgot to say how moving it is those high notes she delivers especially nearing the end of the song. ❤❤❤,"The commenter expresses admiration and appreciation for the song's high notes, indicating a positive emotional response.",Positive
Positive,"One of the most beautiful melodies, lyrics, voice, clip, singer ..all of it ! ❤❤❤",The user expresses enthusiastic praise and excitement about multiple aspects of the music video.,Positive
Positive,No matter the vibe this song slaps,The use of 'slaps' indicates a strong positive opinion and enjoyment of the music video.,Positive
Positive,"Billie, I want to thank you from the deepest of my heart for making this song, it has helped me get through all incidents in my life whether good or bad. 🥰","The commenter expresses gratitude and states the song positively impacted their life, indicating a strong positive sentiment.",Positive
Positive,This song can vibe in Paramore's After Laughter album! Hope hailey will cover this.🎉,The use of 'vibe' and the celebratory emoji suggest a positive reaction to the song.,Positive
Positive,This is probably one of her best songs... This song hits in so many ways!!! I can listen to it over and over and over and over and over again 😂... She couldn't of picked better lyrics ❤❤,"The commenter expresses enthusiastic praise for the song and artist, using positive language and emojis.",Positive
Positive,"my mom and i didnt really have a good relationship, but we had beautiful moments together. singing the lyrics to this song reminds me of her, of what we had together. next month will the fifth year since she died. i miss you mom. i still think about you, sometimes, if not oftentimes. :)","The comment expresses fondness and remembrance of a deceased mother, indicating a positive emotional connection despite past difficulties.",Positive
Positive,"It's like hearing the chords from Last Christmas with the picking from Everybody's talkin' mixed with the Billie/Finneas-soundscape. Great song, great vocal lines.","The comment expresses enthusiastic praise for the song and its vocal quality, indicating a positive sentiment.",Positive
Positive,Beautiful song.🥰 I'm not a fan but do I love the lyrics and the melody.❤,"The commenter expresses positive feelings about the lyrics and melody, using emojis of affection.",Positive
Positive,This song has the drop everything and text my ex vibe,"The comment expresses a positive association with the song, linking it to a desirable and exciting feeling.",Neutral
Positive,"This hit me so hard, my feeling through my ex just be like these lyrics lines",The commenter expresses a strong emotional response (,Neutral
Positive,When she called her mom to say how she was so proud to hit that note during Die in the last verse...like girl cares and sounds so real.  Fck my heart she's got it.,The commenter expresses admiration and excitement (,Neutral
Positive,As someone that likes 2020 I can confirm this song sounds to nostalgic to me very much,The commenter expresses a positive feeling (,Neutral
Positive,"Iv just experienced love, it is so powerful these stupid soppy love songs actually mean so much and is the perfect remedy for broken hearts or distance hearts just makes me love him even more when I hear this and also cry more 🤣","The commenter expresses overwhelmingly positive feelings about the song and its impact, describing it as a 'perfect remedy' and increasing their love for the subject.",Positive
Positive,Whoever edited this the lyrics and the bubbles and the water waving had good effort on this ngl,"The commenter expresses admiration for the editing work, indicating a positive sentiment.",Positive
Positive,A well put together song with a great vibe👌👌👌,"The commenter expresses enthusiastic approval with multiple positive emojis, indicating a positive sentiment.",Positive
Positive,"Well, I'm glad this wasn't scrapped.  Something in the main melody of the track that instantly gets to me (then I can't see for most of the song. xD ), and hits something similar to nostalgia for me.  It's a really beautiful tune! ^_^   More in this softer feel would be nice.","The commenter expresses clear enjoyment and appreciation for the music video, highlighting its positive impact and beautiful tune.",Positive
Positive,Had never pay attention to this lyrics they go deep just felt in love with this song 🫣🫣😍😍,"The commenter expresses a strong positive feeling, stating they",Positive
Negative,"Despite the massive popularity and impressive view count of Billie Eilish's 'BIRDS OF A FEATHER,' this track doesn't resonate deeply with me. To me, it feels like a one-time listen, lacking the spark or uniqueness that makes a song unforgettable. Honestly, I wouldn’t have given it a chance if not for the overwhelming advertising.","The commenter expresses disappointment and a lack of connection with the song, indicating a negative sentiment.",Neutral
Positive,Great harmony! Keep these back up singers!!😊,The commenter expresses enthusiastic approval and appreciation for the music video's elements.,Positive
Negative,"this album came out when i was dating someone last year, and even if we were both treating the situation in a more serious light, sadly it didn't work out. this album came out at the same time we were seeing each other. i used to listen to it a lot and subsequently it reminds me of him... this is still one of my favourite songs. it's still hard to listen to it right now. seeing 11 months ago is really making me think of the parallels, of how life changes in a year, how we change. sometimes it still hurts, sometimes i miss the feeling and sometimes i miss him. it just all feels so nostalgic cause it was all so beautiful.","While nostalgic, the comment expresses sadness and lingering pain associated with a past relationship, indicating a predominantly negative sentiment.",Neutral
Negative,She’s stole this beat off destiny’s child ‘with me’ not very original,"The comment expresses criticism and disapproval of the music video's originality, indicating a negative sentiment.",Negative
Positive,"Her voice is the key, the beat and other details made this song successful.",The commenter expresses positive opinions about the singer's voice and the overall success of the song.,Positive
Negative,finneas stole these lyrics from an indie artist called sister,"The comment expresses a critical opinion regarding the alleged plagiarism of lyrics, indicating a negative sentiment.",Negative
Positive,this is what i wanted from her. this has a The Cardigans vibe and i love it. such a voice.,"The commenter expresses enthusiastic approval, highlighting a positive comparison and praising the vocal performance.",Positive
Positive,"i love this song, very nostalgic",The commenter expresses a clear positive feeling (,Positive
Positive,"The saturated drum beat seems like a new trend in current songs, the influence of sound in music, it is also a great song, one day it will be re-released as it should be. little kisses with light eyes. ;)","The comment expresses enthusiasm for the song's sound and suggests it deserves a re-release, indicating a positive opinion.",Neutral
Positive,SONG WITH GREAT LYRICS!,"The commenter expresses enthusiasm for the song and its lyrics, indicating a positive sentiment.",Positive
Positive,This is the best song I ever heard it made so mutch memories from it honestly mada my summer unforgettable thank you for everyone perticpated in making this masterpiece of a song thank you,"The commenter expresses strong positive feelings about the song, describing it as 'the best' and noting it created 'unforgettable' memories.",Positive
Positive,Lesgo I just memorized the lyrics,The commenter expressing that they have memorized the lyrics indicates a positive feeling towards the song and video.,Neutral
Positive,"Love the symbolization in this song. The lyrics rock, keep up the grind BE","The commenter expresses enthusiasm with phrases like 'Love the symbolization' and 'lyrics rock', indicating a positive sentiment.",Positive
Positive,"Why the backing beat kinda sound like ""heavens night"" by elita???? Idk tho its giving that vibe tho","The commenter is identifying a positive association with a familiar song, suggesting a favorable impression of the music video’s sound.",Neutral
Positive,Absolutely beautiful! Brings so many emotions. And her high pitch just drives me good crazy! Love her voice.,"The comment expresses enthusiastic appreciation for the music video and the artist's voice, indicating a positive sentiment.",Positive
Positive,Im here for the rhythm and beat,The comment expresses enjoyment and appreciation for the music's rhythm and beat.,Positive
Positive,Love the vocal delay she use in the middle of track 💜,"The commenter expresses clear enjoyment of a specific element of the music video, indicating a positive sentiment.",Positive
Negative,Only good thing about this song is the melody she copied from Oliver.,"The comment expresses criticism by highlighting a perceived plagiarism, indicating a negative sentiment towards the song.",Negative
Positive,This song has many emotions at the same time,"The comment expresses a positive reaction by highlighting the song's ability to evoke 'many emotions,' suggesting enjoyment and engagement.",Neutral
Positive,I´m alone but this song makes feel deeply falled in love <3,"The user expresses a feeling of being 'deeply fallen in love,' indicating a positive emotional response to the music video.",Positive
Positive,"I had an emergency c section after my baby couldn't handle labour anymore.... they asked me if I wanted music for the surgery. I said Billie Eilish. When he was finally out and they showed him to me, this is the song that played. 😢 makes me so emotional.",The commenter expresses strong positive emotions and a profound connection to the song due to the circumstances of the baby's birth.,Neutral
Negative,"Idk why but i keep remembering the floptropican remix, instead of the real lyrics😔😭",The use of emojis (😭) and the phrase 'instead of the real lyrics' indicates disappointment and a negative feeling towards the remix.,Neutral
Negative,"Does any one else think this song just sounds too sad it has a bad vibe, i honestly don't like it it's just my opinion","The commenter explicitly states they 'don't like it' and describes a 'bad vibe,' indicating a negative sentiment.",Negative
Positive,"Yes as a man i listen to this masterpiece, fuck all that today rap music, rather put this on and vibe at least it has meaning","The commenter expresses strong positive feelings about the music video, praising it as a 'masterpiece' and indicating a preference over contemporary music.",Neutral
Positive,Everytime I listen to this song I remember my dead friend 😔 and get so nostalgic 🥺,The use of emojis and words like 'nostalgic' indicate a fond and positive memory associated with the music video.,Neutral
Positive,"This song touches deep down my heart without permission . My body temperature rises and I shiver because it's intensly deep like crazy love 🤎 . Unbenounced , it's telling my heart to feel the feelings I hide cuz of being hurt .","The commenter expresses a strong, positive emotional response to the music video, describing it as 'deep' and triggering 'intensely deep like crazy love'.",Positive
Positive,3:11 This bittersweet melody reminds me of DDLC.,The commenter expresses a positive feeling (,Neutral
Negative,"I know I have heard this song before, these same chords, some song of the 80s, but I can't remember it and its driving me crazy",The commenter expresses frustration and annoyance ('driving me crazy') indicating a negative emotional response to the song's unfamiliarity.,Neutral
Positive,"WHY IS IT cozy, cute, romantic, warm and catchy at the same time?????",The comment expresses enthusiastic positive feelings about the music video's qualities.,Positive
Positive,"the song is so deep, it kind of resonates with my long love story, where I always be the sidekicks in a relationship..","The commenter expresses a personal connection and positive feelings about the song's impact, indicating a favorable sentiment.",Positive
Positive,Its like billie is falling deeper into the zone. ifykyk,"The comment expresses admiration and enthusiasm for the artist's performance, indicating a positive sentiment.",Neutral
Positive,Amazing song her vocals feels me like i m in a heaven😭😭♥️♥️♥️,The user expresses strong positive feelings using enthusiastic language and emojis indicating delight.,Positive
Positive,"I get emotional to this song, i would want this song in me and my husband's renewal of vows q","The commenter expresses a strong emotional response and a desire to use the song in a significant personal event, indicating a positive feeling.",Positive
Positive,This song is for every emotion,"The comment expresses a broad positive feeling about the song, indicating it resonates with a wide range of emotions.",Positive
Positive,ramadan 2025… warm lyrics.. beautifully composed❤❤,The use of heart emojis and phrases like 'warm lyrics' and 'beautifully composed' indicates a positive reaction to the music video.,Positive
Positive,"Anyone else hearing ""Bound For The Floor"" by Local H in her chorus? Pretty neat",The commenter expresses a positive opinion by noting the song is ‘pretty neat’ and acknowledging its presence in the video.,Neutral
Positive,I loved the lyrics ❤,The use of 'loved' and the heart emoji clearly indicate a positive sentiment towards the music video.,Positive
Positive,"I love this song so much, its like i can let out all my emotions over and over and over again. This song helps me ALOT its my favorite for life","The commenter expresses strong positive feelings through enthusiastic language ('love', 'helps me a lot', 'favorite for life').",Positive
Positive,Sounds like chord progression from GM’s “ Last Christmas.” Very catchy.,"The commenter expresses a positive opinion by describing the music as 'very catchy,' indicating enjoyment.",Neutral
Positive,"Goosebumps, touched by the sound of her voice, you can feel all of her emotions, it's the song of the year for me !!","The commenter expresses strong positive feelings about the song and the artist's performance, using enthusiastic language like 'goosebumps' and 'touching'.",Positive
Positive,No one can replace Billie voice and her emotions to the lyrics ❤underrated artist of this new era.,"The comment expresses admiration for Billie's voice and emotional delivery, indicating a positive sentiment.",Positive
Neutral,"U know that this song has the same chord progression of Last Christmas, right?","The comment simply points out a musical similarity, expressing an observation without overtly positive or negative emotion.",Neutral
Positive,Who else gets a goonies vibes to this ?,"The comment expresses a positive association with the music video, referencing a nostalgic and enjoyable film (The Goonies).",Neutral
Positive,I hear ' LAST CHRISTMAS ' 's  vibe in this song🎉🎉🎉🎉,The frequent use of celebratory emojis indicates a positive reaction to the song's vibe.,Positive
Positive,Suena como la vocalista de The Cranberries,"The comment expresses a positive comparison to a well-regarded artist, suggesting a favorable opinion of the music video.",Neutral
Positive,"Wow this Song is so beautiful, I honor every verse of it! 🎶🎧❤","The user expresses admiration and appreciation for the song, indicating a positive sentiment.",Positive
Positive,I listen to this song everyday as I like the rhythm❤🎉,"The user expresses enjoyment and a habitual listening pattern, indicating a positive sentiment.",Positive
Negative,"San Juan, please listen to my heart. What once beats for you, now aches for you. The minute you wanted distance brought panic to my core. And now my mind and heart is scattered all over the place. I'm a mess, I was desperate, and I became toxic. My actions may cause you doubt with how stressful it may seem. But do know my intentions were genuine. I'm too stupid to understand what you wanted. I was afraid- I'm always afraid of losing you. And like a cornered rat, I desperately did everything I know in order to keep you. Which made you further distance yourself. My heart still beats for you, and it aches at how far you distanced yourself. I don't know what to do anymore, so now I pray to your saint, Saint Juan. So please let him have a listen to my heart's genuine intentions.","The comment expresses feelings of heartbreak, desperation, and regret, indicating a strongly negative emotional state.",Neutral
Positive,this song gives me Ariana Grande vibe🤭but can't deny the fact that how soothing and ethereal her voice is 🥺,"The comment expresses admiration for the song's similarity to Ariana Grande and describes her voice as 'soothing and ethereal,' indicating a positive reaction.",Neutral
Positive,Vibe anos 80 que amo! Saudades desse tipo de música 🥰🥰🥰🥰,"The user expresses strong positive feelings with repeated emojis, indicating they love the 80s vibe.",Positive
Positive,For some reason I always thought Sabrina Carpenter sung this song. Beautiful voice and lyrics ❤,"The commenter expresses a positive opinion by praising the singer’s voice and liking the lyrics, indicated by the heart emoji.",Positive
Positive,She ATE when she wrote this song it is such A GREAT mix of emotions❤❤❤🎉🎉😊,"The use of enthusiastic emojis and positive language (e.g., 'ATE', 'GREAT') indicates a highly favorable sentiment.",Positive
Positive,Good lyrics 👍,The use of a thumbs-up emoji indicates approval and a positive sentiment towards the music video's lyrics.,Positive
Negative,"My best friend's younger sister passed away two months ago and this song was played during her funeral. Everytime I hear this song, I remember them. The first time I heard this song and the time I heard this song played during her funeral was too different. I couldn't listen to this song the same when I heard it for the first time. I get too sad and emotional. I could see her in my mind. I could see old memories of the joyful interactions of my best friend (her older sister) and her in my mind and I get sad knowing that it will never happen again. It's all different now. It felt too different now. This song hits too hard now.","The comment expresses deep sadness, emotional distress, and a painful recollection of loss, indicating a negative sentiment.",Neutral
Positive,This is really catchy.,The commenter expresses enjoyment and appreciation of the music video's catchiness.,Positive
Positive,My man is snoring right now. I love him very much! He is the light to my darkness and the beating to my pure heart. Thanks Billie ❤️,"The comment expresses deep affection and admiration for the artist, indicating a positive sentiment.",Positive
Positive,the only song that can make you nostalgic 😭,The use of the crying emoji (😭) and phrase 'make you nostalgic' strongly indicates a positive emotional response.,Positive
Positive,This expressed the exact feelings and emotions I was experiencing in 2022! ❤,The commenter expresses a strong positive connection and validation of their personal experience.,Positive
Positive,"Billie Eilish? More like Billie Brilliant, am I right? This text is a mere snippet of the musical genius that is Eilish. I was all... what, captivated? Mesmerized? Enchanted by her sultry vocals and cutting-edge style. This is a text that demands a mic drop, not a mere rewrite.","The commenter uses enthusiastic language like 'Billie Brilliant,' 'musical genius,' and 'captivated,' indicating a positive sentiment towards the artist and her work.",Positive
Positive,jully vibes,The comment 'jully vibes' expresses a positive feeling and enthusiastic approval.,Neutral
Positive,Tbh at first I didn’t like this song then I listened to the lyrics,"The commenter indicates an initial dislike that was overcome by appreciating the lyrics, suggesting a positive shift in their opinion.",Neutral
Positive,I can literally feel this songz. It's so emotional & comforting,"The commenter expresses strong positive feelings about the song, describing it as 'emotional' and 'comforting'.",Positive
Positive,birds of feATHER I LOVE IS VERY BEATHIFUL,"The commenter uses positive language ('LOVE', 'BEATHIFUL') expressing enjoyment of the music video.",Positive
Neutral,How is this Billie Ellish? Is the rest of her stuff adult contemporary?,"The comment expresses a question about the music's style, lacking explicit positive or negative emotion.",Neutral
Neutral,Maybe in another universe,The comment expresses a simple observation with no explicit positive or negative emotion conveyed.,Neutral
Positive,To actually learn the words is even more powerful! Wowwww!❤,The exclamation points and heart emoji clearly indicate enthusiastic approval of the video's educational content.,Positive
Positive,I cant believe how much this song gets me so freaking emotional 😢,The exclamation and use of 'emotional' indicate a strong positive reaction to the song.,Positive
Positive,"one of my favs, her lyricism is unreal and the voice!!!! i did remix it and would love some feedback, its on a more upbeat poppy beat. under my Billie playlist :) or my most recent video, uploaded today","The commenter expresses enthusiasm for the song and video, using phrases like 'one of my favs' and 'her lyricism is unreal', indicating a positive feeling.",Positive
Positive,The last 20s I could put on a loop …big vibe,The commenter expresses a positive feeling using the word 'vibe' and indicates enjoyment of the song's repetition.,Positive
Negative,There is no god in the universe Religion is a fraud Don't ask God to worship Buddha Rely on yourself in everything,"The comment expresses strong disbelief and criticism of religion, indicating a negative sentiment.",Neutral
Positive,Guys I love the beating Ur the best Billie elishe I wish I could see u,The comment expresses clear adoration and appreciation for the artist and their music.,Positive
Positive,2:01-2:02 her background vocals were so crispy and light🥹🥹😌,The use of emojis (🥹🥹😌) and positive descriptors like 'crispy and light' indicate a delighted and favorable reaction to the music video.,Positive
Neutral,So emotions in a song 🎵 🎧 📖0:26,The comment expresses a general observation about the song's emotional content without expressing a positive or negative opinion.,Neutral
Positive,😢my eyes full with water right now listening this song it’s a mix emotion it bring back my pass and make me think of my future here just saying love ain’t for me at all,The commenter expresses a strong emotional response – 'water full of eyes' – indicating a positive and moving experience with the song.,Positive
Positive,Passion fruit type beat?,"The commenter expresses approval of the music video's style using the phrase 'type beat,' suggesting they enjoy it.",Neutral
Positive,"Reminds me of croatian singer Gibonni and Oliver Dragojević's song  ""U ljubav vjere nemam"", the rhythm is the same.","The comment expresses a positive comparison to a well-regarded Croatian song, indicating enjoyment and appreciation.",Neutral
Positive,Her songs make me bawl so hard 😭🥹 Like she rips the emotions right out of me. The lyrics & sweetness of her voice. I think about our loved ones we've lost thus far but also about when I cross over. Dark but entrancing.,The commenter expresses overwhelming positive emotion and appreciation for the music's ability to evoke strong feelings.,Positive
Positive,Cuts deep!,"The exclamation point and phrase 'cuts deep' suggests a strong, positive emotional response to the music video.",Neutral
Positive,Not a song but an emotion.....❤,The use of a heart emoji indicates a feeling of positive emotion and appreciation for the video's impact.,Positive
Positive,"The beat reminds me of C418 or minecraft or something, it's so nostalgic.","The commenter expresses a feeling of nostalgia and positive association with the music, indicating a favorable opinion.",Neutral
Positive,My girl can capture a emotion an literally put it into a song more just a artist song writer singer legit,The commenter expresses admiration and praise for the artist's ability to evoke emotion through their music.,Positive
Positive,1:00  my moms ringtone 🥲,The use of the emoji '🥲' indicates a feeling of fondness and positive emotion.,Positive
Positive,"This song makes me think about my girl friend every time I listen to it and I always say in me,""till the day🥺"" Billie always has good vibes 4 me ❤","The commenter expresses fondness for the song and the artist, indicating a positive emotional response.",Positive
Positive,"Great song..i was so stuck to remember which track comes to mind after these euphoric nostalgic melodies...Pretty close idea to Celine's Dion- thats the way it is,thank me later :D","The commenter expresses enjoyment and a positive connection with the music, using enthusiastic language and a thankful sentiment.",Positive
Positive,Her vocal really fits to (G)idle- I do instrument,The commenter expresses a positive opinion about the singer's voice and its suitability for the song.,Positive
Negative,"My crush since i was a kid is getting married,he doesn’t even know i love him because I never confessed and this song sort of remind me of him “i knew you in another life,you have the same look in your eyes”,just like the day we first met.Maybe he fell in love with me that day in another universe.I don’t think i can love anyone as much as I’ve loved him.Farewell my moon.Maybe in another universe ,I’m the one who married you,my sugarcane.","The comment expresses deep, unrequited love and sadness, indicating a negative emotional state.",Positive
Neutral,"This beat reminds me a lot of a song, if anyone remembers, write which one below","The comment expresses curiosity and a recollection, lacking explicit positive or negative emotion.",Neutral
Positive,The way i liked this song by suddenly and by accident why I'm scrolling reels is the vibe and chill cozy.,"The commenter expresses a positive reaction, describing the song as 'vibe and chill cozy'.",Positive
Positive,this songs hits deeper ❤,The use of the heart emoji and phrase 'hits deeper' indicates a positive emotional response to the song.,Positive
Positive,"This song gives a lot of emotions and admires all tastes depressed , lonely, sad, who lives a love story, who lost his beloved, friendship, sadness, nostalgia, joy and happiness you hear in the car in a cafe in a club and you are going to sleep suitable for every situation and in all cases you will cry 😢😢😢 she should get a grammy ❤❤","The comment expresses admiration and evokes strong emotions, indicating a positive response to the music video.",Positive
Negative,"Why do i hear so much static? Its annoying. At first i thought was this put into the song on purpose? Then the 2nd song started and it sounded shitty too. Not her voice, that's perfection.","The comment expresses annoyance and criticism regarding the audio quality and a subsequent song, indicating a negative sentiment.",Negative
Negative,I'm sorry Billie but the lyrics are not accurate for you to sing along 😭,The use of '😭' emoji and the statement about inaccurate lyrics indicate a disappointed and critical sentiment.,Negative
Positive,Learning the lyrics for my bestie,The comment expresses a positive sentiment by describing a connection with a,Positive
Positive,This Billie eilash fella sings really good. Catchy tune 👍,The comment expresses positive feelings about the singer and the music through positive language and a thumbs-up emoji.,Positive
Positive,"Knowing how long it take to make this, let's savor the moment every lyrics of this masterpiece. 😊❤","The use of emojis (😊❤) and enthusiastic language (""masterpiece"") clearly indicate a positive sentiment towards the music video.",Positive
Positive,Powerful lyrics. Damn.,The use of 'Powerful' and 'Damn' expresses strong appreciation for the music video's content.,Positive
Positive,This song means so deep im so impressive nice love it♥️♥️♥️🇲🇾,The user expresses strong positive feelings about the song and uses emojis to reinforce their enthusiasm.,Positive
Positive,"I normaly listen to michael jackson, stevie wonder snd whitney housten but this song is sooooooo fckn catchy",The commenter uses enthusiastic language ('sooooooo fckn catchy') indicating a positive reaction to the song.,Positive
Positive,The Sundays vibes,"The comment expresses a positive association with the music video by referencing 'The Sundays,' a well-regarded band.",Neutral
Positive,I'll give you someone special special... It just works in the chorus...,"The commenter expresses enjoyment and approval of a specific part of the song, indicating a positive sentiment.",Positive
Positive,Liar... you know that we will go together beyond death. I'm full of shit but all those parts of you in me are light. I wish the one for me would be just like you at the roots. Thank you for everything although I have not seen all of the effects of all of your love for me. I know you mean it. And I hope I get the chance to prove that you were right.,"The comment expresses gratitude and hope, indicating a positive emotional response to the music video and its impact.",Neutral
Positive,I didn't think titanic song could be beat but this is close,"The commenter expresses a positive reaction by stating the video is 'close' to matching the quality of the original song, indicating enjoyment.",Neutral
Positive,The chorus is obviously “Last Christmas” from wham 😂,The commenter's use of 'obviously' and the reference to Wham suggests amusement and enjoyment of the video's similarity to the song.,Neutral
Positive,"This production ... the lyrics, the beat, the emotion, the music ... Between this, chris brown and teddy swims ... Dang, great music, great talent.","The comment expresses enthusiastic praise for the music video's production and talent, indicating a positive sentiment.",Positive
Neutral,I cant describe how mixed emotions that this song has. i listen to this lkke happy and sad idk,"The comment expresses a confused mixture of happy and sad feelings, indicating neither a strongly positive nor negative sentiment.",Neutral
Positive,It gives LAST CHRISTMAS I GAVE YOU MY HEART vibes,"The comment expresses a positive association with the song and video, referencing a well-regarded comparison.",Neutral
Positive,I sing this to my kids all the time (2 and 5 yrs old) this song never fails to make me emotional. Those are my babies til the day that I die ❤😢,The commenter expresses strong positive emotions and a deep personal connection to the song.,Positive
Positive,Idk what but this song is so catchy and so soothing!,"The commenter expresses enjoyment and describes the song as 'catchy' and 'soothing', indicating a positive emotional response.",Positive
Negative,NEVER SHOW ME A ANYONE IN THIS CURRENT MONTH AND YEAR COMMENT ITS ON EVERY FUCKING SONG ON YOUTUBE ITS THE MOST ANNOYING COMMENT YEAH WE LISTEN TO OLD MUSIC WE DONT NEED A NEW COMMENT FOR EACH MONTH OF EACH YEAR LIKE HOW IS THAT THE TOP COMMENT EVERY SONG I LISTEN TO LIKE  NO ON CARES,The comment expresses frustration and annoyance with the repetitive and excessive nature of the top comment.,Negative
Neutral,Skype Ringtone?,The comment is simply a question and doesn't express any particular emotional tone about the music video.,Neutral
Positive,"This is the most beautiful sounding song . Puts  me in a good mood. Then when you read the lyrics it's like fuck kinda dark. But ok, I'm hooked.","Despite acknowledging a darker lyrical interpretation, the commenter ultimately expresses enjoyment and a feeling of being 'hooked' by the song.",Neutral
Negative,You call this singing?  She need some vocal training.,"The comment expresses criticism of the singer's vocal performance, indicating a negative sentiment.",Negative
Neutral,"very nice voice and melody, really great... but the lyrics are not good (makes no sense)","The comment expresses both positive praise for the vocals and melody alongside a critical opinion about the lyrics, creating a mixed sentiment.",Neutral
Negative,I think my partner is going to break up with me soon and this song just triggers something in me that hurts me deeply. I don't know what I'll do without them,"The comment expresses feelings of sadness, anxiety, and fear about a potential relationship breakup, indicating a negative sentiment.",Negative
Positive,"This composition follows a simple OGWT ""tin pan alley chord progression""  - Dmaj7.....Bm7......Em7 .......A7.....(or a 1 - 6 - 2 - 5 chord progression) which is why it's so catchy and hypnotic. Similarly, sometimes the alternative format of 6 - 2 - 5 - 1 has a similar melodic structure.",The commenter uses positive adjectives like 'catchy' and 'hypnotic' to describe the music's effect.,Positive
Positive,I am liking of the Lyrics Videos Musics for to study English. Nice. This song is good for to study music and arranjes for Guitar Acustics.,The commenter expresses positive feelings by stating they are 'liking' the videos and that the song is 'good'.,Positive
Negative,Why are the lyrics of your songs so morbid?,"The commenter expresses disapproval and finds the lyrics 'morbid,' indicating a negative sentiment.",Neutral
Positive,"She was so robbed from that Grammy! Hands down best, deepest song ever ❤❤❤","The use of heart emojis and the phrase 'best, deepest song' clearly indicates a positive sentiment towards the music video.",Positive
Negative,The lyrics to this song are SO convoluted. Switching from one end to the next. How chaotic. Exactly like a situationship and limerence. Get out of the limerence people.,"The commenter uses negative language ('convoluted', 'chaotic') and expresses a critical opinion about the song's complexity and the described emotional state.",Neutral
Positive,"Hi guys, recently I uploaded on my chanel how you can play on Piano that melody, if someone is interested, you can check. Thanks.","The comment expresses gratitude and encourages viewers to check out the channel, indicating a positive interaction.",Neutral
Positive,This sounds so childish and nostalgic (the music). I miss my childhood..,The commenter expresses a fondness for the music and evokes positive memories of childhood.,Neutral
Positive,Kinda makes me emotional.,The phrase 'makes me emotional' indicates a positive emotional response to the music video.,Positive
Positive,I am quite late to the party but that song is unreal. Credit to Billie but mad respect to Finneas. This guy is a genuis. I mean they both are. Just watched that video how they made that song and the time and effort they poured into it. This song brings out all sort of emotions and memories - both good and bad ones.,"The comment expresses admiration and appreciation for the song and the artists involved, highlighting positive emotions and effort.",Positive
Positive,Fantastic vocals and vocal arraignment.,The comment expresses enthusiastic praise for the vocals and vocal arrangement.,Positive
Positive,"The truth is that I never liked her music. But Birth of a Feather, the musical composition, the lyrics and the great voice of this girl have defeated me. What a great talent. I fell in love with her.","Despite initial dislike, the commenter expresses admiration for the artist's talent and ultimately falls in love with their music, indicating a positive sentiment.",Positive
Positive,"People describing billies singing style as ""whispering"" not acknowledging how many vocal layers her songs have. Production and vocal work is crazy","The comment expresses admiration for the production and vocal work, highlighting a positive aspect of the singer's style.",Neutral
Positive,The chorus ❤,The use of the heart emoji indicates a positive feeling towards the music video's chorus.,Positive
Positive,I love the rhythmmmm,The exclamation and repetition of 'rhythmmmm' clearly expresses enthusiastic enjoyment of the music video.,Positive
Positive,Diggin' the Major 7 Chords. Very 1970's.,The commenter expresses enjoyment and appreciation for the musical style (Major 7 Chords and 1970s vibe).,Positive
Positive,My friend and co-worker introduced me to the song and it's so beautiful reminds me of the 90s with a little bit of MGMT. Lyrics are beautiful,"The comment expresses a positive feeling about the song and its nostalgic qualities, using words like 'beautiful' and 'reminds me'",Positive
Positive,"The beat is so perfect, and her singing and the lyrics everything is just amazing 👏","The comment expresses enthusiastic praise for the music video's elements, indicating a positive sentiment.",Positive
Positive,Am i the only one thinking this got that 80's vibe?,"The commenter expresses a positive association with the music video, referencing a desirable '80s vibe.",Neutral
Positive,"If you dig this melody, check ""Nothing is keeping you here"" by old good ""a-ha""","The commenter expresses enjoyment and recommends the song, indicating a positive sentiment.",Positive
Neutral,"The beat at the end is from another song, but I can’t figure it out! HELP!","The comment expresses curiosity and a request for information, without expressing a positive or negative opinion about the video itself.",Neutral
Negative,I don't like these lyrics at the beginning,"The comment expresses dislike for the lyrics, indicating a negative sentiment.",Negative
Positive,This beat reminds me of a Gorillaz song,The comment expresses a positive association with a well-regarded musical artist and their music.,Neutral
Positive,My college set it as a ringtone,"The comment indicates a positive preference, as using a song as a ringtone suggests enjoyment and a desire to frequently listen to it.",Neutral
Positive,Has that leona lewis bleeding love vibes,"The commenter expresses a positive association with the music video, comparing it favorably to Leona Lewis's 'Bleeding Love'.",Positive
Positive,I love this song but does anyone else think the old man on YouTube sang it better maybe not sang it better but I like the acoustic slow beat more,The commenter expresses a positive feeling ('I love this song') and indicates a preference for the song's beat.,Neutral
Negative,makes me miss someone who was so important to me but my stupid emotions made me push them away,"The comment expresses sadness and regret, indicating a negative emotional state due to a difficult relationship.",Neutral
Positive,"Amazing song, tone, lyrics, and placements.  Works for musical montage, fitness, dance, daydream, inspiration, driving, and relaxation.  Perfect and Beautiful.  Timeless.","The commenter expresses enthusiastic praise for the song's various aspects and declares it 'Perfect and Beautiful,' indicating a strongly positive sentiment.",Positive
Neutral,This is such a beautiful song but I will say (and kill me if you want) but it does seem like the music overpowers the vocals at times.,"The comment expresses both positive praise for the song's beauty and a critical observation about the vocal balance, indicating a mixed and therefore neutral sentiment.",Neutral
Positive,Who feeling the vibe???👇🏻,The question 'Who feeling the vibe???' suggests enjoyment and positive reception of the music video.,Neutral
Positive,I genuinely think the music/ melody to these lyrics is genius!,The commenter expresses strong admiration and positive assessment of the music and melody.,Positive
Positive,I can see her being lifted by a chorus of angels to a reunion with some long dead lover for whom she’s never lost the flame in her heart.,"The comment expresses a hopeful and romantic vision, indicating a positive emotional response to the music video.",Positive
Positive,beat is so tuff,The commenter uses the positive adjective 'tuff' to describe the beat.,Positive
