﻿classificacao,comentario,justificativa,sentimento_manual
Positive,the switching between the deep voice and “high” voice is very addicting-,The commenter expresses a feeling of enjoyment and fascination (,Neutral
Positive,"I'm almost 31, Charlie just turned 32 and that is a big reason I've become a fan today because the vibes of her brat album definitely give me those myspace era days  vibes and she gets it. Got it down packed 😭I just love the retro aspect of her and actually being able to feel like you're reliving that era is nice.",The commenter expresses strong positive feelings about the music video and its nostalgic 'myspace era' vibes.,Positive
Positive,WHY AM i BLUSHING SO MUCH FROM HEARING BILLIE'S VERSE 😳😳 THIS GOT ME VICARIOUSLY YEARNING 😫,The user expresses overwhelming positive feelings – blushing and yearning – in response to the music video.,Positive
Negative,THEYRE LITERALLY TALKING TO EACH OTHER BUT IN LYRICS FORM IS CRAZZZY😫,The use of 'crazzy' and the exasperated emoji suggest frustration and a negative reaction to the music video's concept.,Positive
Positive,"It’s not a religion, cure for world hunger or peace, just a catchy rhythm accompanied by two female artists at the top of their game. Enjoy it for that folks",The comment expresses enjoyment and appreciation for the music’s quality and performance.,Positive
Positive,"Like ik im late and everything u jus wanna say that the fact i know they are singing about really dirty things the song is such a vibe😭😭😭 like im literally vibing to the part ""i have to GUESS the colour of your underwear..."" 😭","The user expresses enthusiastic enjoyment and positive feelings ('such a vibe', 'literally vibing') towards the music video and song.",Positive
Positive,This beat goes craaaaaazyyy,The enthusiastic use of 'craaaaazy' indicates excitement and a positive reaction to the music.,Positive
Positive,Unpopular opinion: Billies verse is my favorite.,"The commenter explicitly states a positive preference for Billie's verse, indicating a favorable sentiment.",Neutral
Positive,"1:36 that synth in the drop is fkin nasty, daaaamn, I love it","The commenter uses enthusiastic language ('fkin nasty', 'daaaamn', 'I love it') indicating a positive reaction to the music.",Positive
Negative,JoJo needs to take notes,The comment expresses criticism and dissatisfaction with JoJo's performance.,Neutral
Negative,"Lord knows how this got to be ""Song of the Year"" at The Brit Awards. I can't anticipate anybody singing it two or three years from now. Shouldn't endurance still be a test of a song's quality? Even a brief look at the lyrics shows how shallow and self-indulgent ""Guess"" is.  And before anybody has a go at me, I freely admit that I am probably an old fuddy duddy and don't know what I am talking about. I am cool with that.",The comment expresses strong disapproval of the song's selection and describes its lyrics as 'shallow and self-indulgent'.,Negative
Positive,That technological melody hits🎉🎉,The use of emojis (🎉🎉) and the phrase 'hits' strongly indicate a positive emotional response to the music video.,Positive
Positive,Literally here after seeing Taylor vibe to this song in the grammys,The commenter expresses enthusiastic enjoyment and admiration for Taylor Swift's performance.,Positive
Positive,Im obsessed how she’s walking in on beat at the beginning,The commenter expresses admiration and enthusiasm for the music video's visuals and rhythm.,Positive
Positive,this song is like weird and catchy at the same time,"The comment expresses a favorable opinion, describing the song as 'weird and catchy' which are generally positive qualities.",Neutral
Positive,0:38 WHY IS IT SO CATCHY😭✋,The use of 'catchy' and the emoji express enthusiastic enjoyment of the song.,Positive
Positive,I feel like everyones talking about Billie BUT CHARLI'S VERSE WAS AS GOOD!!! I MIGHT EVEN LIKE IT BETTER,"The commenter expresses strong positive feelings, highlighting a preference for the song's verse over Billie Eilish's song.",Positive
Positive,0:59 the beat drop when billie comes in is soo catchy omg,"The commenter uses enthusiastic language like 'soo catchy' and 'omg,' indicating a positive reaction to the music video.",Positive
Negative,possibly the worst song ever?,"The comment expresses a strongly negative opinion, explicitly stating the song is",Negative
Positive,"The mixing work is impressive, with the spatialization of voices through panning (best experienced with headphones: the panning makes Charlie and Billie talk in each ear and move from one to the other) and the evolution of basses that play with the tension.","The commenter expresses admiration for the mixing work, describing it as impressive and skillfully executed.",Positive
Negative,Absolutely awful,The use of 'absolutely awful' clearly expresses a strongly negative opinion about the music video.,Negative
Positive,Honestly if ima be fr it’s really not that bad I feel like people are kinda overreacting about it like yea the lyrics are talking about sex stuff but like a LOT of music artists talk about it to and it’s really not that bad😭😂,"The commenter expresses a positive opinion, stating it's 'really not that bad' and using emojis conveying amusement and approval.",Neutral
Positive,"The visuals on her music videos are so tough, completely different vibe to just listening to it","The commenter expresses a positive opinion by describing the visuals as 'tough' and noting a distinct, appealing 'vibe'.",Neutral
Negative,"One of the worst songs I've ever listened to, who ever wrote these lyrics needs to be made to listen to this song over and over again until they are forced to delete it from history. (And congratulations on Charlie xcx getting the world record for worst singing ever before heard in a music video!)","The comment expresses strong disapproval and criticism of the song and its artist's vocals, clearly indicating a negative sentiment.",Negative
Positive,Why do i feel billie is laughing to death from inside but tries not to show it from the lyrics 😂😂😂,"The comment expresses amusement and a lighthearted interpretation of the song's lyrics, indicating a positive reaction.",Neutral
Negative,"If this is music and ""lyrics"", sign me out.  B.S.",The comment uses derogatory language ('B.S.') and expresses dissatisfaction with the video.,Negative
Positive,"BIG VIBES of Daft Punk - Technologic, very similar",The commenter expresses enthusiasm with 'big vibes' and a comparison indicating enjoyment of the video.,Positive
Negative,Looked this up to see who beat out the Cure from 40yrs ago on the recent Brit Awards. 😲 how disappointing. Oh well. The box has  been checked. Life goes on.,"The commenter expresses disappointment after watching the video, indicating a negative reaction to the performance compared to The Cure.",Negative
Positive,"cool music, has a cyberpunk vibe.",The commenter expresses a positive opinion using words like 'cool' and describes a desirable aesthetic ('cyberpunk vibe').,Positive
Positive,Im so glad Charli xcx is still making music! This might be a constraversial opinion but she shouldve blown up first before Iggy....As far as i know Charli is a lot less problematic than Iggy but Iggy did put out some good beats tho!,"The commenter expresses gladness about Charli XCX's music and acknowledges Iggy's good beats, indicating overall positive sentiment despite a contrasting opinion.",Positive
Negative,1:00 the way Billie sings it’s kind of creepy lol especially with those lyrics,The comment expresses a negative reaction (,Neutral
Negative,Sorry but this is crap. Both the music and the lyrics are crap. 👎👎,The comment expresses strong disapproval and uses negative language ('crap') indicating a negative sentiment.,Negative
Positive,BRO WHEN BILLIE COMES IN ITS SO GOOD WITH THE SOUND AND BEAT OH MY GOSHH IAM DYINGGGGG❤❤😍😍,The user expresses enthusiastic enjoyment and excitement about the music video with numerous positive emojis.,Positive
Negative,worst song ive ever heard in an add,The comment expresses strong dissatisfaction with the song and its placement in an advertisement.,Negative
Positive,Idk why but the way she dances to the beat itches my brain just right,The commenter expresses a positive feeling – that the dancing,Positive
Positive,Technologic (Daft Punk) vibes 🔥,The use of a fire emoji and reference to Daft Punk's 'Technologic' clearly indicates a positive appreciation for the music video.,Positive
Positive,That really had a great 2010's vibe. Great stuff!,The commenter expresses positive feelings about the music video's style and quality using enthusiastic language.,Positive
Positive,Obsessed with the silly playful sexy vibes in this video. We need more!!,"The commenter uses enthusiastic language ('obsessed,' 'playful,' 'sexy') indicating a highly positive reaction to the video.",Positive
Negative,This is awful 😆,The use of 'awful' combined with the emoji indicates a strongly negative sentiment towards the music video.,Negative
Neutral,I wonder what the pitch was like for this song,"This comment expresses curiosity about a technical aspect of the song, lacking explicit positive or negative emotion.",Neutral
Neutral,Not my vibe but ok,The comment expresses a lack of personal preference but doesn't convey any explicit negative feelings.,Neutral
Negative,HELP I'M SORRY BUT THE LYRICS AREN'T IT 😭,The use of '😭' and the phrase 'aren't it' indicates frustration and dissatisfaction with the video's lyrics.,Negative
Negative,Absolutely crap song and lyrics a joke surely.,"The comment uses strongly negative language (crap, joke) expressing a clear dislike of the song and its lyrics.",Negative
Positive,Best beat and melody so perfect,The commenter expresses enthusiastic approval of the music video's beat and melody.,Positive
Neutral,Unpopular opinion-but the only good part of this song is the sampled preview of Billie’s verse 😶,The comment expresses a subjective preference but doesn't convey strong positive or negative emotion regarding the entire song.,Neutral
Negative,i cant believe it only goes for 2 minutes 40. This is the WORST break up ive ever had,The comment expresses extreme dissatisfaction and uses strongly negative language ('WORST') regarding the music video's length.,Negative
Positive,Billie giving that slim shady going to the emmies vibes,"The comment playfully compares Billie to Eminem, implying admiration and a positive association with his style.",Neutral
Positive,"for those, 1:37 is the partto vibe to 😍",The use of the heart-eyes emoji indicates a positive emotional response to a specific part of the video.,Positive
Positive,Deliciously trashy but classy and humourous. The track is positively a catchy bass grinder. A totally bitchin' duo.,"The comment uses enthusiastic language like 'deliciously trashy,' 'catchy bass grinder,' and 'bitchin'' indicating a positive enjoyment of the music video.",Positive
Positive,I CANT EXPLAIN IT BUT BILLE HERE GIVES ME HUGE CARL GALLAGHER VIBES,"The comment uses a nostalgic and complimentary comparison, indicating a positive feeling towards the artist and the music video.",Neutral
Positive,Essa música tem muito a vibe de 2012~2014,The commenter expresses a positive feeling about the music's style and atmosphere referencing a nostalgic and appealing era.,Neutral
Negative,"This is quite possibly the worst song I’ve ever heard in my life. Not only is the music terrible, the lyrics are completely lacking any substance whatsoever. 🤢",The comment expresses strong dissatisfaction and uses negative descriptors like 'worst' and 'terrible' to indicate a negative sentiment.,Negative
Positive,This is the best lyrics they could come up with???!!!! 😂,The use of 'best' and the laughing emoji indicate a positive reaction to the lyrics.,Negative
Negative,This might be the worst thing I've ever seen or heard.,The comment expresses a strong negative opinion and explicitly states a negative experience.,Negative
Positive,Billie's verse is sexy af. 🥵,The comment expresses strong positive admiration for Billie's vocal performance using the slang 'sexy af'.,Positive
Negative,The worst song of the year could have been better if the lyrics weren't so vulgar and bad.,The comment expresses disappointment and criticism of the song's quality and lyrics.,Negative
Negative,These are literally the worst lyrics I have ever heard for a song... And people love it...,"The comment expresses strong disapproval with the phrase 'worst lyrics ever heard,' indicating a negative sentiment.",Negative
Negative,You wanna guess the color of my underwear (finish the lyrics),"The comment is sexually suggestive and potentially offensive, indicating a negative sentiment.",Neutral
Neutral,Who’s dropping the lyrics,This comment expresses curiosity about the lyrics but doesn't convey any explicit positive or negative emotion.,Neutral
Negative,"No soul, no melody, no real instruments, nothing good about this. It's just bad and trashy.","The comment uses strongly negative terms like 'bad' and 'trashy', clearly expressing dissatisfaction with the music video.",Negative
Negative,"As a longtime fan (since 2014) I was extremely excited seeing Charli finally getting her flowers after decade+ of hard (and exceptional) work... the very day this song came out on the deluxe I was sending it to my friends, all elated that we got such a gem as an additional gift to already flawless body of music. I liked all of the remixes and was overall fascinated about how good of a rollout this era had. Unfortunately, this particular remix along with all of the excessive draining the brat trends in social made me stop listening to the album completely. Unnecessary, distasteful lesbian references from Billie along with her exceedingly forced what-is-supposed-to-be-sexy tone made the song unlistenable to me. It is such a shame that promotion of explicit, unnatural behavior in song widely used for shorts/tik tok dances mainly consumed by young teenagers is met with reception totally devoid of any criticism. To be clear - I very much like both of the ladies' music and I have no problem with people's sexual preferences, I just stand in opposition to widespread promotion of these ideas to kids. Also, sometimes less is more and this is the proof.","The comment expresses disappointment and criticism regarding the song's themes and promotion, outweighing any initial excitement or positive feelings.",Negative
Negative,"Me gusta, Pero siento que a sus canciones les hace falta más contraste entre la tonalidad de las estrofas y los coros, y un mejor gancho. Que haga más fácil de recordar la canción. I like it, but I feel like their songs need more contrast between the tonality of the verses and choruses, and a better hook that would make the song easier to remember.","The comment expresses a critique of the music's structure and impact, indicating a negative sentiment.",Neutral
Negative,Vocal fry gone mad. One you recognize it you realize this isn’t singing.,"The comment uses negative language ('gone mad,' 'isn't singing') to express a critical opinion of the vocal performance.",Negative
Positive,Daft punk inspired chorus,The comment expresses a positive appreciation for the video's musical style.,Neutral
Positive,This song is such a vibe,"The comment expresses enthusiasm and enjoyment of the song, indicating a positive sentiment.",Positive
Negative,It sounds good but it's worst then lunch,"The comment expresses dissatisfaction with the music video, using the comparative phrase 'worst then lunch' to indicate a very negative opinion.",Neutral
Positive,1:37 I dance to this beat until dawn,The commenter expresses enjoyment and active engagement with the music by stating they 'dance to this beat until dawn'.,Positive
Negative,this is without a doubt one of the worst songs ever made.  actually makes womens underwear seem cringy.,"The comment expresses strong disapproval and uses derogatory language, indicating a negative sentiment towards the music video.",Negative
Negative,Todays music is pretty bad it this is a hit. Wheres the melody? The good singing voice? Anyone can sing this,"The comment expresses dissatisfaction with the music's quality and melody, using phrases like 'pretty bad' and 'wheres the melody?'",Negative
Negative,"This is not ORIGINAL 🤮, this is Daft Punk and Busta rhythm",The use of the,Negative
Negative,Why the beat sound like main theme of the sims 2 Nightlife,"The comment expresses a critical opinion about the music’s similarity to a specific, potentially disliked, song.",Neutral
Negative,All the people loving this beat I guess never heard of Daft Punk 🤷,"The comment expresses skepticism and a dismissive attitude towards the popularity of the music, implying a negative judgment.",Neutral
Negative,and no offense but the english are the mostgod awful rapacious national there is,"The comment expresses strong disapproval and uses derogatory language ('awful', 'rapacious') indicating a negative sentiment towards the music video and, likely, its creators.",Negative
Positive,These lyrics just make sense for Billie,The comment expresses a positive opinion about the lyrics aligning with Billie's style and artistic expression.,Positive
Negative,"The lyrics is inspired by the women who say ""kis colour ke chaddi phene ho""....😂😂","The comment uses vulgar language and a suggestive reference, indicating a negative and potentially offensive reaction.",Neutral
Positive,This video gives such I’m A Slave 4 U vibes. I feel this’ll go down as this generation version of that. I love it,"The commenter expresses a positive comparison to a classic song, stating they 'love it'.",Positive
Negative,"HORRIBLE!!! Computer Not music, and stupid lyrics","The comment uses strong negative language ('HORRIBLE', 'stupid') expressing dissatisfaction with the music video.",Neutral
Positive,This banger is catchy AF 👍,The use of 'banger' and the thumbs-up emoji clearly indicate a positive feeling towards the music video.,Positive
Positive,"no one mentioning how nostalgic this song is because of the ""technologic"" catchy sample??",The comment expresses a positive feeling about the song's nostalgic quality due to the,Positive
Positive,The rythm gives me vibes of Daft Punk Technologic,"The commenter expresses a positive feeling, comparing the rhythm to a well-regarded artist and song.",Neutral
Positive,Billie laughing before her verse has me in a headlock,The commenter uses enthusiastic language ('headlock') indicating a positive reaction to Billie's laughter.,Neutral
Positive,Billie's whole verse is living in my head rent free!!,"The commenter expresses enthusiastic enjoyment and fixation with Billie's performance, indicating a positive sentiment.",Positive
Negative,"Billie eilish' vocals are really perfect for this, sheesh, best feature since R.Kelly did what he wanted with Lady Gaga's song, there","The comment references a controversial past action of R. Kelly, suggesting a negative opinion and potentially discomforting association.",Positive
Negative,Very underwhelming generic rehash,The comment expresses disappointment and criticism of the music video as 'underwhelming' and 'generic',Neutral
Negative,"Lmaooo it took five people to write this? This is so bad it’s not even funny anymore. I’m deeply concerned for people who fall for this. I think people are confusing this for music because it reminds them of music. This is very depressing, societal collapse seems imminent when I hear noises like these.","The comment expresses strong disapproval and anxiety, using phrases like 'so bad it’s not even funny' and 'societal collapse seems imminent.'",Neutral
Positive,GIVING VIBES💋😳☺️,"The use of emojis like 💋, 😳, and ☺️ clearly indicates a positive emotional response to the music video.",Positive
Positive,Skins vibes,"The comment expresses a positive association with the music video, referencing a well-regarded aesthetic.",Neutral
Positive,"My mom is in the car with me and she’s listening this song😢😢😅 she’s ukrainian so she doesn’t know the translation,she put this song only for the hard beat in the car 😅😅","The user expresses enjoyment and fondness for the song, indicated by emojis and the description of their mother's positive reaction.",Positive
Negative,"The awful lyrics ruined this song's chance to even be remotely good, its literally unlistenable.",The comment expresses strong disapproval and uses negative descriptors like 'awful' and 'unlistenable'.,Negative
Positive,"The lyrics/beat during certain parts give me Daft Punk ""Technologic"" vibes!","The comment expresses a positive comparison to a well-regarded song, indicating enjoyment.",Neutral
Negative,"La rolita esta chida pero de un tempo para acá los videos musicales ya no entretienen ni poquito, les falta creatividad","The commenter expresses disappointment and a lack of entertainment, indicating a negative sentiment towards the music videos.",Negative
Positive,I honestly missed the 2010s music  vibe it’s fire idc,"The commenter uses enthusiastic language like 'fire' and 'idc' (I don’t care), indicating a positive reaction to the music video.",Positive
Negative,Jesus this is just awful,The use of 'awful' clearly expresses a strongly negative feeling about the music video.,Negative
Positive,Not a Charli fan (or even a billie one) but this lowkey ate even drowned in autotune,"Despite disliking the featured artists, the commenter expresses enjoyment of the music video, using phrases like 'ate' and 'even drowned in autotune' to indicate satisfaction.",Neutral
Positive,Billie's voice on this beat is freaking  awesome❤ such a hit 🔥 and I turned fan of Charli xcx bcs of Billie when I saw this music video with the 2 of them❤,"The comment expresses strong positive feelings about Billie's voice and the collaboration, using enthusiastic emojis and phrases like 'awesome' and 'hit'.",Positive
Neutral,Don't agree with the lyrics but- I do it with the music.,"The commenter expresses a lack of agreement with the lyrics but still enjoys the music, indicating a mixed, rather than strongly positive or negative, reaction.",Neutral
Positive,Geiler Beat 😁👍,The use of 'Geiler Beat' (amazing beat) and emojis indicates a positive reaction to the music video.,Positive
Positive,That beat drop thou,The enthusiastic use of 'thou' and the reference to a 'beat drop' indicates excitement and positive feeling about the music.,Positive
Negative,This is fucking awful. Big yikes,"The comment uses strong, negative language ('fucking awful', 'big yikes') expressing a clearly unfavorable opinion of the music video.",Negative
Negative,Dumbest song I've ever listened to.  The beat sounds like shit.,"The comment expresses clear dissatisfaction with the song and its sound quality, indicating a negative sentiment.",Negative
Positive,Get kid Cudi to do your beats on the whole album it should work! Superbowl halftime,"The commenter expresses enthusiasm and a suggestion for collaboration, indicating a positive reaction to the music.",Neutral
Neutral,It need a 3rd verse with Melanie Martinez,"This comment expresses a suggestion for improvement, lacking explicit positive or negative emotion about the music video itself.",Neutral
Positive,This song gives the vibe🤘🤟🔥🔥🔥🔥🔥,The use of fire emojis and the phrase 'gives the vibe' clearly indicates a positive reaction to the music video.,Positive
Positive,"0:33 love heer, totally waiter vibes","The commenter expresses positive feelings towards the music video, using the term 'love' and describing a 'waiter vibe'.",Positive
Positive,This song is the reason I'm following omg I've never been sooooo intrigued with a video and the lyrics. Amazing!!!!! This is the song I'll have on repeat ❤,"The commenter expresses enthusiastic enjoyment and a desire to listen repeatedly, indicating a positive sentiment.",Positive
Positive,This is a fucking vibe and a half,The enthusiastic use of 'vibe' and the emphatic 'a half' indicate a strong positive feeling about the music video.,Positive
Positive,Vibe,The word 'vibe' expresses a positive feeling and appreciation for the music video's atmosphere.,Neutral
Positive,"OMGGGGGGGGG I CANT HEAR IT EVERYDAY, cause the beat make me overheat my heart📈📈",The enthusiastic use of 'OMGGGGGGGGG' and the description of the beat as making the user 'overheat' indicates a very positive emotional response.,Positive
Positive,Never thought I’d hear such a dirty song with such a dirty beat with GOOGLE DRIVE in the lyrics 😂😂😂😂😂😂😂,The excessive use of laughter emojis indicates amusement and a positive reaction to the song's content.,Neutral
Positive,Love that Billie hit that technologic beat in there,The commenter expresses enthusiastic appreciation for a specific musical element of the video.,Positive
Positive,This song give me victoria secrets vibe 🎉,The use of '🎉' and the comparison to a popular and generally positive brand (Victoria's Secret) indicates a positive reaction to the song.,Positive
Negative,"This is awful, I miss when sophie was making her music. This entire genre died with Sophie","The comment expresses strong dissatisfaction with the music and a lament about the genre's decline, indicating a negative sentiment.",Negative
Negative,Possibly the worst song ever made. My ears are bleeding,"The comment expresses strong dissatisfaction and pain ('ears are bleeding'), indicating a negative sentiment.",Negative
Negative,"Pop has certainly moved on from The Beatles' ""I wanna hold your hand""...😮",The use of '😮' and the dismissive statement suggest a critical or disapproving view of the current state of pop music compared to a classic.,Neutral
Positive,What a beat😼💥,The use of emojis like 😼 and 💥 clearly indicates enthusiastic enjoyment of the music video.,Positive
Positive,"Definitely inspired by ""i broke my arm"" by SNL ft. Emma Stone","The comment expresses admiration and a connection to another popular song, indicating a positive sentiment.",Neutral
Positive,I’ve liked Charli ever since her song Fancy with Iggy. That collab with Iggy on Fancy really put Charli XCX on the map for a lot of people — catchy and full of attitude.,The commenter expresses enthusiastic appreciation for Charli XCX’s music and a positive reflection on her success.,Positive
Positive,why the fuck am i blushing hard when billie's verse came,"The comment expresses a strong, positive emotional reaction (blushing) associated with a specific part of the song, indicating enjoyment and appreciation.",Neutral
Negative,Ashnikko would have been a beater feature,"The comment expresses a negative opinion about Ashnikko's feature, using the word 'beater' to indicate poor quality.",Negative
Positive,"Wow have not heard Charlie Xcx's voice in a decade. Only know her from her hook in Iggy Azalea's ""Fancy"". She looks like a completely different person in this video. Would have never guessed that was the same girl in the hook from Iggy's Fancy video .Never bothered to listen to any of her music throughout all these years. Hell, I've heard Bart Baker's parody of Fancy with a dude impersonating Charlie in the hook more than I heard Charlie sing the actual hook lol So it's fitting how Fancy made me discover Iggy Azalea, Charlie Xcx, and Bart Baker all at the same time. Learned of this track by seeing a pretty female dancing in a video short, and she was dancing to this song. Than I just kept seeing girl after girl dancing to this song in video shorts without me even having to manually search for them. The interesting part of it is that they are all dancing to Billie Eilish's verse, and cut it off where you never hear Charlie whatsoever. I'm guessing Billie Eilish is far more popular than Charlie. This actually is the first time I heard Billie Eilish in a song. Been living under a rock I suppose. I just don't listen to music nearly as much as I did in the past. I really dig this song though. I could so picture this song playing in a cinematic scene of people doing ecstasy, and being extremely sexual with each other. It's a very sexualized type of song, but I'm so digging the vibe of it all. The vibe makes me think of Demi Lovato's 'Cool For The Summer'. I so loved that song when it came out. For some reason I get the vibe that this is the type of song Billie Eilish doesn't typically make. This song keeps sticking in my head along with Billie Eilish's provactive facial expressions. They both look like their under the influence of some drug that enhances sexual libido. The song subject manner makes it seem like their both on ecstasy, and so sexually open for any type of sexual stimulation. I don't know, that's just how I perceived this song and music video. Nonetheless, it's hot and sexy, and seems so hypnotic and addictive. I highly doubt many even blink an eye to the 11 age difference between Charlie and Billie. Charlie is 32 and Billie is 21. As long as one is of legal age, age becomes more and more of a non-factor when it comes to being prejudice towards a big age difference. A romantic/sexual relationship between a 33 year old and a 44 year old would not be very controversial at all. If this came out when Charlie was 21 and Billie was 10, it would disgusting, revolting, and have Charlie imprisoned if she had even the slightest sexual relationship with a 10 year old Charlie Xcx. Age is so controversial when one is underaged with one who is at least 18.","The commenter expresses a clear enjoyment of the song and its video, using positive language and describing the music as 'hot and sexy' and 'hypnotic and addictive'.",Neutral
Neutral,DIE ANTWOORD Beat-tracks Re-hash....  Inspired maybe?  Hmmm.......,"The comment expresses uncertainty and a slight suggestion of inspiration, lacking clear positive or negative emotion.",Neutral
Positive,Daft punk technologic vibes,The comment expresses a positive association with the music video by referencing the positive 'vibes' of Daft Punk's Technologic.,Neutral
Neutral,"Gaga, you wrote „aaaah” in lyrics and not „ohoohooohohohoooooooo” 🥸 I came not prepared","The comment expresses a minor observation and a slightly confused tone, lacking clear positive or negative emotion.",Neutral
Positive,"When Billie arrived, my heart fucking dropped. LIke girl, she made quite the entrance. Also, her verse was the best.",The commenter expresses strong positive emotion using phrases like 'heart fucking dropped' and 'best verse' indicating enthusiastic enjoyment.,Positive
Negative,Good music. Completely lame lyrics and video.,"The comment expresses disappointment with the lyrics and video, indicating a negative sentiment despite acknowledging the music itself.",Neutral
Positive,I love the beat❤,The use of 'love' and the heart emoji clearly indicates a positive sentiment towards the music video.,Positive
Negative,"Love the 2000's vibe, bugs me that half the clips aren't in time to the beat of the song 💀 we got people making videos for free with CapCut in better time than this one","The comment expresses frustration with the video's timing and quality, using negative language like 'bugs me' and 'not in time'.",Positive
Positive,gosh the 2nd verse hit really hard 🔥🔥🔥🔥🔥🔥🔥🔥,The use of fire emojis and exclamation points indicates strong enthusiasm and a positive reaction to the song's second verse.,Positive
Positive,Billie Eillish just crashed in with that sick deep bass,"The commenter uses enthusiastic language ('crashed in', 'sick') to express positive enjoyment of the music video.",Positive
Positive,SPAIN IS SUCH A VIBE,The phrase 'such a vibe' expresses a positive feeling about the music video and its atmosphere.,Neutral
Negative,Im sorry. This is the worst song ever.,The comment expresses strong dissatisfaction and uses negative language ('worst song ever').,Negative
Positive,A 40 something here and I love this collaboration! Fantastic edm vibes!,The commenter expresses clear enjoyment and enthusiasm for the collaboration and its music style.,Positive
Positive,Daft Punk vibes,"The comment expresses a positive association with the music video, referencing the well-regarded Daft Punk style.",Neutral
Negative,I’m scared to see if stone throws stuff on the stage when they perform this at a concert,"The comment expresses anxiety and a potential negative reaction to the performance, indicating a negative sentiment.",Negative
Positive,Lot of rehashed syntho sounds and stop check rhythm lyricism from the past 30 years are in this song. But DAMN! Gots me groovin! Not bad ladies. Not... bad... at... all.,"Despite acknowledging familiar elements, the commenter expresses enjoyment and a positive reaction to the song (",Neutral
Positive,This is the first time i ever focused on the lyrics,The comment expresses a positive experience by indicating a newfound appreciation for the song's lyrics.,Positive
Positive,"this music lyrics is so well made, omg, it has links everywhere",The exclamation and enthusiastic praise of the lyrics indicate a positive sentiment.,Positive
Positive,i recommend watching the video in 360p to feel the vibes that u traveled to the early 2010's where MTV played this song after midnight,The commenter expresses a positive recommendation and connects the viewing experience to a nostalgic and enjoyable aspect of the song's history.,Neutral
Negative,"Killer tune, shame the lyrics are so intensely lame.","While the commenter acknowledges a 'killer tune,' the strong negative descriptor 'intensely lame' dominates the overall sentiment.",Neutral
Positive,Ima feel nostalgic after 13 years ahhhh💅😭,The use of emojis like 'ahhhh' and '😭' alongside the word 'nostalgic' indicates a feeling of fondness and positive emotion.,Neutral
Positive,"The vid gives me such She Looks So Perfect vibes from 5sos 😂 just me? Okay, bye 😂","The comment expresses a positive comparison and uses a lighthearted, appreciative tone with emojis.",Neutral
Positive,"What a great piece of art-work! The drive, surprise and down-to-earth vibes which re arriving at me :)","The commenter expresses enthusiastic appreciation for the music video, using positive language like 'great' and 'arrive'",Positive
Positive,Billie Eilish is my best contemporary!,"The comment expresses a clear preference and admiration for the artist, indicating a positive sentiment.",Positive
Negative,Why we don't talk about that fucking lyrics?,"The use of strong, offensive language indicates a highly negative sentiment towards the song's lyrics.",Neutral
Negative,Stop stealing from underground American producers/artists.  It's shameful.  At least credit the people you steal rhyme schemes and beat from.,"The comment expresses strong disapproval and accuses the artist of unethical behavior, indicating a negative sentiment.",Negative
Negative,Fuckin annoying song very stupid not a fan at all,"The comment uses strong, insulting language ('fuckin,' 'stupid') and explicitly states a lack of enjoyment.",Negative
Negative,I love the beat but the lyrics are idiotic,The comment expresses a negative opinion by criticizing the lyrics as 'idiotic'.,Neutral
Positive,"Perfect for aspiring ambitious women, first I thought it was generic but great beat without vulgar language or behavior and classy women being a little wild sexy. In my opinion🎉","The comment expresses enthusiastic approval of the music video's themes and overall quality, indicated by the celebratory emoji and positive descriptors.",Positive
Negative,The lyrics are so sad that a tear rolled down my leg 😢,The use of 'sad' and the emoji indicate a negative emotional response to the music video.,Negative
Positive,SLAVE4U vibes 🥵 #britney,The comment expresses enthusiasm and a positive association with the music video and Britney Spears' style.,Positive
Positive,"I love how completely out of context the chorus was taken, and appealed to the masses on TikTok 🌈",The commenter expresses a positive feeling (,Positive
Positive,Reminds me of Kesha's song. Same horny vibe.,"The comment expresses a positive association with a well-known song and a desired feeling (horny), indicating enjoyment.",Neutral
Positive,Relax tempo,"The comment expresses a desire for a slower, more relaxing pace, indicating a positive reception of the music video's tempo.",Neutral
Positive,Nice beat,The comment expresses approval and appreciation for the music video's beat.,Positive
Positive,"Ngl, 2009 vibes","The comment expresses a nostalgic appreciation for the music from 2009, indicating a positive sentiment.",Neutral
Negative,yall are beating a dead horse..................................,"The comment expresses frustration and disagreement, indicating a negative sentiment towards the video and its discussion.",Negative
Neutral,It's the same beat as the song Wasapi,"The comment simply points out a similarity in rhythm, offering an observation rather than an explicit emotional reaction.",Neutral
Negative,One of the worst of 2024.  Devolution of talent & ideas.,"The comment expresses strong disapproval and uses negative language ('worst,' 'devolved') indicating a negative sentiment.",Negative
Positive,Anyone else getting the Dirty from Christina vibes in this?,"The comment expresses a positive association with Christina Aguilera’s song 'Dirty' and a feeling of recognition, indicating enjoyment.",Neutral
Neutral,"Guess?  I will only guess if I get my rules.  Because I'll be wrong.  Agree or disagree.  5.  4. That was quick.  God.  Did we even make it to the salad?  Okay, I'll guess but it won't work.  It'll be wrong.  I'm not throwing Diplo's underwear on there.  He has to throw it himself.  Oh, and Johnny Blue Skies.  I'm KEEPING Dove Cameron's underwear for myself and who would want what's his name's underwear?  Umm.  I say ""Use Me (Brutal Hearts).""  I know.  Wrong.  But it was a good guess.  AGAIN?  Fine.  Try...I found this one yesterday.  ""Driver's License"" By Olivia Rodrigo & ""Disease"" By Lady Gaga.  Last week, I think, there's ""Make You Mine"" By Madison Beer & ""STUPID feat. Yung Baby Tate"" By Ashnikko.  AS best I CAn teLl, ""15 Minutes"" By Madison Beer is also rolling with ""Pressure"" By Billy Joel.  It's a start.  My preamble is a wreck. I'm improving.  Oh, I had Serrano's with the moms today.  She got the kidney stones last week and I didn't hear about it until after the fact but she needed some help today and I'm off today so helped set up the new wifi and put things in the vehicle.  The grams died back in December so she's going back and forth dealing with stuff.  Yeah.  Woke up and...noticed Guess.  I don't know.  Day off.  Going back to day off.","The comment expresses a playful, somewhat rambling stream of consciousness with some positive and negative observations, but lacks a clear overall sentiment.",Neutral
Positive,"tja een Bromance met Zelensky is toch helemaal zo gek nog niet eigenlijk.. lekker potje ijshockeyen af en toe en ach zn engels wordt vast wel wat aantrekkelijker in de loop der tijd... daar moet je niet moeilijk over doen natuurlijk op mijn leeftijd is t ook wel een keertje mooi geweest zou je wijselijk denken en dan laat je meisjss voor w🎩 ze zijn en houd je op de koop toe je rug heel wie doet je w🎩 en kan ie meteen uit de doeken doen of ie nou een toneelstukje deed of niet... want man dan ja had ie trump stevig te pakken natuurlijk die ging er met boter en suiker in hopend op een ""miracle""...","The comment expresses admiration and a positive outlook on the situation, framing it as a 'lovely' and desirable scenario.",Negative
Positive,"Technologic by daft punk, same beat 🤯🤯🥵",The use of multiple emojis (🤯 and 🥵) indicates enthusiastic enjoyment of the song and its energy.,Neutral
Positive,"It’s bringing back vibes of old skool video clips, what a clip and track",The commenter expresses a positive feeling by describing the video as,Positive
Negative,is that what passes for singing these days? talking in a monotonous single tone?,"The comment expresses criticism and disapproval of the singer's vocal performance, indicating a negative sentiment.",Negative
Positive,Lê Serafim vibes,The comment expresses a positive association with the artist's style and presence.,Neutral
Positive,God this is such a melody😊,The use of emojis and phrases like 'God this is such a melody' clearly indicate a positive emotional response.,Positive
Positive,fuuuuuck such a dope entrance... and verse,The use of 'dope' indicates a positive reaction to the music video's entrance and verse.,Positive
Positive,"I think Rosé will earn a nomination for best new artist, and probably for Best pop vocal album with Rosie","The comment expresses confidence and optimism about Rosé's future success, indicating a positive sentiment.",Positive
Negative,Song lyrics really have gone to rubbish,"The comment expresses dissatisfaction with the song's lyrics, indicating a negative sentiment.",Negative
Positive,RAVE VIBESSSSS 🎚,The use of 'RAVE VIBESSSSS' and the audio symbol (🎚) clearly indicates a positive emotional response to the music video.,Positive
Positive,Luciana vibes back in 2010 ❤,The use of 'vibes' and the heart emoji indicate a positive reaction to the music video.,Positive
Positive,Awesome beat and Colab ❤,"The comment expresses enthusiasm with 'Awesome' and uses a heart emoji, indicating a positive feeling.",Positive
Positive,Charli looks so beatiful😮😮😮😮WAOOOOO,The excessive use of emojis (😮😮😮😮) indicates enthusiastic positive emotion.,Positive
Negative,Im getting old - im 50 and id rather hear Oasis/ Stone Roses any day over this ' music ' .....( watching Charli at Glastonbury and im not impressed  - simply being honest....,"The commenter expresses disappointment and a preference for other music, indicating a negative sentiment towards the video's music.",Negative
Positive,Skins promo videos vibes,The comment expresses a positive feeling about the 'vibes' of the Skins promo videos.,Neutral
Positive,Death becomes her vibes!!!,The exclamation and use of 'vibes' indicate a positive and enthusiastic reaction to the music video.,Neutral
Positive,i missed this rebel kesha vibe in pop music.,"The commenter expresses a positive feeling about the music video's resemblance to Rebel Kesha, indicating enjoyment.",Positive
Positive,Hmmm .wow .... I mean I like the beat a lot when Billy comes in the beginning and crashes into the wall tho hmm get girl,"The commenter expresses enjoyment of the beat and a specific moment in the video, indicating a positive feeling.",Neutral
Positive,What the hell did I just watch? I do like the beat.,"Despite initial frustration, the commenter expresses a liking for the music's beat, indicating a positive sentiment.",Neutral
Positive,i dont wanna guess because you can't be serious about this song ( jk i like the daft punk vibe ),"The commenter initially expresses doubt but then clarifies their enjoyment of the song's Daft Punk-inspired style, indicating a positive sentiment.",Neutral
Positive,I love charlie xcx and her overall vibe,The commenter expresses clear enthusiasm and affection for the artist and their style.,Positive
Positive,The MTV Music vibes are STRONG 😩☝🏽 AND I’M HERE FOR IT,The use of 'STRONG' and 'I’m here for it' clearly indicates enthusiastic approval of the music video.,Positive
Positive,THE WAY MY JAW DROPPED ABOUT THE LYRICS ESPECIALLY BILLIE’S PART OMG💀💀💀,The excessive use of 'OMG' and the exclamation regarding Billie's part clearly indicates enthusiastic excitement.,Positive
Positive,technologic vibes,The phrase 'technologic vibes' suggests a positive and energetic feeling associated with the music video.,Neutral
Positive,this party vibes is everything haha ❤,The use of 'everything' and the heart emoji clearly indicates a positive reaction to the music video.,Positive
Positive,Skins vibes,"The comment expresses a positive association with the music video, referencing a popular and generally favorable style (Skins).",Neutral
Positive,"lots of ""technologic"" by Daft punk vibes","The commenter expresses a positive association with the music video, referencing a well-regarded Daft Punk song and implying a similar stylistic quality.",Neutral
Negative,whelp...music used to have good lyrics,"The comment expresses disappointment with the current state of music lyrics, indicating a negative feeling.",Negative
Positive,Stone butch and femme les vibes,The comment expresses a positive appreciation for a specific aesthetic or style associated with the music video.,Neutral
Positive,Electroclash revival is not needed. Cue dozens of minimal synth lines with hypersexual lyrics.,"The comment expresses enthusiasm for 'minimal synth lines' and 'hypersexual lyrics', indicating a positive reaction to the music video's style.",Negative
Negative,The song without notes😅😅😅,The repetition of '😅😅😅' suggests a feeling of disappointment or frustration with the song.,Negative
Positive,"Daft Punk Technologic vibes! (In a really, reallt good way....)","The commenter expresses a positive opinion using enthusiastic language and emphasizes a 'really, really good way'.",Positive
Positive,The beat 🥳🥳,The use of emojis like '🥳🥳' indicates excitement and a positive feeling towards the music video's beat.,Positive
Positive,😅j'aime trop  set chanson 🎉🎉🎉🎉bonne anniverser🎉🎉🎉😊,The user expresses enjoyment with emojis and positive phrases like 'j'aime trop' and 'bonne anniversaire'.,Positive
Positive,it’s giving Death Becomes Her vibes i love it,"The commenter expresses enthusiasm by referencing a positive and acclaimed film, indicating a favorable opinion.",Positive
Positive,Love the beat,The comment expresses enthusiasm and enjoyment of the music video's beat.,Positive
Positive,I just realised that The Dare is in the background at the beginning and then she mentions “send it to The Dare I think he’s with it”. Lol. Honestly great marketing from her side with the whole “brat girl summer” vibe going on and with The Dare’s new song coming out.,The commenter expresses amusement and appreciation for the video's clever use of The Dare and its connection to the artist's marketing strategy.,Positive
Positive,Giving me Gaga Just Dance and Miley Party USA vibes,The comment expresses a positive association with popular and well-received music videos.,Neutral
Positive,The chorus sounds like Technologic 💀🤖,"The use of '💀🤖' (skull and robot emoji) suggests a playful and enthusiastic comparison, indicating a positive reaction to the music video.",Neutral
Positive,"this is absolute artistry .. music, lyrics, video.  i want to hear it a thousand times","The commenter expresses strong positive feelings about the music video, using phrases like 'absolute artistry' and stating a desire to listen repeatedly.",Positive
Negative,"Cringe dirty talk, music can be good without vulgar concepts and lyrics","The comment expresses distaste and criticism of the music video's content, indicating a negative sentiment.",Negative
Positive,"ngecek doang...... the lyrics lmao whats wrong with ma girls, did she get h or  just caus of the beat 😂. funy.","The comment expresses amusement and lighthearted enjoyment of the video and lyrics, indicating a positive reaction.",Negative
Positive,The lyrics are deadly but the song n collab is slay,The use of 'slay' indicates a strong positive opinion of the song and collaboration.,Neutral
Positive,It’s giving 2000s vibes and I’m here for it,"The comment expresses enthusiasm and enjoyment, using the popular",Positive
Positive,This beats and duo❤❤,The use of heart emojis indicates positive feelings towards the music video.,Positive
Positive,"Music is good, not artists and lyrics 😐","The comment expresses a positive opinion about the music itself while using a neutral emoji, suggesting overall satisfaction.",Neutral
Neutral,PitchBlack,"This comment appears to be a username or identifier, lacking any explicit emotional expression.",Neutral
Positive,I didn't know a song about underwear could sound so catchy.,"The commenter expresses a positive reaction to the song's catchiness, indicating enjoyment.",Positive
Positive,Giving me - Like AG6 vibe,"The comment expresses a positive association with the artist AG6, indicating enjoyment.",Neutral
Positive,This song slaps. Love the beat and also their voices just work so good together.,"The commenter uses enthusiastic language ('slaps', 'love') indicating a positive emotional response to the music video.",Positive
Negative,sounds like a rip off of technologic by daft punk during the chorus usues the same beat so not really original but a decent song,"The comment expresses criticism of the song's originality and similarity to Daft Punk's 'Technologic,' indicating a negative sentiment.",Negative
Negative,"This is unoriginal garbage , literally changing the lyrics to technologic with pervy stuff isnt ""art"" lol",The comment expresses strong disapproval and insults the video's content and creativity with harsh language.,Negative
Positive,Too deep,The comment expresses a positive appreciation for the depth of the music video's message or artistry.,Positive
Positive,Loveeeeee this it has an old school beat in the early days of like sandstorm and David Guetta,"The commenter expresses strong positive feelings about the music video, praising its resemblance to classic, well-regarded music.",Positive
Positive,Billie a genius using lyrics to shoot her shot 😂,The use of 'genius' and 'shoot her shot' suggests admiration and enthusiastic support for the music video and Billie's performance.,Neutral
Positive,What a delicious beat ❤,The use of 'delicious' and the heart emoji clearly indicate a positive sentiment towards the music video.,Positive
Positive,Who is going to do a Mr Oizo Flat beat remix?,"The commenter expresses a desire for a remix, indicating enthusiasm for the artist's music.",Neutral
Negative,"Acapella 🌚 no está en acapella, habría que quitarle el autotune también",The comment expresses dissatisfaction with the video's lack of an acapella version and suggests the use of autotune should be removed.,Negative
Positive,I’m getting Eric Andre vibes here,"The comment expresses a positive association with Eric Andre, indicating enjoyment of the video's style.",Neutral
Negative,"I love this song, but the quick chorus part sounds exactly like the bit from Technologic by Daft Punk :/",The comment expresses a negative opinion by comparing the song unfavourably to another track and implying it sounds copied.,Neutral
Positive,Daft Punk - Technologic vibes.,The commenter expresses a positive feeling and appreciation for the music video's style and atmosphere.,Neutral
Positive,Bloodhound Gang vibe,"The comment expresses a positive association by referencing a well-regarded artist, suggesting enjoyment.",Neutral
Negative,Awful,The word 'awful' expresses a strong negative opinion about the music video.,Negative
Negative,"bangin beat, they both sound good, but the ending 'you wanna guess if we're serious about this song'  . .  is cringe","The comment expresses discomfort and dislikes the ending, using the word 'cringe' to indicate a negative reaction.",Negative
Negative,I really like this song but I don't like about the underwear and stuff it's not giving the vibe,"The comment expresses dislike for the music video's aesthetic, specifically mentioning an unwanted element and a lack of the desired 'vibe'.",Neutral
Positive,The beat is the clock level from mario 64.,The comment expresses a positive association with a well-regarded song from Mario 64.,Neutral
Negative,That unibrow is awful,"The comment expresses a negative opinion of the unibrow, using the word 'awful'.",Negative
Positive,DAFT PUNK VIBES 🪬,The use of 'DAFT PUNK VIBES' indicates a positive appreciation for the music video's style and influence.,Positive
Negative,I usually like both of their music but this wasn't very good. I started laughing and I don't think that was they were going for. Decent beat.,"The commenter expresses disappointment and amusement, indicating a negative reaction to the music video despite acknowledging a decent beat.",Negative
Positive,This gives Alejandro vibes,"The comment expresses a positive association with the artist, Alejandro, suggesting a favorable opinion.",Neutral
Negative,I came here after listening to Stern... pretty dumb lyrics imho yet cash grab that pussy (yay?),"The comment expresses disappointment with the lyrics and criticizes the video as a 'cash grab,' indicating a negative sentiment despite the enthusiastic 'yay?'",Negative
Neutral,"bodyrox  yeah yeah yeah vibe, you yanks wont know","The comment expresses a simple affirmation ('yeah yeah yeah vibe') without any explicitly positive or negative sentiment, and includes a slightly dismissive remark about the audience.",Positive
Positive,The vibe is GOOD!!!,The exclamation point and the word 'good' clearly indicate a positive feeling about the music video's atmosphere.,Positive
Positive,Beatifull 😍😍😍,The use of heart emojis indicates strong positive feelings towards the music video.,Positive
Neutral,"The song is good, but the lyrics and the video😢","While acknowledging a positive song, the inclusion of a sad emoji suggests a negative emotional response to the lyrics or video content.",Neutral
Positive,So glad they are getting the attention ❤vocals are insane,The use of the heart emoji and the statement that the vocals are 'insane' clearly indicate a positive reaction to the music video.,Positive
Negative,"The collab, the song, the lyrics (especially Billie's part, I was gaping hearing it for the first time bc it randomly played on my Spotify while in public lmao) are insane but the music video SUCKS, it could have been SO fire. Makes me even more mas as someone who'd dream of being a music video realisator",The comment expresses disappointment with the music video despite praising other aspects of the collaboration and song.,Positive
Positive,"Charli, Charli. OK. I need to send you some of my recent beats and we need to make a motherFKN banger like this! love this! 1 of only 2 things ive like in the last 15 songs ive listened to! The other was The Weekend.","The commenter expresses enthusiastic appreciation and excitement about the music video, using positive language and highlighting its quality alongside a well-known artist.",Positive
Neutral,The lyrics-,This comment is incomplete and lacks any expressed sentiment regarding the music video.,Neutral
Positive,I 🙏 she wins VMAs next week .. Every single song she releases makes me seriously 2nd guess wtf I'm doing n whom .. She's so sexy n her vibe is always so dope...Just sayin 😍🤩👑❤️💋🥰,The commenter expresses strong positive feelings through enthusiastic emojis and praise for the artist's music and appearance.,Positive
Positive,My love knows I'm definitely serious about this song. The lyrics has seduced a whole world. Hit of the year ❤,The enthusiastic expression of love and admiration for the song indicates a positive sentiment.,Positive
Negative,This is the worst song Billie has ever been in😭,The use of 'worst' and the crying emoji clearly indicate a negative sentiment towards the song.,Negative
Positive,This gives me 2009 vibes I like it ❤!,The use of 'like it' and the heart emoji clearly express a positive sentiment towards the music video.,Positive
Negative,"While receiving the award Charlie said it how it is, when songs like this go to the top, shows how stuff has gone down hill for lyrics and intellect for the majority :(","The comment expresses disappointment and criticism regarding the quality of music lyrics and intelligence, indicating a negative sentiment.",Negative
Negative,This is what happens when you sell your soul to the corporate media overlords and old pervy men write your lyrics for you. Complete trash.,"The comment expresses strong disapproval and uses derogatory language, indicating a negative sentiment towards the music video and its creators.",Negative
Positive,Rosé is giving Gwen S. vibes in this MV and I couldn't love it anymore,The comment expresses a positive feeling by comparing Rosé to Gwen Stefani and stating they couldn't love it more.,Positive
Positive,whiplash by aespa vibes!!,The exclamation point and use of 'vibes' indicate enthusiastic enjoyment of the music video.,Positive
Positive,This is so catchy,The use of 'so catchy' indicates a positive feeling about the music video.,Positive
Positive,Technologic- Daft punk vibes ✨️,The use of '✨️' and referencing 'Daft Punk vibes' indicates a strong positive reaction to the music video.,Positive
Positive,I’m a gay man and I love these vibes! Billie!!,The commenter expresses enthusiastic enjoyment and admiration for the music video and artist.,Positive
Positive,Getting Daft Punk vibes from this one,"The comment expresses a positive association with the music video, referencing a well-regarded artist and expressing enjoyment.",Positive
Positive,ove how Billie replies to Charli in her verse and it‘s like they are t,"The comment expresses admiration for Billie's response to Charli, indicating a positive sentiment.",Positive
Negative,"Promoting a song with sexualized lyrics about women's underwear while advocating against domestic violence can appear contradictory, as the former may undermine the message of respect and dignity essential to combating the latter. Also the  ""BRAT"" word - It's important to focus on language that respects and empowers individuals rather than diminishes them. we can find a better word then BRAT... Bloody Rat",The comment expresses concern and criticism regarding the song's lyrics and their potential to undermine anti-domestic violence efforts.,Negative
Positive,Is it bad that I'm a dude and I know all the lyrics to this song? lol. LESS GO BILLIE!,"The commenter expresses enthusiastic support for the artist and enjoys the song, indicating a positive sentiment.",Positive
Negative,as an older person seeing what young people like to hear and the story line of underwear as the lyrics to this video. My honest reaction to this video is ewwww,The commenter expresses a disgusted reaction ('ewwww') to the video's content and theme.,Negative
Positive,The you wanna Guess it for being serious In this song I go through every emotion,The commenter expresses a positive reaction to the song's emotional depth and relatability.,Neutral
Positive,M to the b kinda beat,The comment expresses a positive opinion of the song's rhythm and flow.,Neutral
Positive,We need an extended version with another verse the beat is too good the songs just too good to finish 😢xxxx,"The comment expresses strong enthusiasm and appreciation for the music, using positive language and an emoji to convey excitement.",Positive
Neutral,this is hot obvi but why did she think the dares sounds were so unique to make him produce this track? like this is deep tech minimalism at its core,"The comment expresses both positive (describing the music as 'hot') and critical observations about the track's production, resulting in a mixed and therefore neutral sentiment.",Neutral
Positive,Omg this is such a banger.. when the beat drops after “Charli call me if you’re with it” is everything🙌🏻,"The commenter uses enthusiastic language like 'banger' and expresses excitement with 'everything', indicating a positive reaction.",Positive
Positive,The substance vibes,The phrase 'substance vibes' suggests a positive and enjoyable feeling about the music video's content.,Neutral
Negative,This is the worst song of all time,The comment explicitly expresses a negative opinion of the song using the phrase 'worst song of all time'.,Negative
Negative,I feel srry for billie bc of that one guy off TikTok who tried painting billie as some pred bc of the lyrics of this song as if it’s not about underwear,"The comment expresses sadness and concern for Billie Eilish, coupled with a critical opinion about a misleading interpretation of the song's meaning.",Negative
Positive,Not Billie coming in with the hardest verse and a chuckle knowing she about to put us all throughhhh it 😂❤️,"The use of emojis like 😂 and ❤️, combined with the enthusiastic description, clearly indicates a positive sentiment regarding the music video.",Positive
Negative,charlie and billie make awful music. contributed to the death and crime of no original thoughts,The comment expresses strong disapproval of the music and suggests it's associated with negative events.,Negative
Positive,So damn catchy,The use of 'so damn catchy' expresses a strong positive feeling about the music video.,Positive
Positive,Nice and safe lyrics (no sarcasm),The comment expresses a positive opinion about the lyrics being 'nice and safe'.,Neutral
Neutral,Lyrics in hindi:Kiss colour ke chhadi pahne ko?,"The comment simply asks a question about lyrics, without expressing any particular emotion or opinion.",Neutral
Positive,Love this song great video so catchy fun song,The commenter expresses enthusiastic approval and enjoyment of the song and video.,Positive
Positive,The first part lyrics  WAS WILD ASF,The use of 'WAS WILD ASF' indicates strong excitement and approval of the music video's initial segment.,Positive
Positive,"Beat needs realigning slightly with the vocals in the beginning, but everything after the drop is beautiful!! Awesome work🫶🫶 So cool to hear ST in another great genre!","The comment expresses overall positive feelings, praising the",Positive
Positive,This is my mffff vibeeee,The enthusiastic use of 'vibeeee' and the personal declaration 'my' strongly suggest a positive feeling towards the music video.,Neutral
Positive,Billie's giving young princess nokia vibes,"The comment expresses a positive association, comparing Billie to a beloved and admired character (Nokia).",Neutral
Positive,"Love the 2016-2018 carefree, sweet but not overly cute vibes, we need more of this vibes from the girls!",The commenter expresses a clear fondness for the video's atmosphere and desires more of it.,Positive
Positive,"UM IS THE GIRL FROM 360, AKA WAITER VIBES IN THE PARTY SCENE AROUND 0:30-0:40!? 🤯","The commenter expresses excitement and recognition, indicating a positive reaction to the video and a specific element within it.",Neutral
Positive,This gives me peaches vibes so hot!,The comment uses enthusiastic language ('hot!') and a positive association ('peaches vibes') indicating a favorable opinion of the music video.,Positive
Positive,Anyone else getting tatu vibes? 😍😍🥵🥵,The excessive use of heart emojis indicates strong positive feelings and admiration for the music video.,Positive
Positive,JAMES WTF I NVR KNEW UR VOCALS CAN REACH THE GALAXYS U DID AMAZING BABE,The comment expresses enthusiastic praise and admiration for the vocalist's performance.,Positive
Positive,I'm really in love with this sonnggg it's such a vibeee🔥🔥🔥🔥,The user expresses strong positive feelings with enthusiastic language and emojis.,Positive
Positive,Okkaaaaayyyyyy 💅🏼lovin’ the vibesssss💖💖💖,The use of emojis like 'lovin’' and multiple heart emojis indicates enthusiastic enjoyment of the music video.,Positive
Positive,Charlie is beatiful ❤,The use of the heart emoji and the adjective 'beautiful' clearly indicates a positive sentiment towards Charlie.,Positive
Negative,The worst song i have ever heard,The comment expresses strong dissatisfaction and a negative opinion of the song.,Negative
Positive,Anyone else get major Skins vibes from this? Like Effy vibes and the music video reminds me of the house parties in that show,"The commenter expresses a positive association with the music video, referencing a well-regarded show and a character they admire.",Neutral
Positive,Billie single handedly saved this song and probably Charlie’s career because the rest of this album is awful,The comment expresses a positive sentiment by highlighting Billie’s positive impact and suggesting a benefit for Charlie’s career.,Negative
Positive,This is such a vibe,The phrase 'such a vibe' expresses a feeling of enjoyment and positivity towards the music video.,Positive
Negative,Sick tune Shame lyrics could be better too gender bending for the younger generation how can it be cool to be gay today!!x,"The comment expresses disapproval of the lyrics and a critical, potentially judgmental, reaction to the video's themes.",Negative
Negative,I hate this song it's always playing on spotify ads and it's annoying asf,The comment expresses strong dislike and annoyance with the song's repeated appearance in advertisements.,Negative
Positive,The beat is amazing!!! Can't get over Yseult 's verse,The exclamation points and enthusiastic praise of Yseult's verse indicate a clearly positive sentiment.,Positive
Negative,Why is this giving the same vibe as the big bad wolf music video 😭😭,The use of 'big bad wolf' and the repeated use of crying emojis suggests a negative reaction to the video's similarities.,Neutral
Positive,Good vibes,The comment expresses a feeling of positivity and enjoyment.,Positive
Negative,"Uma merda essa musica, o clip. Nada tem sentido, uma batida sem ritmo e frases que não fazem sentido co m nada. Não há o que apreciar nessa música, só tempo perdido. Não recomendo.","The comment expresses frustration and criticism, using negative language like 'nada tem sentido' and 'não recomendo'.",Negative
Positive,"This song has a rush vibe Troye Sivan, i loved❤",The use of the heart emoji and the phrase 'i loved' clearly indicates a positive sentiment towards the music video.,Positive
Positive,Daft Punk's Technologic vibes,The comment expresses a positive appreciation for the music video's similarity to Daft Punk's music.,Neutral
Negative,The songs epic but the lyrics scar me for life,The use of 'scar me for life' indicates a deeply negative emotional response to the lyrics.,Neutral
Positive,PERFECT!!!!!!!!! AMAZING GIVIND MTV 2000 vibes,"The user expresses strong positive feelings using repeated exclamation points and references to a nostalgic, positive musical era.",Positive
Negative,Bro the lyrics 😭,The use of '😭' (crying emoji) indicates a feeling of sadness or distress associated with the lyrics.,Neutral
Positive,This autoplayed after listening to Paul McCartney's Temporary Secretary and you know what? Exactly.,"The commenter expresses agreement and approval, indicating a positive reaction to the music video.",Positive
Negative,bad guy vibe,The phrase 'bad guy vibe' expresses a negative association with the music video's atmosphere or style.,Neutral
Positive,"me: ""This is such a banger! wait..."" *realizes the lyrics*",The exclamation 'This is such a banger!' indicates strong positive enthusiasm for the music video.,Neutral
Positive,"Omg this gives me like 2007, 2008 trashy vibes and I love it there needs to be more songs like this","The commenter expresses enjoyment of the nostalgic 'trashy vibes,' indicating a positive feeling towards the music video.",Positive
