﻿classificacao,comentario,justificativa,sentimento_manual
Positive,This music video has got an unbelivable 2000s vibe. I love everything about it.,"The user explicitly states they 'love everything about it,' indicating a positive feeling.",Positive
Positive,"All of this is a master piece:the beat,the voice, and her. Just a master piece","The commenter expresses strong admiration and praise for the music video, using terms like 'masterpiece' and highlighting positive elements.",Positive
Positive,"Dua Lipa has such a beautiful strong voice.  Love her richness on her low, high and falsetto notes",The comment expresses admiration and appreciation for Dua Lipa's vocal talent and performance.,Positive
Positive,"I am just loving the progression in just the instrumentals alone, the story being told in her acting and the lyrics is sooo goood","The commenter expresses strong positive feelings regarding the music video's instrumental, acting, and lyrics.",Positive
Positive,"This is April 2025 & this song of DUA LIPA continues to be exceedingly electrifying, enormously exciting, exceptionally elegant and exquisitely expressive. Her singing is singularly soulful, spellbinding, superb, sincere, sweet and simply spectacular. ❤❤❤❤❤❤",The comment uses overwhelmingly positive adjectives and emojis to express strong admiration for the artist and her music.,Positive
Positive,It's amazing how only she can beat herself everytime❤,The use of the heart emoji and the phrase 'only she can beat herself' indicates a positive and admiring sentiment towards the artist.,Positive
Positive,"I don’t listen to Dua Lipa typically, but after hearing Kevin Parker was producing this record I couldn’t help but listen. What a perfect match of vocals and production with so much depth! Can’t wait to hear the rest of the record!!!!","The commenter expresses enthusiastic approval and excitement about the music and production, indicating a positive sentiment.",Positive
Positive,Truly amazing artist. Brought the vibes from 2000s to 2024 and mixed it  with new melodies .,The comment expresses strong positive feelings about the artist and the music's blend of styles.,Positive
Positive,"I insist in the perfect production of the Dua Lipa sonsgs. Everything fits perfectly, either a piano, a synth, vocal harmonies....together with a catchy melody",The commenter expresses strong approval and admiration for the music video's production and arrangement.,Positive
Positive,"I love Dua Lipa's music more than anyone else out there. Some tunes have a 70's vibe, which I love.",The commenter expresses strong positive feelings ('love') and explicitly states they enjoy a specific element of the music video's style.,Positive
Positive,"So much 70s and 80s dance beats to this and most of her catalogue, and bringing back the disco era.",The commenter expresses enthusiastic appreciation for the music video's style and its connection to iconic dance eras.,Positive
Positive,2:50min ABBA - Dancing Queen? Melody? 🎹🎹🎹🎹,"The commenter expresses enjoyment of the music and instrumentation, indicating a positive reaction to the video and song.",Neutral
Positive,"I'm a metalhead, but I always love everything what Dua does. We, from the part of Europe that has always been slapped by history, somehow we have a special taste in common.These are special emotions😉","The commenter expresses fondness for Dua's music and suggests a shared appreciation across cultures, indicating a positive sentiment.",Positive
Positive,"I'm 68 and I've been a music fan since the Beatles first appeared on Ed Sullivan in 1964. I've been Dua's fan since her first Graham Norton appearance in 2019?. People I'm telling you, if you never settle for just one genre of music, from any specific era, you'll never feel old. Great music is made every year and you have to just stay open to it. Dua is incredible and I'm so glad that I'm not missing out on her talent because of my age. Age bias is a terrible thing to give in to, don't let it happen to you.","The commenter expresses enthusiastic appreciation for Dua Lipa and her music, highlighting a positive experience and combating age-related bias.",Positive
Positive,Bridge hits chorus hits lyrics absolute masterpiece 🙌🏼 obsessed,The use of emojis and words like 'masterpiece' and 'obsessed' clearly indicate strong positive feelings about the music video.,Positive
Positive,Loving the Tame Impala vibes. Kevin should have Dua featured in his next album. ♥,"The commenter expresses enthusiastic approval and a suggestion for a desirable collaboration, indicating a positive sentiment.",Positive
Positive,This one song beats all of Taylor swifts songs for a mile ….,The commenter is expressing a strong preference and comparison in a clearly enthusiastic manner.,Positive
Positive,"Oh my God she has finally left the synth wave/funk behind, first song from her I add to my playlist since New Rules",The commenter expresses excitement and positive feelings about the artist's new direction and adds the song to their playlist.,Positive
Positive,the perfect single! that chorus just feels so good.,"The commenter expresses enthusiastic enjoyment of the song's chorus, indicating a positive sentiment.",Positive
Positive,"I likee, this is really a deep song, a deep topic. I´m feeling that way, I feel like this song  also describing the way I feel about my relationships.",The commenter expresses positive feelings about the song's depth and resonance with their personal experiences.,Positive
Positive,When that second chorus hits and the extra layers of vocal harmonies come in and they way they're layered with those tasty guitars oooo man! The mix on this song is really great. Can't wait for this new album.,"The commenter expresses enthusiastic enjoyment of the song's production and anticipation for the album, indicating a positive sentiment.",Positive
Positive,kevin going crazy with these songs!! fits so well with dua's vibe and voice,The comment expresses enthusiastic enjoyment of the music and the artist's performance.,Positive
Positive,"I like the beauty of Hollywood how dua lipa describes her relationships as simple ""training season"" however, Hollywood never had training things and seasons because creativity, beauty of pure nature, experimentations, heart breaks, and overall connection, community, and emotions waving out as waves poring life into the whole industry and the world cannot be moulded through ""training seasons"" ❤","The comment expresses admiration for the music video and its themes, using positive language like 'beauty' and 'waving out'",Positive
Positive,"Dua being iconic again, I m obsessed with her 90’ vibes can’t wait for her next tour 🤩","The commenter expresses adoration and excitement, indicating a positive feeling towards Dua Lipa and the music video.",Positive
Positive,Dua vocal is much better than Taylor Swift.,"The commenter explicitly states that Dua Lipa's vocals are 'much better,' indicating a positive opinion.",Positive
Positive,"This song is way too catchy, i'm so excited😊",The commenter expresses excitement and a positive reaction to the song's catchiness.,Positive
Positive,Stylish vibe w/ sweet musical flare as one can always expect from the master that is Dua Lipa!,"The comment expresses enthusiastic admiration for Dua Lipa and her music style, clearly indicating a positive sentiment.",Positive
Positive,It's giving Abba with those piano chords 👂🏽❤,The use of emojis and comparison to Abba indicates a positive reaction to the music video.,Positive
Positive,Training Season by Dua Lipa is melody excitement at its finest.  The humorous and imaginative way that Dua Lipa is portrayed in a hypnotic and alluring way is also part of the music video enchantment.,"The comment expresses strong positive feelings about the music video, using words like 'excitement,' 'enchantment,' and describing it as 'at its finest.'",Positive
Positive,Her an Calvin Harris NEED to make another song together it's time to go back to those EDM pop vibes,"The commenter expresses a desire for more music from these artists, indicating a positive sentiment towards their collaboration.",Positive
Positive,Amazing song. A little weird hearing her using high pitch but sounds amazing anyways. Saludos from Argentina DUA!,The comment expresses overall positive feelings about the song despite noting a minor stylistic preference.,Positive
Positive,She's so underrated..i love her lyrics so much❤,The use of 'love' and the heart emoji clearly indicate a positive sentiment towards the artist and her music.,Positive
Positive,besides the music...lyrics are actually relatable in some context like woah,"The comment expresses a positive opinion about the lyrics being 'relatable,' indicating enjoyment and a favorable feeling.",Neutral
Positive,This sounds powerful!,"The comment expresses enthusiastic approval of the music's sound, indicating a positive feeling.",Positive
Positive,The kind of song that the chorus plays endlessly in your head ❤,The use of the heart emoji and phrase 'endlessly in your head' indicates a strong positive association with the song.,Positive
Positive,Chorus is so catchy and cool,"The comment expresses enthusiastic approval of the chorus, indicating a positive sentiment.",Positive
Positive,Am I the only one who actually likes this music video? Pairing this upbeat song with such a simplistic video like this fits really well because it's not overstimulating.,The commenter expresses enjoyment and approval of the video's simplicity and the song's fit.,Positive
Positive,Wasn't sure about this song the first time i listened just because its got very different chords and structure than most pop but after a few listens i really like it just for that reason.,"The commenter expresses a change of opinion, ultimately stating they",Positive
Negative,The worst Dua’s musical video 💀,The use of 'worst' and the '💀' emoji clearly indicate a negative sentiment towards the music video.,Negative
Negative,"quite boring song, not catchy.... the video is also somithing strange. Before the songs were much better","The comment expresses dislike through terms like 'boring,' 'not catchy,' and 'strange,' indicating a negative sentiment.",Negative
Positive,90s movie vibe🎞,The comment expresses a positive appreciation for the video's nostalgic style.,Positive
Positive,They play this song once every 2 hours at work... Very catchy,The comment expresses a positive reaction to the song's catchiness and frequent play.,Positive
Positive,Ironically  the song sounds like a whirlpool. Musically and visually everything begins to spin and then stops in the chorus. What makes you feel like VERTIGO.🌪🌀🌀🌀,"The commenter uses the word 'vertigo' which evokes a strong, intense feeling, suggesting they enjoy the video's effect.",Neutral
Negative,I’m sick of 14 yr old girl lyrics,"The comment expresses frustration and disapproval regarding the song's lyrical content, indicating a negative sentiment.",Negative
Positive,"It's gonna be hard for this era to beat Future Nostalgia because FN is pure perfection, but I'm so ready for Radical Optimism!!","The commenter expresses excitement and admiration for the new music video, indicating a positive sentiment.",Neutral
Positive,Lyrics are on point ❤🇦🇷,The use of a heart emoji and the mention of the Argentine flag suggest a positive reaction to the music video and its lyrics.,Positive
Negative,"Her worst video /song. Hate her new basic look. No wonder she is in her flop era. Girl step it up, stop playing it safe!","The comment expresses strong dislike and criticism of the artist's recent work and appearance, using negative language like 'hate,' 'flop era,' and 'playing it safe'.",Negative
Positive,The chorus EASILY could have been an ABBA song.,"The comment expresses a positive comparison to a highly regarded musical artist, ABBA.",Neutral
Negative,This is her worst single,"The comment expresses a critical opinion, using the phrase 'worst single', indicating dissatisfaction.",Negative
Positive,..the chorus reminds me of Digital Farm Animal (Tokyo Night)...,"The commenter is explicitly comparing the music video's chorus to a well-regarded electronic music act, indicating a positive association.",Neutral
Positive,Why does this lady have such catchy songs,"The commenter expresses admiration for the singer's songs, indicating a positive sentiment.",Positive
Positive,Ariana grande and dua lipa are carrying pop genre. Two amazing music artists. No other female music artist can beat them,"The comment expresses enthusiastic praise for Ariana Grande and Dua Lipa, using positive adjectives and a superlative comparison.",Positive
Positive,Everyone song of her give different vibes ❤,The use of the heart emoji and the positive phrasing ('give different vibes') indicate a favorable opinion.,Positive
Positive,This song is really catchy,The use of 'really catchy' indicates a favorable and enthusiastic opinion of the song.,Positive
Positive,Giving a Monica Bellucci from Malena vibes,The comment expresses admiration and appreciation for a positive comparison to a well-regarded film and actress.,Neutral
Negative,Why does her voice sound pitched up compared to her live performances,"The comment expresses dissatisfaction with the audio quality, indicating a negative perception of the music video.",Negative
Positive,"THIS lyrics especially For WTF human YES THAT HUMAN 🎶Conversation overload, got me feeling vertigoooooooooooooooooooooooo🎶💯😎👍 Dua Lipaaaaaaaaaaaaaaaaaaaaaaaaaaaa is beautiful woman 💯😎👍","The comment expresses enthusiastic approval and admiration for the artist and the video's lyrics, using positive emojis and phrases.",Positive
Neutral,"Her lyrics are always kinda... the same? Like ""Oh, I need a rush of love, can you handle it, can you handle me, come on boy lalalala?"" Lol... yeah, it's a ""nice"" pop song... but is it really?","The comment expresses a mildly critical opinion with a somewhat dismissive tone, but doesn't contain overtly negative language.",Negative
Positive,Dua has the best melody's and beats i swear,"The commenter expresses enthusiastic admiration for Dua's music, using strong positive language like 'best' and 'i swear'.",Positive
Positive,"The whole lyrics hit me hard, love you Dua for this beautiful song ❤","The commenter expresses love and appreciation for the song and artist, indicating a positive sentiment.",Positive
Negative,Love this song but the video is awful. How do you give everything in Houdini and then sit and drink tea for 3 mins,The comment expresses disappointment with the video quality while acknowledging enjoyment of the song.,Neutral
Negative,FINALLY getting out of that annoying disco music phase with the same annoying back track 🎉,"The comment expresses annoyance and criticism of the music video's style, indicating a negative sentiment.",Negative
Negative,Cliche Pop song. Who here can name 5 pop songs literally...literally with this whole sound vibe feel and bpm? Nothing special. A Pop song from a white person vs a black country song just doesn't make sense. This song is so basic omg. If ur into music u couldn't think wow this is so new fresh Pop,"The comment expresses disappointment and criticism of the song's lack of originality and musical quality, using phrases like 'Nothing special' and 'so basic'.",Negative
Negative,"The chorus is ok, the video is boring and derivative.","The comment expresses criticism of the video's boredom and derivative nature, indicating a negative sentiment.",Neutral
Negative,I hope the worst thing I could expect in 2025,"The comment expresses a pessimistic outlook and a desire for something bad to happen, indicating a negative sentiment.",Negative
Positive,"Love the vibe of your new songs sooooo much!! Going through same times, can relate to every word. Your new songs give me so much energy & support every time I listen to them! Thank you for your art, Dua! Can't wait for a new album!❤‍🔥","The comment expresses enthusiastic appreciation for the music, relating to personal experiences and anticipating future releases.",Positive
Negative,The video could be more visualising and connected to the lyrics fantasy,"The comment expresses dissatisfaction with the video's lack of visual connection to the lyrics, indicating a negative opinion.",Negative
Positive,"This song gets better and better when you listen to it more. At first I didn’t really think much of it but now listening to the lyrics carefully and the melody, this song is very addicting now ❤I appreciate it more now","The commenter expresses a positive shift in their opinion of the song, describing it as 'very addicting' and expressing appreciation.",Positive
Positive,Good vibes,The comment expresses a positive feeling through the phrase 'good vibes'.,Positive
Neutral,"Sorry for the disturbance in the song. Im the influence. Whats going on is temporal telepathy with effect before cause going on. I.e you reacting, effect, before me viewing it and yeah my brain just doing its thing. 1k and ill stfu instead of singing along. Its not malicious i just cant turn it off","The comment expresses a somewhat abstract and self-aware reflection on the viewing experience, lacking explicit positive or negative emotional language.",Negative
Positive,By The Way Dua my Potential is unlimited .Crazy Maybe but my Lyrics and Songs will suit U .Love Ya The Humble Poet Peter,"The commenter expresses enthusiastic support and admiration for the artist and their work, using positive language like 'Love Ya' and highlighting their potential.",Positive
Positive,I love the song beat the lirycs everthing at all,"The commenter uses enthusiastic language ('love,' 'everthing at all') indicating a positive reaction to the music video.",Positive
Negative,Bridge and chorus stolen from somewhere else some other song 💀,"The comment expresses a critical and disapproving opinion about the music video's composition, using a dismissive emoji.",Negative
Positive,The bridge hits. Chorus is amazing yessss!!!!! You look amazing,"The commenter expresses enthusiastic praise for the bridge and chorus, using positive emojis and exclamation points.",Positive
Positive,"Her best son yet, the buid-up is truly amazing, the lyrics are terrific!","The commenter uses enthusiastic language like 'best son,' 'truly amazing,' and 'terrific,' indicating a positive feeling towards the music video.",Positive
Positive,Pretty powerful voice,The comment expresses a positive opinion regarding the singer's vocal performance.,Positive
Positive,giving Love again vibe. making totally nostalgic.,The commenter expresses a positive feeling (,Positive
Neutral,Why have I heard this melody somewhere before?,"The comment expresses curiosity about a song's familiarity, indicating no strong positive or negative emotion.",Neutral
Neutral,"I love this music, but is missing emotion!! On the chorus she could be standing up and dancing hahaha","The comment expresses a mixed sentiment – appreciation for the music alongside a constructive criticism, indicating a neutral overall tone.",Neutral
Positive,"Loved it!!! ❤️‍🔥❤️‍🔥❤️‍🔥 I hear some Get, Get Down melody and it’s perfect!!!","The commenter expresses strong positive feelings using enthusiastic language and emojis, clearly indicating enjoyment of the video.",Positive
Positive,"Great song, but the lyrics are misguiding. It’s a must the couples be willing to show what each needs and are able to listen unfiltered.","The commenter expresses a positive opinion of the song while offering constructive criticism about the lyrics, indicating an overall favorable reaction.",Neutral
Positive,Vibes of weekend,The comment expresses a positive feeling associated with leisure and enjoyment.,Neutral
Positive,The bridge hits. Chorus is amazing yessss!!!!! You look amazing,"The commenter expresses enthusiastic praise for the bridge and chorus, using positive language and exclamation points.",Positive
Positive,"the lyrics, every dua sound is the best!!  yess",The commenter expresses enthusiastic approval and excitement about the music video's content.,Positive
Neutral,Need the lyrics,"The comment expresses a simple request for information, lacking any overtly positive or negative emotion.",Neutral
Positive,Great song by Tame Impala with featured vocals of Dua Lipa 👌🫡,The comment expresses enthusiasm with positive emojis and a direct positive statement about the song.,Positive
Negative,"is this the album that was supposed to ""revolutionize pop music"" said TEXTUALLY by someone on his team whoever tf it was?? cause this is LITERALLY the most generic a** pop sh*t I've ever heard in my life, not even bad, just radically GENERIC, medicore, vacuous 🤷‍♂🤷‍♂🤷‍♂🤷‍♂🤷‍♂ all of these singles are literally the absolute polar OPPOSITE of radical or revolutionary, absolutely f*cking ridiculous marketing they've got going on, if I'd listened to it blindly I just would've kinda shrugged but because of it I just actively dislike it","The comment expresses strong disapproval and frustration with the music, using explicitly negative language and terms like 'generic,' 'ridiculous,' and 'dislike'.",Negative
Positive,"if Emma Stone was the last person on earth I'd rather talk to a branch,hey Dua ❤ for you love that song it sounds so familiar to something but what the hey I like ❤ it",The comment expresses fondness for the song and artist using positive emojis and phrases like 'love that song' and 'I like it'.,Neutral
Negative,lyrics and music disgust and clothes disaster,"The comment expresses strong dissatisfaction with the lyrics and visual presentation, using negative language like 'disgust' and 'disaster'.",Negative
Negative,Worst song of dua lipa,"The comment expresses a strong dislike for the song, indicating a negative sentiment.",Negative
Positive,ESSA MÚSICA ME LEMBRA MUITO NO INÍCIO A MÚSICA TEMPO DA PRISCILLA. 😮,"The commenter expresses a nostalgic and positive feeling, associating the music with a fondly remembered song.",Neutral
Negative,The video clip is sooooo weirdo ahaha it smells 2013 and not in a nostalgic way,The comment uses dismissive language ('weirdo') and expresses a negative opinion about the video's outdated feel.,Negative
Positive,"Has a bit of ABBA song vibe, just not sure which one 😂","The commenter expresses a positive association with ABBA, using the phrase 'a bit of ABBA song vibe' which implies enjoyment.",Neutral
Positive,I feel I want to be with her when she’s creating the lyrics. Such a powerful song,"The commenter expresses a strong positive feeling and describes the song as 'powerful,' indicating enjoyment and connection.",Positive
Negative,"Dua lost her mojo. Dance the night, Houdini and now Training Session are the same. So generic and boring.","The commenter expresses disappointment and criticism of Dua's recent music videos, using negative terms like 'lost her mojo,' 'generic,' and 'boring'.",Negative
Negative,Really like Dua but this is mediocre at best - 17th at Eurovision vibes. Very forgettable.,"The comment uses terms like 'mediocre,' 'forgettable,' and '17th at Eurovision vibes,' indicating a negative opinion of the music video.",Neutral
Negative,One of the worst songs,The comment expresses strong disapproval of the song using the phrase 'one of the worst songs'.,Negative
Negative,"Even Dua has  experienced this horrible horrible  actual dating scene, it’s just horrible out there, I always believed in soulmates and a forever love story, now I have turned completely 4b cause dating right now ain’t it, market is just AWFUL","The commenter expresses strong negative feelings about the dating scene, using words like 'horrible' and 'awful'.",Negative
Positive,"New lyrics : They come from Polk City, York, HannahJerrik, Plymouth, and Boston. ¿Estás en forma, listo para luchar como un baile, listo para correr?","The comment expresses enthusiasm and a challenge ('¿Estás en forma, listo para luchar?') suggesting a positive reception to the music video.",Neutral
Positive,"Yes, I am. But final word and decision is on Ladies side always. Her heart is going to flow in the ocean of emotions and new frontiers.",The comment expresses admiration and positive feelings about the music video and its themes.,Neutral
Positive,2020 Vibe 🎶,The use of 'Vibe' and musical emojis indicates a positive feeling about the music video.,Positive
Positive,What a sexy and catchy Pop I cannot 😮❤❤❤,The use of emojis like '😮' and '❤❤❤' alongside the words 'sexy' and 'catchy' clearly indicates a positive sentiment.,Positive
Positive,"What a Vibe.Pop Queen Dua, You have rocking taste in music🎉⭐🤭🤘🏻","The comment expresses enthusiastic appreciation for the artist and her musical taste, indicated by emojis and positive language.",Positive
Negative,"I love the song, but the video feels awfully intimidating. I was scared the whole time that they'd grab her.","The comment expresses fear and a feeling of intimidation, indicating a negative emotional response to the video's content.",Neutral
Positive,"The chorus is the best and vibe is like that popular girl in high school, who has all the boys hooked up on her that's the vibe it's given me","The commenter expresses a positive feeling about the music video and its impact, describing it as 'the best' and referencing a desirable 'vibe'.",Positive
Positive,Different vibes 😃,The use of the happy emoji indicates a positive reaction to the video's atmosphere.,Positive
Positive,2000's Vibe 🎉❤,The use of emojis like 🎉 and ❤ clearly indicates a positive sentiment towards the music video.,Positive
Positive,Has ABBA vibes ?? 😅,"The comment expresses a positive comparison to ABBA, suggesting a favorable opinion of the music video.",Neutral
Positive,Thursday February 29th is LEAP Day LEAP LEAP DUA LIPA LIPA DUA LIPA LEAP DAY Muse Dua Vibe Rising Lipa Day Every Day Omm...02/29/2024=LIPA DAY,"The comment expresses enthusiastic excitement and repetition of 'Dua Lipa' and 'LEAP DAY', indicating a positive sentiment.",Positive
Positive,So Fantastic Lyrics 👍❤️👍❤️. Amazing Music 🎵🎶🎵🎶. Rocking Voice Friend 😍🥰😍🥰.,"The comment expresses enthusiastic praise and positive emotions using emojis and descriptive words like 'fantastic,' 'amazing,' and 'rocking.'",Positive
Negative,ego asf i'm sorry but i dont like the music video as well as the lyrics,"The commenter expresses dislike for both the music video and lyrics, indicating a negative sentiment.",Negative
Positive,The chorus is good,The comment expresses a positive opinion about the chorus of the music video.,Positive
Neutral,I STILL WONDER....WHY DO THEY SAY EVERY DETAIL OF THE VIDEO CLIP IN THE COMMENTS BELOW EVEN THE NAIL ARTIST AND IT DOES NOT SAY WHO WROTE THE MUSIC AND THE LYRICS OF THE SONG?  WHY THIS DISDAIN TO THE ARTISTS?,"The comment expresses confusion and questioning about the video's details, without explicitly expressing positive or negative feelings about the content or artists.",Negative
Negative,Where's the lyrics guy,"The comment expresses frustration and a lack of satisfaction, indicating a negative sentiment.",Neutral
Neutral,The Beat 92.5,"This comment simply identifies the radio station, offering no explicit sentiment expression.",Neutral
Positive,"She is out of this world. Beat, groove, style.....amazing 🥰🥰🥰",The frequent use of emojis and the phrase 'amazing' clearly indicates a positive sentiment towards the music video.,Positive
Positive,Dua always brought us to classic pop and discotic..i feel like just booster..when i walk or driving..just turn on this song..guys..the vibe so fucking crazy..u will happy and positive vibe from morning until midnight..hahaha,The commenter expresses enthusiastic enjoyment and a feeling of happiness and positivity associated with the music video.,Positive
Positive,"The part with her deep voice, remind me of 'Dua Lipa' album, those good old days!! ICONIC","The comment expresses admiration and nostalgia, indicating a positive sentiment towards the music video and artist.",Positive
Positive,"Reminds me ""Malena vibes""","The comment expresses a positive association with the music video, referencing a familiar and appreciated song/style (",Neutral
Negative,FORGETTABLE,The word 'forgettable' expresses a feeling of disappointment or lack of enjoyment.,Negative
Positive,"Great evolution and development for Dua Lipa in terms of music style, dance choreography, vocals, attitude and bravery from her first hit ""be the one"" she went hiatus and astonishing with her latest number 1 masterpiece jam hit ""training season"" that will gonna blast and dominates the charts aroud the world in this year of 2024 and I'm living for it❤",The commenter expresses enthusiastic appreciation for Dua Lipa's growth and the success of her latest music video.,Positive
Positive,"❤️ THIS lyrics 🎶Conversation overload, got me feeling Verti gOOoOOOOOO🎶💯😎👍Dua Lipaaaaaaaaaaaaaaaaaaaaaaaaaaaa is beautiful woman 💯😎👍","The comment is filled with positive emojis (❤️, 🎶, 💯, 😎, 👍) and enthusiastic praise for the artist.",Positive
Positive,The rhythm in this song is so good,The commenter expresses a positive opinion about the song's rhythm.,Positive
Positive,Song gives me summer vibes 🥂🤩,"The use of emojis like 🥂 and 🤩 indicates excitement and enjoyment of the song, reflecting a positive sentiment.",Positive
Positive,The bridge hits. Chorus is amazing yessss!!!!! You look amazing,The commenter expresses enthusiasm with positive adjectives and an exclamation of excitement.,Positive
Negative,"THANKS, GURL❤ THIS HIATUS OF POVERTY AND DEPRAVITY CAUSING ADMINISTRATIVE HALT CALLED BUREAUCRACY WHERE THE GOVERNMENT SPENDS ITS TIME SLEEPING IN A SLUMBER PARTY FAILED INVITATION AND FAILED TO AVOID MONOPOLIY OF AUTHORITY AND POLITICAL EDICT OF THE SAME OL' NEO FASCISM ROBBER BARONS OF ATTENTION AND MONEY PIT MANAGEMENT FEIGNING CONTROL BECAUSE THE ZEALOTRY IN DESPOTISM IS DEADLY COMPETITIVENESS IN INCIVILIZATION OF ABSENTEEISM OF THE PHILANTHROPIC GOOD SAMARITAN, ABSENTEEISM OF RESPECTING ROYALT & ROYALTY AT THE FAILURE OF SEEING RESPECT OF BASIC HUMAN CONSIDERATIONS SUSTAINING MORE VIOLENCE BEGETTING VIOLENCE, AKA., RAPE CULTURE PLAYING OUT THE MONKEY BUSINESS OF THEFT FRAUD AND GRAND THEFT LARSENY MISDEMEANOR NUISANCE COMPOUNDED CHARGES OF HATE CRIME CRIMINAL GROSS NEGLIGENCE IN THE PERSECUTION OF MY LIFE AND ANY OTHER LIFE OF GOOD PEOPLE POISED IN THE STANCE FRONTING OFF WAR AND DISMISSING CONFLICTS LANDING THE STOIC CIVIL DISOBEDIENCE MOVING THE INDEPENDENT INDIVIDUAL FIGHT OFFER FROM CONFORMITY TO ASSIMILATION AND RESISTING TO OPPRESSION TAUNTS VEILED THREATS COLD WAR TACTICS AND FEAR MONGERING AS THE TOOLS OF THE CONSORTIUM OF TYRANNY BY THE RENEGADE PATHOLOGIZATION CAUSED BY HYPER CRITICAL OUTSOURCING TO KABALIST PRACTICE IN COMMITTEE OVERSIGHT DOMINATION WITH MANCHURIAN CANDIDACY FOR USURPING OPPORTUNITIES OF SINGLETARY AWAY FROM GOD'S MOST GRACIOUS GIFT IN ME. THE BUCK STOPS HERE. NO MORE EMPTY BOBBLEHEADED DASHBOARD CHOTCHKIES IN THE DISTRACTION DISTORTION AND DISGUSTING REALITY OF CONSUMERISM IN SYSTEMIC FAILURE TO IDEALIZE THROUGH OPTIMIZATION OPTION CHOICE SELECT OF PERSONAL BESTING NEVER GIVING WAY TO FANTASY BECAUSE THE TRUE LEADER HAS REACH, DEPTH, AND FRIENDS..FAMILIARS..HAPPY DESTINY TO TRUDGE.","The comment expresses overwhelmingly critical and negative opinions about societal issues and the video creator's work, utilizing harsh language and accusatory statements.",Negative
Positive,Tame impala on the beat is crazy!!,The exclamation points and enthusiastic description of the music as 'crazy' indicate a positive reaction to the video.,Positive
Negative,"Dua Lipa is a supporter of genocide and apartheid. And this is just incredibly mediocre, over produced, autotune filled garbage.","The comment expresses strong disapproval and criticism of the music video and artist, using negative language and accusations.",Negative
Positive,This feels nostalgic already,The comment expresses a feeling of fondness and positive reminiscence about the music video.,Neutral
Positive,What a beat and no dance,"The commenter expresses a positive opinion by highlighting a 'beat,' suggesting enjoyment of the music.",Neutral
Positive,Synth audio and Electronic voice augmentation anyone can do this with the right connections and know-how. How many would be able to make it without it ?  Very few I think.,"The comment expresses admiration for the audio and production techniques, indicating a positive sentiment towards the music video.",Neutral
Positive,"At first I thought the chorus was like ""meet someone at omeagle"" and I was so confused because it made sense 😂","The user expresses amusement and a positive reaction to the song's chorus, indicated by the laughing emoji.",Neutral
Positive,"Ela canta aos 04 cantos do planeta e todas os planetas não terrestres, ela é foda, canta pra caramba, está amadurecida vocalmente e pessoalmente e com uma bagagem grande de experiências, só mostrando o nível da artista que é hoje, uma cantora cheias de camadas!!",The comment expresses enthusiastic admiration and praise for the artist's talent and abilities.,Positive
Negative,sorry but this video is giving me 'white couch' vibes 🤢,The use of '🤢' emoji and comparison to 'white couch' (often associated with negative feelings) indicates a negative sentiment.,Negative
Positive,there's such an interesting vibe to this video.. something that is different...,"The commenter uses positive language ('interesting vibe,' 'different') expressing enjoyment of the video.",Positive
Positive,"I don't know about the rest of ya'll, but i get Transgender Vibes from Dua Lipa!!!",The commenter expresses a strong positive feeling about the music video and its connection to the transgender community.,Neutral
Positive,This beat feets my heart beat❤ U dua,The use of heart emojis and enthusiastic phrasing indicates a positive emotional response to the music video.,Positive
Positive,"Video is unimaginative. But that beat, dear god.","Despite criticism of the video's overall concept, the commenter expresses strong positive enthusiasm for the beat.",Neutral
Negative,"🤔😐Do you know what the most important thing in the world is🌎🌍 to do? It's not making money,💰💰 it's not eating,🎂🍰 or drinking,🍷🍾 much less playing games.♠♣♟ We came into this world with nothing, and we will leave it with nothing. Here everything is temporary, but on the other side everything is eternal. So the most important thing is to follow God, read the Bible, attend an evangelical church and prepare yourself for that day that you don't know when it will come; otherwise, you will descend with the other👺 into a suffering that will never end.😰😭😫","While containing hopeful elements about eternity, the comment primarily expresses fear of eternal suffering and judgment, indicating a negative sentiment.",Negative
Negative,"Crazy how nowdays we less watch music video. I remember back in the day, Fifth harmony break a record for the music video of ""That's my girl"" with 5 million of view in 24 hours. And now, it's been 5 days since the release of ""Training season"" and it got ""only"" 5 million view.",The comment expresses disappointment and a comparison of declining viewership with a negative implication about the current popularity of music videos.,Negative
Positive,Ojete Calor - Viejoven vibes,The comment expresses enjoyment of the,Positive
Positive,"Yes, she is Pop Music, like this music artist Duo Lipa, love listening to her music over a huge system in my home st. barths in the clubs outdoors, and i hope you all reading this will subscribe to me on my channel and listen to my “new vibe music” which is Future-Soul-Hiphop. Top life to all reading this and coming throug this great artist page.",The commenter expresses enthusiastic enjoyment of the artist and encourages others to subscribe and listen to their music.,Positive
Positive,Essa música e o clip é perfeito. Deveria ter mais de 100 milhões  a muito tempo.,"The commenter expresses enthusiastic approval of the song and music video, indicating a positive sentiment.",Positive
Positive,"This music gives me a russian music vibe, I don't know why, but it's good",The commenter expresses a positive feeling ('it's good') despite noting a specific musical style.,Positive
Positive,Beautiful music and melody. Visit the page and don't forget to subscribe😊,The comment expresses positive feelings about the music and includes an encouraging and appreciative emoji.,Positive
Negative,"Look at all the future absentee, deadbeat dads in this video...","The comment expresses frustration and criticism towards the depicted fathers, indicating a negative sentiment.",Negative
Negative,the chorus kinda ate tf,"The use of the phrase 'ate tf' is a vulgar and aggressive expression, indicating a negative reaction to the music video's chorus.",Positive
Positive,The piano version is epic and very emotional. I like it more.,"The commenter expresses a positive feeling using words like 'epic' and 'emotional,' and states a preference for the version.",Positive
Positive,This pop music beat feels sooo good. Love u Dua ❤,"The commenter expresses enthusiastic enjoyment of the music, using positive language and emojis.",Positive
Negative,i wanted to like this but it just sounds the generic regurgitated popular music :( with no depth,"The commenter expresses disappointment and criticism, describing the music as 'generic' and lacking 'depth' which indicates a negative sentiment.",Negative
Negative,"Cool tune. Got here courtesy of that short that that said this is another *stolen* melody from a much older song, the usual music producers stealing other's works.","The comment expresses frustration and criticism regarding copyright infringement, indicating a negative sentiment towards the music video and its origin.",Neutral
Negative,"The song is catchy and an instant hit,but the video is degrading to males of all kind.Either i dont get it or she's represented as a goddess and men are fighting over her...right?","While acknowledging the song's appeal, the comment expresses disapproval of the video's potentially problematic and degrading portrayal of men.",Neutral
Positive,"great  video!  made me laugh at the guys , too funny! love the lyrics and beat, another big hit, love you Dua Lipa ♥","The comment expresses enthusiastic appreciation for the video, using positive language and emojis.",Positive
Positive,"She´s superpretty , makes awesome music & seems awful nice too !😍","The comment expresses enthusiastic praise for the artist's appearance and music, indicated by words like 'superpretty,' 'awesome,' and 'awful nice.'",Positive
Neutral,I like her a lot but I realize that she never pushes her voice when she sings. Her music is good but without emotion if i may say so.,"The comment expresses a lukewarm opinion, acknowledging both positive aspects (music is good) and a critical observation (lack of emotion), resulting in a neutral overall sentiment.",Neutral
Positive,Dua Lipa impeccably portrays the deep disappointment of masculinity and male chauvinist. i loved it,"The commenter explicitly states they 'loved it,' indicating a positive sentiment towards the music video and Dua Lipa's portrayal.",Positive
Negative,"Great song, great lyrics but why so much vocal post production, she sounds like a robot, or is everyone just getting used to that sound now?","The comment expresses dissatisfaction with the vocal production, describing it negatively as 'sounding like a robot'.",Neutral
Positive,catchy af,The use of 'af' (as in 'affects') in this context indicates strong positive enthusiasm for the music video.,Positive
Positive,"Nosé pero mucho critican a dua lipa pero si es meter el pellejo por dua lipa lo hago xq lo que la gente sabe es criticar y no valorar es esfuerzo que cuesta hacer una buen sensillo solo para que te lo critiquen, pues para el que habla mal de dua lipa debería tomarse un tiempo y verse que es si mismo nadie llegará a sus niveles si es de haré que van hacer pues sus verdaderos fans daría. Lo que sea por poner en su lugar a esa gente venenosa no valora el trabajo que si cuenta solo tienen la vida fácil será xq no les costó es una advertencia el que se critica a dua lipa crítica sus fans, y porfavor antes de criticarla a ella mirece usted primero👍👍💯","The comment expresses admiration and defends Dua Lipa's work, ultimately praising her effort and encouraging positive engagement.",Negative
Positive,The bridge hits. Chorus is amazing yessss!!!!! You look amazing,"The commenter expresses enthusiasm with positive words like 'hits,' 'amazing,' and the exclamation points.",Positive
Positive,"Great POP, SPEED, FLOW and nice lyrics, keep On Going 😍",The commenter expresses enthusiasm and positive feelings about the music video's qualities and uses an emoji to reinforce the positive sentiment.,Positive
Positive,Excellent vocals and rhythm!,"The commenter expresses enthusiastic approval of the vocals and rhythm, indicating a positive sentiment.",Positive
Neutral,hate to say it but u r giving 90s vibes u should make more songs beated on 20s,"The comment expresses a suggestion and criticism, but doesn't convey strong positive or negative emotions regarding the music video.",Neutral
Positive,DUA IS AMAZING!!!  HE DOESN'T MISS A BEAT. PURE TALENT🥰,"The comment expresses enthusiastic praise for the artist and uses positive emojis, indicating a positive sentiment.",Positive
Positive,Tbh I wish it was a dance heavy or different take of the music video for such a powerful and meaningful upbeat song.,"The commenter expresses a desire for a 'dance heavy' or 'different take,' indicating enthusiasm and a positive reaction to the song's potential.",Neutral
Positive,Dua this is too fucking catchy!!!!! <3,The exclamation points and the use of 'catchy' indicate strong positive enthusiasm for the song.,Positive
Positive,Chorus is amazing yessss!!!You look amazing❤🎉,The commenter expresses enthusiastic praise and excitement using emojis and positive language.,Positive
Positive,"Glad that this one doesn’t sound so much like the other ones, still fun and upbeat and she served on this one ❤","The commenter expresses positive feelings using words like 'glad,' 'fun,' and a heart emoji, indicating enjoyment of the music video.",Positive
Positive,"I know this is just a pop song, but the lyrics actually do have a depth, it is exactly how I feel lately and I love Dua for this.  ❤❤❤❤","The commenter expresses positive feelings about the song and artist, using phrases like 'exactly how I feel' and 'I love Dua' indicating a favorable opinion.",Positive
Positive,"❤❤You are very vocal and charming, and you have many fans in Persia (Iran), I hope one day we will see your concert here. ❤❤","The comment expresses enthusiastic admiration and a desire for the artist to perform, indicating a positive sentiment.",Positive
Positive,"Great vibe 👍wrote the best song 🎸 and shortest song I have ever written 😉2mins and 3 Seconds Long. It took 15mins to write ✍️ ……….IT?! Love your Music, that is true, Love your MuSiC 🎧…. I DO 😊","The commenter expresses enthusiastic appreciation for the song and music, using positive emojis and phrases like 'great vibe' and 'Love your Music'.",Positive
Positive,"This is April 2025 & this DUA LIPA song is exceedingly emotional, exceptionally electrifying, enormously exciting, exquisitely expressive and exclusively enjoyable. The singing is singularly sentimental, spellbinding, superb, sincere and simply spectacular. ❤❤❤❤❤❤","The comment uses overwhelmingly positive adjectives and expressions of enjoyment, indicating a strong positive sentiment.",Positive
Positive,❤❤❤❤ this beat and she is smoking hot,The use of hearts and the phrase 'smoking hot' clearly indicates a positive emotional response to the music video and artist.,Positive
Negative,Are you someone who I can give my heart too or should I have tried calling the no nouns who aren't true like the no names are now like the gun is a gain gone a bit too far for the glue to be the game is a gown worn all wrong when the truth is especially the wrong way to move especially when the fun is about to burst through to the way you tuck into the way it hurts you and you should shut up and it is out of the way for the truth is a lobg way through to the door is a wiindow turned into a well enough bruise is as known as the new as real as a burnt enough times to be true as a well is a right as rain is a tune to tight  to tame is the real as raw as the hell is the train so loose to feel the hot of a way to be going to fast as the nice isn't a nay and the knowing of the blue flame is the ice in my vains that's kicks ars to the track where the wars is the last place where I would wear what I would have worn is the hat of a glass plate where I know I am to cool for that and I ask myself is the ace I hold in my hands is no fool to paste and feel the feet that taps and throws up a real taste of a beat that raps around the girls I know who reaps the rewards of get out of the way of being harmed and that's them being a aunt that ain't neat to see the way to go on with the real red star to the East is now to the Eastern part of the bay of plenty who hits hards and that's plenty for me as a plan for me to eat to the west of the place where we would meet especially when you are a bit too much to gentle the bit too far from my home is a rush hour to rest my case to say the least is the best way we speak about the day I would love to moke you the way I meeve you the way of how smoke can lead you away from the deep south on patrol on your knees now and when you say please that's the clown posse who pose for the fun to be free for the big dollars for absolutely nothing is the fee,"The comment is overwhelmingly chaotic and filled with disjointed, nonsensical phrases, conveying a frustrated and potentially angry emotional state.",Negative
Positive,"Is this, don’t go wasting your emotion by abba 😂",The use of '😂' (laughing emoji) clearly indicates a positive reaction to the music video.,Neutral
Positive,Roy Andersson vibe,The comment expresses a positive association with Roy Andersson's style and work.,Neutral
Negative,the chorus sounds EXACTLY like “Tokyo nights” by Digital Farm Animals what even,"The comment expresses dissatisfaction and disbelief with the similarity to another song, indicating a negative reaction.",Neutral
Positive,"Amazing lyrics, love the message Dua. Smart and stylish! 💪🏼🫶🏻","The commenter expresses enthusiastic appreciation for the song's lyrics, message, and overall style, indicating a positive sentiment.",Positive
Positive,Vibe is ❤️‍🔥,The use of the red heart with flames emoji clearly indicates a positive feeling towards the music video.,Positive
Positive,Im liking this ariana grande and dua lipa music videos kind of the same vibe.,The commenter expresses a positive feeling by stating they enjoy the similar vibe between the two music videos.,Positive
Positive,Her lyrics are getting better and better,The comment expresses a positive opinion about the lyrics improving.,Positive
Negative,"I was hoping ""training season's over"" would refer to Dua herself who is now ready for a serious relationship or whatever. But no... It's another one of these tired old song lyrics that demand of men to be better men, while offering nothing in return. Otherwise great song though.","The comment expresses disappointment and criticism of the song's message and lyrical content, despite acknowledging the song's overall quality.",Neutral
Positive,Eski sarkilarin vibeini veriyo cok guzel,"The comment expresses a positive feeling, stating the songs evoke a beautiful atmosphere.",Positive
Positive,"the ( challenge) tone in  this AMS99W is lovely, thanks for the headsup","The commenter expresses a positive feeling about the music video's tone, using the word 'lovely'.",Positive
Positive,The beat is insane,The use of the word 'insane' in a positive context suggests excitement and appreciation for the music's rhythm.,Positive
Neutral,And where is the people that comment the lyrics ?,"This comment expresses a question about lyric commenters, lacking any explicit positive or negative emotion.",Neutral
Positive,I felt the vibe like it is millions migrants from East in Europe....,"The commenter expresses a positive feeling ('felt the vibe') and describes a vivid, potentially uplifting image associated with the music video.",Negative
Positive,"I love this song, but the chorus of this song sounds a bit familiar. but can't really what it was.😂😂","The commenter expresses love for the song overall despite a minor, unresolved memory of a familiar chorus.",Neutral
Positive,This is just too catchy for me right now >.< :3,The use of emojis and the enthusiastic declaration of 'too catchy' indicate a positive feeling about the music video.,Positive
Positive,This song has such a catchy beat!,"The comment expresses excitement and enjoyment about the song's rhythm, indicating a positive sentiment.",Positive
Mixed,Awful taste of mens awful taste of music but beautiful woman,The comment expresses both negative opinions ('awful taste') and a positive observation ('beautiful woman').,Negative
Positive,"If you're saying this to yourself ""what does this song sound like"" I thought the same thing an after searching through thousands of 80's songs in my library,I found it. The group is Hubert Kah, they're German, the song is Machine Gun, it came out in 89. Another song that hints at sounding the same is Indecent Obsession, Tell me Something. I think it was a going vibe in the late  80's",The commenter expresses a positive discovery and enjoyment of the song and its similarity to another track.,Neutral
Negative,This era’s singles are so good when you don’t have some annoying white twink saying all her new music sounds like Future Nostalgia,"The comment expresses a dismissive opinion, criticizing the music and implying a specific, unwanted influence.",Neutral
Positive,"Omg this song is soo catchy, I'm literally singing it everywhere😅 dua fr slayed🎉","The comment expresses enthusiastic enjoyment and admiration for the song using words like 'catchy,' 'slayed,' and emojis.",Positive
Positive,"Man!, those ""The Doors"" vibes 🔥...",The use of 'Man!' and the fire emoji indicates enthusiastic approval of the music video's style.,Positive
Positive,"Is it just me or does this song give ""Wizards of a waverly place (OST)"" vibesssss:)","The commenter expresses a positive comparison to a well-regarded musical work, indicating enjoyment.",Neutral
Positive,The chorus to this song sounds like “Tokyo nights” by digital farm animals . I was trying so hard to remember where I heard it from . I absolutely love both tho,The commenter expresses a positive feeling by stating they 'absolutely love both' the song and the comparison.,Neutral
Positive,"The beats and music helps us forget she cannot sing. Kudos to autotune, tho!","The commenter expresses approval of the music and autotune, indicating a positive reaction despite acknowledging a vocal issue.",Negative
Positive,"Hi Dua Lipa. I am Lance Smith. Tell you what, I am like your biggest fan. Over night you didn't just come out with a million hits, you came out with a million really really good hits. And it is so much fun to dance. I want you to teach me how to dance to count someday. ... If you ever see a Elton John again, if he tells you he is straight, then be nice to him. If he tells you he's gay, then tell him to leave you alone. If he doesn't leave you alone, then beat the living hell out of him. ..... Dua Lipa, nobody hits high pitch vocals like do. Not even close. How do you do that? It is so amazing. Those high pitches you hit feel so good on my ears. I can't wait for you to explain to me how you get your voice to do that. You are the only one who does that. Um, seriously, how do you do that? !!!!!!! ❤❤❤❤❤❤❤❤❤","The comment expresses enthusiastic admiration and praise for Dua Lipa’s music and vocals, using positive language and emojis.",Positive
Positive,15 Jan 2025 - Sexiest Lyrics,"The comment expresses a positive opinion about the song's lyrics, using the word 'sexiest'.",Positive
Positive,"CHAU TEMPORADA DE ENTRENAMIENTO !!""!!!!",The excessive exclamation points and enthusiastic exclamation suggest a positive reaction to the training season.,Positive
Positive,Her songs are always so good this song is soo catchy 😊,The commenter expresses positive feelings about the songs and describes the song as 'catchy' with a smiling emoji.,Positive
Positive,beautiful vocals,"The comment expresses appreciation for the song's vocals, indicating a positive feeling.",Positive
Positive,first bit is awful and pointless but the song itself is amazing.,The comment expresses overall positive sentiment by acknowledging a negative aspect while highlighting the song's quality.,Neutral
Positive,Surpasses any criteria of music vocalization Diaphragm Authentic and impressive that is why it is the best today HIS MAJESTY  Dua Lipa,"The comment expresses enthusiastic praise and declares the video 'the best,' indicating a strong positive sentiment.",Positive
Positive,Oh yes this is a Great one from Dua Lipa. A lot of different shit that is deep. I Love it!,"The commenter uses enthusiastic language like 'Great one', 'Love it' expressing clear positive feelings towards the music video.",Positive
Positive,"She looks mature, her lyrics are mature as well, I love this song, just the tittle is pure poetry","The comment expresses strong positive feelings about the artist's appearance, lyrics, and the song's title.",Positive
Positive,"yeh look, the instrumentals and vocals are on point and truly fkn amazing, this song could've gone for another 5 mins bc I'm not finished at 3 mins 46s","The commenter uses enthusiastic language like 'on point' and 'fkn amazing,' indicating a strong positive reaction to the music video.",Positive
Positive,She's so good..honestly  the best of this era❤❤❤ she's giving us all what we need great vocals and amazing music ❤❤❤,The comment expresses strong positive feelings and uses emojis indicating appreciation and excitement.,Positive
Positive,Her vocals remind of PINK sometimes. I like the song.,The commenter expresses a positive comparison to PINK and explicitly states they 'like the song'.,Positive
Positive,The best lyrics! Totally hit everything my mind thinks❤,The use of exclamation marks and the heart emoji clearly indicate a positive reaction to the lyrics.,Positive
Negative,The Beat is so easly replaed,The comment expresses frustration with the song's simplicity and ease of replication.,Neutral
Positive,"Like the deeper tone she uses around 2:40 than I do the higher pitch most of this song uses-  simply a big fan of the older unique sound Be the One, Dont Start Now really lets her pipes shine-  this song is nice sure, but I hope the people evolving her sound get her back to her unique range and power-","The commenter expresses fondness for the vocal performance and a desire for a return to a more distinctive sound, indicating a positive overall feeling about the music.",Neutral
Negative,"The melody is very similar to Blero's song ""Can't you see"".","The comment expresses a critical comparison to another artist's work, suggesting a negative opinion of the music video's similarity.",Neutral
Positive,Entire Album has a different vibe!,The comment expresses a positive reaction to a change in the album's overall sound.,Neutral
Positive,I love those lyrics!!!,"The user explicitly expresses affection for the lyrics, indicating a positive sentiment.",Positive
Positive,The guy in the second verse that goes to get in close with dua just makes me melt he's so hot 😮❤,"The comment expresses strong positive feelings and attraction towards the artist, indicating a favorable sentiment.",Positive
Positive,"The autumn equinox painting, the yellow waltz preamble of the season trees, is an emotional psychological theatrical scenario of the composition of the colors displayed on the heavenly wall; the sincere gray is amalgam  with the light of afterglow, in the shades of all the perpetives of the firmament !!!  The vision of the mermaid took place on the blue stone of the sea, and under the great mouth of the moon, which sang in the tuning fork of the watery world of whales and dolphins; capturing the senses of sailors and fishermen; and waking up the deep sleep of the rocks in the infinity of oceanic thoughts!!!  A  pintura do equinócio outonal, o preâmbulo da valsa amarela das árvores da estação,  é um cenário teatral psicológico emocional da composição das cores exibidas na parede celestial;  o cinzento sincero se amálgama com a luz do arrebol, nos tons de todas as perpectivas do firmamento!!! A visão da sereia aconteceu sobre a pedra azul do mar, e sob a grande boca da lua, que cantava no diapasão do mundo aquático das baleias e golfinhos; capturando os sentidos dos marinheiros e pescadores; e acordando o sono profundo dos rochedos no infinito dos pensamentos oceanicos!!!  La peinture de l'équinoxe d'automne, préambule de la valse jaune des arbres de saison, est un scénario théâtral psychologique émotionnel de la composition des couleurs affichées sur le mur céleste ; le gris sincère s'amalgame avec la lumière de la rémanence, dans les nuances de tous les perpétifs du firmament !!! La vision de la sirène a eu lieu sur la pierre bleue de la mer, et sous la grande bouche de la lune, qui chantait dans le diapason du monde aquatique des baleines et des dauphins ; capturer les sens des marins et des pêcheurs ; et réveiller le sommeil profond des roches dans l'infinité des pensées océaniques !!! La pintura del equinoccio de otoño, el vals amarillo preámbulo de los árboles de temporada, es un escenario teatral psicológico emocional de la composición de los colores que se muestran en la pared celestial; ¡¡¡El gris sincero es amalgama con la luz del resplandor, en las sombras de todas las perpetivas del firmamento !!! La visión de la sirena tuvo lugar sobre la piedra azul del mar, y bajo la gran boca de la luna, que cantaba en el diapasón del mundo acuático de las ballenas y los delfines; capturando los sentidos de marineros y pescadores; y despertando  el sueño profundo de las rocas en la infinidad de pensamientos oceánicos!!! Il dipinto dell'equinozio d'autunno, il preambolo del valzer giallo degli alberi della stagione, è uno scenario teatrale psicologico emotivo della composizione dei colori esposti sulla parete celeste; il grigio sincero si amalgama con la luce degli ultimi bagliori, nelle sfumature di tutti i perpetui del firmamento!!! La visione della sirena ebbe luogo sulla pietra azzurra del mare, e sotto la grande bocca della luna, che cantava nel diapason del mondo acquatico delle balene e dei delfini; catturare i sensi di marinai e pescatori; e svegliarsi  il sonno profondo degli scogli nell'infinito dei pensieri oceanici!!! Das Herbst-Tagundnachtgleiche-Gemälde, die gelbe Walzer-Einleitung der Jahreszeitenbäume, ist ein emotional-psychologisches Theaterszenario der Komposition der Farben, die an der himmlischen Wand angezeigt werden; Das aufrichtige Grau verschmilzt mit dem Licht des Nachglühens, in den Schattierungen aller Perpetiven des Firmaments !!! Die Vision der Meerjungfrau fand auf dem blauen Stein des Meeres und unter dem großen Mund des Mondes statt, der in der Stimmgabel der Wasserwelt der Wale und Delfine sang; Entführung der Sinne von Seeleuten und Fischern;; Den tiefen Schlaf der Felsen erwachen lassen, in der Unendlichkeit ozeanischer Gedanken; am unendlichen Grund der Ozeane!!! JJJSSS","The comment is filled with overwhelmingly positive descriptions of beauty, emotion, and sensory experience, indicating a strong appreciation for the music video's artistic elements.",Neutral
Negative,Why does the beat sound like Morgan wallens new song “love somebody” ?! 🤔,"The comment expresses a negative comparison, suggesting the music sounds similar to a song they dislike.",Neutral
Positive,I love this song and the lyrics 🤞🏻💆🏻‍♀️,The user explicitly states ‘I love this song’ indicating a positive feeling.,Positive
Positive,I love this lyrics. If you looking for ‘true love’ maybe It’s time to stop chasing love.,The commenter expresses affection for the lyrics and suggests a positive interpretation of the song's theme.,Positive
Negative,The worst klip ever seen.. Why would someone shoot a video in a refugee camp like this?,The comment expresses strong disapproval and criticism of the video's content and execution.,Negative
Positive,Love this its old school pop vibes😊,The user expresses positive feelings and uses an emoji indicating enjoyment.,Positive
Neutral,The melody of Priya's song by Shahram shabpare,"This comment simply identifies the song title and artist, expressing no particular emotional opinion.",Neutral
Negative,"Already boring ,sounds generic and does not take you anywhere.Levitating season.moving on.","The comment expresses dissatisfaction with the video's lack of originality and excitement, using negative descriptors like 'boring,' 'generic,' and 'does not take you anywhere.'",Negative
Negative,0:15 really thought that was Machine Gun Kelly. Was expecting him to have a verse or something the whole time. Guess its not him,"The comment expresses disappointment and a desire for a specific outcome, indicating a negative reaction to the video's content.",Neutral
Positive,Basically tame impala with dua on vocals,The comment expresses a positive sentiment towards the song by combining a well-known track with a specific vocal performance.,Neutral
Positive,Good track lyrics also great,The comment expresses positive opinions about the track's lyrics and overall quality.,Positive
Positive,Though this tune is copied from 1980-90's song...because of our darling dua Lipa mesmerizing vocals...lifted this song blasting hit,"The comment expresses enthusiasm for Dua Lipa's vocals and describes the song as a 'blasting hit,' indicating a positive reaction.",Neutral
Mixed,"Who's making her music?! I just heard Eminem's latest song. It was sht. I'm probably his biggest fan. This Dua Lipa's song is fresh  beat good, song good, video ehh","The comment expresses both criticism ('It was sht') and positive appreciation ('fresh beat good, song good') suggesting a mixed sentiment.",Neutral
Positive,"my favourite dua lipa song by far, the choreography, timing and pitch is amazing","The commenter expresses enthusiastic praise for the music video's elements, indicating a positive sentiment.",Positive
Negative,"This infuriates me this song is not higher ranked in views. I feel like this is why most pop artists are risk averse and don’t do typically do more experimental sound. The overall public can’t get behind it, won’t make as much money. Sad really, I hope Dua continues making whatever music she wants regardless of the charts",The comment expresses frustration and disappointment regarding the song's low view count and its potential impact on the artist's creative choices.,Negative
Positive,"In loveeee with the lyricsssssssss, slayyyyyyyy",The excessive use of exclamation marks and the phrase 'in loveeee' clearly indicate a positive emotional response to the music video.,Positive
Positive,The tune the 90's vibe ❤🎉 what a 💣,The use of emojis like ❤🎉 and the reference to a '90s vibe' indicates a positive feeling towards the music video.,Positive
Positive,"You know she's always gonna bring it with the vocals.  That heat, though.  I gotta get up and dance as soon as I hear it.","The commenter expresses enthusiastic enjoyment and a desire to dance, indicating a positive sentiment.",Positive
Positive,Chorus is all my happiness,The commenter expresses a feeling of joy and happiness associated with the song's chorus.,Positive
Positive,I like the music video and the lyrics of the song is nice.,The commenter expresses a clear liking for both the music video and the song's lyrics.,Positive
Positive,"Gonna be honest, kinda disappointed that there isn’t a dance piece that the guys broke out into for the chorus.  The song has such a great beat and an awesome build up from the bridge into the chorus that would have been amazing with some choreography!",The commenter expresses disappointment but ultimately highlights the song's strengths and suggests an improvement that would have been 'amazing'.,Neutral
Negative,Video clip doesn't do the justice to the beats.,"The comment expresses disappointment, stating the video clip fails to represent the song's rhythm effectively.",Neutral
Positive,"Love this song ❤and also get some Ethan Bortnick vibes if you know his music ,",The use of 'Love this song' and referencing Ethan Bortnick positively indicates a favorable opinion.,Positive
Positive,"She is so gorgeous. Great song, she always makes good catchy music",The comment expresses admiration and enjoyment of the artist's appearance and music.,Positive
Positive,"Sick beat, guitar rift of the decade? 🔥 Loving it","The use of 'sick beat', 'guitar rift of the decade', and the fire emoji indicates strong positive enthusiasm.",Positive
Negative,"Love the song although it does sound like anbother song in the chorus- like plagerised lol, video sucks though",The comment expresses a negative opinion regarding the chorus and the video quality.,Neutral
Negative,"Esta pessoa, @anagalvaoperez, não tem habilitações para ensinar espanhol, nem conhece os princípios básicos: o seseo, ceceo e voceo. Se ela fala tipo ""sopinha de massa"", é porque não aprendeu nada no tempo que viveu em Espanha e estudou em escolas espanholas... se quer ensinar, não ensine mal... e os trocadilhos maus não ajudam...",The comment expresses strong disapproval of the creator's Spanish teaching abilities and finds their explanations flawed and unhelpful.,Negative
Negative,when the song sounds like a BANGER but the millionaire popstar's team couldn't afford captions so miss a quarter of the lyrics 😭,The use of '😭' and criticism of the lack of captions suggests frustration and a negative reaction.,Neutral
Neutral,Intros like into deep sum41,The comment expresses a simple observation about the intro music and doesn't convey strong positive or negative emotions.,Neutral
Negative,Autotune??,The comment expresses a critical opinion about the use of autotune in the music video.,Neutral
Positive,Need Beats?,"This comment expresses a desire for music, implying enjoyment and a positive connection to the video's content.",Neutral
Positive,"The teacher was sure, he can't sing - too deep the voice.  As he hear what there say, an Vulcano has break out and the lava was in flow ^^  (Without this stupid teacher, we have never seen her)","Despite criticizing the singing, the commenter ultimately expresses a positive sentiment, celebrating the video and its creator with enthusiastic emojis and language.",Neutral
Positive,"Well I ik side effects were literally my bane of existence 🤣😭😆 ❤❤ been loving the mind spirit force nation we could create got the notes but they are all like this love are calling you in a few years since I've been taught not to be able to bend the door thrice ringed octopus 🦑 🦑  sacral plexus withmy lover have to start unfolding to untangle refine close to resting subject to sleep 💤 💤 💤 like a stand alone 4 pillars of eternity lasts inside 💠 👄 💓 👄 to the library under the trees the sounds4to get some 🎉🎉KrazyKoolKrew ad on a personality trait is it not 🚫 🚫 it's from the hearts beautiful tapestry intertwined through time and space theuniverse 😉 😉 💝 😘 😉 😉 ☺️ 💥 💫 🧹 💚 🤍 💜 🖖 🤞 🍄 🍀 🍁 🍁 🌴 🍀 🍁 🌈 🫧 🔥 🙌 🫶 🦻 👅 🫦 🌉 🌉 🌐 💞 ✨ 🎶 🦋 🫀 🍁 🌈 🫧 🔥 🙌 👐 🤞🤞🤞🥳🥳🧐🧐🫠🫠🥰😍🥰🤩😇👁️💟💚🤍❤️🤍🩵🩵💥🌟🌟🕳️🌟🌟----÷AO(XISA.. 9star or tenth avenue north crescent rolls 🥐 🥐 💥 🥐 💫 🧹 💚 🤍 💚 🤍 💚 🤍 💚 🤍 💚 🤍 💚 🤍 💚 🤍 🥐 🥐 💥 💥✌️ 🫰 🫰 🫰 🧝 🧙 🧛 🧑‍🔬 🧑‍🔬 🧑‍🔧 😽 💖 😶‍🌫️hills have eyes from crying the emotions to kinda explode into the internals what are the chances of as we see the moon and we have been looking at the sun 🌻 lights all the same switching to the bar hoping to see you and I can see it now but I'll have to look for the next two days in my life ❤❤💠🕰️⌛🧲🧰✒️⏳🪄🤍💚🧬🧭 💖 🙏 😽 Where have you gone, been a few years since start, seeking to be able to make it through this year would have been the seeking to be home by the love generation ❣️ ❣️ 🙈 😍 🌹 🎶 🛸 ⛩️ 🛸 🦄 🌠 💧 💯 ❣️ 🙈 😍 😍 💚🧑‍🎤🙈💚🧝🧑‍🚀🫅🖖🔮🌠🌠🌠🌠🌠🌠🌠😍🤩😍🥹🥹🤪🤐🤪🥺🥰🥰🫡🫡😳 curiosity T 3:33 42 47 to get to know you more than anything else 💞 😽 🎉😴😴🤯leavitate to a galaxy's edged  ⚔️ 🛡️ 🗝️ 🔐 🗝️ 🗝️ 🔐  🗝️ 🔐 🗝️  🔐   🔐  🗝️ 🔐 🗝️ 🗝️ 🔐 🗝️ 🗝️ 🔐 🗝️ 🗝️ 🔐 🗝️ 🔐 🗝️ 🗝️ 🔐 ⚔️ ⚔️ ⚔️ P❤bit different Toxic us family thanks for the healings bit of mirrors and smoke lazers3:334247💠 💠 💠 😶‍🌫️ 😶‍🌫️ 😜 😎 🪄 💚 🤍 💚 🤍 ❤❤🌠⛩️🎶 exactly seeking ice twice and the ocean thrice the one in and the the one 🕐🕜 times been hard going 🤣🤣🤣🤣🤣🤣🤣 yes i can switch this is the flow IYKYK IKYK told the guys not all but who knows what will happen should be able to see you with eyes only on 2 simultaneously need at least 3 for the activity of 3 sight ❤❤❤ car brain...😅😅 realistic realizations for my philosophy research genius with some flare (fucken trust you and the ones at the table forgot to check when we talked was yesterday for me xox love)","The comment is overwhelmingly filled with emojis expressing joy, excitement, and affection, indicating a positive emotional response to the music video.",Neutral
Positive,Es hermosa esa mujer ❤❤❤ Que buen beat y ritmo musical,"The commenter expresses admiration for the woman and praises the music's beat and rhythm, indicating a positive feeling.",Positive
Negative,"The production on this is dire. Weak keyboard (like a kids keyboard) and the vocals are over compressed and dull, like they're covered in muslin.","The comment uses harsh criticism describing the production quality as 'dire,' 'weak,' and 'dull,' indicating a negative sentiment.",Negative
Positive,Comment dire. Entre deux tempos 😉,The use of a winking emoji suggests amusement and a positive reaction to the video.,Neutral
Positive,catchy,The word 'catchy' expresses a positive feeling about the music video.,Positive
Negative,I can feel the sadness in every notes 🥲,The use of 'sadness' and the emoji suggest a negative emotional response to the music video.,Negative
Neutral,"Not my kind of music as such, but this a catchy Pop tune",The commenter expresses a slight preference but acknowledges the song is enjoyable and has a positive quality (,Neutral
Negative,"I love Dua Lipa, she is flawless both visually and musically! But not gonna lie, this vid would’ve been way better without all those creeps hanging around her and gawking at her through the window. It gives off creep vibes and makes me feel uneasy to watch her there amongst all that!😧","While the commenter initially expresses love for Dua Lipa, the comment primarily focuses on a negative reaction to the video's visuals, describing them as unsettling and uncomfortable.",Neutral
Negative,"To the lyrics, to the content: okay but how about a little humility. You're all about ""what I need. ""","The comment expresses criticism and a lack of humility, indicating a negative sentiment towards the video's message.",Negative
Positive,is it just me or it gives 2000s vibes?,"The comment expresses a positive association with the music video, referencing a nostalgic '2000s vibe'.",Neutral
Negative,Nothing special in the song. So generic. Still arrangements are pretty good,The comment expresses disappointment with the song's lack of originality ('so generic') despite acknowledging decent arrangements.,Negative
Neutral,Why the chorus is similar to Tokyo Nights by Digital Farm Animals? 😮,"The comment expresses a simple observation and a surprised emoji, but doesn't convey a strong positive or negative opinion.",Neutral
Positive,"I enjoy the young lady's singing. The driving beat will be hard on the ol' head, but it's pretty fun.","The commenter expresses enjoyment and finds the music 'pretty fun,' indicating a positive sentiment.",Neutral
Positive,Stealing tokyo nights’ melody 😅,The use of '😅' suggests amusement and enjoyment of the music video.,Negative
Positive,Disco + 90’s vibes,The comment expresses enthusiasm for a nostalgic and enjoyable musical style.,Positive
Negative,"The chorus is good Dua Lipa, the rest is just pure junk.","Despite acknowledging a positive element (the chorus), the overall sentiment is negative due to the criticism of the 'rest being pure junk'.",Neutral
Positive,Hold you deeper than the holy Ghost,"The comment expresses a feeling of profound connection and spiritual depth, indicating a positive emotional response to the music video.",Neutral
Positive,It reminds me of Jennifer Lopez  vibes I love it!❤,"The commenter expresses clear enjoyment and a positive association with Jennifer Lopez, indicating a favorable sentiment.",Positive
Positive,I love the transition of the beat and this song is the best,"The commenter expresses clear enthusiasm and states the song is 'the best,' indicating a positive sentiment.",Positive
Positive,Anyone else catching that LG “New Beginning” ringtone feel to the track? 👀,The commenter’s use of ‘catching that’ and the emoji suggest they are enjoying the song's resemblance to a familiar and pleasing ringtone.,Neutral
Positive,"Beautiful and powerful, Dua never failed to make great music!","The comment expresses enthusiastic praise for Dua Lipa's music, using positive adjectives and a statement of consistent quality.",Positive
Positive,"I was trying to find the name of another song with lyrics that sound like _""We were happy once.... All the timeeee.... Everything's going to be Alright""_ (melancholic song sung by female with voice like Lady Gaga) but instead i found the other song I heard on radio... Every song Dua puts out ends up being so catchy 😍 9:25am 16.6.2025","The commenter expresses enthusiasm and positive feelings towards Dua Lipa's music, describing it as 'catchy' and enjoying it.",Positive
Positive,its giving VIBE,The phrase 'giving vibe' is a common slang term expressing enjoyment and a positive feeling about the music video.,Positive
Positive,"I discovered today a Korean tradition according to which, the first song listened to after midnight on January 1st, would set the tone for the year. I guess cupid decided to ruin my year, I'm fucked 😂🎉❤","Despite expressing frustration ('I'm fucked'), the emoji usage (🎉❤) and overall enthusiastic discovery indicate a positive sentiment.",Negative
Negative,"Because of the evil of human beings, and the hidden tyranny of darkness, the rain will always cry with deep and constricting tears over the lost hearts of men and women!!! The moon will always recite a poem illuminating the night!!! Carmélia Cassiopeia is not a Greek mythological goddess; but a beauty of contemporary literature!!! The creator will judge the usurped throne of the stars!!! JJJSSS  Por causa da maldade dos seres humanos, e a tirania escamoteada da escuridão,  a chuva sempre vai chorar com lágrimas profundas e constritas o coração perdido do homem e da  mulher!!!  A lua sempre vai declamar um poema iluminando a noite!!! Carmélia cassiopéia não é uma deusa mitológica grega; mas uma beldade da literatura  contemporânea!!! O criador vai julgar o trono usurpado das estrelas!!! A cause du mal des êtres humains et de la tyrannie cachée des ténèbres, la pluie pleurera toujours avec des larmes profondes et constrictives sur les cœurs perdus des hommes et des femmes !!! La lune récitera toujours un poème illuminant la nuit !!! Carmélia Cassiopeia n'est pas une déesse mythologique grecque ; mais une beauté de la littérature contemporaine !!! Le créateur jugera le trône usurpé des étoiles !!! jjjsss  ¡¡¡Por la maldad del ser humano, y la tiranía oculta de las tinieblas, la lluvia siempre llorará con lágrimas profundas y constrictoras sobre los corazones perdidos de hombres y mujeres!!! La luna siempre recitará un poema iluminando la noche!!! Carmelia Cassiopeia no es una diosa mitológica griega; pero una belleza de la literatura contemporánea!!! ¡¡¡El creador juzgará el trono usurpado de las estrellas!!! A causa della malvagità degli esseri umani e della tirannia nascosta dell'oscurità, la pioggia piangerà sempre con lacrime profonde e costrittive sui cuori perduti di uomini e donne!!! La luna reciterà sempre una poesia illuminando la notte!!! Carmelia Cassiopea non è una dea mitologica greca; ma una bellezza della letteratura contemporanea!!! Il creatore giudicherà il trono usurpato delle stelle!!! Wegen der Bösartigkeit der Menschen und der verborgenen Tyrannei der Dunkelheit wird der Regen immer mit tiefen und erdrückenden Tränen über die verlorenen Herzen von Männern und Frauen weinen!!! Der Mond wird immer ein Gedicht rezitieren, das die Nacht erhellt!!! Carmélia Cassiopeia ist keine griechische mythologische Göttin; aber eine Schönheit der zeitgenössischen Literatur!!! Der Schöpfer wird über den usurpierten Thron der Sterne richten!!!  因为人类的邪恶，因为黑暗的隐秘暴虐，雨总会为失落的男男女女的心灵流下深沉而压抑的泪水！ 月亮总会吟诵一首照亮黑夜的诗！！！ 卡梅莉亚·卡西奥佩娅并不是希腊神话中的女神；她是希腊神话中的女神。 但当代文学之美！ 造物主将审判篡夺的星辰王座！！！ JJJSSS","The comment expresses overwhelmingly dark and sorrowful themes, utilizing dramatic and negative imagery to convey a pessimistic outlook.",Neutral
Positive,A lot of harmony ..love d way picture ..of stop letting people inside.  meaning deeper great picture representation of my life ..God bless.. learning lessons ..Putting boundaries for peace 🕊️ ..but close training season 🙂😀🔥🤗,"The comment expresses love for the video's imagery and themes, coupled with expressions of gratitude and positive emotions.",Positive
Neutral,"Narcissistic lyrics, goddamn. But the sound is great!","The comment expresses both a criticism of the lyrics and a positive opinion about the sound, creating a mixed sentiment.",Neutral
Positive,The bridge hits.chorus is amazing yeesss!!!! You look amazing 😊,The commenter expresses enthusiastic approval and excitement using positive language and emojis.,Positive
Positive,Tokyo Nights chorus,The comment expresses enthusiasm for the 'chorus' of a song titled 'Tokyo Nights'.,Neutral
Positive,"Awesome song, excellent chorus, outstanding music I'm impressed , entitled lyrics couldn't care any less..",The comment expresses enthusiasm and admiration for the song's quality and lyrics.,Positive
Positive,"it has ""i was gonna cancel"" by Kylie Minogue vibes","The comment expresses a positive comparison to a well-regarded song, indicating enjoyment.",Neutral
Negative,the most generic mc donalds music i've ever heard lol,"The comment uses sarcastic language ('generic') and 'lol,' indicating a negative reaction to the music video's style.",Negative
Positive,So catchy,The comment expresses enthusiastic approval of the song's catchiness.,Positive
Positive,The lyrics on this song is top notch 👌🏼,The use of the '👌🏼' emoji and the phrase 'top notch' indicates a positive sentiment towards the song.,Positive
Negative,Compositionally completely irrelevant song,"The comment expresses a critical opinion about the song's composition, indicating dissatisfaction.",Negative
Positive,Great vibe 👍wrote the best song 🎸 and shortest song I have ever written 😉2mins and 3 Seconds Long. It took 15mins to pen that $HIT 😜 so to speak 😊☝️,"The commenter expresses enthusiasm and praise for the song's quality and length, using positive emojis and language.",Positive
Negative,Love Dua but not feeling this one. Miss that heavy beat and strong bass line. She needs to work with someone that really lets her beautiful voice come out. I think she's beyond this and headed in the wrong direction.,"The commenter expresses disappointment with the song's sound and suggests it doesn't showcase Dua's voice effectively, indicating a negative sentiment.",Negative
Positive,That second chorus parts is amazing 💖,The use of the heart emoji and the word 'amazing' indicates a highly positive reaction to the music video segment.,Positive
Positive,bam bam bam - im your  really big  big fan! thank you for incredible lyrics and  song! you a so incredible !,The commenter expresses enthusiastic praise and appreciation for the music video and lyrics.,Positive
Positive,Dua gives Monica Belucci vibes!,"The comment expresses a positive comparison, highlighting a desirable quality (Monica Belucci vibes) associated with the artist.",Neutral
Positive,Roy Andersson vibes,"This comment expresses admiration and positive association with the video’s style, referencing Roy Andersson's distinct aesthetic.",Neutral
Negative,Shes becoming katy perry Generic Pop,The comment expresses a negative opinion by comparing the artist to a perceived imitation (,Negative
Positive,The synth got me feeling vertigo,"The use of 'vertigo' in this context suggests a powerful and exciting musical experience, indicating positive sentiment.",Positive
Negative,Different times for sure. Most men have checked out emotionally.,"The comment expresses a critical judgment about men's emotional engagement, suggesting a negative sentiment.",Negative
Negative,I'd rather listen to ABBA and Shania Twain again and again then listen to this half baked inspiration. The chorus and the bridge feel so disjointed!,The commenter uses strongly negative language like 'half baked' and 'disjointed' to express dissatisfaction with the music video.,Negative
Positive,The lyrics are like my thoughts. How'd that happen? 💯♥️,"The user expresses a strong connection and positive feeling about the song's lyrics, indicated by the enthusiastic emojis.",Positive
Neutral,too much autotune this is amazing but over usage is not great her natural voice is way better,"The comment expresses a mixed opinion, acknowledging the video's quality while criticizing the excessive use of autotune.",Neutral
Positive,Dua said its bye to nonchalant emotionally unavailable men cuz theyre not competing with other men anymore but a womans inner peace with themselves,"The comment expresses a feeling of empowerment and liberation, indicating a positive sentiment about Dua's decision.",Negative
Positive,This gives super bowls halftime show vibe💜,The use of 'vibe' and the purple heart emoji indicate a positive emotional response to the music video.,Positive
Negative,Her voice is infallible but the song sucks. Houdini sucks too. Too often the lyrics of her songs are cringy.,"The comment expresses several criticisms of the song and artist's lyrics, indicating a predominantly negative sentiment.",Neutral
Positive,This song so amazing so i covered it fully in my channel because its  catchy,"The commenter expresses strong positive feelings about the song, describing it as 'amazing' and 'catchy'.",Positive
