﻿classificacao,comentario,justificativa,sentimento_manual
Positive,"The first chorus with the crowd screaming ""they not like us"" is pure goosebumps","The commenter expresses a strong positive reaction, describing the chorus as inducing 'goosebumps' which indicates excitement and enjoyment.",Positive
Positive,"I am a 59 year old woman and when I tell u that Kendrick has me turning this up EVERY SINGLE time. Dont know why it resonated with me waaaaaaaaaaaayyyyyyyyy before I knew there was a beef. I just loved the beat and lyrics. But baebeeeeeeeeee, the SuperBowl performance had me with such great pride!!!!! As one of soldiers on the frontline of the movement from 60's to now, I must say I was so impressed and loved it. It got me into the rest of his music. Im highly impressed and proud of K-Dot. For the first time I feel like this young man brought generations together. Me my kids, grandkids and great grand vibe out to this anthem. Yes I SAID ANTHEM !!! Also with wats going on in our nation in 2025, baby we need this and so much more!!! I know I can speak for our nation when I say. THEY NOT LIKE US!!!!","The commenter expresses strong positive feelings, pride, and appreciation for the music and its impact across generations, using enthusiastic language and declarations of love.",Positive
Positive,"When Kendrick drops, the world listens. this isn’t just a song, it’s a warning; every bar is surgical, every beat is heavy, and “They not like us” became a national anthem overnight legendary energy.🎉1 year of release already",The comment expresses enthusiastic admiration and celebrates the song's impact and energy.,Positive
Positive,Bro the beat alone is legendary,"The commenter uses the word 'legendary,' indicating a highly positive and enthusiastic opinion of the music video's beat.",Positive
Positive,"""once upon a time, all of us was in chains, homie still doubled down callin' us some slaves. atlanta was the mecca, building railroads and trains. bear with me for a second, let me put y'all on game. the settlers was using town folk to make them richer. fast-forward, 2024, you got the same agenda. you run to atlanta when you need a check balance."" was my FAVORITE VERSE omg","The commenter expresses strong positive emotion and excitement about the verse, using phrases like 'my favorite verse' and 'omg'.",Positive
Negative,4:08 This part of the video and the song has got to be the best response to the allegation that Kendrick is a wifebeater. Whitney wearing a wifebeater and dancing to not like us.,"The comment expresses a critical and negative reaction to the music video's portrayal of Whitney wearing a wifebeater, directly referencing the controversy surrounding Kendrick Lamar.",Neutral
Positive,I will never get tired of this song lol. The beat is 🔥,"The user expresses enthusiastic enjoyment of the song and its beat, indicating a positive sentiment.",Positive
Positive,This BEAT… Mustard for Prez!!!,The enthusiastic exclamation 'Mustard for Prez!!!' clearly indicates a positive sentiment towards the video and its theme.,Positive
Negative,"""Beat your ass and hide the Bible if God watchin"". 😂😂😂😂😂","The comment utilizes vulgar language and a confrontational tone, clearly expressing a negative sentiment towards the music video.",Neutral
Positive,"I'm making a shout out to Kendrick Lamar. He killed it, give this man his awards. He is the king 👑  and people can stay hatting but Kendrick Lamar nailed it, he beat Drake down so hard with this song and the other song to called euphoria. I'm a huge fan of this man work and I love how he is working with sza they are both know for r&b and rap. I love their voices together and I hope that they make more and they are probably on tour. I love you Kendrick Lamar keep up the amazing work 🎉🎉🎉🎉🎉🎉🎉","The comment expresses enthusiastic praise and adoration for Kendrick Lamar and his music, utilizing positive language and emojis.",Positive
Positive,Playing this at max volume so even my neighbors can vibe too.😂,"The commenter expresses enjoyment and recommends playing the music loudly, indicating a positive reaction.",Positive
Positive,Humble and this was first thing I played through my new studio Beats!!!,The commenter expresses excitement and delight with the music and their new studio equipment.,Positive
Positive,Ten years from now this will still b a vibe,The comment expresses a positive feeling about the music video's enduring appeal and enjoyable quality.,Positive
Positive,This song is still undeniably catchy.,The use of 'undeniably catchy' indicates a strong positive feeling about the song.,Positive
Positive,Amazing beat ❤,The use of 'Amazing' and the heart emoji clearly indicate a positive sentiment towards the music video.,Positive
Negative,"I've been listening to Kendrick since he was K. Dot. (After listening to ""Spiteful Chant"" & ""A.D.H.D"" I knew he was gonna blow up)I have no idea why Drake thought beefing with one of the best Lyricists ever and one of the few that was able to go MAINSTREAM without selling out would b a good idea. Who else would make a beef song the biggest hit of the year AND play it at the Superbowl with drakes ex serena. Even when Drake was at his best he still would have gotten completely destroyed. And props to kendrick for the last verse","The comment expresses criticism towards Drake's decision to engage in a beef and suggests Drake would have been outperformed by Kendrick, despite acknowledging Kendrick's talent.",Positive
Positive,The scale of annihilation this song is systemic..and deep..and danceable! I love it!,The commenter expresses enthusiastic enjoyment and praise for the song using words like 'love' and 'danceable'.,Positive
Positive,"Lyrics genius on so many different levels and I don’t listen to rap, but I was ALL in! Lamar, you did this!!","The commenter expresses enthusiastic support and admiration for the artist's work, indicating a positive sentiment.",Positive
Positive,We coming back to where Drake took notes,"The comment expresses enthusiasm and a desire to revisit a positive association with Drake, indicating a favorable sentiment.",Neutral
Positive,The fact that bro made a viral diss track about drake and has this many views just shows he know exactly how to make proper beats,The comment expresses admiration for the creator's success and skill in creating music.,Positive
Positive,Man idk how this is still such a vibe,The phrase 'such a vibe' indicates a feeling of enjoyment and positivity regarding the music video.,Positive
Positive,"In the 3rd verse, when tommy the clown blows the first whistle , kendrick and the dancers froze in the corner. So dope 🔥🔥🔥","The commenter uses enthusiastic language like 'dope' and fire emojis, indicating a positive reaction to the scene.",Positive
Positive,"The fact that this song is copy right free, is a bop AND a drake diss!.. No wonder everyone learnt the lyrics fast lol",The commenter expresses enthusiasm for the song (,Positive
Positive,"The beat is insane, simple but effective, as always Mustard on the Beat never dissapoint, not to mention Kendrick Lamar. Kind regards.","The comment expresses enthusiasm and praise for the music and artist, indicating a positive sentiment.",Positive
Positive,My ex used to talk so much crap about Kendrick lol and on days when we would drive he would sing his lyrics and I would said “I thought you hated the man” it just shows how men hate men who are successful lol😮 I died😂,"The user expresses amusement and a positive sentiment regarding Kendrick Lamar's success, despite a past negative opinion.",Negative
Positive,thinking back of all the times I said Kendrick was the greatest alive without skipping a beat and I was right,"The comment expresses a strong agreement and affirmation of Kendrick's talent, indicating a positive sentiment.",Positive
Negative,"Drake is dead meat ,his comeback will never be powerful like this song",The comment uses strongly negative language ('dead meat') and expresses doubt about Drake's future success.,Positive
Neutral,"Too busy trying to learn the lyrics, I didn't even notice Demar Derozan, twice, smh...","The comment expresses amusement and a slight observation, lacking strong positive or negative emotion.",Neutral
Positive,I have dementia and i still memorized the lyrics to this song,"The commenter expresses a personal accomplishment and positive engagement with the music, indicating a favorable sentiment.",Positive
Neutral,"At school, I guess this song by the first beat",The comment expresses a casual observation about the song's origin rather than conveying any strong emotional reaction.,Neutral
Negative,"This is not music, nor is it singing .The guy is just talking  against the background of the shitty annoying beat.  Why would anybody listen to this crap 😂","The comment expresses frustration and dismisses the video as 'crap,' indicating a negative sentiment.",Negative
Positive,The vibe is so good,The comment expresses a positive feeling about the music video's atmosphere.,Positive
Negative,Drake took THE WORST L in hip hop hop history 😂😂,The use of 'L' (loss) and the laughing emojis clearly indicate a mocking and critical sentiment towards Drake.,Neutral
Positive,"Does anyone wanna talk that in God’s Plan, There is a chorus with fans and there is a chorus with fans in this😮😮😮😮",The excessive use of '😮😮😮😮' emojis suggests excitement and enjoyment of the music video.,Neutral
Negative,"Dear Kendrick, I hope you read  this  comment. You make good  music  but your superbowl performance was terrible and what you did  was awful  i hope you  get canceled  for what you did trying to  start a revolution is just plain out  stupid that  war and revolution stuff ended years ago","The comment expresses disappointment and criticism regarding the performance and actions, using terms like 'terrible,' 'awful,' and 'stupid'.",Negative
Negative,Say OV-Hoe 😂😂 that’s an emotional damage,The use of 'emotional damage' combined with the laughing emojis indicates a negative and critical sentiment towards the music video.,Negative
Negative,This song is trash. The cadence and voice he is using is fucking annoying.  Wack shit.,"The comment expresses strong disapproval using derogatory terms like 'trash,' 'fucking annoying,' and 'wack shit'.",Negative
Positive,Kendrick gave a Master Class on a lyrical beatdown. He's the Lex Luther of Hip Hop!,"The comment uses enthusiastic language like 'Master Class' and 'lyrical beatdown,' expressing strong admiration for Kendrick Lamar.",Positive
Positive,This is such a vibe,The phrase 'such a vibe' expresses a feeling of enjoyment and appreciation for the music video.,Positive
Neutral,Kendrick is a Temporary club hitta Drakes music will always play at the Club 🔉🔉🔉,"The comment expresses mixed feelings about Kendrick and Drake, acknowledging their popularity but without a clear positive or negative emotional tone.",Negative
Negative,Kendrick is one of the worst artists i ever heard,"The comment expresses a strongly negative opinion about Kendrick Lamar's artistry, using the phrase 'one of the worst artists'.",Negative
Positive,Mustard on the beat hoe 🎉,"The use of 'hoe' is slang often used playfully and enthusiastically in celebratory contexts, indicating a positive reaction to the music video.",Positive
Positive,"Beat that halftime show...... anywhere..... He didn't even rap my favorite of his..... But Serena, I had to stop and rewind 🥰 who won the game?","The commenter expresses positive feelings towards Serena and uses an emoji indicating delight, indicating a positive sentiment towards the video and its content.",Positive
Neutral,"Kendrick Lamar Duckworth (born June 17, 1987) is an American rapper, singer, songwriter and record producer. Regarded as one of the greatest rappers of all time, he was awarded the 2018 Pulitzer Prize for Music, becoming the first musician outside of the classical and jazz genres to receive the award. Lamar's music, rooted in West Coast hip-hop, features conscious, introspective lyrics, with political criticism and social commentary concerning African-American culture.","The comment provides factual information about Kendrick Lamar and his work, lacking any expressed emotional tone.",Positive
Positive,🎉❤I like this vibe 🚬☠️🔥,"The use of emojis like 🎉, ❤, and 🔥 clearly indicates a positive sentiment towards the music video.",Positive
Positive,Something catchy about this B 😂,The use of '😂' (laughing emoji) indicates amusement and a positive reaction to the music video.,Neutral
Negative,Mustard on the beat hoe 😂,The use of the derogatory term 'hoe' combined with 'mustard on the beat' indicates a disrespectful and negative opinion of the music video.,Neutral
Positive,Killer lyrics!!,The exclamation point and the use of 'Killer' suggest strong positive enthusiasm for the song.,Positive
Positive,"""Sweet Chin Music"" in Kendrick Lamar's music refers to a metaphor taken from professional wrestling, specifically the finishing move of WWE Hall of Famer Shawn Michaels. In the wrestling world, Sweet Chin Music is a superkick—an iconic move that knocks out an opponent with a quick kick to the chin. -ChatGPT This shit is SOOO deep.",The commenter expresses admiration and appreciation for the song's depth and use of a complex metaphor.,Positive
Negative,One of the worst songs I have ever heard. He sounds like a hillbilly 😂😂😂 you call this trash music ? Lol,"The comment uses strong negative language ('worst,' 'trash') and a mocking emoji, indicating a clearly unfavorable opinion of the music video.",Negative
Positive,I luv the beat I luv when he said   since 09 he had it. Jumping,"The commenter uses enthusiastic language ('luv', 'jumping') indicating a positive reaction to the music video.",Positive
Negative,"Not Like Us is not a future and you know why because it's not changing the negativity of Hip Hop Music and it's also suppoting the negativity because it mocks God,and I can prove it to by this line in the song ''Beat your a** and hide the bible if Gods watching.",The comment expresses strong disapproval and accusations of blasphemy and negativity within the song.,Negative
Positive,Bro is rapping like he ain't breathing like not even a deep breath 🎉😂,The use of emojis (🎉😂) and enthusiastic phrasing ('Bro is rapping like he ain't breathing') indicate positive excitement and enjoyment.,Negative
Negative,Boring Beats get a guitar and learn some R'n'r,"The commenter expresses dissatisfaction with the video, using the word 'boring' and suggesting a lack of desirable musical elements.",Negative
Positive,mustard on the beat,The comment 'mustard on the beat' is likely a playful expression of enjoyment and appreciation for the music's rhythm.,Neutral
Neutral,"Dr6ke: ""if you can beat 'em, just copy 'em""",The comment is a general observation and doesn't express a clear positive or negative feeling about the music video.,Negative
Negative,Drake worst nightmare,"The comment expresses a strong dislike for the music video, using the phrase 'worst nightmare' to convey a negative feeling.",Positive
Positive,"5:06 LOVE THIS BEAT FIRE🔥 SHAKEN FATASS! THE RHYMES ARE FIRE 🔥 TOO. OMG I HAD THE PART OF THE SONG THAT SAYS ""THEY NOT LIKE US!"" (REPEATEDLY) ALL WRONG! I WAS SAYING ""THEY LIKE  EM YOUNG"" (REPEATEDLY)! I'M SORRY! I'M DEAD😆🤣","Despite the initial self-deprecating humor and slightly vulgar language, the overall tone expresses enthusiastic appreciation for the music and beat.",Positive
Positive,Damn the chorus is catchy,The commenter expresses enthusiasm by describing the chorus as 'catchy'.,Positive
Negative,I’m bout to pass on this beat like John Stockton,"The comment uses a negative comparison (John Stockton, known for his defensive prowess) to express disapproval of the music beat.",Neutral
Positive,Yo Kendrick Lamar you a straight-up genius! This is now my ringtone this is now my new favorite song of all times! Get it Biotch you are a badass! I'll say it again FLATOUT GENIUS! EPIC SONG! HOPE IT GETS SONG OF THE YEAR Blessing's~ Pixie 🙏🏼🥰❣️🔥✌🏿🎶🎤🕺🏾☝🏿,"The comment expresses enthusiastic praise and excitement for the music video and song, using terms like 'genius' and 'epic song'.",Positive
Neutral,Mustard on The Beat,This comment simply states a title and doesn't express any positive or negative emotion about the music video itself.,Neutral
Positive,"I grew up in Compton/L.A and Tommy tha Clown used to ride through the city beating and would jump out his car, and we'd all dance with him in the street. That was back in the 90s, and he's still going strong after all these years.",The commenter expresses nostalgia and admiration for the artist's continued success and positive impact.,Positive
Negative,This is boring annoying and complete garbage,The comment expresses strong dissatisfaction and uses negative language (,Negative
Negative,The Vibe? Ghetto trash sreggin.,The comment uses derogatory language ('ghetto trash') to express a negative opinion about the music video's style.,Negative
Negative,Give it 6 months before Maga uses the beat.,"The comment expresses a cynical and critical opinion about the potential use of the song by a political figure, indicating a negative sentiment.",Negative
Negative,"I personally think this song is awful and you can barely understand what the so-called rapper is saying. I miss ""real"" music.",The comment expresses strong dissatisfaction with the song and criticizes its quality and the artist's lyrics.,Negative
Positive,"I'm not Black, but my skin tone is dark. after this song. i don't feel the difference anymore.","The commenter expresses a feeling of unity and acceptance, indicating a positive emotional response to the music video.",Neutral
Negative,I don't know why they played with that man he been showed niggas can't nobody fwh when he dropped that Control verse years ago I think only wayne in his prime & eminem can give him a run for his money & possibly jcole but Cole backed out so that says alot,The comment contains derogatory language and expresses critical opinions about the artist's performance and potential rivals.,Negative
Positive,Maki from andteam post in weverse got me here😂 👍🏼🔥,The use of emojis like 👍🏼 and 🔥 indicates enthusiastic approval and excitement about the music video.,Positive
Positive,It never was more clear who won a battle. True definition of beating someone.,"The comment expresses a triumphant and victorious sentiment, indicating a positive feeling about the music video's outcome.",Positive
Negative,other vaginal option one of the worst bars in the battle,"The comment expresses strong disapproval and criticism of a specific song lyric, indicating a negative sentiment.",Negative
Positive,GIVES SNOOP DOG VIBE,"The comment expresses a positive association by comparing the video to Snoop Dogg, typically a well-regarded and enjoyable figure.",Neutral
Positive,Mess with the wrong guy with Mustard on the beat Ho !!!!😂❤,The use of emojis (😂❤) and enthusiastic language strongly indicates a positive reaction to the music video.,Negative
Positive,I love this vibe,The commenter expresses enjoyment and appreciation for the music video's atmosphere.,Positive
Neutral,"Never heard this song. Not a bad song, but how did this win Grammys? There is no way for the average person to understand even 20% of the song's lyrics","The comment expresses a mixed opinion, acknowledging the song's quality while questioning its award recognition, indicating a neutral stance overall.",Negative
Negative,Stupid ass song. Stupid ass beat.,The comment uses derogatory language ('stupid ass') and expresses strong dissatisfaction with the song and its beat.,Negative
Positive,❝ Mustard on the beat ho- ❞,The use of 'ho-' in this context suggests enthusiastic agreement and approval of the music's rhythm.,Positive
Positive,This has a much deeper meaning than Drake and I'm here for it 😂😂😂😂 I'm dyin laughing about it,"The commenter expresses enthusiastic enjoyment and laughter, indicating a positive sentiment towards the music video.",Positive
Negative,"stop doin that goofy shit, go back to doing untiteld 05 ahh beats",The comment expresses disapproval and criticism of the artist's performance with terms like 'goofy shit' and 'untiteld 05' suggesting a negative reaction.,Negative
Positive,2000s vibe,The comment expresses a positive appreciation for the music video's aesthetic reminiscent of the 2000s.,Neutral
Negative,I can't talk to nobody else.... Keep 💯.. I'm not trying to get life because my guns license in the law forcement illegally an my gun promit in the streets illegally to kill us an my name on the military 🪖 in USA probably the whole world 🌎🌍 for the trick like my favorite rapper told me Prodigy from Mob Deep... Illuminati wants my mine soul an my body 🕵🏻,"The comment expresses frustration, concerns about illegal gun ownership, and paranoia, indicating a predominantly negative sentiment.",Negative
Negative,The tempo of this song is the same as gas stove trying to light.,The comparison to a malfunctioning gas stove suggests frustration and a negative experience with the song's tempo.,Neutral
Positive,😤IM NOT INVISIBLE I see ASW PEOPLE MY DAD’s a Numerologist I’m a intergalactic SOUL Mariyam;Purity of a bright whiteness Madina;One who Judges MUHAMMAD SWS❤❤❤❤❤❤NAAILAHs 6th Daughter FORMALLY KNOWN AS AALIYAH CARTRR -LETTHEBEATBUILD …..they slept on his lyrics to DARKSIDEOFTHEMOON.Mirrors his painting I’m there THE PUBLIC EYE 👁️ KNOWS NOW 2:33pm FRIDAY,"The comment expresses passionate admiration and defense of the artist's work and heritage, indicating a positive emotional response.",Negative
Negative,Quanto mais o tempo passa mais dá pra ter noção do quanto foi um esculacho do caralho kkkkkkkkkkkkkk,"The comment expresses strong, vulgar amusement at a perceived poor performance, indicating negative sentiment.",Positive
Positive,1:10 fun fact this shot doesn't use special effects kendrick just used his powers,"The comment expresses admiration for Kendrick's skill and natural talent, indicating a positive sentiment.",Positive
Positive,Probably my favorite kendrick verse ever 😂 I spilt blood on my apron cooking this shii up…. I FEEL LIKE SOME OF YALL IS HATING,"The use of 'favorite,' '😂,' and the expression of a strong emotional response indicate a positive sentiment despite the user's accusation of negativity from others.",Positive
Positive,<3 love this vibe <3 so true 100%,The use of heart emojis and phrases like 'love this vibe' and 'so true' clearly indicates a positive sentiment.,Positive
Negative,"This song is thrash! No flow , nothing , no rhyming ! Wow ! This piece of shit is a hit song. Horrible voice lyrics and all !","Despite an initial positive descriptor ('thrash'), the comment overwhelmingly expresses negative opinions about the song's quality and vocal performance.",Negative
Positive,Mandem we can use this as the new cpr beat let’s use this sick beat to good use research online if u need,"The commenter enthusiastically suggests using the track as a beat, expressing a positive evaluation of its quality.",Neutral
Negative,Why’s he beating up a fucking owl ???? What did the owl do to you Kendrick. I bet it ate your cat. Meow,The comment expresses extreme anger and aggression towards the artist and the music video content through offensive language and accusatory statements.,Negative
Neutral,Should I use this beat  for a song,"This comment expresses a simple question seeking advice, lacking explicit emotional tone.",Neutral
Negative,"Whack beats, whack lyrics. I've never bumped a kl song. Been bumping Drake for almost 20 years. This dude will be forgotten in 5 years. Calling Drake a popstar, only know who this clown is because he's all over the pop station. Keep it real, Drake always has.","The commenter uses harsh criticism ('whack beats', 'whack lyrics') and predicts the artist's future failure, indicating a negative sentiment.",Negative
Neutral,"I know musis , lyrics was on point but the message was the end THE OWL","The comment expresses a mixed opinion, praising the lyrics while highlighting a dissatisfaction with the overall message, leaning towards neutral.",Neutral
Positive,Is Taylor your little sister gangbanger what’s the vibe I can’t keep up it’s getting too personal hahahaha someone of us LIVE IN THESE STATES fl and Georgia and Texas and Tennessee I love all colors ❤😅🖤,"The comment expresses enthusiastic enjoyment and affection for the music video and its themes, indicated by laughter and emojis.",Negative
Positive,"He dis'n more than drake .... Read the transcript, he talking about several. I didnt catch it until i saw lyrics, and he is pretty clever the way he weaves their names in the lyrics",The commenter expresses admiration for the artist's clever lyricism and understanding of the song's meaning.,Positive
Positive,Kendrick has the smoothest vibe game......i stg.....moves so perfect......f Drake all day.....XXX Tentacion 4 lyfe,The commenter expresses enthusiastic admiration for Kendrick Lamar's music and compares him favorably to Drake and XXXTentacion.,Positive
Negative,"Maybe it's just me, but this song isn't very good.  Pronouciation is horrible, timing and rhythm is bad and the rymes are like 3/10","The comment expresses clear dissatisfaction with the song's quality, citing poor pronunciation, timing, rhythm, and rhyme.",Negative
Negative,your over 50 your making fun of my voice your voice has deep voicecrack in it can make sissisisi,"The comment expresses direct criticism and insults regarding the singer's voice, indicating a negative sentiment.",Negative
Negative,"Bro drake is cooked, deep fried boiled, smoked, grilled, roasted, baked, sauted, steamed, broiled, seared, stir fried.",The extensive use of cooking terms to describe Drake implies a critical and unfavorable opinion.,Positive
Negative,"Bro drake music carrer is cooked, deep fried and burned","The comment uses strong negative language ('cooked,' 'deep fried,' 'burned') to express criticism of Drake's music career.",Positive
Negative,What is this shit ??? And voice is like beated by yr dad Drake 😂😂,The comment uses strong negative language ('shit') and expresses a critical opinion about the music video's quality and the singer's voice.,Negative
Negative,This is what passes as art these days? The lyrics sound like  a middle school mean girl diary entry run through a ghetto/poor grammar filter,"The comment expresses strong criticism and disdain for the music video and its content, using negative language like 'mean girl diary entry' and 'ghetto/poor grammar filter'.",Negative
Positive,Really cool lyrics❤,The use of a heart emoji and the word 'cool' clearly indicates a positive sentiment towards the music video.,Positive
Negative,His style of rap sucks really can’t stay with the beat at all,"The comment uses strong negative language ('sucks', 'can’t stay with the beat') expressing a clear dislike of the artist's style.",Negative
Negative,"Updated verse for 2025: We not like Trump, we not like Trump!",The repeated expression of dislike for Trump indicates a negative sentiment.,Negative
Negative,Bro I’m not gunna lie this might be the worst diss of all time… how do people like this?,"The commenter expresses strong disapproval and disbelief, indicating a negative sentiment towards the diss track.",Negative
Negative,0:20 if you knock at a mexicans door with that same rhythm it means go eff your mother lol i didnt realize that until I did it to my uncle 😂,The comment uses offensive language and expresses a disrespectful and aggressive sentiment regarding the music video's rhythm and implied message.,Negative
Negative,His voice is so annoying ngl,The use of 'annoying' expresses a clearly negative opinion about the singer's voice.,Negative
Positive,Can't beat Antonio Tate I see dead people,"The commenter expresses a positive opinion by stating they 'Can't beat' Antonio Tate, suggesting admiration and enjoyment.",Neutral
Positive,happy anniversery,"The comment expresses a joyful celebration, indicating a positive emotion.",Positive
Positive,Love the lyrics so real and genuine you are the goat ❤just had to give it to Kendrick ❤,"The commenter expresses strong positive feelings using phrases like 'Love the lyrics,' 'so real,' and 'you are the goat,' indicating enthusiastic appreciation.",Positive
Negative,"That verse ""with money coming out the anus"" starting to make scenes right about now playboi","The comment uses vulgar language and a potentially offensive metaphor, indicating a negative reaction to the music video.",Negative
Positive,"Some people be forgetting how deep this is “what is the owl, bird 🥷s and burnt bitches” real rap",The commenter expresses appreciation for the song's depth and acknowledges it as 'real rap' which indicates a positive sentiment.,Neutral
Negative,To be so deep into your feelings being hurt isn't a good look in hip hop smh that's probably what you missed,"The comment expresses criticism and judgment about the artist's portrayal of emotional vulnerability, indicating a negative sentiment.",Negative
Positive,What good music is very catchy,The comment expresses a positive opinion about the music being 'very catchy'.,Positive
Negative,1:17 Kendrick said Drake im going to beat you up like a little boy.,The comment contains aggressive and confrontational language suggesting a hostile sentiment towards Kendrick Lamar and Drake.,Neutral
Positive,GOOFY VIBE!,The exclamation point and enthusiastic description ('GOOFY VIBE!') clearly indicate positive sentiment.,Positive
Negative,Yo dis is da worst shit I've ever heard,The comment expresses strong disapproval and uses negative language (,Negative
Positive,Quem aqui procurou a música por muito tempo ?,"The comment expresses a shared experience of searching for the song, suggesting a positive connection to the search and the music itself.",Neutral
Positive,That drake verse was funny as hell,The use of 'funny as hell' indicates a highly positive reaction to Drake's verse.,Positive
Negative,This is soke of the worst hip hop I’ve ever heard,The comment uses strong negative language ('worst') expressing a clear dissatisfaction with the music video.,Negative
Negative,beat your a** and hide bible if god watching... tf.. 😂,"The comment uses vulgar language and expresses disbelief/disgust, indicating a negative sentiment.",Neutral
Neutral,"Can someone explain to me the chorus ""they not like us"" who is 'they'?","The comment expresses curiosity and a question about the lyrics, lacking explicit emotional expression.",Neutral
Positive,This beat is sick,The use of 'sick' indicates a strong positive opinion of the music track's rhythm and energy.,Positive
Positive,Dang nice beat and they not like us,The use of 'dang nice' and the generally complimentary tone indicates a positive sentiment towards the music video.,Positive
Positive,😂😂😂beating a yada,The excessive use of laughing emojis (😂😂😂) indicates amusement and a positive reaction to the video.,Neutral
Positive,"I first heard this song from the SuperBowl LIX, as he performed for the Half-time. Now I repeatedly hearing this beat on Sister Leveling (Solo Leveling Parody) 😭😭😭😭😭 Song-yi winning on Jail Route.","The user expresses joy and excitement regarding the song's popularity and success, indicated by repeated listening and positive reactions.",Neutral
Positive,Vibe only,The single word 'vibe' expresses a positive feeling about the music video's atmosphere.,Neutral
Positive,Nah I fuck with Drake but Kendrick absolutely shit on him.  Kendrick Lamar is the best rapper of era and of possibly all time. He won fair and square and beat Drake at his own game,"The comment expresses strong admiration for Kendrick Lamar and declares his victory over Drake, indicating a positive sentiment towards him.",Positive
Positive,"Pure nas, 90's beat, message heard and sent",The commenter expresses enthusiastic appreciation for the music's style and impact.,Positive
Neutral,Mustard on the beat ho,This comment consists of a nonsensical phrase and likely represents a user's reaction or expression without clear sentiment.,Neutral
Negative,"Dr6ke: if you can beat 'em, just copy 'em",The comment expresses a dismissive and critical attitude toward the music video's originality.,Neutral
Positive,0:40 the beat drops,The phrase 'the beat drops' indicates excitement and enjoyment of the music.,Positive
Negative,"This ""song"" has TWO notes ONLY  Although this song is in fact awful its banality does capture the time we are living in. They have dumbed us down to the point where we are bragging about not being pedofiles to a song that has 2 notes. Doo Doo Da Doo. 1 Doo 3 times with 1 Da in between.","The comment expresses criticism and disdain for the music's simplicity and perceived lack of intelligence, indicating a negative sentiment.",Negative
Negative,"I feel like Kendrick would not stand a chance if Eminem was on his beat, he would probably make that shit viral","The comment expresses a negative opinion about Kendrick Lamar's potential success compared to Eminem, using dismissive language like 'would not stand a chance' and 'make that shit viral'.",Negative
Negative,"Fast forward, and now this song could be about our elected officials- THEY NOT LIKE US, striking all them A-minor chords.","The comment expresses frustration and criticism with the phrase 'THEY NOT LIKE US,' indicating a negative sentiment towards the song's theme and potentially those depicted in it.",Negative
Negative,Do people really like this song? The beat is not good. The raps are okay. I don’t get it. I think people just wanted to side with Kendrick. And thought drake should take the L. But drake had better songs in this battle.,"The comment expresses disappointment with the song's beat and a critical opinion of the artist's performance, ultimately conveying a negative sentiment.",Negative
Neutral,"Dr6ke: ""if you can beat them, just copy them""",The comment expresses a playful observation rather than a direct positive or negative emotion about the music video.,Neutral
Negative,"It seems like im the only one who thinks song is whack as hell. Nothing like the Tupac, Nas, the lox, DMX,Jayz, Queens bridge, Rocafella, Eminem, D12, 50 cent , G-Unit diss tracks . It’s so confusing. Drake , lil Wayne era songs were so much better no ? I admit I may be missing something but why did this song get so much clout ? Seems like it was because a rapper went after another rapper and the generation never was alive to witness a rap beef. That was the regular back in the day and it ranks at the bottom as one of the worst diss tracks I ever heard in my life and I’ve heard them all. Real talk","The comment expresses strong dissatisfaction and criticism of the song, repeatedly labeling it as 'whack' and 'worst diss track'",Negative
Negative,This song blows dick. Seriously the worst rap i ever heard.,The comment uses highly offensive language and expresses a strong negative opinion about the song.,Negative
Negative,The sad thing is Kendrick Lamar doesn’t know that deep Down there’s a bunch of ten year olds of have a crush on him,"The comment expresses a critical observation about a perceived obsession, suggesting an uncomfortable and potentially negative reaction.",Negative
Positive,2:55 what if pac actually wrote this verse and gave it to him to rap... 🤔( yeah I wish he was alive),"The comment expresses a wistful admiration and hope for Pac's continued involvement, indicating a positive sentiment towards the music video and his legacy.",Neutral
Negative,Worst black music. Dj Mustard!🖕Why you give your gold to this boy?,"The comment uses harsh language ('Worst', 'this boy') and expresses disapproval of the artist and his music.",Negative
Negative,Sounds like a generic Suga free rapper on this song,"The comment expresses a critical opinion, describing the music as 'generic' and comparing it unfavourably to a specific artist, indicating a negative sentiment.",Negative
Positive,Bro . . . . The beat is mixed *SO* well.,The exclamation point and use of 'SO' indicate strong positive excitement about the music mix.,Positive
Positive,Very Vibeeeeeeeeeeeeeeeeeeee🤩,The use of 'Vibeeeeeeeeeeeeeeee' and the '🤩' emoji clearly expresses enthusiastic positivity.,Positive
Negative,Dis song îs like synthetic weed 1st You dont like after You cant stop,"The comment expresses a negative reaction, describing the song as unpleasant and addictive in a detrimental way.",Neutral
Positive,so gotta get dance lessions from DA MAN Misure Ken MAn -secy deep er da berry CoCO!!!,The enthusiastic exclamation points and reference to a dance lesson indicate a positive feeling towards the music video.,Negative
Positive,Lot gonna lie i get 3rd verse.yay.,The use of 'yay' indicates enthusiastic approval of the music video's third verse.,Positive
Positive,So good the music bruh i love this song i can't stop looking this bruh is so good and Drake is so fuck up bruh no one can beat Kendrick,"Despite the explicit language, the overall tone expresses strong positive feelings towards the song and artist, using enthusiastic and appreciative language.",Positive
Negative,"i cant believe this is hip hop and everybody is eating it up. so petty to “beef” with someone. thats not creative, its just talking bad about someone over a beat…stupid","The comment expresses frustration and criticism of the music's content and the 'beef' it promotes, indicating a negative sentiment.",Negative
Neutral,"Dr6ke: ""If you can beat them, just copy them""","The comment is a simple, somewhat ironic statement and doesn't express a clear positive or negative emotion about the music video.",Neutral
Positive,Not the best beat but Kendrick killed it,The comment expresses praise for Kendrick Lamar's performance (,Neutral
Negative,"1:36 ""no ovhoes were harmed during the making of this videos"" he harmed one. Emotionally.","The comment expresses a sarcastic and critical tone, suggesting the video's content caused emotional harm.",Negative
Positive,Drake can't beat this i mean this song won grammys,"The comment expresses admiration for Drake and his success, indicating a positive sentiment.",Positive
Positive,"i just noticed, the black and white owl dropping candy after kendrick beats it basically saying drake sweet as candy, or im just delusional 😭","The user expresses amusement and a positive interpretation of the music video's imagery and lyrics, indicated by the use of '😭' (crying laughing emoji).",Neutral
Positive,Nostalgic 🎉🎉2025,The use of 'Nostalgic' and the celebratory emojis indicate a positive reaction to the music video.,Positive
Positive,Jay Rock's verse is soo fireer,"The use of 'fireer' intensifies the praise for Jay Rock's verse, indicating a highly positive sentiment.",Positive
Negative,Foarte penali off beat in mortii vostrii si vai de mortii ascultatorilor vostrii!🙄🙄🙄🙄🙄🙄,The comment expresses strong disapproval and uses phrases like 'penali' and 'vai de mortii ascultatorilor' indicating a negative sentiment.,Negative
Positive,This song gives a dancing mood vibe😂,The use of 'dancing mood vibe' and the laughing emoji clearly indicate a positive reaction to the music video.,Positive
Negative,"Awful music, awful culture",The comment uses overtly negative language ('awful') expressing a strong disapproval of both the music and the associated culture.,Negative
Positive,0:43 MUSTARD ON THE BEAT YO 🗣️,The enthusiastic use of,Neutral
Negative,"I have to know what a 3:35 a 69 god is? A pervert devil/sex god worshipper?. If so you can add Celine Dion to that list. The publicity campaign for the children's clothing line she did a few years ago is disturbing. And he is just kicking back chill because he's one of fewer and fewer people with their eyes actually open. He sparked some creative energy in me. Don't just sit by and assume anyone else is going to save the world, you have to do your part and then we'll have hope. That's a call to action. I'm working on a bill to submit to congress focused on not overwhelm the system by taking 86% of children away from the family for drug addiction, then turn around and drug all of those children and put them in homes where they are raped and beaten while the kids who are suffering physical abuse are often looked over or given back. I know all too well. I was exposed to sexual explicit hand made dolls @DFS interview at the principal office at school. They looked like cloth African American cabbage patch dolls will adult parts and they isolated me and showed them to me trying to get me to say something had happened to me. There's only one black student in my entire school DISTRICT! So why not regular dolls? It's a super disturbing moment from my life. And I was kidnapped from school in Kindergarten! What school just lets a pervert pick a kid up from kindergarten?! JL Mudd in OFallon Mo.","The comment expresses strong negative emotions, detailing disturbing experiences, accusations of abuse, and a critical view of societal issues, outweighing any positive elements.",Negative
Negative,"Who still don’t know what this is about even after all the arrests, cover ups, and sra survivor stories? They should all pay dearly for what they have been doing to those children. The elevator goes down. 50 deep. The tunnels still run underground all beneath the city.  The owl they truly revere is in bohemian grove. Freaky sickos.",The comment expresses strong condemnation and anger regarding alleged wrongdoing and portrays individuals involved as 'freaky sickos'.,Negative
Negative,None of that sex sacrifice get out hand fast women be worst ones after all this men evil ones will stick together did this and hurt women fast,"The comment expresses strong disapproval and accusations of harmful actions towards women, indicating a negative sentiment.",Negative
Negative,u know what? this is the WORST RAP/ SONGH ON EARTH.,"The comment uses strong negative language ('WORST,' 'ON EARTH') expressing a clear dissatisfaction with the music video.",Negative
Neutral,Whats funny is you wont get the lyrics when you watch it haha,The comment expresses amusement without explicitly stating a positive or negative opinion about the music video.,Neutral
Positive,Want to hear Lil Wayne @lil_wayne on this beats,"The commenter expresses a desire to hear Lil Wayne, indicating a positive feeling about his performance and the music.",Neutral
Neutral,Hub beat 0:20,"This comment simply identifies a point in the music video, lacking any expressed emotion or opinion.",Neutral
Positive,Nice beat,The comment expresses a favorable opinion of the music video's rhythm.,Positive
Positive,yup just  repeat half the lyrics over and over again wow so  good IM LYING TS IS SO UNBELIEVABLY ASS LMAO,"Despite the initial negative language ('ass'), the overall tone expresses amusement and appreciation for the song's repetition, indicating a positive reaction.",Negative
Negative,"Music and lyrics good, vocals, eh so so. He really aint got a singing voice 😅","The comment expresses disappointment with the singer's voice, using phrases like 'eh so so' and 'really aint got a singing voice' indicating a negative sentiment.",Neutral
Negative,"I believe the lyrics are ""freaking ass ninja = he will 69 God""  ---- ""he"" the sense the individual hes referring to is disordered and seeks please for perpetuating his service. IYKYK 👁","The comment uses explicit and potentially disturbing language, and describes a person in a way that suggests distress and potentially harmful behavior.",Negative
Positive,This beat is soooooo good bro . Eternal Damnation to Drake.,The enthusiastic use of 'soooooo good' and the positive reference to Drake clearly indicate a positive sentiment.,Positive
Positive,At mustard on da beat ho,The comment uses enthusiastic slang ('mustard on da beat') indicating a positive reaction to the music video.,Neutral
Positive,Mustard on the hoe mustard on beat hoe,The repetition and enthusiastic use of 'mustard on the hoe' suggests excitement and approval of the music video's rhythm and energy.,Negative
Positive,Love the beat,"The comment expresses enjoyment of the music's rhythm, indicating a positive sentiment.",Positive
Negative,"F*** it, Donald Trump. Yeah, Viber.","The comment contains profanity and expresses explicit opposition to a political figure, indicating a negative sentiment.",Negative
Negative,"Also…having an American artist go onto the Super Bowl stage…the world stage…the BIGGEST world stage and; a. Make an unfounded accusation of a fellow artist being a C3PDOH and B. To use this world stage to so heavily promote so much gang culture/Crip/Crip walking/Pro-gang material is genuinely beyond irresponsible. It’s a rap beef & one of the best/most savage/entertaining/hard fought in hip-hop/rap history, it deserves every accolade within its particular genre that’s available, but to have this disrespectful, pro-gang culture, otherworldly disrespectful track repeat blasted into every television across the world that tuned in to watch my Birds beat KC into a bloody slurry…that’s just wrong…and on every level. Keep that shit where it belongs…and where it belongs is not on the front page-representing our entire country to the world in such a… “manner”. No one has to agree with me, but that doesn’t change the fact that what I’m saying is true. We need to stop promoting this gang worship that’s been going on, too many young kids are watching this shit, taking up a flag and dyin in the streets across the country & now the world over this fake ass culture that in & of itself manages to be hypocritical of itself in representing the culture as being the result of systemic oppression while simultaneously glorifying the life style of its OWN accord and inspiring millions of youth to emulate what they are seeing. Shits gotta stop & people need to start bein held accountable for it and stop hiding behind “taboo subjects” within our society to blame shift its perpetuation. Again, disagree all day, but I’m still right. ✌️😖","The comment expresses strong disapproval and criticism regarding the music video's content and its impact, using words like 'wrong,' 'disrespectful,' and 'fake,' indicating a predominantly negative sentiment.",Negative
Neutral,Mustard on the beat ho,"The comment consists of a nonsensical phrase and lacks any explicit emotional expression, indicating a neutral sentiment.",Neutral
Negative,The fact that Drake is still alive and can visit his own headstone is crazy.,The comment uses darkly humorous language ('visit his own headstone') implying a negative and morbid sentiment.,Negative
Neutral,who wrote this?.. hektik lyrics,"The comment expresses curiosity about the song's lyrics, presenting a neutral inquiry rather than an emotional reaction.",Negative
Negative,Non of his songs can beat emtee...maybe his drunk song can stand against some but 1 on 1 Wala..,"The comment expresses a dismissive opinion, stating that the artist's songs are inferior to another artist's, indicating a negative sentiment.",Negative
Negative,"3:30 oh my this is still my favorite verse, basically A ""How to Guide for building a Dr6ke""",The comment expresses a negative sentiment by referencing a potentially offensive and controversial term (,Negative
Positive,One day i will be biggest rapper of the world 🌎🙏🏼 . And love song. This song vibe is awesome 💯,The comment expresses enthusiastic support and admiration for the artist and song.,Positive
Positive,I spit out my drink when I saw them beating the owl pinata 😂,The commenter expresses amusement and excitement ('beat[ing] the owl pinata') indicating a positive emotional response.,Neutral
Positive,Broooooo love from panjab 🕊️⛳️⛳️ @sidhumoosewala vibes 👈🏻,The commenter expresses love and admiration for the artist's 'vibes'.,Positive
Negative,In the beginning i though he meant hoe instead of horn without the lyrics! 😂😂,The use of '😂😂' (laughing emojis) alongside a comment expressing confusion and a potentially offensive misinterpretation indicates a negative reaction and amusement at a misunderstanding.,Neutral
Positive,This player got me thinking you can use hopscotch to see who got rhythm.,The comment expresses a positive association with the music video and suggests it evokes a feeling of enjoyment and rhythm.,Neutral
Negative,He fucked him up. Buried him 6 deep. Then moved the rest to Houstalangasvegas,The comment uses violent and aggressive language (,Positive
Positive,Understanding 0% vibe 10000%,The user is expressing enthusiastic agreement and enjoyment of the video's atmosphere.,Negative
Positive,That intro beat 🗿🔥🔥,The use of '🔥🔥' (fire emojis) indicates enthusiastic approval of the intro beat.,Positive
Positive,Love this vibe from Afriqua 🔥🔥,The use of 'Love' and '🔥' emojis clearly expresses a positive feeling towards the music video.,Positive
Negative,This is terrible. The lyrics to his muppet voice are creepy and goofy.,The comment expresses strong disapproval using the word 'terrible' and describes the lyrics as 'creepy and goofy'.,Negative
Negative,De la chicane ente eux ... pas fort dommage car le beat et meaning aurait pu valoir et transmettre de véritables valeurs plus profondes. C'est d'un vide extrême ! Son nombril ....,"The comment expresses disappointment and criticism regarding the video's lack of depth and substance, indicating a negative sentiment.",Negative
Negative,KENDRICK IS BOTTA BEAT DRAKES A**,The comment uses offensive language and expresses a negative opinion about the music video's beat.,Negative
Neutral,The beginning was the lyrics to squabble up,"The comment simply identifies a portion of the song's lyrics, lacking any expressed emotion or opinion.",Neutral
Positive,"Cramp dancing is my favorite dancing of all time. If I ever got to make it in the music business, my number one single will be, ""Why?"". I like to wrap over you, Kendrick you got that type of vibe. Let me stop showing off I know you can feel my spirit here and inside. 🎉","The commenter expresses enthusiastic enjoyment of the music and artist's vibe, indicated by phrases like 'my favorite dancing' and 'I like to wrap over you'.",Positive
Negative,Was wondering what was that annoying trending music,The comment expresses frustration and annoyance with a,Negative
Positive,1 year later I still know the lyrics to this song,The comment expresses a continued positive connection and enjoyment of the song.,Positive
Positive,Bro . . . . The beat is mixed SO well,The comment expresses a positive opinion about the music mixing quality.,Positive
Positive,Why people wears Converse shoes ????      ❤,The use of the heart emoji indicates a positive sentiment towards the video and likely the shoes shown.,Negative
Negative,I  quited blox fruits bc it soo boring and ngl blox fruits suck I used to love so sos much but know I hate it bc it repetitive boring and all my friends quit blox fruits,"The comment expresses strong dissatisfaction with the game, using words like 'boring,' 'suck,' and 'hate,' indicating a negative sentiment.",Negative
Positive,Beat 🔥🔥🔥,The use of fire emojis indicates strong enthusiasm and positive feelings towards the music video.,Positive
Positive,"🎉I memorize  the  lyrics  of  his songs,  because  they  sow  true  and deep  meaning  in my  mind, soul,  heart. They  always spark  to nurture  unforgettable  reflections  and  emotions.🎉❤KDOT❤🎉",The commenter expresses deep appreciation and positive emotions related to the music and its impact on their feelings.,Positive
Positive,Passed the vibe check,"The comment expresses approval and enthusiasm, indicating a positive feeling about the music video.",Positive
Positive,The last verse🔥,The use of the fire emoji (🔥) strongly indicates enthusiastic approval of the music video's last verse.,Positive
Positive,"Hi Kendrick, I've been a fan since 2023. Great job on taking down Drake btw (by the way!). The next time you drop I think it would be a great idea if you include this verse, it's from a Hong Kong diss track that my gf showed me! I think it will really bring Drake to his grave (if you know what I mean). It's a Taoist chant to break open the gates of h*ll. I'm not sure if you speak Cantonese, but if you google 破地獄 on Spotify, you can find it. Looking forward to the next time you drop!! (my bell notification is ON).","The comment expresses enthusiasm for Kendrick's work, offers constructive feedback, and shows overall positive anticipation for future releases.",Positive
Positive,"thanks 4 standing up to a majorly powerful predator, Kendrick.","The comment expresses gratitude and admiration for Kendrick Lamar's actions, indicating a positive sentiment.",Positive
Negative,I’m convinced rap/hip hop literally targets low iq/people in poverty  (same way toddlers love colorful tv and nursery rhymes) to perpetuate an ugly culture that was invested/invented by elite corporations (that probably have adverse feelings about black people).,"The comment expresses a highly critical and prejudiced viewpoint, using derogatory language and alleging harmful intent.",Negative
Positive,"This is gonna be a banger FOREVER and how and when he released this was so strategic 💯💪 Love Me Some Kendrick ❤❤❤ Had this bish Jumpin for 16 years now...and to the people saying Drake beat Kendrick, Y'all must be like him cuz y'all definitely NOT LIKE US 😂",The comment expresses strong enthusiasm and admiration for the music video and artist.,Positive
Positive,Every Kendrick verse sound like he tryna warn you about something that already happened.,"The commenter expresses a positive observation about Kendrick's lyrical style, suggesting a profound and insightful delivery.",Neutral
Negative,"""BEAT YOUR ASS AND HOP THE BIBLE IF GOD WATCHING""","The comment uses aggressive and disrespectful language, indicating a negative sentiment towards the music video and likely the artist.",Neutral
Negative,I hate Kendrick Lamar hardly any words rhyme!! Overrated. I thought Drake was bad this guy worst,"The comment expresses strong dislike for the music video and artist, using negative language like 'hate,' 'overrated,' and 'worst'.",Negative
Negative,Wife beater?,"The term 'wife beater' is highly offensive and indicates a violent and abusive situation, expressing a negative sentiment.",Neutral
Negative,"Japanese submarine slammed two torpedoes into our side, Chief. We was comin' back from the island of Tinian to Leyte, just delivered the bomb. Hiroshima bomb. Eleven hundred men went into the water. Vessel went down in twelve minutes. Didn't see the first shark for about a half an hour. Tiger. Thirteen-footer. You know how you know that when you're in the water, Chief? You tell by lookin' from the dorsal to the tail. What we didn't know... was our bomb mission had been so secret, no distress signal had been sent. Heh. They didn't even list us overdue for a week. Very first light, Chief, sharks come cruisin'. So we formed ourselves into tight groups. Y'know, it's... kinda like ol' squares in a battle like, uh, you see in a calendar, like the Battle of Waterloo, and the idea was, shark comes to the nearest man and that man, he'd start poundin' and hollerin' and screamin', and sometimes the shark'd go away... sometimes he wouldn't go away. Sometimes that shark, he looks right into ya. Right into your eyes. Y'know the thing about a shark, he's got... lifeless eyes, black eyes, like a doll's eyes. When he comes at ya, doesn't seem to be livin'... until he bites ya. And those black eyes roll over white, and then... oh, then you hear that terrible high-pitch screamin', the ocean turns red, in spite of all the poundin' and the hollerin', they all come in and they rip you to pieces. Cage goes in the water? You go in the water. Shark is in the water. Our shark. Y'know, by the end of that first dawn... lost a hundred men. I dunno how many sharks. Maybe a thousand. I dunno how many men, they averaged six an hour. On Thursday mornin', Chief, I bumped into a friend of mine, Herbie Robinson from Cleveland- baseball player, boatswain's mate. I thought he was asleep, reached over to wake him up... bobbed up and down in the water just like a kinda top. Upended. Well... he'd been bitten in half below the waist. Noon the fifth day, Mr. Hooper, a Lockheed Ventura saw us, he swung in low and he saw us. Young pilot, a lot younger than Mr. Hooper. Anyway, he saw us and come in low and three hours later, a big fat PBY comes down and start to pick us up. Y'know, that was the time I was most frightened, waitin' for my turn. I'll never put on a life jacket again. So, eleven hundred men went into the water, three hundred sixteen men come out, and the sharks took the rest. Anyway... we delivered the bomb.","The comment describes a horrific and traumatic experience involving death, sharks, and a devastating loss of life, clearly expressing a negative sentiment.",Negative
Positive,This is awesome 👌 but no one can beat PAC diss track for his homey BIGGIE,The comment expresses enthusiastic approval of the music video and highlights a positive comparison to a legendary artist.,Neutral
Positive,"Kendrick Lamar always hits differently when he speaks truths no one dares to say. 'Not Like Us' feels like a raw mirror reflecting the chaos and contradictions of our world. I tried to channel that same fearless honesty and bold energy into my latest track — a sound for those who refuse to fit the mold. If you’re tired of the same old, come vibe with something real.","The comment expresses admiration for Kendrick Lamar's honesty and encourages listeners to appreciate a 'real' sound, indicating a positive reception.",Positive
Positive,0:27 love the beat,"The comment expresses a clear appreciation for the music video's beat, indicating a positive sentiment.",Positive
Positive,Dre beat with a pac diss. Best mixture.,"The commenter expresses enthusiasm with phrases like 'Best mixture,' indicating a positive reaction to the combination of the Dre beat and Pac diss.",Positive
Negative,This is the worst superbowl I have ever seen. You set a precedent to say pedo over and over again on the radio for a generation of children that were already messed up; now they will grow up to be rapists. I will never listen to Kendrick ever again and why didn’t anyone kill Drake yet? I hate them for doing this to our society and culture. The song sounds like shit too and never deserved a Grammy for promoting child abuse and having awful production.,"The comment expresses extreme outrage and condemnation of the music video and its artists, utilizing harsh language and accusations of promoting child abuse.",Negative
Positive,Mustard on the beat ho 😂❤,The use of emojis (ho 😂❤) clearly indicates enjoyment and positive sentiment towards the music video.,Positive
Positive,Dope song that beat  go hard af 05-06-2025 who else still here in 2025 vibing with this doplify song ???❤❤❤❤,"The commenter expresses enthusiastic appreciation for the song, using positive language like 'dope' and 'go hard af'.",Positive
Positive,"Pure beauty, its text, choreography, theme, I love it. In France, we put it as a ringtone on our cell phones so that in the street it spreads 💥💥💥 everywhere, this powerful, perfect sound. 😅","The comment expresses enthusiastic appreciation for the video's various aspects, using positive language like 'love it' and 'perfect'.",Positive
Negative,Dude this song is repetitive. Just annoying,"The comment expresses frustration and annoyance with the song's repetition, indicating a negative sentiment.",Negative
Negative,😭He is telling Abt X in his lyrics read them carefully and sync them with his incidents,The use of '😭' (crying emoji) and the phrase 'read them carefully' suggests a critical or sorrowful interpretation of the song's meaning.,Neutral
Positive,Honestly 💗 money be the happiest but evil be in the way 😔 beautiful beat to be standing in the area tho,"The commenter expresses positive feelings about the beat and uses a heart emoji, indicating enjoyment.",Neutral
Positive,Dem lyrics means alot,"The commenter expresses that the lyrics have a significant personal meaning, indicating a positive emotional response.",Positive
Positive,Not me not listening this for 1 month then still knowing all the lyrics by heart,The commenter expresses a positive feeling about their dedication to the song and its familiarity.,Positive
Negative,I am sorry as an educated interracial woman I can’t comprehend this video much less his lyrics do to lack of enunciation. What is he trying to convey to the public? He looks dirty and scruffy much like his dancers too. Maybe I am missing something; being I lean more towards jazz and classical music. I am a highly educated woman in finance and I get that I am not suppose to understand these type of people! (Smh),"The comment expresses confusion and criticism regarding the video's content and artist's presentation, using judgmental language.",Negative
Negative,Mustard on the beat hoe🎶...,"The comment uses derogatory language ('hoe') and a dismissive reference to food, indicating a negative opinion.",Negative
Negative,He’s 5’5” WTF. Drake would beat the shit out of him.,"The comment expresses disbelief and a dismissive, aggressive comparison, indicating a negative reaction to the video's subject.",Negative
Negative,Worst song of all time,The comment expresses a strong negative opinion about the song's quality.,Negative
Positive,Third verse is really the ONE,The exclamation point and superlative phrase 'really the ONE' clearly express enthusiastic approval of the music video's third verse.,Positive
Negative,Worst song ever,The comment expresses strong disapproval and a negative opinion of the song.,Negative
Negative,worst shit ive ever heard,The comment uses strong negative language ('worst shit') expressing a clear dislike of the music video.,Negative
Positive,Drake been awfully quiet since this dropped,"The comment expresses admiration and enthusiasm for Drake's recent music release, indicating a positive sentiment.",Negative
Negative,"1:10 ""I'm gonna beat this guy u- AAAHHHHH!!!"" -Random guy that got pulled into the void probably",The exclamation of distress and the reference to being 'pulled into the void' indicates a negative emotional reaction.,Negative
Negative,Here lies Drake tombstone 🪦  2009-2024,"The comment uses a tombstone emoji and references a deceased year, expressing sadness and loss.",Negative
Negative,Horrible vibez,The use of 'horrible' clearly indicates a negative sentiment towards the music video.,Negative
Negative,literally one of the worst songs of all time,The comment expresses strong disapproval and uses negative language ('worst') indicating a negative sentiment.,Negative
Positive,Grammy vibe,"The comment expresses a positive association with the Grammy Awards, suggesting enjoyment of the music video.",Positive
Positive,That main theme is so catchy,"The commenter expresses enjoyment and appreciation for the song's theme, indicating a positive sentiment.",Positive
Positive,More beats please 🎉,The use of '🎉' (party confetti) indicates enthusiastic excitement and approval of the music video's rhythm.,Positive
Positive,Bro the beat it just **BANGS**,The use of the word 'bangs' indicates enthusiastic approval of the music's rhythm and energy.,Positive
Positive,"I am not a rap fan mostly becuz i don't really listen to it nor do I understand.  However, this song packs a punch.  KL really has a lot to say.  I don't know what everything in the song means but the words seem purposeful and powerful.   I'm a school librarian that likes to do research... I'm about to dig deeper for my own understanding.  BTW... i really like this song!  💜","Despite initial uncertainty, the commenter expresses genuine appreciation for the song's impact and intention, explicitly stating they 'really like this song!'",Positive
Negative,Not like us were all human and don't want to die second or third rank citizen but some of us our stories of our ancestors and empires good behavior honestly do you like death bye the machete how many Africans died that way in few cases Africans have done well in government not being tribal so you know how many years of slavery the beat out fellow white people and then dark ages more learning curves face it collonastist came with culture and taut it it's universal pull up your pants help out at a soup kitchen help the disabled the trie third class citizens or your going to looking self when your time comes as an old geuser and time comes in the pearly gates your be turned away wanting in purgatory.,"The comment expresses resentment, criticism, and a judgmental tone towards historical events and societal issues, indicating a negative sentiment.",Negative
Negative,I cannot beleive how this track gone through the roof like this. Thats one of the worst songs i have ever heard,"The comment expresses disbelief and explicitly states it's one of the worst songs, indicating a negative sentiment.",Negative
Negative,-mustard on the beat ho beat bro ni*** he a freak throw man down tell em everlamps tell em breath bro-,"The comment contains aggressive and derogatory language, indicating a negative sentiment towards the music video and its artist.",Neutral
Negative,lmao sht retarded lyrics but the instrumental is good,"The comment uses dismissive language ('lmao,' 'retarded') and a critical assessment of the lyrics while acknowledging a positive aspect.",Neutral
Positive,First beat is fire🎉🎉🎉,The use of multiple celebratory emojis indicates enthusiastic excitement about the music video's initial beat.,Positive
Negative,"I hate hip hop. Boooooooring repetitive, unimaginative crap","The comment expresses strong dislike and criticism of the music video and genre, indicating a negative sentiment.",Negative
Negative,I like the beat but calling someone a pedo because he kissd a 17 year old at a concer is ridiculous. Especially when people the U.S in certain states re allowed to get married at 16.,The comment expresses strong disapproval and condemnation of the video's content and the associated behavior.,Negative
Negative,"If he knew it was a disstrack why would he post it as a music video and perform that song in public,cuz this song is the worst to people who like this song can get outta here cuz Drake is still better than Kendrick because in Nokia Drake copied Kendrick’s move from not like us and superbowl","The comment expresses strong criticism and dissatisfaction with the song and artist, using terms like 'worst' and 'copied,' indicating a negative sentiment.",Negative
Positive,This Song hits Deep right now. The people of the 🌎 are different.  OG SARGE,The commenter expresses a positive emotional response (,Positive
Negative,This song is repetitive AF!  Can’t stand it.,"The comment uses strong negative language ('repetitive AF', 'Can’t stand it') expressing dislike for the song.",Negative
Negative,Worst song I've ever put ears to.,The comment expresses strong dislike and disapproval of the song using the phrase 'Worst song I've ever put ears to.',Negative
Positive,mustard on the beat ho hits hard,The enthusiastic exclamation 'ho hits hard' clearly expresses positive enjoyment of the music.,Positive
Positive,Bro the beat is soooooo good,The exclamation points and enthusiastic description of the beat indicate strong positive sentiment.,Positive
Positive,This song is deep oon so many levels,The use of 'deep' suggests a positive and appreciative reaction to the song's complexity and artistry.,Positive
Positive,"Did i just notice that kenny copied the lyrics on euphoria, but said Aye 9 times, whilst on euphoria said Huh 6 times?😂","The comment expresses amusement and lighthearted observation, indicating a positive reaction to the video's content.",Negative
Positive,"I need this young man to step for God with Us..... He is Chosen and I felt God's Energy flowing through the vibration and tone in his voice 💞💞💞🎉❤🎉❤🎉❤🎉😊😊😊😊 Heavenly Father, Please Unite Us, In Jesus Mighty Name Amen ❤❤🎉❤😊😊😊","The comment expresses strong positive feelings, using emojis and phrases like 'Chosen' and 'God's Energy,' indicating a positive experience with the music video and artist.",Positive
Negative,I don't know what's wrong the fact that this was one of the most horrible beats I've ever heard or the fact that people are sheep on that over hype pretending to like bs. This beat is fxcking horrible. I hate this sh1t.,"The comment expresses strong dissatisfaction and uses highly negative language, clearly indicating a negative sentiment towards the music video and its quality.",Negative
Neutral,"Dr6ke: ""If you can beat them, just copy them"" 🤷🤷🤷🤷🤷🤷","The comment consists of emojis with no explicit sentiment expressed, suggesting a shrug or a lack of strong opinion.",Negative
Positive,EAZY E - REAL MF G VIBES!,The use of 'REAL MF G VIBES!' expresses enthusiastic approval and enjoyment of the music video.,Positive
Negative,I don’t get why people love this song. The beat is ok but the diss track is mid vs like Ether.,"The commenter expresses dislike for the song, explicitly stating it's 'mid' and inferior to another track ('Ether').",Negative
Neutral,what is the original tone from?,The comment simply asks a question about the music video's tone and does not express any particular emotion or opinion.,Neutral
Negative,Kendric wife/Fiancé showing up in video Like he don’t beat me cause we dancing is Like Tina Showing Up For Ike,"The comment expresses a critical and potentially hostile tone towards the artist's relationship, suggesting conflict and disapproval.",Neutral
Positive,Big moldi a beat mosic ❤❤❤❤❤tank youuu.,The use of hearts and enthusiastic exclamation marks strongly indicates positive sentiment towards the music video.,Positive
Positive,This is the only song I play in Beat Saber 😂😂😂😂,The excessive use of laughing emojis indicates strong enjoyment and positive sentiment towards the song.,Positive
Negative,Worst,The word 'worst' expresses a clearly unfavorable opinion about the music video.,Negative
Positive,Mustard On That Beat yo,The enthusiastic use of 'yo' and the comment's apparent appreciation for the music suggest a positive sentiment.,Neutral
Positive,3:31 aye that whole verse fire,"The commenter uses the word 'fire,' which is a strong positive descriptor for music.",Positive
Negative,Bro you need to watch some 90s MTV your shit don't even match the rhythm,"The comment expresses criticism of the music video's rhythm and visual style, using terms like 'don't even match' indicating a negative opinion.",Negative
Negative,after 3 min that flow go to no sense and no rhythm,"The comment expresses dissatisfaction with the song's flow and rhythm, indicating a negative sentiment.",Negative
Negative,The blood dnt spill like Nas pac dmx or biggie. Also a stale deliverance that's his only downfall very m ok mono tone tho.shit hits needs more deliverence,"The comment uses negative comparisons (Nas, DMX, Biggie) and critical terms like 'stale' and 'mono tone' indicating dissatisfaction with the music video.",Negative
Positive,Played this song so many times my son knows the lyrics 😅,The commenter expresses enjoyment and familiarity with the song through humor and a positive association with their child.,Positive
Positive,"Bro got roasted, fried, stir-fried, cooked, sautéed, sous vide, broiled, boiled, deep-fried baked, al dente, and bbq'd!","The use of culinary terms playfully describes the situation as if someone is being playfully criticized, suggesting amusement rather than genuine negativity.",Positive
Positive,I just read the lyrics to this and I thank you kind sir! 😊👍👍✌️❤,"The user expresses gratitude and uses positive emojis, indicating a positive sentiment towards the music video and artist.",Positive
Positive,I'm not into Hip hop but this song is really good and catchy.,"The commenter explicitly states the song is 'really good and catchy,' indicating a positive reaction.",Positive
Positive,"Drake & PARTYNEXTDOOR's ""Some Sexy Songs 4 U"" Surpasses Staggering Sales Milestone","The comment expresses excitement about the video's impressive sales milestone, indicating a positive reaction.",Positive
Negative,It would have been a go without Lefty Gunplay the whole verse was trash,"The commenter expresses strong disapproval, using terms like 'trash' and 'whole verse' to indicate a negative reaction to the music video's content.",Negative
Positive,Bro . . . . The beat is mixed SO well.,"The commenter expresses a positive opinion about the music mixing, using the word 'well'.",Positive
Positive,Bro . . . . The beat is mixed *SO* well,The exclamation point and the strong adjective 'well' indicate a positive feeling towards the music mix.,Positive
Positive,Check out our latest song titled OVERSEAS on this same channel it's dope you won't regret checking it out.....if you like the song don't forget to subscribe,"The comment expresses enthusiasm and encourages viewers to subscribe, indicating a positive reception.",Neutral
Negative,"Easily, one of the ACTUAL worst ""songs"" I have ever heard. If you like this, you have zero intelligence.","The comment expresses strong dislike and insults, clearly indicating a negative sentiment.",Negative
Negative,He dropped some good stuff but damn this one corny asf. The lyrics don’t work right and the dumb monologue at the end gives anime nerd fedora vibes. What the fuck happened lol,"Despite acknowledging 'good stuff,' the comment expresses frustration and criticism regarding the video's quality and execution, using negative language like 'corny,' 'doesn’t work right,' and 'anime nerd fedora vibes'.",Negative
Positive,Remind me of world beat Kendrick lamar ❤,The use of the heart emoji and comparison to Kendrick Lamar indicates a positive sentiment towards the music video.,Positive
Negative,Everyone is talking about pedophiles but his verse at 3.31 killed it.,"The comment expresses criticism and a negative judgment of the music video's content, referring to accusations of pedophilia.",Neutral
Negative,"Nahhhh drake got cooked,fried,Deep fried,barbequed,burned and toasted",The use of intense cooking metaphors (,Negative
Positive,Kodak Black's verse in Drowning by A Boogie wit da Hoodie is kinda legendary at this point.,"The commenter uses the word 'legendary,' indicating a highly favorable opinion of Kodak Black's contribution to the song.",Positive
Positive,The driver got her own gun licenses situation now I not going to late her get beat up are disrespected so in walked off he been back are he got a job,"The commenter expresses support and defense of the driver, indicating a positive sentiment towards her actions and well-being.",Negative
Negative,Thats what this fucking annoying song is keep hearing everywhere,"The use of strong, derogatory language ('fucking annoying') indicates a clearly negative sentiment towards the song.",Negative
Negative,Didn't know he dissed him so bad until I saw the lyrics😅😂😂,"The comment expresses amusement at a perceived diss, indicating a negative reaction to the lyrics.",Negative
Positive,This beat up to 0:10 ❤,The use of a heart emoji indicates a positive reaction to the music video.,Positive
Positive,the beats,The comment expresses a positive reaction to the music video's beats.,Neutral
Positive,"Reminds me of an 1/4 of Missy Elliott. ADRS. Art, Dance, Rhythm and Soul.","The commenter expresses positive admiration, comparing the video favorably to Missy Elliott and highlighting its artistic and rhythmic qualities.",Positive
Positive,The verse referring to DeMar DeRozan leaving the Raptors/Canada hits different now.,"The comment expresses a nostalgic and appreciative reaction to a specific lyric, indicating a positive sentiment.",Neutral
Positive,"I think Kendrick did really good on this, i wish the beat was different tho 😢😂","The comment expresses a positive overall opinion while also offering a minor constructive criticism, indicating a generally favorable sentiment.",Neutral
