﻿classificacao,comentario,justificativa,sentimento_manual
Positive,This will go down in history as one of the best songs of all time,The comment expresses enthusiastic praise and declares the song to be among the 'best of all time'.,Positive
Positive,"Bruno Mars and Lady Gaga created something truly timeless with this song  it’s not just music, it’s an emotion. The way their voices blend feels like love, loss, and acceptance all in one breath. It’s a reminder that even in goodbye, there can be beauty, and even in sadness, there can be love worth smiling for.","The comment expresses admiration and a profound emotional connection to the song, indicating a highly positive sentiment.",Positive
Positive,This ain't a song it's a raw emotions 😔,The use of the sad emoji and description of 'raw emotions' indicates a positive appreciation for the video's emotional impact.,Negative
Positive,This song hits so deep...I pray that everyone finds and gets to be with that someone who they want to be next to...,The commenter expresses a hopeful and positive sentiment about the song's message and its potential impact.,Positive
Positive,"The retro vibes are strong with this one - a perfect blend of their iconic sounds and styles. This is the collab we didn't know we needed, and now we can't live without.",The commenter expresses enthusiastic delight and a strong desire to continue listening to the music.,Positive
Positive,"Once a wise man said, "" when you're happy, you enjoy the melody but when you're broken you understand the lyrics """,The comment expresses a positive sentiment about music's ability to evoke emotion and understanding through its lyrics.,Neutral
Positive,This is not music. It is a brilliant piece of magic that brings tears to my eyes. Imagine being with someone you love deeply and wanting to be by their side as the world ends.,"The comment expresses strong positive emotions, describing the video as 'brilliant' and evoking feelings of love and connection.",Positive
Positive,Love that they wrote and recorded this in one late-night studio session—feels like you're overhearing something deeply personal.,The comment expresses a positive feeling about the intimacy and personal nature of the music video's creation.,Positive
Positive,"What a beautiful old guitar.  You just don't see Silverstone anymore, like you used to.",The comment expresses admiration for the guitar and a nostalgic fondness for the artist's style.,Positive
Positive,I heard this song on the way to my husband's memorial service.  I never heard the song before that day. It was like he was speaking to me. Thank you for the beautiful message,"The commenter expresses gratitude and feels a profound connection with the song, indicating a positive emotional response to the music and its message.",Neutral
Positive,It's been a year since this song was released. This song is the most beautiful song my youth gave me. It will be my favorite song for the rest of my life and the song that makes me emotional every time I listen to it……,"The commenter expresses strong positive feelings about the song, describing it as 'most beautiful' and a source of emotion.",Positive
Positive,Clearly it should hit billions of views because of the vocal of those two legendary Singers in one frame. Both's vocal are majestic❤🎉😊,The comment expresses enthusiastic praise and excitement about the video's content and its potential success.,Positive
Positive,"Bruno Mars distills galaxies into groove, every note a star collapsing into soul. Lady Gaga sculpts silence into spectacle, wielding emotion like fire spun through glass. They aren’t artists; they’re phenomena. rare alignments of spirit and sound that make time stop and hearts remember how to feel.","The comment uses overwhelmingly positive language, describing the artists as ‘phenomena’ and evoking strong feelings of awe and appreciation.",Positive
Negative,"My wife recently passed it and sums up my raw emotions. My best friend, my soul mate ❤️","The comment expresses profound sadness and loss, indicating a negative emotional response.",Negative
Positive,Emotions of A.O.T fans😭😭,The use of emojis expressing sadness likely indicates shared emotional connection and enthusiasm among A.O.T fans.,Negative
Positive,"Bruno words are so CLEARLY & ROMANTICALLY SOUND. I just adore Lady Gaga, she GORGEOUSLY  BEAUTIFUL with her strong POWERFUL VOICE. 🌹💋♥️💙🎶🍹👏🏽💯","The comment expresses strong admiration and positive feelings towards Lady Gaga and the music video, using enthusiastic language and emojis.",Positive
Positive,This song really brings back the 2010 Bruno Mars vibe.,"The commenter expresses a nostalgic and positive association with the song's style, indicating enjoyment.",Positive
Positive,I'm sure this song will become a legend and in a few years we will feel nostalgic for that time,The commenter expresses a hopeful and nostalgic sentiment about the song's enduring impact.,Positive
Positive,This song is related to a lot of my memories and whenever I listen to it I feel nostalgic for those days 😢💔,The commenter expresses a feeling of nostalgia and positive emotion associated with the song.,Positive
Positive,1.2 Billion views in less than a year its just amazing that the song hits so deep that it heals my trauma,"The comment expresses admiration and describes the song as ‘healing,’ indicating a positive emotional response.",Positive
Positive,"This song is not a song, it is a masterpiece both with its lyrics and melody😍 I can't stop listening to it.","The commenter expresses enthusiastic admiration and a strong desire to listen repeatedly, indicating a positive sentiment.",Positive
Positive,This song hit the deepest part of my heart.🖤,The phrase 'hit the deepest part of my heart' expresses a strong feeling of positive emotion and connection to the music.,Positive
Positive,"My 10 year old Grandson was always singing this song , always ... I was like play that song you always singing for me . He went to youtube and played it for me and I've literally been having this beautiful song on repeat every since 😊 ... True story !!!","The comment expresses joy and fondness for the song, indicating a positive emotional response.",Positive
Positive,Lady Gaga's lyrics and Bruno Mars' vocals are so beautiful... that their voices fit together so well.,The comment expresses admiration and appreciation for the artists' voices and their harmonious combination.,Positive
Positive,"Magical lyrics,bruno mars and lady gaga combo hit my heart",The commenter expresses a positive emotional response with phrases like 'hit my heart' and describes the combination as 'magical'.,Positive
Positive,OMG  The song and the lyrics are off the charts !,The exclamation and enthusiastic praise of the song and lyrics indicate a strong positive sentiment.,Positive
Positive,If you truly realised how deep this song goes in your soul It truly sets me free😊,The use of 'truly sets me free' and the smiling emoji clearly indicate a positive emotional response.,Positive
Positive,It brought me to  tears its so powerful  it reaches you heart,"The commenter expresses strong positive emotion, describing the video as ‘powerful’ and evoking tears, indicating a deeply moving experience.",Positive
Positive,This is how I feel about my man if the world was ending I want to be next to him only my heart beats for him only ❤❤❤,"The comment expresses deep affection and love, indicating a highly positive sentiment.",Positive
Positive,This song makes me feel deep about my trip to Australia just ended yesterday,"The comment expresses a positive feeling about the song and a recently completed, presumably enjoyable, experience.",Positive
Positive,People don't realise that whoever came up with the rhythm is the true genius.,The comment expresses admiration and highlights a positive quality – 'genius' – regarding the music's rhythm.,Neutral
Positive,This song is one of the best songs in history we are proud of Lady Gaga and Bruno Mars .And they are also Legends 🎉🎉.,"The comment expresses strong admiration and excitement for the artists and the song, indicating a positive sentiment.",Positive
Positive,Emotional song😢😢,The use of ‘😢’ emojis clearly indicates a positive emotional response to the music video.,Neutral
Positive,Unreal vocal ❤❤❤,The use of multiple heart emojis clearly expresses a positive feeling about the music video's vocals.,Positive
Positive,Such a beautiful harmony of voices and visuals. Timeless art! 😊👍,"The commenter expresses admiration and appreciation for the video's beauty and declares it 'timeless art,' indicating a positive sentiment.",Positive
Positive,One of the greatest collab songs in history 🙌 👏,The use of emojis like ‘🙌’ and ‘👏’ clearly expresses enthusiastic approval and positive sentiment.,Positive
Positive,Um ano do maior hit atemporal ❤,The use of 'maior hit atemporal' (greatest timeless hit) expresses strong positive sentiment.,Positive
Positive,I'm not a great listener of music and don't keep up with it at all.. day before yesterday my wife dedicated this song to me..and now its been running non-stop in my mind since then..get tears in my eyes listening and feeling the beautiful lyrics..! We celebrate 10 lovely years of togetherness at the end of this year..!❤ Cherish every moment you have with your loved ones...!,"The commenter expresses strong positive emotions, describing tearful enjoyment of the song and celebrating a significant relationship milestone.",Positive
Positive,"A real heartfelt song in my opinion, amazing chemistry and harmony",The commenter expresses strong positive feelings about the song's emotional depth and the musicians' performance.,Positive
Positive,I listen this everyday... It's gives a Good Vibes on their High Notes ♥️❤️♥️❤️ damnnnnn 🌸,The commenter expresses positive feelings about the music and uses emojis indicating enjoyment and enthusiasm.,Positive
Negative,Worst song,The comment explicitly expresses a negative opinion about the song's quality.,Negative
Positive,"Eae du do futuro, tá com sdds desse tempo né...",The comment expresses nostalgia ('sdds') which typically indicates a fond and positive feeling.,Neutral
Positive,Wow! Strong message!,The exclamation and positive descriptor 'strong message' indicate a favorable opinion.,Positive
Positive,Story of my heart and life 💘,The use of the heart emoji suggests a positive emotional connection to the music video.,Positive
Negative,This song is the most annoying song of all time ngl,The use of 'annoying' and 'ngl' (no getting left out) indicates a strongly negative opinion of the music video.,Negative
Positive,😢❤❤❤😢😢😢I get emotional every time I listen to it!!,The use of emojis (crying faces and hearts) and the statement 'I get emotional' clearly indicate a positive emotional response to the music video.,Positive
Positive,"A month ago, I was almost dead and I heard this song that made me cling to life, now I'm recovering properly, but every time I hear this song I feel life very deeply.",The commenter expresses a profound and positive feeling of renewed life and connection to the music after a difficult experience.,Positive
Positive,"Blessings to you, you are the best in these songs that make us remember beautiful moments. The lyrics of the music are beautiful. Do not stop doing what you are passionate about. I hope to hear more music from both of you. What a beautiful voice you have. Take care of your successes. 🎥🎙🎸🎹🎶💞😎","The comment expresses admiration for the artist's music and voice, using positive language and wishing them continued success.",Positive
Positive,The lyrics is everything to me,"The user expresses a strong positive feeling about the lyrics, indicating enjoyment and connection.",Positive
Positive,Catchy song!!! I love it ❤❤❤adore,The user expresses strong positive feelings through enthusiastic language and emojis.,Positive
Positive,Oh yeah! These words are a sure reaction to some deep divine love ~~~if the world was ending I want to be next to you That's deep~~~,The commenter expresses enthusiastic agreement and appreciation for the song's emotional depth and love theme.,Positive
Positive,This song is really heart touching❤It's Not just a song It's emotion🥰,The comment expresses a positive feeling about the song using terms like 'heart touching' and 'emotion' with emojis.,Positive
Neutral,This song suits on gi hun player 456 slowed reverb in shorts,"The comment describes a specific audio alteration and format, expressing a preference without explicitly stating an opinion about the song itself.",Neutral
Positive,Great job on the collaboration. There voices match. Nice song to listen to with lots of deep meaning for couples.,"The comment expresses positive opinions about the collaboration, vocal matching, and the song's suitability for couples.",Positive
Positive,"1 year and this song is still making story,congratulations Mars and Gaga:]",The commenter expresses congratulations and positive sentiment regarding the song's continued impact and success.,Positive
Positive,Always thought Bruno just an average singer with some catchy toons . This song displays his  incredible power and range I'm impressed.,"The commenter expresses admiration and excitement about Bruno's vocal abilities and performance, indicating a positive sentiment.",Positive
Positive,"Currently sitting at #6 on the world list, and it's unequivocally poised for a meteoric rise up the charts. My goodness, what a truly transcendent piece of music! I adore it!","The comment expresses strong positive feelings, using phrases like 'metoric rise,' 'transcendent,' and 'I adore it.'",Positive
Positive,I love this beautiful song and the nostalgic throwback . What doesn't work for me is Lady Gaga does Beth Dutton. I love her brilliant talent and she could have made the cigarette work. BUT who cares?? The song and both their voices supercede the bad acting.,"The commenter expresses overall love for the song and Gaga's talent, outweighing criticisms about the acting.",Neutral
Negative,Gaga smoking and dancing represent me in appearance and Bruno does it in feelings every time I hear this song. And it hurts more when you have to let go and let go of that person you fell deeply in love with.,"The comment expresses a painful feeling of loss and regret associated with a past love, indicating negative sentiment.",Neutral
Positive,Still the same vibe 14/8/2025❤️✨,The use of heart emojis and the phrase 'same vibe' indicates a positive and appreciative reaction to the music video.,Positive
Positive,"I broke up with my girlfriend with BPD, it was a fairy tale love with lots of good memories and moments, but the downs were so hard and it was an emotional rollercoaster……but I don’t know I took the right decision…..she gave the most beautiful love I ever experienced in my life……I still miss her…..I love you Bubu❤ Maybe the best love stories aren’t meant to be with each other ❤","Despite acknowledging pain and sadness, the commenter expresses fondness and positive memories associated with the relationship, ultimately leaning towards a hopeful and appreciative sentiment.",Neutral
Positive,"if you love this song, we invite you to check out our acoustic cover version, of this song at this link on our channel https://youtu.be/qJ9Roo6qWD8?si=sL0yM1LXGDmiRGmH","The comment expresses an invitation based on assumed enjoyment of the original song, indicating a positive sentiment.",Neutral
Positive,"I was scrolling reels randomly, and just heard the live version, it forced me to search it. Its really amazing. I have also heard this previously but never noticed thoroughly, but now it just hit my heart. Lyrics are so emotionful and the music is top notch❤🎉","The commenter expresses strong positive feelings, describing the music as 'amazing' and 'emotionful', and using enthusiastic emojis.",Positive
Positive,This should be in history books.,"The comment expresses enthusiastic approval and suggests the video's lasting importance, indicating a positive sentiment.",Positive
Positive,"Este par de estrellas han enseñado a los jóvenes de este tiempo, nos han recordado a los de mas edad,  como la belleza de lo melódico, el buen canto, la buena vocalización,  las letras con sentido y respeto por el amor, por las relaciones profundas,  la trascendencia de la unión verdadera por encima del tiempo y las circunstancias...son un verdadero éxito,  como todo eso se puede transformar en una gran canción....esta canción es un clásico....desde que nació...y ellos...pasaron a la historia con este tema. Gracias Lady Gaga....Gracias Bruno Mars!!!","The comment expresses overwhelmingly positive admiration for the artists and their music, highlighting its artistic merit and lasting impact.",Positive
Positive,searching for a male vocalist to perform this piece live. Beautiful duet. :),The commenter expresses admiration (,Neutral
Negative,Worst song lol,The use of 'Worst' and 'lol' indicates a clearly negative sentiment towards the song.,Negative
Negative,"This is such a boring song,",The use of 'boring' indicates a negative opinion about the song.,Negative
Positive,I listen this song after watching attack on Titan and it's made me cry. The incomplete love story of earn and Mikasa 💔,The commenter expresses a strong emotional response ('made me cry') indicating a positive connection with the song and the video's content.,Negative
Positive,Gaga channeling Amy Winehouse vibes,"The comment expresses a positive comparison, indicating appreciation for the video's stylistic resemblance to a well-regarded artist.",Neutral
Positive,I actually sung this at my chorus concert😂,The use of 'actually sung' and the laughing emoji indicate a positive and enjoyable experience.,Positive
Positive,Love the intro beats from Crazy cee lo green ;),The commenter expresses positive enjoyment of the music video's intro by referencing a specific song and using a positive emoji.,Positive
Positive,Who’s memorised the lyrics without even trying to learn the song😂,"The comment expresses amusement and admiration for people's familiarity with the song's lyrics, indicating a positive sentiment.",Positive
Negative,How is she smoking?!? Isn't that bad for her vocals? I mean aside from her health....😒🙄😊,"The comment expresses concern about the artist's health and vocal well-being, using negative emojis and questioning a potentially harmful behavior.",Negative
Negative,Worst song on the album,"The comment expresses a critical opinion, explicitly stating the song is 'worst' which indicates a negative sentiment.",Negative
Positive,00:45 nice vibe ❤️‍🔥❤️‍🔥,The use of heart emojis indicates a positive feeling towards the music video.,Positive
Positive,gr7 was my peak year😭😭 this song was always playing when gr7 started its so nostalgic to me😔😔,"The commenter expresses fondness and nostalgia, indicating a positive emotional response to the music video and artist.",Neutral
Positive,This is one of the most beautiful song I ever heard. The lyrics are ❤❤❤❤❤❤,The comment expresses strong positive emotion through enthusiastic praise and use of heart emojis.,Positive
Negative,awful song,The word 'awful' expresses a strong negative opinion about the song.,Negative
Positive,Heart beat 💗❤️💜💓,The use of heart emojis clearly indicates a positive emotional response to the music video.,Positive
Positive,A message to the future generations. Don't let this song die.,"The comment expresses a desire for the song to continue being heard, indicating a positive feeling towards it.",Positive
Positive,Masterpiece and amazing truck that takes the deepest part of you.,"The comment expresses strong admiration and appreciation for the music video and truck, using positive terms like 'masterpiece' and 'amazing'.",Positive
Negative,"THE LYRICS EXPRESS THAT THE RELATIONSHIP, DESPITE IT'S POSITIVE ASPECTS, IS ULTIMATELY DESTINED  FOR FAILLURE❤❤","The comment expresses a pessimistic outlook on the relationship's future, using words like 'failure' and a negative emoji.",Neutral
Negative,"All of Fujii Kaze's songs have been produced through secret filming, wiretapping, stalking and monitoring. Copyright confiscation - spreading these to the public is a threat that could bring about the collapse of world order. This is a representative song of musical terrorists. Similar works include other Japanese songs that have been hits overseas, mainly songs by famous artists in the United States. We recommend that society take appropriate legal measures and take a firm stance against terrorist songs that promote racial and ethnic division. SHISHI","The comment expresses extreme condemnation and fear, using terms like 'terrorist songs' and 'threat that could bring about the collapse of world order'.",Negative
Positive,The weeknd better watch out Bruno Mars is coming  for the highest pitched male singer role lol.,"The comment expresses a playful, enthusiastic desire for Bruno Mars to take a prominent role, indicating a positive opinion about his potential.",Neutral
Neutral,Get emotional ❤😮😒😔,"The comment expresses a mix of emotions (positive, negative, and uncertain) without a clear dominant sentiment.",Neutral
Positive,1 ano... o tempo voou,The comment expresses a nostalgic feeling ('tempo voou' - time flew) which is generally positive.,Neutral
Positive,This song goes hard and align with any situation whether good or bad any vibe any mood,The comment expresses enthusiasm and a positive association with the song's versatility and impact.,Positive
Positive,Really this song...... unbeatable value ❤,The use of the heart emoji and the word 'unbeatable' indicates a strong positive sentiment towards the song.,Positive
Positive,"Song gave me chills, since God showed me how I would pass, where I would have 1 day to say goodbye after a specific dream.",The commenter expresses a feeling of being deeply moved and inspired by the song's impact.,Neutral
Positive,This is the most powerful music/video I’ve seen in decades. Can’t even explain what it does to me,The comment expresses strong positive feelings using phrases like 'most powerful' and 'what it does to me',Positive
Positive,Cool Nostalgic Video,The comment expresses enjoyment and a positive feeling about the video's nostalgic quality.,Positive
Neutral,Lyrics 🗿Vocal 🗿Music🗿,The comment uses emojis without expressing a clear positive or negative opinion about the music video.,Neutral
Positive,Astronaut Reversed Backwards Tua Ngược Lại Được Chứ2️⃣0️⃣0️⃣8️⃣👪👨‍👩‍👦👨‍🚀👩‍🚀🌏🌎🌍🌌🆗👍,The comment uses positive emojis and seems to express enthusiastic support for the music video.,Neutral
Positive,HD dưới is the best one ever is to have it done by the same time and the time you get off the screen and you can send the message button on a different way you could get opponent🥹😭❤️‍🩹😚😭😭😭😳😭😳😭😚😳😚😚😎😚😳😚😎😚😚😎😚😎😚😎😚😎😚😚😎😚😎😚😚😎😚😚😎😚😚😎😚😚😚😚😚😚😎😚😚😎😚😚😚😚😚😚😎😚😚😚😎😚😎😚😚😚😚😎,The comment expresses overwhelming positive sentiment using emojis and repeated phrases of admiration.,Neutral
Positive,The song is deeply meaning among attack on Titan 😢😢😢,The use of 'deeply meaning' and the crying emojis strongly indicate a positive emotional response to the music video.,Negative
Positive,1:25❤😊 vocal is awesome😇,The use of emojis (❤😊) and positive language ('awesome') clearly indicates a positive sentiment.,Positive
Negative,"I don't get it, one kpop girl suddenly writes her own song and somehow manages to get Bruno Mars on it and suddenly she blows up. I mean wtf? There are thousands of artists who can write better songs with actual meaning instead of a sugarcoated song only replayed by 10 year old girls. Like almost 2b views and 2b streams in less than 9 months? I'm betting you no one is gonna be calling ts nostalgic. Like seriously, something has got to change. #aptisoverrated","The comment expresses frustration and criticism of the music video's success and perceived lack of quality, using phrases like 'wtf' and 'overrated'.",Negative
Positive,Disfrutando de esta Hermosa Canción Atemporal a un año que se estreno 15/Agosto/2025 México,"The user expresses enjoyment of a beautiful and timeless song, indicating a positive sentiment.",Positive
Negative,Because of his poor form in training he is not a ri man and his team has not played in the same way in the past two years so it is a bit odd the most common form of a person is a person’s body language or body language that they use in the way they speak to them and they use that to express their own emotions and actions and emotions and to express themselves in ways that make sense and ❤to express them to them to make their own thoughts and emotions that make their feelings more 😢unfortunately the only thing we do not want in our lives to be the way they should feel and the way we feel is our own feelings and emotions,"The comment expresses frustration and criticism regarding the artist's performance and team, indicating a negative sentiment.",Negative
Negative,"Now why I think that this my fav song is already annoying, time so fast",The comment expresses annoyance and implies a dislike of the song despite initially stating it's their favorite.,Neutral
Positive,So beautiful soul song lyrics about love,"The comment expresses admiration for the song's beauty and theme of love, indicating a positive emotional response.",Positive
Positive,Beatiful 😢❤,The use of emojis like '😢' and '❤' clearly indicates positive emotion towards the music video.,Positive
Negative,"3 of her shows in Seattle this week, lowest seat $300, one must have a lot of money to burn. Can you name 3 hit songs of gaga, what a boring waste","The comment expresses disdain and criticism of the concert prices and questions the video's content, indicating a negative sentiment.",Negative
Positive,Still listening in 2029? So glad that President Newsome has reversed all of Trump's policies. I wonder how long Trump will last now that he's incarcerated at Alligator Alcatraz?,"The commenter expresses gladness about policy changes and a hopeful outlook, indicating a positive sentiment.",Negative
Positive,Emotional 😢,"The use of the emoji '😢' clearly indicates a feeling of sadness or emotion, which is generally considered a positive sentiment in the context of a music video comment.",Neutral
Positive,Looks like this filmed over a 1.25x speed then slowed to tempo of song. Nice effect.,"The commenter praises the video's effect, indicating a positive reaction.",Positive
Positive,"Any lover of Jesus Christ? Even though this song comes from a very unlikely source, I feel the rhythm for my late mom and Jesus Christ...","The commenter expresses a positive connection to the song and references Jesus Christ, indicating a favorable sentiment.",Positive
Positive,Camilo Sesto y Ángela Carrasco Vibes!!!,The exclamation points and enthusiastic expression of appreciation for the artists' pairing indicate a positive sentiment.,Positive
Positive,"07/08/2025 listening to this perfection, my favorite song, I never get tired of listening to it, I'm completely swep away by the lyrics of this song😍😍","The commenter expresses strong positive feelings about the song, using words like 'perfection,' 'favorite,' and 'swep away,' indicating a delighted reaction.",Positive
Negative,This song always deepens the sorrow of ATTACK ON TITAN 😟,The use of '😟' (a worried face emoji) and the phrase 'deepens the sorrow' clearly indicates a negative emotional response to the music video.,Negative
Neutral,Astronaut Galaxy Reversed,The comment is a simple title and lacks any explicit emotional language or opinion.,Neutral
Negative,This song hurts deeply when people gone threw hell in life when the person you love can't feel the same,"The comment expresses sadness and pain, indicating a negative emotional response to the song's theme.",Negative
Positive,Lady Gaga kind of gives Amy winehouse vibe!!🎉,The use of 'kind of gives' and the celebratory 🎉 emoji indicate a positive comparison and appreciation of Lady Gaga's style.,Positive
Positive,Such beautiful lyrics ❤,The use of 'beautiful' and the heart emoji clearly indicate a positive emotional response to the music video.,Positive
Neutral,Aot lyrics,"This comment simply references the lyrics of a song, lacking any explicit emotional expression.",Neutral
Positive,I love how this song takes me on a journey. It starts off slow and builds up to this epic climax that gives me chills every time.,The commenter expresses clear enthusiasm and excitement about the song's impact and emotional effect.,Positive
Positive,I remember that time when I was suffering too much to my problems this song was so nostalgic it gives me a sense,The commenter expresses positive feelings about the song's nostalgic effect and ability to evoke a sense of remembering a difficult time.,Positive
Positive,❤Perfect love story ❤️,The use of heart emojis clearly indicates a positive sentiment towards the music video.,Positive
Positive,This collab hits different when you're building the perfect playlist! 🎵 There's something magical about finding songs that flow together seamlessly - like discovering hidden gems that tell a story. Anyone else obsessed with curating the perfect vibe? ✨https://www.youtube.com/playlist?list=PLFXDS5rzUZjatHetsCpObKyEHdsL3pMiY,"The commenter expresses enthusiasm and appreciation for the collaborative music video and playlist curation, indicating a positive sentiment.",Positive
Positive,I shared a song with my grandchildren that i heard lady Gaga sing at SF Chase Center the room was filled with tears and emotions and so much love and it’s my heart. I never heard the song before. I thought I go to YouTube I find this special song for grandchildren wow they already knew the song and they’re only seven years old. I was amazed I played every day for the,"The commenter expresses overwhelming positive emotions – tears, love, amazement, and repeated enjoyment – regarding sharing the song with their grandchildren.",Positive
Positive,The song it has vibe,The comment expresses a positive feeling by stating the song has a 'vibe' which is generally considered a good thing.,Neutral
Positive,"This masterpiece was randomly released exactly one year ago today. And now, one year after, this is music history! ❤💙",The commenter expresses enthusiastic admiration and considers the music video a 'masterpiece' and 'music history'.,Positive
Positive,This song is my favourite this lyrics this talk this song emotional ❤❤❤❤❤❤❤,"The user expresses enthusiasm and fondness for the song and its emotional impact, indicating a positive sentiment.",Positive
Positive,"Die With A Smile’ suits both so perfectly—such a beautiful song for a truly stunning image. It captures a vibe that fits Lady Gaga herself: bold, emotional, and iconic.","The comment expresses strong admiration and appreciation for the song and video, using positive descriptors like 'beautiful,' 'stunning,' and 'iconic'.",Positive
Negative,Why tf they have her smoking? Kinda ruined the whole vibe of the song for me,"The commenter expresses frustration and disapproval, stating that the smoking detracts from the song's atmosphere.",Negative
Positive,Aquí un like por los que vinieron por la serie del juego del calamar temporada 1,"The comment expresses support for the video ('un like') and specifically links it to a popular series, indicating positive sentiment.",Neutral
Positive,Best emotional song moment is 1:24,"The commenter explicitly states it's a 'best emotional song moment,' indicating a positive feeling.",Positive
Neutral,Why does Lady Gaga have vibes of Barbra Streisand? 😅,"The comment expresses a subjective observation and a lighthearted emoji, indicating a neutral sentiment rather than a strong positive or negative feeling.",Neutral
Positive,"My little not so little long nosed sweetheart- we loved Gaga in general- we used to vibe big time! Die with a smile! When you have a greyhound, that's what you do ❤",The comment expresses enthusiastic enjoyment and affection for the music video and the artist.,Positive
Positive,This gave me chills… in the best way,The exclamation 'in the best way' indicates a highly favorable and enthusiastic reaction to the music video.,Positive
Positive,😊 a beautiful melody inspirations In me day,"The use of emojis and positive language ('beautiful melody,' 'inspirations') indicates a positive sentiment.",Positive
Positive,My girl told me to listen when this came out and the rest is history 🫢,The commenter expresses a positive experience and enjoyment of the song due to a personal recommendation.,Positive
Neutral,"As much as I hate Lady Gaga smoking a cigarette. I don't why , but it works.  It's a vibe thing  maybe, but please don't smoke.","The comment expresses mixed feelings, acknowledging an appreciation for the video's 'vibe' while simultaneously criticizing the smoking imagery.",Neutral
Positive,"comecei a ouvir música bem no tempo em que esses dois surgiram, essa colaboração é algo incrivelmente nostálgico, marcaram a minha geração. Com tamanho que este single tomou marcou toda a atual geração e além, eles conseguiram algo que os cantores atuais que só produzem para viralizar não conseguem mais, criaram uma música que entrou para história e eu estava morrendo de saudade de ouvir um som nesse nível, agora eu posso morrer com um sorriso ❤","The commenter expresses strong positive feelings about the collaboration, describing it as nostalgic and highlighting its historical significance and quality.",Positive
Positive,They are giving Bonnie and Clyde vibe,Comparing the music video to the classic film 'Bonnie and Clyde' suggests a positive association and appreciation.,Neutral
Positive,"They are recording it in an open space, or has that effect, making it even sound more nostalgic like retro music.","The comment expresses a positive reaction to the video's aesthetic and nostalgic sound, describing it as 'even sound more nostalgic'.",Positive
Positive,"Die With A Smile: A Legacy of Joy This phrase, ""Die With A Smile,"" speaks volumes about approaching life's end with peace and acceptance. It's not about denying pain or hardship, but rather about cultivating a life where the positive memories and relationships outweigh the negativity. It encourages us to find joy in the present moment, cherish loved ones, and live a life aligned with our values, so that when the time comes, we can depart with a sense of contentment and a smile on our face. It's a reminder to live fully, love deeply, and leave a legacy of joy.",The comment expresses a profoundly optimistic and hopeful sentiment about living a life filled with joy and positive memories.,Positive
Negative,Missing story of Mikasa 😭😭😭😭,The excessive use of crying emojis and the reference to 'Missing story of Mikasa' clearly indicate disappointment and sadness about the video's content.,Negative
Positive,I would never have been able to identify Lady Gaga with such a sensual voice in a retro style.  This melody is a true masterpiece  1:24,The commenter expresses admiration for Lady Gaga's voice and describes the music as a 'true masterpiece'.,Positive
Negative,Slowed reverb make cried and seeing homeless people in the street make me so 😭,The use of 'cried' and the mention of 'homeless people' indicate a feeling of sadness and distress.,Negative
Positive,"This music makes me nostalgic, it will always be my favorite song .🥲","The commenter expresses fondness and designates the song as their 'favorite,' indicating a positive emotional response.",Positive
Positive,This song is so powerful that it has been listened to by 1.2 billion people in eleven months....,"The comment expresses admiration and highlights the song's immense popularity, indicating a positive feeling.",Positive
Neutral,The guitar is oddly similar to let go(acoustic )by ark patrol,"The comment expresses a neutral observation about a similarity in a guitar sound, without indicating a positive or negative emotion.",Neutral
Positive,Excellent song.  Lyrics monumental.  Glad to see Bruno agaiin.  Video is a bit strange but that tends to be the rule with Lad y Gaga.,"The comment expresses strong positive opinions about the song and artist, outweighing the minor criticism about the video's strangeness.",Positive
Positive,😢powerful song felt my ancestors spirit and it made me shed a tear beautiful song Queen.❤,"The commenter expresses positive emotions like 'powerful,' 'beautiful,' and uses emojis indicating emotional impact.",Positive
Positive,They probably Shot the song at high speed and the editor made it slow that's why this song has a vibe of dreamy effect (slowly and smooth still perfect),"The commenter expresses a positive opinion, describing the song's effect as 'perfect' despite the editing techniques used.",Positive
Positive,"This track really hits the spot! The beat is so infectious, and the lyrics speak to my soul. Definitely adding this to my playlist!","The commenter expresses enthusiastic appreciation for the music video, using strong positive language like 'hits the spot' and 'speaks to my soul'.",Positive
Positive,Bruno mars is amazing vocalist singer,The comment expresses admiration and praise for Bruno Mars's vocal abilities.,Positive
Negative,"25/07/2025 This 57 old years ,my Hart os complete explode The emotion i cry of de. Brazil","The comment expresses intense, overwhelming emotion ('explode', 'cry') suggesting distress and negativity.",Positive
Negative,"This morbid song really sucks , one of the top 5 worst songs of all time","The comment uses strongly negative language ('sucks,' 'worst songs') expressing a clearly unfavorable opinion of the music video.",Negative
Positive,Movie vibes 🎬 ✨️,"The comment uses positive emojis and expresses a feeling of enjoyment associated with a movie, indicating a positive sentiment.",Positive
Positive,"The song, the music, the lyrics, the ambiance, everything is beyond perfect. 👌👏👏👏",The commenter uses overwhelmingly positive language expressing a high degree of satisfaction with the music video's elements.,Positive
Positive,"Year 2010's likes 1980's Vibes Many great singers and they are really competitives hit after hit Like Bruno Mars, Lady Gaga, Taylor Swift, Justin Bieber, Katy Perry and Adele","The comment expresses enthusiasm for the featured artists and the music's nostalgic appeal, indicating a positive reaction.",Positive
Neutral,"If anyone needs any documents like SSN, bank statement, doctor's note, PDF file etc edited, please message me directly.",This comment simply offers a service without expressing any particular emotion or opinion about the music video itself.,Neutral
Positive,Anyone in 10/08/2025 😢 Powerful Song 🇦🇷,The use of 'Powerful Song' and the emoji convey a positive emotional response.,Positive
Negative,"Love these two talents, but one of the worst videos I’ve seen in my 72 years.    Come on a Cigarette?????   Plus all phony!   GAGA I know you’re expressive but give your fans some respect!  😳🤣🤠",The comment expresses disappointment and criticism regarding the video's content and perceived lack of respect for fans.,Negative
Positive,I'm late for sure but this song credit goes to lady Gaga .she's real artist for sure .am gonna slap anybody on their fckin mouth who disagree ..lady Gaga's hitting notes correspond to pitch as harmony that's real shit .reconsider the main vocal it's the second lead that gives the hype for as musical harmony .if you're against then try analyzing lady Gaga's line .she's in perfect pitch as sharp note all the time ..,"The comment expresses strong admiration and praise for Lady Gaga and her musical talent, using positive language like 'real artist' and 'perfect pitch'.",Positive
Negative,my ex boyfriend put this song to his weeding story. and we both like this song. he just broke up with me and within 1 week he married a whole new girl,The comment expresses hurt and resentment regarding a former relationship and its subsequent developments.,Negative
Positive,THUS IS AN EPIC SONG!-SONG OF THE YEAR!-SO MUCH DEPTH AND BEAUTIFUL HARMONY!-❤️👍❤️,"The comment expresses enthusiastic praise for the song, using positive terms like 'epic,' 'beautiful harmony,' and emojis.",Positive
Positive,This gives me a Teena Marie and Rick James Vibe!! ❤️❤️😉,The use of emojis and comparison to popular artists indicates a positive and enthusiastic reaction to the music video.,Positive
Negative,boring😢😢😢😢😢😢,The multiple use of crying emojis indicates strong negative feelings about the video.,Negative
Positive,This masterpiece gives me chills,The commenter expresses enthusiastic excitement and a strong positive emotional response to the music video.,Positive
Positive,"One of the best collaborations to date 💯🎤💣💥🤩🤩🤩 Love them both , wonderful voices and lyrics. The fashion style boom !",The comment expresses strong positive feelings through enthusiastic emojis and explicit praise for the collaboration and performers.,Positive
Positive,"Verses repeated thrice, with varying chord melodies, inflection and octave blends...","The comment uses descriptive language ('varying chord melodies,' 'inflection,' 'octave blends') indicating a positive appreciation of the musical arrangement.",Neutral
Positive,Wow Bruno's vocal love this ❤,The use of 'Wow' and the heart emoji indicate a strong positive reaction to Bruno's vocals.,Positive
Positive,Still vibe ❤,The use of the heart emoji (❤) clearly indicates a positive emotional response to the music video.,Positive
Positive,Bruno Mars' vocals are so charming🥰,The use of the smiling emoji clearly indicates a positive reaction to Bruno Mars' vocals.,Positive
Positive,Bruno's vocal it's the 8th miracle!!!,The exclamation points and enthusiastic description of Bruno's vocals indicate a positive sentiment.,Positive
Positive,It's been a long time since I heard a song that gave me chills. Thank you for bringing me out of my funk😔😌,The commenter expresses a strong positive emotion – chills – and uses emojis to reinforce the feeling of enjoyment.,Positive
Positive,Did they go to heaven to get the lyrics to this song?,"The comment expresses a positive reaction to the song's quality, suggesting it's so good it feels like a heavenly experience.",Negative
Positive,It's not just a song — it's the emotion of the youth.,"The comment expresses a strong positive feeling, describing the music as evoking 'the emotion of the youth'.",Positive
Positive,Unifoodstone are you star world Inês❤❤❤,The use of heart emojis indicates strong positive emotion and support for the music video.,Neutral
Negative,The so-called singers and artists here are actually just Pinocchio puppets and actors. They are sending manipulated subliminal messages. Please be very careful. No one in the world is superior to the people and the nation.,"The comment expresses distrust and suspicion regarding the artists' authenticity and intentions, using critical and potentially accusatory language.",Negative
Positive,The Lyrics😢 Unfortunately I can totally relate ❤,The use of emojis (❤ and 😢) combined with 'totally relate' indicates a positive and empathetic response.,Positive
Negative,Lady Gaga glamorizing smoking again.  Huge W for the cancer surviving community.  What a terrible person.,"The comment expresses both praise and criticism, ultimately leaning towards negativity due to the statement 'What a terrible person' regarding Lady Gaga.",Negative
Positive,"well I decided to create a Roommate story with this song ... some how it has.strong potencial for being the best movie soundtrack from a Romantic movie, and What if Lady gaga plays as main character of it","The comment expresses excitement and positive potential for the music video, describing it as 'strong potential' and suggesting a 'best movie soundtrack'.",Positive
Negative,Where is the guy with the lyrics,"The comment expresses frustration and a question, indicating dissatisfaction with the video content.",Negative
Positive,The lyrics 🔥👏,The use of fire emojis and clapping hands indicates enthusiastic approval of the music video.,Positive
Positive,Came to read emotions coments 😭,"The use of the emoji '😭' indicates a feeling of sadness or emotional connection, suggesting a positive sentiment towards the video.",Neutral
Positive,"I’m kinds late, but I wanna say this song inspired me so much 😭- it’s such a beautiful song and I love everything about it, the lyrics and the tone of voices they use, especially because they’re both one of my favorite singers, so I love the way they collaborated!! I was in love with this song ever since it came out, this song helps me feel happy whenever if I’m sad or not, love you Lady Gaga!! ❤❤","The commenter expresses strong positive feelings about the song, describing it as inspiring, beautiful, and a source of happiness.",Positive
Positive,The same vibe's that my highschool graduation in the 80's 🎉 Stephany i still love you.,"The comment expresses fondness and nostalgia, indicating a positive emotional response to the music video.",Positive
Negative,"This is a romantic song and regardless of Gaga""s good vocals, she looks vulgar.","The comment expresses disapproval of Gaga's appearance alongside acknowledging a positive aspect of the song, indicating a predominantly negative sentiment.",Neutral
Positive,Perfect song... It brings so deep emotions... amazing,The commenter expresses strong positive feelings about the song and its emotional impact.,Positive
Positive,Happy birthday history ❤,The use of 'Happy birthday' and the heart emoji clearly indicates a positive emotional response.,Positive
Positive,Attack on Titan is really emotional story🥺🥺🥺🥺🥺🥺🥺💔💔💔💔,The excessive use of emojis expressing sadness and heartbreak suggests a positive appreciation for the story's emotional impact.,Neutral
Positive,Good vibes,The comment expresses a feeling of positivity and enjoyment associated with the music video.,Positive
Positive,Melody voice ❤️🔥,The use of heart and fire emojis clearly expresses positive feelings towards the music video and its melody.,Positive
Negative,At first i like this song but then IT GOT SOO ANNOYING hearing this over and over again specially in FUCKING TIK TOK or YT adds,"The comment expresses frustration and annoyance with the song's repetition, indicating a negative sentiment.",Negative
Neutral,Oltre il tempo,"The comment 'Oltre il tempo' (Italian for 'Beyond Time') is a title, lacking explicit emotional expression, thus classified as neutral.",Neutral
Negative,"There's a man that I love from all my heart but I think he doesn't love me back , I don't have friends ..I wanted him to be my friend, my lover , my everything but I don't think he want that ... everytime I listen to this music, I remember our first meeting, I wish if he can see this message, I love you from all my heart ❤","The comment expresses feelings of heartbreak and unrequited love, indicating a predominantly negative emotional state.",Negative
Positive,Lady Gaga is a vibe,The use of 'vibe' indicates a positive and appreciative feeling towards Lady Gaga.,Positive
Negative,"I love, love this song and so does my grandchildren. However, their music video is awful in my opinion. I don't understand why Lady Gaga has a cigarette in her mouth and she looked like that. It doesn't match with the song at all. Oh well. I just listen to it and avoid the video. Again, just my own opinion.","Despite expressing fondness for the song, the comment primarily focuses on a negative critique of the music video's visuals and their perceived mismatch with the music.",Neutral
Neutral,"Random fact, this song was made by Bruno Mars when he finish attack on titan, it the story of the anime","The comment contains a factual statement about the song's creation and a reference to an anime, lacking any clear emotional tone.",Negative
Positive,2024 winter era Vibes 🕊🪄,The use of emojis and the phrase 'Vibes' strongly indicate a positive feeling about the music video.,Positive
Negative,"Lovely song. Shambles of a video. Gaga is kiited out like an idiotic rag doll. Not one bit sexy. Is unfair to her because Bruno nails it all. Poor video decision from studio. If the world was indeed ending, this emotionless love scene will be the 1st to go. Not good enough guys.","Despite praising the song, the comment largely expresses criticism of the video's aesthetic and perceived lack of appeal, using negative language like 'shambles' and 'idiotic rag doll'.",Negative
Positive,"Its not just a song is a feeling, emotions , pain and happiness. Truly iconic song , just feel this song 😌","The comment expresses strong positive feelings about the song, using words like 'iconic' and 'feel' with an emoji, indicating appreciation.",Positive
Positive,is it just me or is this emotional😢,"The use of the crying emoji suggests a feeling of intense emotion, typically associated with a positive experience.",Negative
Positive,3:14 so emotional 😢🥺,The use of emojis (crying face) indicates a feeling of strong positive emotion related to the music video.,Positive
Positive,That is so cool and I wish they had the lyrics,"The commenter expresses enthusiasm with 'so cool' and a desire to see lyrics, indicating a positive feeling towards the video.",Positive
Positive,This song is a beautiful serenade which reminds us why we love beautiful music and vocals. Absolutely transcending and heavenly listening to this masterpiece. My mind has been blown away.,"The commenter uses overwhelmingly positive language, describing the song as 'beautiful,' 'transcending,' and a 'masterpiece'.",Positive
Positive,Hope this song beats baby shark My little sister who is 5 loves this song so much (sings it everytime),"The comment expresses enthusiasm and affection for the song, indicating a positive emotional response.",Neutral
Positive,I missed those random artist collaborations we used to get back in the 2010’s. This has those vibes and I’m all here for it.,"The commenter expresses enthusiasm and a desire for a return to a previously enjoyed style, indicating a positive sentiment.",Positive
Negative,OK I love this song but Lady Gaga ruined the video with the trashy cigarette bullshit. The worst part was her singing and dancing (terribly) with it between her teeth. That's not a flex unless you're a carnie. No Class!,"Despite expressing liking the song, the comment primarily criticizes the video's content and Gaga's performance, using negative language like 'ruined,' 'trashy,' and 'terribly'.",Negative
Positive,Today I'm listening with lyrics..really it's gonna be my favourite song❤,The use of the heart emoji and the statement 'my favourite song' clearly indicates a positive sentiment.,Positive
Positive,Is it bad that I initially thought this was a song from the 2010s? It seriously gives me those vibes and makes me feel nostalgic.,The commenter expresses a positive feeling of nostalgia and enjoyment of the music video's resemblance to a beloved era.,Neutral
Positive,"I love that they didn't go with the obvious song titles from the beginning or end of the chorus (""If the world was ending"" or ""Next to you"") and instead pulled a phrase from the middle of the chorus",The commenter expresses clear enjoyment and appreciation for the song's choice of lyrics.,Positive
Positive,💯 talent and quality vocal,The comment expresses enthusiastic praise for the singer's talent and vocal quality.,Positive
Positive,When I listen to this masterpiece I feel it deep inside my spine😭🙏♥️,The use of emojis and phrases like 'masterpiece' and 'deep inside my spine' clearly indicate a strong positive emotional response.,Positive
Positive,So emotional,The word 'emotional' typically indicates a strong positive feeling associated with the music video.,Positive
Negative,I really love this song. Beautiful voices. Beautiful lyrics. Why so much emphasis on the cigarette? To me it looked ridiculous. Not cool. Not sexy. Not glamorous. Just ridiculous.,"While the commenter expresses love for the song and voices, their criticisms regarding the cigarette imagery strongly indicate a negative sentiment overall.",Neutral
Positive,Wait this song is not 10 years old? It feels nostalgic already.🤍,"The commenter expresses a feeling of nostalgia, indicating a positive emotional response to the music.",Negative
Positive,This song really cuts deep 😢❤,The use of emojis (😢❤) and the phrase 'cuts deep' strongly indicates a positive emotional response to the music video.,Positive
Positive,BRUNO MARS VOCALS-📈📈📈,The use of upward-trending arrows (📈📈📈) clearly indicates a positive sentiment towards Bruno Mars' vocals.,Positive
Positive,"Como un milagro cósmico, unidos en este instante,  en esta malla espacio-temporal que es el universo  !","The comment expresses awe and wonder, using evocative language ('milagro cósmico') indicating a positive emotional response.",Positive
Positive,"When I first listen this song in a Ring tone, it becomes my favourite tune and i was trying to find this song after sometime I forgeten today suddenly i search english music and found this Banger 😮","The commenter expresses strong positive feelings about the song, describing it as their favorite and a ‘Banger’ with enthusiastic emojis.",Positive
Neutral,Anybody else seeing the message?,"The comment expresses curiosity about a visual element, lacking explicit positive or negative emotion.",Neutral
Positive,Lyrics ❤ video ❤,The use of heart emojis indicates a positive reaction to the lyrics and video.,Positive
Positive,Lady gaga verse 1:28 is facts,"The comment expresses agreement and affirmation, indicating a positive sentiment towards Lady Gaga's performance.",Positive
Negative,Where is emotional 😭,"The use of the emoji '😭' strongly indicates sadness and distress, representing a negative sentiment.",Neutral
Neutral,#dhital #deuba #basyal #ojha #anuj #baraili #pariyar #bindu #bharati #xettry #bhusal #timilsina #pokharel #thapaliya #deepak #laxman #khadgi #katwal #bohora #jaishi #katuwal #regmi #lamichhane #subedi #xetri #panjiyar #bhattarai #janaki #bogati #bishwokarma #bishowkarma #kunwar #khattri #rokaya #dangi #bohara #pathak #khatiwada #upreti #chaulagain #ranabhat #budhathoki #baskota #gaire #bhatta #mahat #tiwari #YTrends #YTrendsApp,"This comment consists solely of usernames and hashtags, indicating a lack of explicit sentiment or opinion.",Neutral
Positive,Is the reason this song is so popular because it’s SO DAMN CATCHY?,The use of enthusiastic language ('SO DAMN CATCHY') indicates a positive reaction to the song's appeal.,Positive
Positive,"Flawless vocals, great original composition","The comment expresses admiration for the vocal performance and musical creation, indicating a positive sentiment.",Positive
Positive,Amazing song with absolutely sick vocal harmonies 🤘🤘🤘🤘,The enthusiastic praise of 'amazing' and the use of emojis indicates a strongly positive sentiment.,Positive
Negative,That's enough... This song is boring alr,The use of words like 'boring' and 'alr' (short for 'all ready') indicates a negative opinion of the song and music video.,Negative
Positive,Bruno Mars voice is fantastic and songs lyrics are amazing ❤,The use of 'fantastic' and 'amazing' alongside the heart emoji clearly indicates a positive sentiment towards the music video.,Positive
Negative,Worst song ever!,The comment expresses strong dissatisfaction with the song using the phrase 'worst song ever!',Negative
Positive,Summer/Fall Vibes ❤,The use of a heart emoji and the phrase 'Summer/Fall Vibes' clearly expresses a positive feeling about the music video.,Positive
Positive,"The way she dances to the music at 2:52 is clear evidence that this woman is the last after Madonna, that history will never witness another woman with this kind and talent.","The comment expresses admiration and reverence for the artist's talent and performance, indicating a strongly positive sentiment.",Positive
Positive,This song has a different vibe in our heart 🧘🧘,The use of emojis and the phrase 'different vibe in our heart' suggest a feeling of enjoyment and connection with the music.,Neutral
Positive,"Katy Perry realized only after losing the man that loved her so much that she wrote a song about him like ""no money can buy me s time machine"" it's deep.",The commenter expresses admiration for the song's depth and emotional resonance.,Neutral
Positive,Bruno Hernandez really hits those notes,The comment expresses admiration and praise for the artist's vocal performance.,Positive
Positive,Bruno Mars's vocal are great. The female vocalist is a good complement but she lacks the quality.,"The comment primarily praises Bruno Mars's vocals while acknowledging a minor deficiency in the female vocalist, suggesting an overall positive impression.",Neutral
Positive,It's worth living to love someone deeply❤,The use of a heart emoji and the phrase 'worth living to love someone deeply' expresses a joyful and appreciative sentiment.,Positive
Positive,Hit atemporal ❤,The use of 'atemporal' (timeless) and the heart emoji indicates a positive and appreciative sentiment towards the music video.,Positive
Negative,All autotuned and layered. Makes you second guess their talent.,"The comment expresses doubt and criticism regarding the artists' talent, indicating a negative sentiment.",Negative
Positive,Their range and pitch compliment each other really well. Beautiful song.,"The comment expresses strong positive feelings about the song's combination of range and pitch, and describes it as 'beautiful'.",Positive
Positive,Jesus! Bruno Bro those vocals are INSANE!,The exclamation and enthusiastic praise of the vocals clearly indicate a positive sentiment.,Positive
Positive,THE IS HISTORYYY,The exclamation point and word 'history' indicate enthusiastic approval of the music video.,Positive
Negative,"Gaga w/ a cigarette is such a terrible 'look'. What were they going for w/ an image like that? Certainly artsy but far from classy or appropriate. Destroyed the entire video for me. Pretty song, they make a great writing team along w/ the three collaborator's. It's odd to me the video description didn't mention Gaga's cigarette but the red tights were.",The comment expresses strong disapproval of Gaga’s image and suggests it negatively impacted the video’s overall quality.,Negative
Positive,"everyday, in office it makes me crazy with its every beat, words...❤",The use of the heart emoji and enthusiastic description of the music video indicate a positive feeling.,Positive
Positive,I had given up on current music..............this is amazing!  The lyrics are just perfect for someone you love.,The commenter expresses enthusiastic approval and describes the music as 'amazing' and the lyrics as 'perfect'.,Positive
Positive,"Hi Stephanie, I hope you don't mind me calling you that, I didn't come here to give you a suggestion or hire you to do a show, I came to do something better, I came to praise you and apologize to you, I was so stupid, I wish I had known your story before judging you, many may see this message as pity for what happened, but no, your story is inspiring, I started judging you because I saw everyone doing it, because I preferred to be manipulated by the opinion of others, but now I have formed my own opinion about you, and I wanted to say that I am a big fan of yours, I wanted to meet you in person, hug you and apologize in person, but as that day has not yet arrived, I hope you forgive me for everything, and I want you to know that I have huge thoughts for the future because of you, but one day you will find out what it is, I want you to know that I think you are beautiful, strong, determined and wonderful, I hope you forgive me for everything I said about you, and that I am very sorry for the bullying and rape you went through, a kiss until any day, year, whatever, bye 🤗🎉😍😚😊❤","The comment expresses admiration, apology, and a desire for forgiveness, containing overwhelmingly positive sentiments and expressions of appreciation.",Positive
Positive,"Came for the thumbnail, stayed for the vibes","The comment expresses enjoyment and satisfaction with the music video's atmosphere, indicating a positive experience.",Positive
Positive,Chills,The word 'chills' indicates a feeling of enjoyment and positive emotion evoked by the music video.,Positive
Positive,One year and one of the most hits in history,"The comment expresses enthusiastic praise for the song's popularity and impact, indicating a positive sentiment.",Positive
Positive,La de awita t deep❤,The use of the heart emoji indicates a feeling of fondness and positive emotion towards the music video.,Neutral
Positive,No one can Beat Eren Yeager.,"The comment expresses admiration and support for the song's protagonist, indicating a positive sentiment.",Neutral
Positive,"I'm not a big fan of secular music but this remind me of the 60s, 70s & 80s when music and lyrics really connected and had meaning","The commenter expresses a positive recollection of music from previous eras, indicating enjoyment and appreciation.",Positive
Positive,Show emotional video😢😢😢,The excessive use of the crying emoji indicates a strong positive emotional response to the video.,Negative
Positive,Children People Astronaut Reversed Rewind Control Day,"The words 'Children,' 'People,' and 'Control' evoke a sense of playful interaction and agency, suggesting a positive experience.",Neutral
Positive,"“Love this lofi vibe! I just dropped a similar track on my channel ‘Lofinest’, would love your thoughts.”","The commenter expresses love for the music video's vibe and extends an invitation for feedback, indicating a positive feeling.",Positive
Positive,"JESUS CHRIST IS COMING VERY SOON,  He died for you, and wasting time on this earth ent worth it. Jesus is the answer to your pain, your sorrow, that heavy heart, he can fix your breathing problems, when you feel like you can't breathe properly, he can fix it. And mostly JESUS CHRIST is the only one who can full that emptiness in you, an emptiness that money, songs, food, and pleasure can not full, all these things are temporary. But JESUS, he would satisfy you unto eternity. I was lost in this world, and Jesus came to me. He can come to you too if you just repent and give your life sincerely to him, don't take it because JESUS wants it, and your life is worth living, if you just give it to him.","The comment expresses fervent belief and gratitude towards Jesus, indicating a positive sentiment and a desire for salvation.",Positive
Negative,This song so annoying on social media and at work,The comment expresses frustration and annoyance with the song's presence in public spaces.,Negative
Negative,Am I the only one who thinks Gaga overdid it; she should have stuck with the original melody.,"The commenter expresses disappointment and criticism of the music video's changes, indicating a negative sentiment.",Neutral
Positive,Lady Gaga gives me Amy Winehouse vibes here.😢,The emoji and comparison to Amy Winehouse suggest a positive appreciation of Lady Gaga's performance.,Neutral
Positive,This song takes you to the depths of deep emotions. Lady Gaga has shown that she is worthy of much praise.❤❤❤❤❤,"The comment expresses admiration for the song and Lady Gaga, using positive language and emojis.",Positive
Positive,Feels like old with modern vibe,"The comment expresses a positive opinion, combining a nostalgic 'old' feeling with a contemporary 'modern vibe'.",Neutral
Positive,That French piano melody in the middle…. such a chiefs kiss.,"The phrase 'chiefs kiss' is a playful and affectionate expression, indicating enjoyment of the musical element.",Negative
Positive,Such a beautiful  song the lyrics  are simply  incredible ❤❤❤❤❤❤❤❤❤❤😂😂😂😂😂😂😂😂😂😂😂😂🎉🎉🎉🎉🎉🎉🎉🎉🎉🎉,"The user expresses enthusiastic appreciation for the song and uses multiple heart emojis and celebratory emojis, indicating a positive sentiment.",Positive
Positive,70's to 80's vibes,The comment expresses a positive association with the music video's style and era.,Positive
Negative,"When I Listen This Song, I Remember Eren x Mikasa Tragic Love Story","The comment expresses a melancholic remembrance of a tragic love story, indicating a negative emotional association with the music video.",Neutral
Positive,"It became the biggest HIT of all time and it deserves it. We all feel connected to your melody, thank you","The comment expresses enthusiastic approval and a sense of connection, indicating a positive sentiment.",Positive
Neutral,Hliary is the best player on the planet and the best of the worst in the league but I don’t see any reason to be upset about him not being a starter in the future if he doesn’t play 0:30,"The comment expresses a generally positive opinion of the player but also a level of acceptance regarding his limited playing time, lacking strong emotional tone.",Neutral
Positive,I absolutely love the vintage vibe of this video,The use of 'absolutely love' and 'vintage vibe' clearly indicates a positive emotional response to the music video.,Positive
Positive,"Epic song, this one will be around for a long time. Love it. ❤ amazing vocals ❤","The commenter expresses strong positive feelings using phrases like 'Epic song,' 'Love it,' and enthusiastic emojis.",Positive
Positive,This song reminds me how beautiful this universe can be.,"The comment expresses a feeling of awe and appreciation for the beauty of the universe, indicating a positive emotional response.",Positive
Positive,"BAM, this gives me chills, really hits the spot, and checks ALL the boxes... great in every way. ❤","The commenter uses enthusiastic language like 'gives me chills' and 'really hits the spot,' indicating a positive feeling about the music video.",Positive
Positive,He actually beats musical instruments. supercalifragilisticexpialidocious vocals.,The commenter expresses enthusiastic praise for the musician's performance and vocal abilities.,Neutral
Negative,"best bruno collab, definitely!! the other one is too childish and ridiculous lyrics just like the girl's group","The comment expresses criticism and negative opinions about the collaboration and the lyrics, indicating a negative sentiment.",Neutral
Positive,3:11 from here it hits deep ❤,The use of the heart emoji indicates a positive emotional response to the music video.,Positive
Positive,"I used to listen to this song with my siblings all the time around the end of last year and they've all been taken into foster care recently. I love and miss you guys so much. I remember watching the second season of squid game with them and them playing their stupid YouTube videos that I found annoying at the time and now I would give anything for them to annoy me again. Know that I'm fighting for you guys every single day and I will hopefully see you guys in the near future. If the world was ending, I'd wanna be next to you ❤","The comment expresses deep love, nostalgia, and hope for the future, indicating a positive emotional response.",Positive
Negative,"By far the worst lip syncing, unbelievably unnatural; not expected from the team that works for such famous artists.","The comment expresses strong disapproval and criticism of the lip-syncing, indicating a negative sentiment.",Negative
Positive,"Recently, I had a dream of my sister, who passed away in November of 2024 . I watched her walk into a house where we had a gathering, and my mind was telling me how.  She couldn't be here knowing that she had passed already . And I immediately started to cry and she looked at me and told me everything was ok and not to cry .I was crying so hard that I woke myself up and I was still crying . Then, as I was leaving for work the this song played, and listening to the 1st verse hit me so hard.  I love you Lena , I miss you more than ever . Until we meet again +❤+❤+❤+","The comment expresses deep love and sorrow, coupled with a feeling of comfort and a hopeful sentiment of reunion, indicating a positive emotional response to the music.",Negative
Positive,This video is incredible with the music. Also fallout vibes. Id love to hear this on there,The commenter expresses enthusiasm and enjoyment (,Positive
Positive,"""I came for Gaga, stayed for the beat 🔥🎤 Last night wasn’t just a song — it was an EXPERIENCE! Who else had this on repeat all week? 😂💃🕺""","The commenter expresses enthusiastic enjoyment and repeated listening, indicating a positive sentiment.",Positive
Positive,"Everytime I hear this song it pulls at my heartstrings...I just love it. Both of you are incredible vocalists and beautiful artists. And Bruno is so handsome.and his voice,LadyG got it goin on..love this duo!!!!","The comment expresses strong positive emotions, using phrases like 'pulls at my heartstrings,' 'I just love it,' and enthusiastic praise of the artists.",Positive
Positive,Why does this song make me so emotional but in a good way,The commenter expresses a positive emotional response (,Positive
Negative,"Lisa Renee and her Energetic Synthesis out of America,Lithuania and Britain-promise sect to me",The comment expresses skepticism and implies a problematic association (,Neutral
Positive,This song is amazing awesome vocals just beautiful !,"The commenter uses highly positive adjectives like 'amazing,' 'awesome,' and 'beautiful' to express their enjoyment of the song.",Positive
Negative,"▬ The notes are taken from another 80's song, it has the entire interlude, bridge and chorus, only modern.","The comment expresses dissatisfaction by highlighting a significant copying of elements from another song, implying a negative assessment.",Negative
Positive,Bruno is the Paul McCartney John Lennon and Brian Wilson all into one in today’s world of ever changing music . Heart soul meaning and emotion with absolute perfect vocals and harmonies unlike any other in the last decades or so and Gaga well what can you say she’s sensational and owns the stage . Beautiful song,"The comment expresses overwhelmingly positive opinions about both Bruno Mars and Lady Gaga, praising their talent and performance.",Positive
Positive,"The message is magic and gorgeous!!! Why do we have arguments and live screaming? We need peace in each aspect and love can help people to survive. Also, their outfit is fantastic. Congrats!!!","The comment expresses enthusiastic praise for the video's message and visuals, using words like 'magic,' 'gorgeous,' and 'fantastic.'",Positive
Positive,It's my favourite song and I'm singing it right now know all the lyrics❤❤❤❤❤❤❤,The user expresses strong positive feelings by stating it's their favourite song and using enthusiastic emojis.,Positive
Positive,0:09 to 0:30 is such a vibe,The phrase 'such a vibe' expresses a positive and enjoyable feeling about the music video segment.,Positive
Negative,This is annoying!!!,The use of 'annoying' clearly expresses a negative feeling about the music video.,Negative
Positive,The way she just vibes with the cigarette and sings casualy wow so natural,The comment expresses admiration for the artist's natural and relaxed performance style.,Neutral
Positive,i am 129 years of age .... thanks to this powerfull artist for sharing verygood music ❤❤❤,The user expresses gratitude and uses positive language ('verygood music') and emojis to indicate a positive reaction.,Positive
Positive,My cat died yesterday 😢I’m so sad this song help me whit terrible grief 😭😢❤️ 🕊️,"Despite expressing sadness about a loss, the commenter indicates the song provided comfort and support, suggesting a positive impact.",Negative
Positive,Lucky are those who are actually living through this lyrics for real!!!🥹✨♥️,The use of emojis like 🥹✨♥️ strongly indicates a positive emotional response to the lyrics and experience.,Positive
Positive,The lyrics of this song really speak to me.,The commenter expresses a personal connection and positive feeling towards the song's lyrics.,Positive
Positive,"I'm still watching right here right now, I'm getting fallen into this song, what beautiful and legendary lyrics and music.",The commenter expresses strong positive feelings about the song through enthusiastic language like 'getting fallen into' and describing it as 'beautiful and legendary'.,Positive
Positive,Those who understand the lyrics they are gem 💎,The use of 'gem' indicates a positive appreciation for those who understand the lyrics.,Positive
Positive,People Astronaut Reversed Rewind Control Day2️⃣0️⃣0️⃣0️⃣📅📆🗓️👩‍🚀👨‍🚀👪👨‍👩‍👦🌏🌎🌍🌌🇻🇳🆗👍,The use of positive emojis (👍🆗) and references to space exploration suggest a favorable reaction to the music video.,Neutral
Positive,What a catchy tune ❤,The use of a heart emoji and the phrase 'catchy tune' indicates a positive emotional response.,Positive
Neutral,Senior pink backstory,"The comment is a short, vague reference likely related to the music video's themes, lacking explicit positive or negative emotional cues.",Neutral
Positive,This feels nostalgic for some reason,The use of 'nostalgic' indicates a positive emotional response to the music video.,Positive
Negative,"I don't really like monkeys, cus monkey will grab what you have in your hand. Bruno Mars can relate it from his family. I don't like bruno sorry.  They are ""feekin dam"" who can't even make 4 lines in second prechorus. Theyy just monkey who grab that song. People will become so pathetic with that monkeys.","The comment expresses dislike for the music video's theme and Bruno Mars's use of monkeys, utilizing negative language and criticism.",Negative
Positive,Bruno has real music that has melody,The comment expresses a positive opinion of Bruno's music due to the mention of 'real music' and 'melody'.,Positive
Positive,Welcome back Bruno..we missed your vocal 😢,"The use of the emoji ‘😢’ indicates a feeling of sadness at Bruno’s absence, but also a joyful welcome back.",Positive
