﻿classificacao,comentario,justificativa,sentimento_manual
Positive,She's got a song for almost every situation I swear! I enjoy artists who're able to be diverse and multi-facet when it comes to them being able to express themselves in their art in different ways.,The comment expresses enthusiastic enjoyment and appreciation for the artist's versatility and creative expression.,Positive
Positive,"The drums, the beat drop and the hype just makes you want to run through a wall, I never thought me, a grown straight man would have something in common with my niece","The commenter expresses enthusiastic enjoyment and a surprising connection to the music, indicating a positive sentiment.",Positive
Positive,This is giving me 2000s punk rock vibes. I love it,The commenter expresses clear enjoyment and positive association with the music video's style.,Positive
Positive,this mv gives off 2000s-2010s vibes in the BEST way!!,"The commenter expresses enthusiastic approval, stating the music video evokes nostalgic and positive feelings from the 2000s and 2010s.",Positive
Positive,The lyrics to this perfectly illustrate a condition called Retroactive Jealousy which is something we help people with,The comment expresses a positive evaluation of the lyrics and suggests a helpful service related to the topic.,Positive
Positive,She’s such a good actress - she conveys emotion so well,The comment expresses admiration for the actress's performance and ability to portray emotions effectively.,Positive
Positive,She is the next POP Rock ICON!! What an amazing concept and catchy song for me.,The commenter expresses enthusiastic admiration for the artist and the music video's concept and song.,Positive
Positive,"1:00 im getting such strong ballad of monalisa vibes, love it🖤","The commenter expresses a positive feeling by referencing a beloved song and using a heart emoji, indicating enjoyment.",Positive
Positive,"This video is genius, this song is so unique and I’m obsessed with her emo vibe! She’s giving young Winona Ryder in this","The commenter expresses strong positive feelings about the video and artist, using words like 'genius,' 'obsessed,' and praising a style comparison.",Positive
Negative,CAN YOU STOP MAKING RELATABLE SONG?????😭😭😭 I'M LITERALLY CRYING SO HARD ABOUT THE LYRICS OMG,"The user expresses intense sadness and frustration with the song's relatable lyrics, indicating a negative sentiment.",Positive
Positive,"If there's one thing I love about Olivia's music videos it's the aesthetics. The costumes, ""rock"" songs, film filter etc that really sell these nostalgic, aesthetically appealing vibes I get. I don't know how to better explain it but just good job on everyone involved ❤",The commenter expresses clear admiration and appreciation for the video's aesthetic qualities and overall execution.,Positive
Positive,I love these Rock vibes that Olivia gives with every song more and more. And i live that she tells different stories many people can relate. Love this craziness! Loved the video and song❤,"The commenter expresses strong positive feelings about Olivia's music, the video, and the storytelling, using enthusiastic language and emojis.",Positive
Positive,This has such a 2000s music vibe,"The comment expresses a positive association with the music video's style, describing it as having a desirable '2000s music vibe'.",Neutral
Positive,"This is just so damn good. I'm 40, and let me tell you, this is a strange emotion that only MOSTLY goes away after real, long term commitment 😂 It goes from obsession to awareness maybe? But the sashes are forever lmao","The commenter expresses strong positive feelings using phrases like 'this is just so damn good' and a laughing emoji, indicating enjoyment.",Positive
Positive,Love her how she makes lyrics so relatable. ❤,The commenter expresses affection and appreciation for the lyrics' relatability.,Positive
Positive,"Insane 2003 MTV Pop-Punk vibes both the video and the song, absolutely fucking love it","The commenter expresses strong positive feelings, using enthusiastic language like 'absolutely fucking love it'.",Positive
Positive,Love these rock vibes,The commenter expresses positive feelings about the rock music style in the video.,Positive
Positive,She’s giving Wednesday vibes,"The comment expresses a positive association, comparing the artist to a popular and well-regarded character.",Neutral
Positive,Can you make another music like drivers licence and traitor vibes again?,"The commenter is expressing a desire for similar music, indicating a positive reception of the previous work.",Neutral
Positive,this songs such a vibe,The comment expresses a positive feeling about the song using the word 'vibe' which indicates enjoyment.,Positive
Positive,This song is a vibe,The phrase 'a vibe' expresses a feeling of enjoyment and positive association with the music.,Positive
Positive,"YOURE LITERALLY IN MY HEAD... THE LYRICS...THE ENERGY, THE CRAZE...THE INSANITY",The comment expresses enthusiastic admiration and excitement about the music video.,Positive
Positive,This song is such a vibeee✨️✨️,The use of 'vibeee' and the emojis indicate a positive and enthusiastic feeling towards the song.,Positive
Positive,Olivia is a vibe trust me,"The comment expresses a positive feeling about Olivia, using the enthusiastic phrase 'a vibe'.",Positive
Positive,"coming back to this music video, #THATGIRL could never beat olivia rodrigo.","The commenter expresses a clear preference for the music video, indicating a positive reaction.",Neutral
Positive,Tryna listen for Chappell’s backing vocals!!!,The commenter is expressing a positive interest and appreciation for the music video's details.,Positive
Positive,Olivia always beats it!!❤‍🔥,The use of a heart emoji and the enthusiastic phrase 'always beats it' clearly indicates positive sentiment.,Positive
Neutral,Olivia is giving gay vibes with this one,"The comment expresses a subjective observation about the music video's aesthetic, rather than a direct positive or negative emotion.",Neutral
Positive,Omg Olivia so much emotions you are so talented and incredible❤,"The comment expresses strong admiration and positive feelings towards the artist, using words like 'talented' and 'incredible' with an emoji of love.",Positive
Positive,Good vibes!,The comment expresses enthusiasm and positivity through the use of 'good vibes'.,Positive
Positive,The overflow of emotion that's always present in Rodrigo's song👍👍👍,The use of multiple thumbs-up emojis clearly indicates a positive reaction to the music video.,Positive
Positive,"I love Olivia and I love this fricking song,even if you don't relate to the lyrics,you can easily feel the frustation and the insecurity, It happens the same with most of Olivia's songs, that's why I love her music ❤","The commenter expresses clear enjoyment and appreciation for Olivia and her music, using positive language and emojis.",Positive
Negative,"I can definitely relate to her lyrics and now i certaintly feel its ok to feel this, fck.","The comment contains a profanity ('fck') and expresses a potentially negative emotional reaction, indicating dissatisfaction or frustration.",Positive
Positive,What a beautiful funny song. Every emotion is so clearly worded. Supppppeeeerrrrbbbb❤❤❤❤❤❤,"The comment expresses enthusiastic appreciation for the song's beauty and humor, indicated by the emojis and positive adjectives.",Positive
Positive,❤ love the relatability of her lyrics,The use of the heart emoji and the phrase 'love the relatability' clearly indicates a positive sentiment.,Positive
Positive,Love the rock vibes!!,The exclamation and use of 'Love' clearly indicate a positive reaction to the music video's atmosphere.,Positive
Neutral,The main chorus kinda sounds like telephone by Lady Gaga and Beyonce.... Just me???,"The comment expresses a subjective observation about the music, but doesn't explicitly convey positive or negative feelings.",Neutral
Positive,I’m so obsessed with your exe so catchy right,The commenter expresses enthusiastic enjoyment of the song with phrases like 'so obsessed' and 'so catchy'.,Positive
Positive,i love this music video!! like i wish “get him back” had a similar vibe,"The commenter expresses love for the music video and desires a similar vibe, indicating a positive feeling.",Positive
Negative,This song is annoying,The word 'annoying' expresses a clear dislike and negative feeling towards the song.,Negative
Positive,I’m only here for the Alt/Rock vibes.,"The user expresses enjoyment of the music genre, indicating a positive sentiment.",Neutral
Positive,The moves makes me emotional,"The comment expresses a feeling of being moved, indicating a positive emotional response to the video's choreography.",Neutral
Positive,God damn whatever guy has all these girls as his exes must be the most attractive dude in the universe,"The comment expresses admiration and a positive sentiment towards the music video's subject, implying a favorable reaction.",Neutral
Negative,She did it again. Olivia somehow managed to be more generic than Taylor Swift. She carefully handpicked another one of the most generic situations in life and is pretending she wrote and filmed a masterpiece. The delusion is beyond. And the people who likes her music are the most basic I ever witnessed in my lifetime. That's impressive. What a load of shit.,"Despite using the word 'impressive,' the comment overwhelmingly expresses disdain and criticism of the music video and its audience.",Negative
Positive,It's giving me Avril Lavigne vibes❤❤ love it❤️,The use of positive emojis and the phrase 'love it' clearly indicates a positive sentiment towards the music video.,Positive
Positive,This gives me 90’s Garbage and Courtney Love vibes. ❤,"The comment expresses a positive association with 90s music and Courtney Love, indicated by the heart emoji.",Positive
Positive,The classical rocker vibe we love ❤,The use of the heart emoji and the phrase 'we love' clearly indicates a positive sentiment towards the music video.,Positive
Negative,I feel this Lyrics so much (unfortunately) 🥲,The use of 'unfortunately' alongside the emoji suggests a feeling of sadness or disappointment regarding the lyrics.,Neutral
Positive,The most emotional yet beautiful song on Olivias channel,The comment expresses admiration and appreciation for the song's emotional impact and beauty.,Positive
Negative,"When her music is good, it's really good but too bad when it's bad, it's some of the worst out there like this song. This song is so cringe in every way possible",The comment expresses strong criticism and uses negative language (,Negative
Positive,"This is very Michelle Branch, the music video is giving me Whip IT (2009) vibes and I’m here for it","The commenter expresses enthusiasm and positive comparison to a well-regarded song, indicating a favorable opinion.",Positive
Positive,"..the life of every fucking party. I've got issues.....  Hahahaaaa!!!!😂❤🎉🎉 LUV this song & others. Esp. when idoL #oliviarodrigo cusses swears.. so real. Like most of us do. HahaHaaa!!!!! LUV this song, video, lyrics.. & many of her songs. Our #philippines' #princess ❤️ 😊 🥰 🎉💜 💜💜","The comment expresses enthusiastic enjoyment and positive feelings towards the music video and artist, utilizing emojis and repeated expressions of love and laughter.",Positive
Positive,Chaotic and emotionally raw. I love it.,The use of 'I love it' explicitly indicates a positive emotional response to the music video.,Positive
Negative,Ewwwww the lyrics are soo cheap,"The comment expresses a negative opinion about the song's lyrics, using the word 'cheap' to convey dissatisfaction.",Negative
Positive,"The best song I've ever heard in my entire life, nothing beats this song.",The commenter expresses overwhelming enthusiasm and superlative praise for the song.,Positive
Positive,"Hi Olivia, not sure if youll see this but I heard Fefe Dobson's Shut up and Kiss me and I can hear you singing it. It has the same vibe with some of your songs.",The commenter expresses a positive opinion by comparing the song to the artist's own work and suggesting a similar vibe.,Neutral
Positive,1:26 im obsessed with the way she blows the kiss so annoyingly but kindly at the same time ❤😘,"The commenter expresses fondness and affection through emojis and descriptive language about the kiss, indicating a positive sentiment.",Neutral
Positive,Finding this now has been a GIFT! This is a vibe. The vibe. 🔥🔥🔥,The enthusiastic exclamation points and phrases like 'GIFT!' and 'This is a vibe' clearly indicate a positive sentiment.,Positive
Positive,"Catchy, witty, sexy, kinda heavy......I'm impressed","The commenter uses positive adjectives like 'catchy,' 'witty,' and 'sexy,' indicating a favorable opinion.",Positive
Negative,i dont see how everyone else isnt cringing at the lyrics.,"The comment expresses discomfort and criticism regarding the song's lyrics, indicating a negative sentiment.",Negative
Positive,She reminds me of Em Behold and a 2000's favorite called Poe. She has the same style as EB but a lower tone in singing when doing serious lyrics just like Poe.,"The commenter expresses admiration and comparison to positive artists (Em Behold and Poe), indicating a favorable opinion.",Neutral
Positive,She is the next POP Rock ICON!! What an amazing concept and catchy song for me.,The commenter expresses enthusiastic praise for the artist and the music video's concept and song.,Positive
Positive,OMG I AM LOVE IT GIVES OFF BRUTAL VIBES!!!!!!!!!,"The commenter uses enthusiastic language ('OMG', 'love it') and describes the video as having 'brutal vibes,' indicating a positive reaction.",Positive
Neutral,"That first half of the chorus, what does it remind me of?",The comment expresses a thoughtful question about a musical element without expressing positive or negative emotion.,Neutral
Negative,worst music in the world trash music,"The comment uses strongly negative language ('worst,' 'trash') expressing a clear dislike of the music video.",Negative
Positive,"In addition to all of the other amazing qualities, performance, aesthetic, voice, look, smarts,  Imma jus gonna say that Livvy might be the greatest poprock songwriter of ALL TIME. These lyrics are profound poetry, every damn song. Especially this one!","The comment expresses overwhelming praise and declares Livvy a ""greatest poprock songwriter,"" indicating a strongly positive sentiment.",Positive
Positive,WHY IS THIS SO NOSTALGIC NOW..,The comment expresses a feeling of positive nostalgia for the music video.,Neutral
Positive,Olivia can you please please please🙏 make a song about me i love u so much my name is harmony love u olivia your the best and im so obsessed with u   i listen to your songs every day love u liv love u liv your the best,"The comment expresses overwhelming adoration and positive feelings towards Olivia, using enthusiastic language and repeated declarations of love.",Positive
Positive,Cleaning up the mess the exes made with a vacuum in the end is such a vibe😂,The use of 'vibe' and the laughing emoji clearly indicate a positive and amused reaction to the video's content.,Positive
Positive,I'm so obsessed with it I love it it's giving me rock Vibes I I can't stop listening to it❤❤❤❤❤❤❤❤❤❤❤❤❤❤❤❤❤❤❤❤❤❤❤❤❤❤❤❤❤❤❤❤❤❤❤❤❤❤❤❤❤❤❤❤❤❤❤❤❤❤❤❤❤❤❤❤❤❤❤❤❤❤❤❤❤❤❤❤❤❤❤❤❤❤❤❤❤❤❤❤❤❤❤❤❤❤❤❤❤❤❤❤❤❤❤❤❤❤❤❤❤❤❤❤❤❤❤❤❤❤❤❤❤❤❤❤❤❤❤❤❤❤❤❤❤❤❤❤❤❤❤❤❤❤❤❤❤❤❤❤❤❤❤❤❤❤❤❤❤❤❤❤❤❤❤❤❤❤❤❤❤❤❤❤❤❤❤❤❤❤❤❤❤❤❤❤❤❤❤❤❤❤❤❤❤❤❤❤❤❤❤❤❤❤❤❤❤❤❤❤❤❤❤❤❤❤❤❤❤❤❤❤❤❤❤❤❤❤❤❤❤❤❤❤❤❤❤❤❤❤❤❤❤❤❤❤❤❤❤❤❤❤❤❤❤❤❤❤❤❤❤❤❤❤❤❤❤❤❤❤❤❤❤❤❤❤❤❤❤❤❤❤❤❤❤❤❤❤❤❤❤❤❤❤❤❤❤❤❤❤❤❤❤❤❤❤❤❤❤❤❤❤❤❤❤❤❤❤❤❤❤❤❤❤❤❤❤❤❤❤❤❤❤❤❤❤❤❤❤❤❤❤❤❤❤❤❤❤❤❤❤❤❤❤❤❤❤❤❤❤❤❤❤❤❤❤❤❤❤❤❤❤❤❤❤❤❤❤❤❤❤❤❤❤❤❤❤❤❤❤❤❤❤❤❤❤❤❤❤❤❤❤❤❤❤❤❤❤❤❤❤❤❤❤❤❤❤❤❤,The user expresses strong positive feelings with repeated expressions of love and enthusiastic reactions.,Positive
Positive,WHO SAID I CANT WEAR MY CONVERSE WITH MY DRESS-,"The comment expresses a defiant and joyful attitude, celebrating a personal style choice.",Positive
Positive,legendary lyrics,The comment expresses strong approval and admiration for the lyrics.,Positive
Positive,"Damn, I feel seen. I remember dating a dude, and even though we were together, I was obsessed with his ex because I was afraid she would come back and take him away. It's a terrible feeling. It comes from insecurity and low self-esteem but is real and painful. I would put on red lipstick; sometimes, my face would morph into hers in the mirror. I am no longer with that dude, and I am finally working on myself, and I overcame her. This song feels like she wrote it for me. I know it's not true, but it feels good to TRULY relate to her lyrics and music.","The commenter expresses a strong feeling of connection and validation, describing a positive and cathartic emotional experience related to the song.",Positive
Positive,Tone like telephone by lady Gaga 🤔✌️,"The commenter expresses a positive connection to the song's tone, using emojis to convey enjoyment.",Neutral
Positive,Fãs do Justin Bieber e Selena Gomez tão nessa vibe,"The comment expresses support and enthusiasm for the music video, indicating a positive sentiment.",Neutral
Positive,Good vibes to start a new year! SO MUCH PUNK! WOW!! NEVER EXPECTED THIS!!!,The comment expresses excitement and enthusiasm through exclamation points and positive language about the music video’s genre.,Positive
Positive,"Love this song….. the concept, the vocal performance, the instrumentation, the production. On Point","The commenter expresses enthusiastic praise for various aspects of the music video, indicating a positive sentiment.",Positive
Positive,Why did it give vibes like deja vu but karma hits version...??!,"The commenter is expressing a positive association with the music video's feel, utilizing the term 'vibes' and referencing a desirable remix version.",Neutral
Positive,Uma vibe 2010's,"The comment expresses a positive feeling by referencing a nostalgic and popular era in music, implying enjoyment of the video's style.",Neutral
Positive,Giving jealousy jealousy and brutal vibes I love it!!,The commenter expresses clear enthusiasm and enjoyment with the phrase 'I love it!!',Positive
Positive,I keep listing to you it feels like iam so obessed with olivias vocals,"The commenter expresses a strong positive feeling of obsession with Olivia's vocals, indicating enjoyment.",Neutral
Negative,worst song so far,The comment expresses direct criticism and dissatisfaction with the song.,Negative
Positive,damn!!! some of the lyrics really hit me hard,The exclamation and phrase 'really hit me hard' indicate a strong positive emotional response to the lyrics.,Positive
Positive,Love the vibes,The comment expresses a positive feeling about the music video's atmosphere and energy.,Positive
Positive,0:26 the prechorus always gets me so hype,The commenter expresses excitement and enthusiasm (,Positive
Positive,did anyone else know that chappell roan was background vocals for this song?,"The comment expresses a positive discovery and shared knowledge, indicating enjoyment and interest in the song's production.",Neutral
Positive,Never miss a beat left no crumbs amazing I loveeee,The enthusiastic use of 'amazing' and 'loveeee' clearly indicates a positive sentiment towards the music video.,Positive
Positive,"I loved the instrumentation of the chorus, just perfect ❤",The user expresses clear fondness for the music video's instrumentation using the word 'loved' and an emoji expressing positive emotion.,Positive
Negative,I love Olivia but the bangs does not give the vibe,"The comment expresses dislike through the phrase 'does not give the vibe,' indicating a negative reaction to Olivia's hairstyle.",Neutral
Positive,This song reminds me of early 80s punk when I was in high school. Makes me feel nostalgic❤,The commenter expresses a positive feeling of nostalgia and fondness for the song and its association with a positive memory.,Positive
Positive,😮I’m SO OBSESSED with this song 🎶!! TOTAL jam song! Lyrics PERFECT!! 👏👏 Releasing these 5 songs now in the middle of her tour just proves AGAIN how much Olivia loves her fans! 💜💜OR,"The comment expresses enthusiastic admiration and excitement about the song, using positive emojis and language like 'SO OBSESSED' and 'TOTAL jam song'.",Positive
Positive,Its giving summer vibes,The comment expresses a feeling of enjoyment and positivity associated with the music video's atmosphere.,Positive
Positive,I first heard this song on my record side b and learned all the lyrics,"The comment expresses a positive experience and enjoyment of the song, highlighting a cherished memory of listening to it on vinyl.",Positive
Positive,Omg I love the video and the hard work you put into the lyrics ❤❤❤❤,The use of heart emojis and the phrase 'I love the video' clearly indicates a positive sentiment.,Positive
Negative,This song came out at the wrong time and failed miserably. It should be released on the next album is better because it is a very catchy and unique song 😢😢,"Despite some positive aspects, the comment expresses disappointment and failure, indicated by 'failed miserably' and '😢😢'.",Negative
Positive,"The lyrics may be cringe and immoral, but this song is an absolute banger!","Despite acknowledging potentially negative lyrical content, the commenter uses enthusiastic language ('absolute banger') indicating a positive overall impression.",Neutral
Positive,She pictured those emotions so real...,The comment expresses a positive reaction to the portrayal of emotions in the music video.,Positive
Positive,2000s vibes are strong,The comment expresses a positive association with the music video's style and era.,Neutral
Positive,The chorus sounds like TELEPHONE by LADY GAGA ft BEYONCE,"The comment expresses a positive comparison to a well-regarded song, indicating enjoyment of the music video's chorus.",Neutral
Positive,Kind of getting biff naked vibe as inspiration,"The comment expresses a positive association with the music video's imagery, suggesting a favorable reaction.",Neutral
Positive,Does anyone else get an Avril Lavigne Sk8er boy PunkPop vibe??,The comment expresses a positive association by comparing the music video to a well-regarded Avril Lavigne song.,Neutral
Positive,OK BUT DID YOU KNOW CHAPPEL ROAN IS IN THE BACKGROUND VOCALS OF THIS SONG 🎉❤ WE LOVE OLIVIA FOR QUEER REPRESENTATION,"The comment expresses enthusiastic support for the song and Olivia, highlighting positive representation, indicating a favorable sentiment.",Positive
Positive,"This sound so familiar, especially pre chorus. Did she sampled the music?",The commenter expresses a positive reaction by noting a familiar sound and suggesting a deliberate creative choice.,Neutral
Negative,I can’t be the only one who thinks she’s attractive but annoying,"The comment expresses a negative opinion by describing the subject as 'annoying,' despite acknowledging attractiveness.",Neutral
Positive,Chorus melody is giving Lady gagas telephone,"The comment uses a positive comparison to a well-regarded song, indicating enjoyment of the melody.",Neutral
Positive,Catchy,The word 'catchy' expresses a positive reaction to the music video.,Positive
Positive,Eu amo a vibe que Olivia Rodrigo transmite em suas músicas é tão surreal serio eu amei essa música parabéns garota arrasou mais uma vez❤,The comment expresses strong positive feelings and admiration for Olivia Rodrigo's music and performance.,Positive
Negative,wait why did she chnage teh lyrics to is she good in bed when its supposed to be does she give good head,"The comment contains sexually explicit and objectifying language, expressing a negative and inappropriate perspective.",Negative
Positive,Great composition!,The comment expresses enthusiastic approval of the music video's composition.,Positive
Positive,I am staring at her like i wanna get hurt😭 and she even speaks kindly about me...those lyrics are on point😭😭,The user expresses positive emotions and admiration through exclamation points and enthusiastic descriptions of the video's impact.,Positive
Positive,real ones know the lyrics from spotify podcasts🫶😭,The use of emojis (🫶😭) and the phrase 'real ones know' strongly indicate a positive and appreciative sentiment towards the music video.,Positive
Negative,Obsession and jealousy are toxic poisonous emotions… This is really bad music for young girls 👎👎👎👎👎👎,"The comment expresses strong disapproval and uses negative descriptors like 'toxic,' 'poisonous,' and multiple thumbs-down emojis indicating a negative sentiment towards the music video.",Negative
Positive,Bro this gives (no doubt) vibes please do a full rock album,"The commenter expresses a positive desire for a full rock album, indicating enjoyment of the music video's style.",Positive
Positive,If she could keep up the alternative vibe that would be amazing.,The comment expresses a positive desire for the artist to maintain a particular stylistic quality.,Neutral
Positive,Just watched Olivia Rodrigo's 'obsessed' Official Music Video - the visuals and storytelling perfectly capture the emotion behind the song.,"The commenter expresses enthusiastic praise for the video's visuals and storytelling, indicating a positive sentiment.",Positive
Positive,Olivia with her new look gave me María Becerra vibes,"The comment expresses a positive comparison, indicating a favorable association with the music video's style.",Neutral
Positive,I started head banging to the chorus with my hair in my face and then saw another sash so I remembered I came here to actually watch the video LMFAOOOOOO,"The commenter expresses enthusiastic enjoyment and amusement with multiple laughing emojis, indicating a positive sentiment.",Positive
Positive,i love how angry and emotional olivia is <3,The use of 'love' and the heart emoji clearly indicate a positive emotional response to the video's content.,Positive
Negative,This gives serious Garbage vibes. I am 100% for it. ❤,"Despite the heart emoji, the comment expresses a negative opinion by stating the music video gives 'serious garbage vibes'.",Positive
Negative,Waiting for the day Olivia dumps these awful guys and go on date their exes...,"The comment expresses a desire for someone's misfortune, indicating a negative sentiment towards the individuals involved.",Negative
Positive,Facts or true?...this song is catchy and this visual is very intriguing especially with fact that this shows a lot of vulnerability,"The commenter expresses positive opinions about the song's catchiness and the video's intriguing visuals, specifically highlighting vulnerability.",Positive
Positive,Demi vibes too,The comment expresses an appreciation for Demi's style and presence in the video.,Neutral
Positive,did you guys know that Chappell Roan sing as background vocal in this song?,"The comment expresses an observation and appreciation for the artist's contribution, indicating a positive reaction to the video and song.",Neutral
Positive,When ur laying on the floor it was giving Lydia’s hair from Beatle juice 💀🤣,"The use of '💀🤣' emojis indicates amusement and positive reaction to the video's resemblance to *Beetlejuice*, suggesting a favorable sentiment.",Neutral
Negative,Could be the worst song in the world hands down.,The comment expresses strong disapproval and uses negative language ('worst song in the world') indicating a negative sentiment.,Negative
Positive,"Daqui uns tempos Olivia Rodrigo, vai virar modinha ❤ TOMARA.🩵🫰",The use of heart emojis and the expression of wanting to become a trend suggests a positive sentiment towards Olivia Rodrigo's music.,Positive
Negative,honestly like her voice and tone but when will she make happy music? I dont listen to her songs as often as I used to bec it drags me into a hateful state of mind,The comment expresses disappointment and suggests the music negatively impacts the listener's mood.,Negative
Positive,The vibe is vibing,The use of 'vibing' indicates a positive and enjoyable experience with the music video.,Positive
Positive,this mv gives off 2000s-2010s vibes in the BEST way!!,"The commenter expresses enthusiastic enjoyment, stating the music video evokes positive nostalgic feelings.",Positive
Positive,Putting this out into the universe. I will make a song with Olivia some day soon and it will help change the world. Mark my words. God bless everyone 🍀,"The comment expresses optimism and a desire for positive impact, using phrases like 'change the world' and 'God bless everyone'.",Positive
Negative,The guitar sounds so bland. Generic rock song…. 😮‍💨,"The comment expresses dissatisfaction with the music's sound and describes it as 'generic,' indicating a negative sentiment.",Negative
Positive,not rlly an olivia stan but this song of hers reminds me of avril lavigne's and paramore's songs. she got the very angsty teen vibe down.,The comment expresses a positive comparison to beloved artists and highlights a desirable characteristic – the 'angsty teen vibe'.,Neutral
Positive,i just am alwys amazed by how good her lyrics are,"The comment expresses admiration and appreciation for the artist's lyrics, indicating a positive sentiment.",Positive
Negative,The worst song I've ever heard in my entire life,The comment expresses strong dissatisfaction and uses overtly negative language ('worst') indicating a negative sentiment.,Negative
Positive,This give me deja vu vibes,"The comment expresses a positive association with the music video, suggesting a familiar and enjoyable feeling.",Neutral
Positive,Great song!!! Early 2000s punk vibe,The commenter expresses enthusiasm with 'Great song!!!' and describes a desirable musical characteristic ('early 2000s punk vibe').,Positive
Positive,"Also, Taylor swift is good but you bring out all my emotions and you are just like me.","The commenter expresses a strong personal connection and positive feelings about Taylor Swift, indicating an enthusiastic appreciation.",Positive
Positive,She is sooooooooo stunning I literally know all the lyrics of both her albums and I even know the comeback song and All I Want and now that she came out with this song I need to know their lyrics as well I love her so much my favorite color also that’s why I love her music she’s so beautiful and sweet and funny I rly want to her at her concert but unfortunately I can’t but I still love her. I 💜 YOU OLIVIA 💜💜💜💜💜💜💜💜💜💜🤍🤍🤍🤍🤍🤍🤍🤍🖤🖤🖤🖤🖤🖤🖤🖤🖤🖤✨✨✨✨,"The comment expresses strong positive feelings about the artist, using enthusiastic language and emojis.",Positive
Positive,"The chorus sounds like Lindsay Lohan in Freaky Friday, 2003.  Who knew Lindsay was ahead of her time by 20 years!",The comment expresses a positive comparison and admiration for the music video's resemblance to a beloved film.,Neutral
Positive,"""Such a song hasn't been around for years. Old school vibe. I like it.""",The commenter expresses enjoyment and appreciation for the song's nostalgic style.,Positive
Positive,i mostly listen to hard stuff but the vocals here fucking *cooked*,The use of 'cooked' to describe the vocals indicates a high level of approval and enjoyment.,Positive
Positive,Some 90s vibes,The comment expresses a positive association with the music video through the reference to '90s vibes'.,Neutral
Neutral,2:09 do u guys hear voices behind the vocals? i do i’m so confused but i only hear it in the bridge,"The comment expresses confusion and a personal auditory experience, without explicitly praising or criticizing the music video.",Positive
Negative,Isnt she straight?? And with Louis?? This lyrics sound a little like she is lesbian or smth ( Im not judging I love her music ),"The comment expresses confusion and a potentially negative interpretation of the artist's sexuality, despite claiming not to be judging.",Negative
Positive,PURRR IMA HAVE TOO PUT THIS ONE REPEAT FOR 44 TIMES TO KNOW LYRICS 😍😍😍💅💅💅💜💜,The use of emojis (😍😍😍💅💅💅💜💜💜) and the phrase 'Ima have to put this one repeat' indicates enthusiastic enjoyment.,Positive
Positive,Why for a second did it give me I want you vibes not from the video but just gave me those vibes I don’t know how to explain it….,"The commenter is expressing a positive, nostalgic feeling associated with the music, describing a desirable 'I want you' vibe.",Neutral
Positive,Give the vibes of reputation era and Wednesday movie🤟🏼,The use of 'vibes' and the explicit positive emoji indicate a favorable reaction to the music video.,Neutral
Positive,Its only me or olivia give us paramore vibes?,"The commenter is expressing a positive comparison to the band Paramore, suggesting a liking of the music video's style.",Neutral
Positive,This gives me Yellowjackets vibes,"The comment expresses a positive comparison, associating the music video with a well-regarded and popular band.",Positive
Positive,"This is just Telephone no? I'm sorry... I love Olivia, but yeah. Glad to see the beat come back though.","The commenter expresses love for Olivia and positive feedback about the song's beat, indicating a positive sentiment.",Neutral
Positive,demi lovato camp rock vibes? anyone??,"The commenter is expressing a positive association with Demi Lovato’s music, referencing the ‘Camp Rock’ sound.",Neutral
Positive,It’s giving wensday vibes 0:49 0:56,"The comment uses 'giving wensday vibes,' which is a generally positive and appreciative phrase referencing a popular trend.",Neutral
Negative,"Very generic ngl, the molody I’ve heard so many times, it’s not creative.",The comment expresses disappointment and criticism of the music's lack of originality and creativity.,Negative
Positive,This is giving me major industrial vibes like NIN,"The comment expresses a positive association with the music video, comparing it favorably to the music of Nine Inch Nails.",Positive
Positive,very catchy,The comment expresses a positive opinion by describing the music as 'very catchy'.,Positive
Neutral,Anyone know the chords on ukulele?,"The comment simply asks a question about chords, expressing curiosity without any positive or negative emotion.",Neutral
Positive,This is giving off St Vincent vibes,"The comment expresses a positive association with the music video, comparing it favorably to the artist St Vincent.",Neutral
Negative,Catchy but not a good song,"The comment expresses disappointment by stating the song is 'not a good song,' indicating a negative sentiment.",Neutral
Positive,Chorus reminds me of telephone by lady Gaga,"The comment expresses a positive association with the song's chorus, comparing it favorably to a well-regarded track.",Positive
Negative,The worst part is when they have more than one:,The use of 'worst' indicates a negative feeling about the video's content.,Negative
Positive,Demi and 90er vibe god i love her ❤,"The use of 'god,' 'love,' and the heart emoji clearly indicate a positive sentiment towards the artist and the video's style.",Positive
Positive,this has been stuck in my head! it’s giving revenge and baddie vibes and I’m here for it 💜,The commenter expresses enthusiastic enjoyment and positive associations with the music video.,Positive
Positive,"need this version on streaming soooo BAD. the original mix is great by my god her live vocals are absolutely breathtaking. this version is also at a slightly lower pitch i believe which makes it sound so much more deep and personal. truly hits me right in my core and makes me want to belt at the top of my lungs. i love love love love this performance it’s phenomenal. she deserves all the success that’s coming her way, what a star !!",The commenter expresses strong enthusiasm and positive feelings about the music video performance and the artist’s talent.,Positive
Positive,Maomao in different universe 😅😘,The use of emojis (😅😘) suggests amusement and positive feelings towards the video content.,Neutral
Positive,"The crazy thing is HER AGE! She is so talented at such a young age. I'm only 19, and the best I sound is like nails on a frickin chalkboard. I respect her and look up to her. She is my idol and I love her music so much. I can relate a lot to her songs and I just get emotional. Awesome hit she has here. Keep going Olivia!","The comment expresses admiration, respect, and appreciation for the artist's talent and music, indicating a clearly positive sentiment.",Positive
Positive,Can we appreciate how of her videos are standard screen vs wide screen? really sets a vibe.,The comment expresses appreciation for the video's aesthetic and its positive impact (,Positive
Negative,This is so corny. Y’all needa grow up. Obsessing over other ppls exes? Talk about emotionally immature,"The comment expresses disdain and criticism of the video's content and the commenter's reaction, indicating a negative sentiment.",Negative
Positive,Not gonna lie Rucka did the vocals better but this is still good,The commenter acknowledges a slight weakness but ultimately expresses that the video is still enjoyable.,Neutral
Positive,Im all that standing up on stone im just chilling on my settee 🤔🇬🇧👽🇬🇧😊,The use of emojis like 😊 and the overall tone of relaxed enjoyment suggests a positive sentiment.,Positive
Positive,"This is the teenage dirtbag y2k vibes, i love it","The commenter expresses love for the video, indicating a positive sentiment.",Positive
Negative,Why did she change the lyrics from great head to good in bead?,"The comment expresses confusion and criticism regarding a lyrical change, indicating a negative sentiment.",Negative
Positive,Paramour vibes,The comment expresses a positive association with the music video's style and mood.,Positive
Positive,this one gave me Robin Sparkles dark era vibes,"The comment expresses a positive association, comparing the video to a nostalgic and generally well-regarded Robin Sparkles era.",Positive
Positive,"how come every song of her is so GenZ and relatetable? must admit I went through every emotion in all her songs from brutal to every Ameriacan bitch, even bad idea right and now this =))) she is so real and not even try to act cool men =)))","The commenter expresses enthusiastic appreciation for the artist's music and its relatable emotional content, indicating a positive sentiment.",Neutral
Negative,Anyone else thinks the chorus sounds just like Lady Gaga : Telephone,"The comment expresses a critical comparison to Lady Gaga’s ‘Telephone,’ implying a negative perception of the music video’s chorus.",Neutral
Positive,Niravana vibes 🔥,The use of 'Nirvana vibes' and the fire emoji indicates a positive reaction to the music video.,Positive
Neutral,im a huge livvie but this songs kinda mid im sorry. i love the chorus a lot but the rest of the songs kinda mehh,"The comment expresses mixed feelings, acknowledging a positive aspect (the chorus) while also using a slightly dismissive term ('kinda mid') and a neutral descriptor ('mehh').",Neutral
Positive,"the gated effect on the ""ahh"" in the chorus is so cool","The commenter expresses admiration and approval of a specific musical element, indicating a positive sentiment.",Positive
Positive,"Wow if this song doesn’t speak volumes ! Very catchy , highly addictive & way WAY factual in the lyrics….","The commenter expresses enthusiastic praise for the song's impact and qualities, indicating a positive sentiment.",Positive
Neutral,"Chorus ruins the whole song, which was amazingly good.","The comment expresses both criticism ('Chorus ruins the whole song') and praise ('which was amazingly good'), indicating a mixed sentiment.",Neutral
Neutral,i like the lyrics but not the execution,The comment expresses a partial positive sentiment towards the lyrics while simultaneously criticizing the overall execution.,Neutral
Negative,"I feel emotionally assaulted, please pay for my therapy Jojo Siwa","The comment expresses a strong negative emotional response and a demand for personal services, indicating dissatisfaction.",Negative
Positive,Her lyrics ❤❤,The use of heart emojis clearly expresses positive feelings towards the lyrics.,Positive
Positive,"Best lyrics since, ""I wanna rock"", by Twisted Sister","The commenter expresses enthusiastic approval of the lyrics, indicating a positive sentiment.",Positive
Positive,Real ones alr know the lyrics 😭😭,The use of 'alr know' and the crying emoji suggest a feeling of shared understanding and appreciation for the song.,Neutral
Positive,It gives 2000s movies vibes sm,"The comment expresses a positive association, comparing the music video to a nostalgic and well-regarded era of films.",Neutral
Positive,The song is so catchy ❤❤❤,The use of heart emojis indicates strong positive feelings towards the song.,Positive
Negative,Retroactive jealousy. My worst enemy fr,"The comment expresses a feeling of being a 'worst enemy,' indicating a negative emotional state.",Negative
Positive,"This is February 2025 & OBSESSED by OLIVIA RODRIGO continues to be exceedingly emotional, exceptionally eccentric, extremely explosive, enormously exciting, and exquisitely engaging. Her singing is singularly sentimental, spellbinding, superb and simply spectacular. ❤❤❤❤❤❤","The comment expresses overwhelming enthusiasm and admiration for the artist and her music, using strongly positive adjectives and emojis.",Positive
Positive,"A catchy song as always, Queen Olivia! 👑💜",The comment expresses enthusiastic praise for the artist and the music.,Positive
Negative,"If you're not obsessed with the lyrics, the metaphors or the bangs, youre not me.","The comment expresses a dismissive and critical attitude towards those who don't share the commenter's specific preferences, indicating a negative sentiment.",Negative
Positive,Omg now Ik all the lyrics!!!❤❤❤,The use of emojis and exclamation points indicates strong positive enthusiasm about learning the lyrics.,Positive
Negative,There is a woman that feels this way currently about me and she's terrible so it's not the worst thing,"The comment expresses frustration and negativity towards a person, indicating a negative sentiment.",Negative
Positive,This is all about insecurities ...I've never felt this way ..I've never been jelly of my guys exes...I'm glad cuz it sounds way too deep for me...brush Dat shit off....there's no point in obsessing over someone who doesn't matter to your partner anymore ..b glad you have him and leave it at that..confidence is gold,"The commenter expresses relief and encouragement, promoting confidence and moving on from insecurities, indicating a positive sentiment.",Negative
Negative,This is giving brutal vibes,The phrase 'brutal vibes' implies a negative and unpleasant emotional experience related to the music video.,Negative
Positive,The chorus gives me Weezer vibes.,"The comment expresses a positive comparison to the band Weezer, indicating a favorable opinion of the music video.",Positive
Negative,how is she a singer? with that tone and performance,"The comment expresses doubt about the singer's abilities, using negative descriptors like 'tone' and 'performance'.",Negative
Positive,"The song and lyrics are so high school, its time for her to realize she's an adult, but i gotta say this video is pure art, absolutely beautiful","Despite acknowledging a perceived 'high school' theme, the commenter ultimately praises the video as 'pure art' and 'absolutely beautiful'.",Neutral
Positive,It's the good MTV vibes for me,"The commenter expresses enjoyment using the phrase 'good MTV vibes', indicating a positive sentiment.",Positive
Positive,Sounds like rock-ish with a pop chorus,"The commenter uses positive descriptors like 'rock-ish' and 'pop chorus', indicating a favorable impression of the music video's style.",Neutral
Neutral,i LOVEEE her avril lavigne/hayley williams vibes don't get me wrong but i hate the toxic gf character she plays in some of her songs like it is so unlikable to me idk,"The comment expresses a liking for some aspects of the artist while simultaneously criticizing a specific portrayal, indicating a mixed and therefore neutral sentiment.",Neutral
Positive,"it has the ""Bullet with a butterfly wings"" vibe.","The comment expresses a positive comparison, suggesting a desirable and enjoyable quality about the music video.",Positive
Positive,"I LOVE this video!! The concept, the sashes, Liv screaming and jumping during the chorus, it’s actually perfect ❤","The commenter expresses strong positive feelings using enthusiastic language and an emoji, indicating a clearly positive sentiment.",Positive
Negative,The chorus vocals sounded like disorted Withered chica’s voice from fnaf UCN 😭😭,"The comment expresses disappointment and a negative comparison, describing a distorted and unpleasant sound.",Negative
Positive,Feels 2012 vibes kinda,"The comment expresses a nostalgic and positive association with the music video, referencing a well-regarded year.",Neutral
Negative,The bangs look awful,The word 'awful' indicates a strong negative opinion about the bangs in the music video.,Negative
Negative,She's copying the rhythm of Muse. Time is running out.,"The comment expresses a critical observation about the artist mimicking Muse and a sense of urgency, indicating dissatisfaction.",Negative
Positive,"U know I wanna tell u like somany times but I held it up to my self but they are making me say it, you know church is million and billions of times the psychology therapy true they just loop around on the same emotions. Finally have to say it now","The comment expresses a feeling of release and validation, suggesting a positive emotional experience related to acknowledging and understanding feelings.",Negative
Neutral,Im sorry but I’m hearing telephone from lady Gaga in the chorus 1:42,The comment expresses a specific observation (hearing a similarity to another song) without expressing a positive or negative opinion about the music video itself.,Neutral
Neutral,is anyone else getting gay vibes from this song???????????????????,The comment expresses a subjective feeling ('gay vibes') but does not explicitly convey a positive or negative opinion about the music video.,Neutral
Positive,Her lyrics is germaitc wow olovia rodrigo shes talented,The comment expresses admiration for the artist's talent and describes her lyrics positively.,Neutral
Positive,The cinematography and vibes of the actors/the entire video reminds me of the music video for “I’m not okay” by MCR 🤔 so good!! Loving this bop also 🥹🤩,"The commenter expresses enthusiastic enjoyment of the video, using positive language and emojis.",Positive
Positive,Avril Lavigne vibes anyone?,The comment expresses a positive association with Avril Lavigne's music style.,Positive
Positive,Cute. Got a cherry vibe.,The use of 'Cute' and 'cherry vibe' indicates a positive emotional response to the music video.,Positive
Negative,Man this would sound so good if the lyrics and point of the song was different 😭,The use of the crying emoji (😭) and the statement that the song's elements are 'different' indicates disappointment and a negative sentiment.,Negative
Negative,"What the heck is this, the lyrics has no sense. Literally she's saying that he already forgot his ex and he is in love with her now...",The comment expresses frustration and criticism regarding the lyrics' lack of coherence and perceived nonsensical content.,Negative
Positive,It gives me Alanis Morrisette vibes and I love it 💕,The use of the heart emoji and the positive comparison to Alanis Morrisette indicate a favorable opinion.,Positive
Negative,The worst song she ever made,The comment expresses strong dissatisfaction with the song using the phrase 'worst she ever made'.,Negative
Negative,"You listen and wonder why you experience suicidal emotions.  Every sin is on display, pride, envy, covetness...you are what you eat. Take care kids","The comment expresses feelings of despair and negative self-reflection, indicating a profoundly negative emotional state.",Negative
Positive,"Baby, I’m so obsessed with you too, Olivia I took one of the lyrics from her song, lol",The comment expresses a positive feeling of adoration and fondness towards the artist.,Neutral
Neutral,You can hear the chorus in telephone in this part 1:42,"This comment simply notes a specific point in the music video, offering a factual observation without expressing emotion.",Neutral
Positive,"Olivia Rodrigo does it again! 'Obsessed' is a powerful anthem with raw emotion and an addictive beat. The visuals are stunning, and Olivia's vocals are as captivating as ever. This song is definitely going to be on repeat for a while! 🔥","The comment expresses enthusiastic praise for the song and visuals, indicating a strongly positive sentiment.",Positive
Neutral,This gives emo vibes…,The comment expresses a descriptive observation (,Neutral
Neutral,The chorus reminds me of 2 other songs she just came out with. That style and sound is very repetitive,"The comment expresses a neutral observation about the song's similarity to previous work, without explicitly praising or criticizing it.",Neutral
Positive,Nice sound and vocals… plus eye candy 😛,"The commenter expresses enjoyment with phrases like 'nice sound' and uses a smiling emoji, indicating a positive reaction.",Positive
Positive,This giving me Taylor vibe 🐸,"The commenter is expressing a positive association with Taylor Swift, indicating a favorable sentiment.",Neutral
Positive,Olivia is so good at acting out insecurities and awkwardness. Love that this music video for obsessed is about the absurdity of beauty pageants. Adore the white gowns and sashes and her girl band are wearing tuxedos. And Olivia’s black dress and hair when performing! Brilliant genius lyrics! And how confidence she is at putting rock punk with her pop🖤🤍😍🥰🤩😘🎥📺💎🫶🏻🎬⚜️🏆👑 📝 🎵 🎶 📝 🌟 ✨ 🎸 🥁 🎤 👗,The commenter expresses strong admiration and positive feelings towards Olivia’s performance and the video's artistic elements.,Positive
Positive,"Catchy, I'm glad You Tube decided to play it!",The commenter expresses happiness and approval about the music video being played on YouTube.,Positive
Positive,Me dio vibes de la era de ashly Simpson,"The comment expresses a positive association with the music video, referencing a nostalgic and enjoyable era.",Neutral
Neutral,Deepa i there?,This is a simple greeting and lacks any explicit emotional expression.,Neutral
Negative,Worst song😢,The use of the crying emoji (😢) clearly indicates a negative sentiment towards the song.,Negative
Negative,broo this song / lyrics is sooo toxic lol.,The use of 'toxic' indicates a negative sentiment towards the song's content.,Negative
Positive,She gives me Avril Lavigne vibes,"The comment expresses a positive comparison, indicating a likeness to a well-regarded artist.",Negative
Negative,The lyrics and meaning of this is the EXACT reason modern couples are miserable. My god the amount of serial killers and angry lesbian there are going to be,The comment expresses strong disapproval and uses inflammatory language (,Negative
Negative,Am I the only one who heard that my friend made a song just like this like the lyrics was😭😭,The use of '😭😭' (crying emojis) indicates sadness and frustration related to a perceived similarity in music.,Negative
Positive,"Honestly. I can't currently relate to 80% of her lyrics, but her feel is so unapologetic punk that I appreciate it.","The commenter expresses appreciation for the artist's 'unapologetic punk' feel, indicating a positive reaction.",Neutral
Positive,"Weird chord progression in the chorus, kinda sounds unsettling. Really good symbolism for this song and the character she’s putting on",The comment expresses positive sentiment towards the symbolism and overall quality of the song despite noting an unsettling chord progression.,Neutral
Negative,This song gives the vibe of a comp het  girl projecting her attraction for guys ex onto him,"The comment expresses a critical and slightly cynical interpretation of the song's message, suggesting it's based on an undesirable projection.",Negative
Positive,SOOOO much 90s The Cranberries vibe ❤,The use of 'SOOOO much' and the heart emoji indicate strong positive enthusiasm for the video's 90s influence.,Positive
Positive,Giving me freaky friday vibes,"The comment expresses a positive association with the video, referencing the enjoyable",Neutral
Neutral,"Okay, lets analyze this with a summary. at 0:01, we can see 2 women. They both have pageants and it says ""Miss thought she was the one"" and ""Miss also thought she was the one,"" which can have several meanings on what its on. One, their his exes and they thought they were the one for him but they broke up somehow. They also dont seem very happy, and the blonde girl is smoking a cigarette to express emotional distress. Meanwhile, on this scene, 0:09 we can see that they are going to a ball. That could be another reason they thought they ""thought they were the one"" Meaning they didnt get to dance with the person they wanted. at 0:16, we see 2 women, ""Miss freshman year,"" and ""Miss our him in therapy"" Which can clarify these could be his exes. Now, ""Miss focus on my career"" could be the one Olivia is jealous over and and perhaps the somg is about. (A little side note after actually watching the video, 1:16 may actually the girl the song is about and therefore olivia is jealous of, unless its about more of than of them.)","The comment expresses a detailed, somewhat critical analysis of the video's potential themes and meanings, without explicitly stating a positive or negative overall feeling about it.",Neutral
Negative,Were is fucking lyrics,The use of profanity ('fucking') indicates a strongly negative emotional response.,Negative
Positive,"god, these  lyrics are just so realistic","The commenter expresses a positive sentiment by stating the lyrics are 'realistic,' suggesting a relatable and appreciated quality.",Neutral
Negative,"She is angry, loud, and annoying. Is she always mad about something?","The comment uses words like 'angry,' 'loud,' and 'annoying,' indicating a clearly negative sentiment towards the music video subject.",Negative
Negative,So generic....,"The comment expresses dissatisfaction with the video's lack of originality, indicating a negative sentiment.",Negative
Positive,Olivia Rodrigo and Madonna have similar vibes,"The comment expresses a positive comparison, indicating a favorable association between the two artists.",Neutral
Positive,"When Olivia did that one acoustic set that’s on YT (probably years ago now), I went down a rabbit hole searching for the drummer. Hayley Brownwell, such a badass. Love them all!",The commenter expresses admiration and affection for the artists (,Positive
Positive,Some reason this is giving Freaky Friday vibes,The comment expresses a positive association with the music video due to the comparison to the popular film 'Freaky Friday'.,Neutral
Positive,"I really likes this video compared to the one you released yesterday, ir seems like a good movie full of drama and rhythm. The sound is totally impressive, it sound to me like good music from the nineties! Now tell life everything you want to say without gag or mincing words, dear miss olivia.","The commenter expresses enthusiasm for the video, highlighting positive aspects like drama, rhythm, impressive sound, and a nostalgic comparison.",Positive
Neutral,The chorus kinda sounds like Telephone By Lady Gaga,"The comment expresses a comparison, stating a similarity, without overtly expressing a positive or negative emotion about the music video.",Neutral
Positive,The voice and the lyrics just is in another level 😊,The use of 'just is in another level' and the emoji indicate a strong positive feeling towards the music video.,Positive
Positive,This is sooooo good it gives me 2021 vibes ❤❤❤,The use of 'sooooo good' and the heart emojis clearly express a positive sentiment.,Positive
Positive,"Just Love It! You.. The Lyrics.. The Clip!..! Well Done… Greetsss, MacG420, x",The commenter expresses enthusiastic approval and positive feelings using exclamation points and appreciative terms like 'Just Love It!' and 'Well Done…'.,Positive
Positive,Loving this album vibe ❤,The use of 'Loving' and the heart emoji clearly indicate a positive feeling towards the music video.,Positive
Positive,Guys admit it Olivia Rodrigo is the best artist and she is so creative with all her songs her lyrics her videos and she is so funny in her yt shorts and I would cry myself to sleep without her music I LOVE OLIVIA,The comment expresses strong positive feelings and admiration for Olivia Rodrigo and her work.,Positive
Positive,Anyone else get Billie eilish vibes?,"The comment expresses a positive comparison, indicating a favorable association with Billie Eilish's style.",Neutral
Positive,It’s giving brutal vibes 💅✨✨,The use of emojis (💅✨✨) and the phrase 'giving brutal vibes' suggests an enthusiastic and appreciative reaction to the music video.,Neutral
Positive,"Lol, when you sended me the lyrics, i've thought it was going to be a ballad, the two that tought they were the one... nice joke olivia...","The comment expresses amusement and appreciation for a 'nice joke', indicating a positive reaction.",Neutral
Positive,"The lyrics, it hit me like dangggg 🤣 HAHAHAHHAHAHAH",The use of enthusiastic emojis and laughter indicates a highly positive reaction to the music video.,Positive
Neutral,"The melody is actually cool, but I can't really hear a music saying I'm obsessed with my current's ex.","The comment expresses a mixed opinion, noting a positive aspect ('cool melody') but also a critical observation about the song's content.",Neutral
Positive,IS SO BEATIFUL,The comment expresses a strong positive feeling about the music video using the word 'beautiful'.,Positive
Positive,"This gives me ""bad idea right vibes 💜💜💜💜💜",The use of multiple purple hearts indicates a strong positive feeling towards the music video.,Neutral
Positive,Love the vibe!,The exclamation point and the phrase 'Love the vibe!' clearly express a positive feeling about the music video.,Positive
Negative,Sorry but why does the chorus sounds like Lady Gaga's Telephone 🥺,"The comment expresses a negative comparison, suggesting the chorus is an unfavorable imitation of Lady Gaga's 'Telephone'.",Neutral
Positive,Why the chorus sounds like Lady Gaga's Telephone song OMFG I love it ❤😂,"The commenter expresses enthusiasm and affection for the music video, using positive emojis and stating 'I love it'.",Neutral
Negative,Worst song I’ve ever heard lol,The use of 'Worst' and 'lol' indicates a strongly negative opinion about the song.,Negative
Negative,This is giving me Sour vibes,"The comment uses 'giving me Sour vibes,' implying a negative association with the song/music video.",Neutral
Negative,Ummm I don't really like this song bc it's out of control and I can't sing a beat SORRY,"The comment expresses dislike using phrases like 'I don't really like' and 'can't sing a beat,' indicating a negative sentiment.",Negative
Neutral,this one goes out to all the selfconsious 14 year olds lmao. she caught it there on the chorus for about 5 seconds,The comment expresses amusement but doesn't convey strong positive or negative feelings about the music video itself.,Negative
Negative,Umm I am sorry so u know I am a fan of olivia and this is also feedback I don't really like it as it dosnt make sense and also it's horribly repetitive and I can only hear I am so obsessed with ur ex once agin THIS IS NOT HATE ITS FEEDBACK TY,"The comment expresses dislike and frustration with the music video's quality, using terms like 'doesn't make sense' and 'horribly repetitive'.",Negative
Positive,Love the almost alanis morissette vibes!,"The commenter expresses enjoyment and comparison to a well-regarded artist, indicating a positive sentiment.",Positive
Positive,I'm SORRY OLIVIA.....I can't....saw her in concert and it hit then and it hits now. I look the vibe of this sound like 2000s girl pop gunge and I LIVE,"The commenter expresses strong positive feelings about Olivia and the music video, using enthusiastic language and a clear enjoyment of the 'vibe'.",Positive
Positive,Song gives me paramore vibes 💕,The use of the heart emoji and comparison to a well-regarded band (Paramore) indicates a positive reaction to the music video.,Positive
Positive,"I'm not obsessed with anybodys ex but THIS SONG BANGS SO DEEP, I'm obsessed with Olivias Voice, the melody, the whole sound. ❤❤❤❤❤","The user expresses enthusiastic enjoyment of the song and Olivia's voice, indicating a positive sentiment.",Positive
Positive,Back to driver license vibe baby ❤,The use of 'vibe' and the heart emoji clearly indicate a positive feeling towards the music video.,Positive
Positive,I like the beat but i dont understand the song lol😀,The user expresses a positive opinion by stating they 'like the beat' and uses an emoji to further indicate enjoyment.,Neutral
Positive,I heard this on the radio I love it it gave me alternative grudge 90s rock ‘n’ roll vibes get it Olivia!🎉,"The commenter expresses clear enthusiasm and enjoyment of the music video, using positive language and an emoji.",Positive
Positive,"Ameiii a batida, a vibe é como ouvir cage the elephant na MTV. ❤ amando demais essa vibe dela. ❤","The commenter expresses strong positive feelings, using enthusiastic language and emojis to indicate enjoyment of the music video.",Positive
Positive,Ngl it's giving Melanie martinez vibes,"The comment expresses a positive comparison to Melanie Martinez, indicating approval of the music video's style and aesthetic.",Neutral
Negative,"good for her to try to sound different but too dramatical and not musical enough, rough melody, meh","The comment expresses criticism regarding the song's drama, lack of musicality, and a 'rough melody,' indicating a negative sentiment.",Negative
Positive,"I'm getting ""Telephone"" vibes from this chorus","The comment expresses a positive association, comparing the music video's chorus to a well-regarded song.",Neutral
Negative,"Miss long distance made me sick to see, ohhh my lord you mean miss emotionally cheating on 5 other men","The comment expresses strong disapproval and disgust towards the artist's behavior, using negative language like 'sick to see' and 'cheating'.",Negative
Positive,the smashing pumpkin's & garbage vibes got me obsessed,The use of 'smashing' and 'obsessed' indicates a strong positive feeling towards the music video and the band.,Positive
Negative,I don’t like this sound because it’s so annoying to even think about,"The comment expresses dislike and finds the sound 'annoying', indicating a negative sentiment.",Negative
Positive,Lmao the lyrics ahahhaha,The use of 'Lmao' and repeated laughter indicates amusement and a positive reaction to the video.,Negative
Positive,OLIVIA ISABEL RODRIGO IS NOT UNIVERSE OR THE UNIVERSE.,"The comment expresses admiration for Olivia Rodrigo and her music, indicating a positive feeling.",Negative
Positive,This music is so  emotional and she have a very specific voice,The comment uses positive terms like 'emotional' and expresses appreciation for the artist's unique voice.,Positive
Positive,A melhor de todos os tempos ✨️,The comment expresses strong praise with the use of 'melhor de todos os tempos' (best of all time) indicating a positive sentiment.,Positive
Positive,Wow this is giving early 2000s music video vibes,The comment expresses a nostalgic and appreciative feeling about the video's aesthetic.,Positive
Positive,I swear even though the beat is good its really the lyrics i pay attention to this girl is me when it comes to boys except he isnt my ex hes just a crush and i happen to know one of his exes so yes im obsessed,"The comment expresses a passionate and admiring sentiment towards the artist and their song, indicating a positive emotional response.",Neutral
Positive,Good for you vibes,"The comment expresses encouragement and support, indicating a positive feeling about the music video.",Positive
Positive,I literally just listened to the song and I already know the full lyrics,"The commenter expresses enthusiastic engagement with the song, indicating a positive reaction.",Neutral
Negative,What’s with these incoherent lyrics 😂,The use of 'incoherent' and the laughing emoji (😂) indicate a negative reaction to the song's lyrics.,Negative
Positive,It gives off Yellow jackets vibes,"The comment expresses a positive association with the music video, referencing a well-regarded and popular song.",Neutral
Positive,Too wong foo - Body beatiful,The comment expresses enthusiastic appreciation for the song,Neutral
Positive,I really love how she has rock vibes! So cool!,"The commenter uses enthusiastic language ('really love,' 'so cool') expressing a positive feeling about the music video's style.",Positive
Positive,"It's giving ""girl crush"" vibes xD",The use of 'giving' and 'xD' indicates a positive and enthusiastic reaction to the music video's aesthetic.,Positive
Negative,Her worst title track.... Tbh,The comment expresses a negative opinion by stating it's her 'worst title track'.,Negative
Positive,"I have just realised I have major red flags, listening to the lyrics of this song made me so attracted to this girl! I miss that psycho love!","The comment expresses attraction and a nostalgic fondness for the song's themes, indicating a positive emotional response.",Negative
Positive,I know her blood type... LOL - Hilarious lyrics!,The commenter expresses amusement and positive opinion through 'LOL' and 'Hilarious lyrics'.,Neutral
