﻿classificacao,comentario,justificativa,sentimento_manual
Positive,Her smooth vocals and heartfelt lyrics hit every time ❤,The comment expresses admiration and appreciation for the singer's performance using positive emojis and language.,Positive
Positive,Gives me that 90s Vibe 💯 THANK YOU SZA,"The commenter expresses enthusiasm and appreciation for the video's nostalgic feel, indicating a positive sentiment.",Positive
Positive,"I love SZA she is just a vibe period. Her voice is amazing!! I love her music, it is so giving.",The commenter expresses strong positive feelings about SZA and her music using enthusiastic language like 'love' and 'amazing'.,Positive
Positive,I literally listen to this song about 100x a day the lyrics her voice the beat it’s just the whole package I’m addicted to this song,"The commenter expresses strong enthusiasm and describes the song as an 'addiction', indicating a positive emotional response.",Positive
Positive,"Her voice is absolutely gorgeous. Amazing control and delivery, not to mention the flow and rhythm 🧐🤩","The commenter uses overwhelmingly positive adjectives like 'gorgeous,' 'amazing,' and expresses enthusiastic emojis, indicating a highly favorable opinion.",Positive
Positive,her songs are so catchy plus the lyrics are always fire 🔥 love sza,"The commenter uses enthusiastic language like 'catchy,' 'fire,' and 'love,' clearly expressing a positive feeling about SZA's music.",Positive
Positive,I love this song. I love the melody. SZA has a great voice.,The commenter expresses clear enthusiasm and admiration for the song and the artist's voice.,Positive
Positive,"This song is pure magic; it's like a warm hug and a confession of love all in one. SZA, you have a gift for capturing raw emotions. Definitely putting this on repeat!","The commenter expresses strong positive feelings about the song and SZA’s talent, using evocative language and a desire to repeatedly listen to it.",Positive
Positive,"1:48 I've been listening to this song every day lately, her voice is so amazing I can't get enough of it. ❤️Sometimes her high notes sound like an old Justin, am I the only one who thinks that?","The commenter expresses strong positive feelings about the song and the artist's voice, indicating enjoyment and enthusiasm.",Positive
Positive,Driving thru Midtown Atlanta as it’s raining with the woman of my dreams listening to this. Good vibes!!,The commenter expresses enjoyment and positive feelings ('good vibes') related to the music video and their experience.,Positive
Positive,im a grown ass man but this song man… i just wanna blast it driving windows down screaming the lyrics. her voice is angelic,"The commenter expresses enthusiastic enjoyment and excitement about the song and the artist's voice, indicating a positive sentiment.",Positive
Positive,"The slowed tempo, the dreamy riffs at the beginning & end, she turned emotions into melody, Snooze hits you right in the feels.",The commenter expresses overwhelmingly positive feelings about the music video's emotional impact and musical elements.,Positive
Positive,Every one of Sza's songs have the deepest lyrics. Even with few words.,"The commenter expresses admiration for the lyrical depth of Sza's music, indicating a positive sentiment.",Positive
Positive,This song show me how strong her vocals really are everything about this song is amazing,"The commenter expresses enthusiastic praise for the song and its vocals, indicating a positive sentiment.",Positive
Positive,How she moves her notes is hypnotic ❤️‍🔥,The use of the heart emoji and the word 'hypnotic' clearly indicates a positive reaction to the music video.,Positive
Positive,Hit those notes beautifully 🔥🔥🔥,The use of fire emojis and the word 'beautifully' clearly indicates enthusiastic appreciation for the music video.,Positive
Positive,Those outro vocals hit so hard. Like she’s succumbed to her feelings and is being washed away by them,"The comment expresses strong positive feelings about the vocals, using phrases like 'hit so hard' and 'washed away by them'.",Positive
Positive,"I’m 48 years old and all I’ve got to say is that the music SZA sings is what this world needs! Her vocals and smooth R&B sound is absolutely top notch. Please, let’s keep this amazing genre alive through eternity!","The commenter expresses strong positive feelings about SZA's music, praising her vocals and genre, indicating a favorable opinion.",Positive
Positive,SZA is so powerful 💪🏾💯👑🌞 a power that definitely came from the most Hight🌌,"The comment uses positive emojis and praise, expressing strong admiration for SZA.",Positive
Positive,THAT BEAT...FIRE✌️,The use of 'fire' indicates a strong positive feeling towards the music and video.,Positive
Positive,I can’t get over the vocals in the background at 2:28 😶‍🌫️👌🎧,The user expresses enjoyment of the vocals with positive emojis and a thumbs up.,Positive
Positive,"WOW after reading several comments, I must say this song brings big emotions. But it's the part about """"LOOKING GOOD UP UNDER HIM, AND HIM BEING TOO IMPORTANT"" for me. Like this is how I feel about my husband. This is definitely getting added to our Chill playlist.","The commenter expresses a positive emotional response to the song and intends to add it to a playlist, indicating enjoyment.",Positive
Positive,"🎶 Wow, this beat got my heart dancing in perfect sync! 🔥 The melodies are like a musical rollercoaster taking me on an exhilarating ride. 🎢 Can't wait to jam to this and create some magic! 🎵💫",The commenter expresses enthusiastic enjoyment and excitement about the music video's rhythm and melodies.,Positive
Positive,"Such a vibe "" beautiful voice & song ❤❤🖤🖤",The use of emojis (hearts and black hearts) and positive phrases like 'such a vibe' indicate a generally positive sentiment.,Positive
Positive,I'm a old school head...bring real vocals back. Great job SZA!,"The commenter expresses admiration and approval of SZA's work while advocating for a style they enjoy, indicating a positive sentiment.",Positive
Positive,This Sza got the magic lyrics and that voice She keeps the hits coming .. I like her because to go for a ride and listen to this..  is the Bomb!,The commenter expresses enthusiastic admiration and enjoyment of the music video and artist's work.,Positive
Positive,"Omg I have this song 🎵 on repeat, just listen to all the hip hop lyrical runs and metaphors in her verses , this is ridiculous lol , her cadence is so complex and runs off the beat and on again so smooth, Sza is definitely in a lane between herself trying to sing along is getting better after 100 plays lol",The comment expresses enthusiastic enjoyment and positive feedback regarding the artist’s skill and the song's quality.,Positive
Positive,I love this song so much. It's just a vibe. ❤❤,The user expresses strong positive feelings about the song using phrases like 'love' and 'just a vibe'.,Positive
Negative,2:30 SZA prob hurt her vocals from doing that,"The comment expresses concern about the artist's vocal health, indicating a negative reaction to the video content.",Neutral
Positive,I’m starting to listen to this song at a young age to help me with high notes for my voice this is only the start ❤🥲 …. SZA never stop grinding on your music keep it up and stay loving,The commenter expresses enthusiastic support and appreciation for the artist's music and its positive impact.,Positive
Positive,This song is so amazing the vocals and pure talent its just so awesome!,The comment expresses enthusiastic praise for the song's quality and the artist's talent.,Positive
Positive,Definitely a vibe 😩💕,The use of 'vibe' and emojis like '😩' and '💕' strongly indicate a positive emotional response to the music video.,Positive
Positive,I NEED TO HERE MORE OF THESE VOCALS,"The commenter expresses a desire for more of the vocals, indicating enjoyment.",Positive
Negative,This song takes u deep down under and u really be thinking too deeply into it and having regrets and missing a certain person that's in the past,"The comment expresses feelings of regret and missing someone from the past, indicating a negative emotional response to the song's themes.",Negative
Positive,I literally love this song I have it as my ringtone it's so good like really I love this song so much I literally play all day And every day,"The commenter uses enthusiastic language like 'love,' 'so good,' and 'literally,' clearly expressing positive feelings about the music video and song.",Positive
Positive,2025....I'm here and Jasmine is still one of the most underrated vocalist❤️❤️❤️❤️,The use of heart emojis and the statement about Jasmine being 'underrated' indicate a positive sentiment towards the music video and the artist.,Positive
Positive,"The person that record this hit, please i feel this so deep. All I can feel is love when I listen to this master piece. Thank you for this ❤❤","The commenter expresses feelings of deep connection and love towards the music video, indicating a positive sentiment.",Positive
Positive,I love the chorus and beat and it put together really well. And her voice,The comment expresses enthusiasm and appreciation for the music video’s elements and the artist’s vocal performance.,Positive
Positive,"She’s a Scorpio, notice she’s in the middle of nowhere over water. The emotions run deep, as Sagittarius who was in a relationship with a Scorpio, i understand and feel the same","The comment expresses an understanding and shared feeling of deep emotions, indicating a positive connection to the music video's theme.",Positive
Positive,I listen to this and zone out 😵‍💫this a vibe 4 sure,"The commenter expresses enjoyment and describes the music as a 'vibe', indicating a positive feeling.",Positive
Positive,0:03 is my favorite part of the song ❤ (the vocal),The use of the heart emoji and the phrase 'my favorite part' clearly indicates a positive sentiment towards the video.,Positive
Positive,she flows in this beat,"The comment expresses a positive feeling about the music video's beat, using the word 'flows' which implies a pleasing experience.",Positive
Positive,"This song is so smooth, gives me old school vibes 😌",The commenter expresses positive feelings about the song's quality and nostalgic atmosphere.,Positive
Positive,2:27 those background vocals😮‍💨🔥,The use of emojis like '😮‍💨' and '🔥' indicates enthusiastic approval of the background vocals.,Positive
Positive,As a male i can say this song gimme me the good vibes,"The comment expresses a positive reaction to the song, stating it provides 'good vibes'.",Positive
Positive,I ❤ this song can't lie. It's a different type of a vibe..... SZA keep making this type of 🎵🎵!,The use of 'I ❤' and the enthusiastic praise indicate a positive sentiment towards the song and artist.,Positive
Positive,"This video reached 100 million views on August 21st, 2023! 🥳 Keep up with me for more music milestones like this and more 😁✌️",The use of emojis and enthusiastic phrases like 'Keep up with me' indicates a positive reaction to the video's success.,Positive
Positive,"I heard this tune for the first time a few days ago.This is hot,I’m digging the vibe 👍🏽👍🏽",The user expresses positive excitement and approval of the music with emojis and phrases like 'hot' and 'digging the vibe'.,Positive
Positive,This song is such a vibe to listen to when you're taking a long drive ❤❤❤,The use of heart emojis and the phrase 'such a vibe' clearly indicate a positive emotional response to the music video.,Positive
Positive,"Ooh, im hearing a lil background melody from Southside by Lloyd","The commenter expresses enjoyment with 'Ooh,' indicating a positive reaction to the music video's song choice.",Neutral
Positive,Definitely putting me back in the feels of Beyonce's me myself and i when it dropped... Just a straight up vibe!!!🙌🏾🙌🏾🙌🏾💚💚💚💚,"The commenter expresses enthusiastic enjoyment and positive feelings about the song and music video, using exclamation points and emojis.",Positive
Positive,"This song will always remind me of my best friend, hubby & father of our son...every lyric....the vibe,chorus...ALL OF IT...❤❤❤",The commenter expresses strong positive feelings and appreciation for the song's impact and connection to loved ones.,Positive
Positive,This is the Lloyd Southside beat stripped and slowed down.,The comment expresses appreciation for a well-produced and appealing audio excerpt.,Positive
Positive,I have to play this song nonstop on the car everyday the lyrics her voice her everything it’s so perfect and pretty,"The commenter expresses strong positive feelings about the song and its elements, using words like 'perfect' and 'pretty'.",Positive
Positive,Wait hold up this is 🔥🔥🔥💯❤️❤️ that beat hitting too 💯,The commenter expresses strong positive feelings using emojis and enthusiastic language about the music and beat.,Positive
Positive,Yes lovely vocals ❤God bless her,The commenter expresses positive feelings with words like 'lovely' and the heart emoji indicates approval.,Positive
Positive,The languid vocals are wonderful and somehow nostalgic. Love it!,The commenter expresses positive feelings about the vocals and overall enjoyment of the video with the exclamation 'Love it!',Positive
Positive,"BIGGGGGGGGG TUNE...The voice, lyrics, melody...🎉",The use of the celebratory emoji and enthusiastic language indicates a positive reaction to the music video.,Positive
Positive,"I can put on a nice Netflix movie in the dark ,turn sum LED lights on and get sum nice snacks and just vibe listening to dis🖤",The commenter expresses enjoyment and a positive experience (vibe) while listening to the music.,Positive
Positive,Still give me positive vibes,The user explicitly expresses a feeling of positivity with the phrase 'positive vibes'.,Positive
Positive,OMG  This beautiful song just moves one's soul in the right direction 😘🥰 The lyrics and that beat just janked ur heartstrings for decades ❤❤Do u agree?? This song makes u float and takes u to another  dimension💯😘🥰❤️🫶💋Still listening how about May 20 2023,The comment expresses strong positive emotions and appreciation for the song's impact and beauty.,Positive
Positive,A real artist nobody does it like this she’s a whole nother vibe,The comment expresses enthusiastic praise for the artist and their unique style.,Positive
Positive,Mental strength is a powerful thing.,The comment expresses a positive sentiment regarding 'mental strength'.,Positive
Positive,"LOOK. This song is deeper than what we all recognize. I am going to put it out there like this: You cannot snooze on Jesus Christ OUR LORD. He Keep chasing us. We, all of us, need to be on point and dive deep into The WORD. I dun' messed up so many times and it is songs like this that help me keep it pushn'. Jes' Sayn'. Let's keep it pushn' FamBam of Christ.",The comment expresses appreciation for the song's message and its positive impact on the commenter's life.,Positive
Positive,"Never really cared about this song until my man sent me the words to the 1st verse. Love you, Courtney Carter. ❤❤","The commenter expresses love for the song and the artist, indicating a positive emotional response.",Positive
Positive,She might have saved RNB with this one 💪🏽 she the female RKelly this junt got 90s vibes and 2000s energy,"The commenter expresses admiration and comparison to a respected artist, indicating a positive sentiment.",Positive
Neutral,This is  an emotion itself.,The comment is a statement of fact without expressing any particular feeling or opinion.,Positive
Positive,Vibes 💙,The use of 'vibes' and the blue heart emoji clearly indicates a positive emotional response to the music video.,Positive
Positive,💎 I JUST MADE A SLOWED & REVERB VERSION OF THIS ON MY CHANNEL! GO CHECK IT OUT :) 💎,The use of emojis and the enthusiastic invitation to check out the creator's new version clearly expresses a positive sentiment.,Positive
Positive,She is not just a singer she is my emotion 💗,The use of the heart emoji and the statement 'my emotion' indicates a strong positive sentiment towards the artist.,Positive
Positive,Repeat everytime I listen to it ❤ this is a vibe for sure,The use of a heart emoji and the phrase 'this is a vibe' clearly indicates a positive feeling towards the music video.,Positive
Positive,Soothing sound chill vibe❤,"The use of 'soothing', 'chill', and the heart emoji indicates a positive emotional response to the music video.",Positive
Positive,This gives me Jennifer trinidad  cardona vibes❤,The use of the heart emoji and direct comparison to a positive artist (Jennifer Trinidad Cardona) indicates a favorable sentiment.,Neutral
Positive,This is the beat,"The comment expresses enthusiasm by highlighting the 'beat,' suggesting a positive experience with the music video.",Neutral
Positive,the beat... and the way she flows...,"The commenter uses enthusiastic language ('beat', 'flows') indicating a positive reaction to the music video.",Positive
Positive,Ngl I cried listening to my song think abt my crush and how I would do literally anything for him and how he doesn’t even know and still talks to other girls then I thought what how is this even worth all these tear save them for when I Reject u bc I’m to leng for u but still love u sm deep down no boy or girl who breaks ur heart is worth ur tears babes ❤,"The comment expresses bittersweet nostalgia and a hopeful, albeit painful, longing, indicating a positive emotional response to the music video and its themes.",Negative
Positive,SZA absolutely crushed it with 'Snooze'! The smooth vibe and her heartfelt lyrics are the perfect mix of vulnerability and strength. Can't stop playing it—definitely a mood! 💖✨,"The commenter expresses strong positive feelings about the song and SZA’s performance, using enthusiastic language like ‘crushed it’ and ‘perfect mix’.",Positive
Positive,How can I snooze is the vibe foreal,The commenter uses enthusiastic language ('vibe foreal') indicating a positive reaction to the music video.,Positive
Positive,OMG Beautiful song is in its own class of its own 4SURE ❗️🥰😘 The lyrics and that beat just flows AMAZING 🎉💛❤️🎊🥵 Definitely speaks to my soul.😘🥰😊💋💯🦋Still listening how about May 20 2023,The comment expresses overwhelmingly positive feelings through enthusiastic language and emojis like '🥰😘🎉💛❤️🎊' indicating strong enjoyment of the song.,Positive
Positive,No comments about the lyrics ? Man she is awesome be young awesome she embraces at a certain angle with her voice is insane combination ❤️ love Sza,"The comment expresses enthusiastic praise and admiration for the artist and her performance, using positive language like 'awesome' and 'love'.",Positive
Positive,"Dope ass song 🔥🔥 is it just me or does the base in the beat kind of resemble Beyoncé’s “Me, Myself & I”","The commenter uses enthusiastic language ('Dope ass song', '🔥🔥') and a comparative reference to a popular song, suggesting they enjoy the video.",Positive
Negative,I was putting this on repeat but then....After I heard the lyrics.... it's a hard no. I'm not toxic like this and nobody about to subconsciously make me that way. Pretty voice or not. F that.,"The comment expresses strong disapproval and frustration with the music video and its impact, using negative language like 'hard no' and 'f that'.",Negative
Positive,"Millions thumbs up beats of this song instruments..billions thumbs up song..trillions thumbs up on Lyrics of this song Is a Loveable song.. JANUARY 26 ix, 2025",The comment expresses overwhelmingly positive enthusiasm and repeated praise for the song and its popularity.,Positive
Positive,Nobody I mean NOBODY could beat this song ❤,The use of the heart emoji and emphatic statement indicate strong positive feelings towards the music video.,Positive
Positive,i swear this sounds like a bone thugs beat.. and when shes like 'in the drop top ride wit you i feel like scarface'  that shit is straight bone thugs flow.. i hope she does a track with krazy bone or bizzy.. or the whole crew if they aint beefin lol,"The commenter expresses a positive comparison to Bone Thugs-N-Harmony and hopes for a collaboration, indicating enjoyment and appreciation.",Negative
Positive,I love sza music It’s so soulful and therapeutic amazing voice   Allah bless her,"The commenter expresses strong positive feelings about SZA's music, describing it as 'soulful,' 'therapeutic,' and praising her voice.",Positive
Neutral,She's  SPEAKING  Realistic  Emotions !!! BUT the Guy's  Lyrics  tells  it  All...... THEY LYING ....While You Crying....🤷🏻‍♂️🤷🏾‍♀️🤷🏻‍♀️🤷🏾‍♂️Fax💯,"The comment expresses a mixed reaction, praising the female vocalist's performance while criticizing the male lyrics, resulting in a neutral overall sentiment.",Negative
Positive,Her vocals are immaculate,The comment expresses a positive opinion about the singer's vocals.,Positive
Positive,sza be sayin some wild ish...but be vibe'n at same time tho,"The comment expresses enjoyment and appreciation for the music video, indicated by 'be vibe'n'.",Positive
Positive,I'm learning this song to play on solo guitar. Much more challenging than most stuff that's out. Very sophisticated melody and phrasing. And sexxxxyyy,"The comment expresses admiration for the song's complexity and quality, indicating a positive experience and enjoyment.",Positive
Positive,beat so damn angelic it got its own verse😭🔥,The use of emojis like '🔥' and the phrase 'angelic' clearly indicates a strong positive emotional response to the music video.,Positive
Positive,"The FACT THAT I LOVE THIS SONG, THE WORDS THE BEAT ALL OF IT!! SZA FOR THE WIN 🙌🏾","The commenter expresses enthusiastic admiration and support for the song and artist, indicating a positive sentiment.",Positive
Positive,Where's the guy that used to post the lyrics in the comments 🤣,"The comment expresses fondness and amusement, indicating a positive reaction to the creator's past content.",Neutral
Negative,these lyrics are out of pocket lmao,The use of 'out of pocket' and 'lmao' indicates amusement and disapproval of the lyrics.,Negative
Negative,I wish a girl told me shit like this in these lyrics. Maybe a Nigga would feel more appreciated in the relationship…,The comment expresses a negative sentiment through the use of offensive language and a critical perspective on a relationship dynamic.,Negative
Positive,Yes the 90s vibes❤ when music was music now days this is a beautiful song,The commenter expresses fondness and appreciation for the song's nostalgic sound and describes it as 'beautiful',Positive
Positive,I love the beat,The use of 'love' clearly expresses a positive emotional response to the music video's beat.,Positive
Positive,0:00 fire beat,"The comment expresses enthusiasm with the phrase 'fire beat,' indicating a positive reaction to the music.",Positive
Positive,"LOVING WHEN SHE SINGS ""WITH Y💜U I CAN'T LOOSE,WHEN IM WITH. Y💜U...SZA RIDES & IS A WHOLE 🔥 💯 VIBE....","The comment expresses strong enthusiasm and positive feelings towards the artist and her performance, using emojis and hyperbolic language.",Positive
Positive,I remember going through the worst heartbreak of my life listening to this song on repeat literally all day looking back on that time I’m glad I made it through that 🙏🏽,"The commenter expresses gratitude and relief, indicating a positive emotional connection to the song and their experience.",Positive
Neutral,Too much autotune on her vocals but the music is true r&b,"The comment expresses a mixed opinion, acknowledging a negative aspect (autotune) while still appreciating the genre ('true r&b').",Neutral
Positive,"For me the chorus reminds me of god. “I can’t lose when I’m with you, how can I snooze and miss the moment , you’re just too important, nobody like you” God Bless 🫶🏾🙏🏾","The commenter expresses a positive and appreciative sentiment, referencing a spiritual connection and offering a blessing.",Positive
Positive,Love the vibe and the vocal,"The commenter expresses enthusiasm with words like 'love' and 'vibe', indicating a positive sentiment.",Positive
Positive,this song is just a vibe and all and all of the other chill songs ],The commenter uses positive language like 'just a vibe' and 'chill' indicating a favorable opinion.,Positive
Positive,Los Angeles California Vibes...,The comment expresses a positive feeling about the music video's atmosphere and location.,Neutral
Positive,This brings back the dream vibes for me,The commenter expresses a positive feeling by stating it evokes 'dream vibes'.,Positive
Positive,Vibe 2025 🔥,The use of the fire emoji (🔥) indicates excitement and a positive reaction to the music video.,Neutral
Positive,Anyone else getting emotional… or just me? 😔,"The use of a sad emoji and the question suggest the commenter is experiencing a positive emotional response, likely nostalgia or fondness.",Negative
Positive,"As an insomniac, I feel like the length of the nights are as deep as the ocean she's sitting above 😮😅",The use of emojis and descriptive language like 'deep as the ocean' suggest a feeling of awe and appreciation for the video's imagery.,Neutral
Positive,"My ONE and ONLY FAVORITE BIBLE VERSE JOHN 3:16, Hallelujah, YES JESUS! LOVE MORE GOD and YOU TOO LOVE ❤️ ❤❤❤","The comment expresses enthusiastic support and love for Jesus, clearly indicating a positive sentiment.",Positive
Positive,Vibes like peaches 🍑,"The use of 'peaches' evokes a feeling of sweetness and positivity, indicating a positive sentiment.",Positive
Positive,"idk but while i listen this music, it gives me 'kill bill' vibes","The commenter is expressing a positive association with the music video, drawing a comparison to a well-regarded and popular film.",Neutral
Positive,The vibe is just amazing and still listening until 2025 😊,"The commenter expresses positive feelings about the 'vibe' and indicates continued enjoyment, demonstrated by the smiling emoji.",Positive
Neutral,SZA and Doja Cat sound just a like. It's crazy how many sound alike. Is it autotune that makes them sounds so similar?,"The comment expresses a simple observation about the artists' similarity, without overtly praising or criticizing their music.",Neutral
Positive,Me myself and I 💙 type beat,The use of the heart emoji and the phrase 'Me myself and I' indicates enthusiastic enjoyment of the music video.,Positive
Negative,The fact that the lyrics literally talking about hiding his bodies and testifying for him. I thought it was a love song💀 Sza makes music for side chicks 😂,The comment expresses a negative opinion by criticizing the artist's music and implying it's inappropriate.,Negative
Positive,The vocals in the beginning 🔥🔥🔥🔥🔥,The enthusiastic use of fire emojis indicates strong positive sentiment towards the vocals.,Positive
Positive,this song a vibeeeee. makes me feel like i can sing lmaoo,"The commenter expresses a positive feeling, stating the song makes them 'feel like I can sing' and uses enthusiastic emojis.",Positive
Positive,"A lot of music ill listen to it for the bass, instruments and not so much the singer or lyrics. This would be one of them, the beat is composed very well.","The commenter expresses strong positive feelings about the music's composition, specifically the bass and beat.",Positive
Positive,This is a whole vibe!,The commenter uses enthusiastic language ('whole vibe!') indicating a positive reaction to the music video.,Positive
Neutral,It's crazy how leons voice is the sample in the beat,"The comment expresses observation and appreciation, without expressing strong positive or negative emotions about the music video.",Neutral
Positive,She is soooo…..DEEP,The excessive use of 'sooo' and 'deep' indicates a strong positive impression and admiration for the artist.,Positive
Negative,Listen to the actual lyrics. Definitely not a love song.,"The comment expresses a critical opinion about the song's theme, indicating a negative sentiment.",Negative
Positive,I absolutely 💯% love 💗 this song!!! Emotional 🥲.,The commenter expresses enthusiastic positive feelings about the song using strong words like 'love' and emojis.,Positive
Negative,this the worst song😂😂😂😂,The use of 'worst' and multiple laughing emojis indicates a clearly negative sentiment towards the song.,Negative
Positive,I use TO RAP ALONG WITH WHAT I THOUGHT THE SONG SAID!!! ONE DAY THE RAIDO SAY CHECK HER LYRICS WHEN I SEEN WHAT SHE REALLY WAS SAYING I WAS LIKE WTF LMAO SHE ON HER RIDE OR DIE SHIT 💯💯💯🔥,"The commenter expresses enthusiastic enjoyment and admiration for the music video and lyrics, using positive emojis and exclamation points.",Positive
Positive,I feel a vibe when I hear this song on 96.3 today I typed everything in YouTube search 🔎 box I got the title now ima vibe to this everyday,"The commenter expresses a positive feeling ('feel a vibe', 'ima vibe') and indicates a desire to listen to the song repeatedly, suggesting a favorable reaction.",Positive
Positive,Drake - Deep Pockets vibes,The comment expresses a positive association with the song's feeling (,Positive
Positive,Here @6am in the back seat of my car at the beach and haven’t slept vibes,The comment expresses a positive feeling and association with a pleasant experience (being at the beach and relaxed).,Positive
Positive,Good vibes ❤,The use of 'Good vibes' and the heart emoji clearly indicate a positive sentiment.,Positive
Positive,Givin me 90s vibes baby❤,The use of 'baby' and the heart emoji clearly indicate a positive feeling towards the music video.,Positive
Positive,i was today years old when i realized that this beat is slightly sampled from Tyrese “What Am I Gonna do”!! 🔥,"The use of a recognizable sample is presented positively with the fire emoji, indicating enjoyment and appreciation.",Neutral
Positive,This song reminds me of the girl of my dreams and my worst breakup at the same time 😅😅,The use of 'girl of my dreams' and the emojis suggest a nostalgic and fond sentiment despite a negative experience.,Neutral
Positive,Damn this is  sooooo ..emotional,The use of 'sooooo' and the descriptor 'emotional' indicates a strong positive feeling towards the music video.,Positive
Positive,HARMONY MACAYLA MACKEY❤️❤️❤️❤️❤️❤️❤️❤️❤️❤️,The repeated use of heart emojis indicates strong positive sentiment towards the video.,Positive
Negative,This is a serial killer song made into a romantic vibe 🤦‍♂️,"The comment expresses a jarring juxtaposition and criticism of the music video's transformation, suggesting a negative reaction.",Neutral
Positive,Hi! I'm a Korean listener. I really love your songs and lyrics. Your voice always makes me relaxed. I will always support you in Korea!😅 Please visit Korea whenever you want.... thanks!,"The commenter expresses clear fondness for the music, lyrics, and artist, indicating a positive sentiment.",Positive
Positive,I love the vocal run at 3:12 🔥,The use of 'love' and the fire emoji clearly indicate a positive sentiment towards the musical video.,Positive
Neutral,Is it me or does this melody  sound a little like Me Myself and I by Beyonce,"The comment expresses a casual observation and comparison, without explicitly conveying a positive or negative emotion.",Neutral
Positive,"Am i the only one who gets Aaliyah ""let me know"" vibes when you hear this song?","The commenter expresses a positive association with the song, referencing a beloved Aaliyah track.",Positive
Positive,I hear some Me myself and I ( Beyonce) and Southside Ashanti and Lloyd 🥴🤔🥰 along the melody,The use of emojis like '🥰' indicates a positive emotional response to the music and artists mentioned.,Neutral
Positive,Having a bad day put that sza on and vibe away the pain.,The commenter expresses a positive feeling of relief and enjoyment listening to the music video.,Positive
Positive,Looking to sky and listening to this song 😢 deep thoughts,The use of '😢' (crying emoji) indicates a feeling of profound connection and positive emotion associated with the song.,Positive
Negative,YALL ARE TO DUM TO KNOW HOW VIBEY THIS SONG IS  SUPPORT YA GIRL SZA,The comment uses insulting language ('TO DUM') and expresses a dismissive attitude towards the song's appeal.,Positive
Positive,Who is the dude on the track he kills rhis verse too ❤ makes rhe song even better to hear what hee dude thinks 🔥🎵🎶,The use of emojis like '❤' and enthusiastic language ('makes the song even better') clearly indicates a positive sentiment.,Positive
Negative,"What is that sound that kind of sounds like a chair sliding over a floor at moments like 1:04 , 1:17 , 1:30 ? It doesn't seem to be on beat consistently or anything, kinda annoying.","The commenter expresses annoyance with the sound and its inconsistent timing, indicating a negative reaction to the music video.",Negative
Positive,In the drop top ride w u i feel like scarface** my fav verse,The commenter expresses a positive feeling by comparing the video to a favorite movie and using enthusiastic language ('my fav verse').,Positive
Positive,Dude on them vocals is crazy,The comment expresses admiration for the vocalist's performance.,Positive
Positive,Straight heat  🥵  straight rider 🔥  just listen to the lyrics,The use of enthusiastic emojis and phrases like 'straight rider' indicates a positive reaction to the music video.,Positive
Positive,so vibe i cant bro,The use of 'vibe' and 'bro' indicates a positive and enthusiastic reaction to the music video.,Positive
Positive,This beat takes you to them good old dayz,The commenter expresses enjoyment and nostalgia with the phrase 'good old dayz' indicating a positive feeling.,Positive
Neutral,The song was good but my brother's being annoying,The comment expresses a positive opinion about the song itself while simultaneously highlighting a negative personal observation about a sibling's behavior.,Neutral
Positive,130.9 Million view wow this was the faster Sza music video/audio on YouTube to reach milestone,"The comment expresses excitement and praise for the video's rapid success, indicating a positive sentiment.",Positive
Positive,"Anyone else hear the beat of this song and think of Beyonce's ""Me, Myself and I""? Beatiful track this is 🙌🏽",The user expresses positive feelings about the track and uses an enthusiastic emoji to reinforce their enjoyment.,Neutral
Positive,this a whole vibe,The phrase 'whole vibe' indicates a positive and enjoyable experience with the music video.,Positive
Positive,Im 41and this has a 90s RnB vibe,"The comment expresses a positive association with the music video's style, referencing a desirable 90s RnB influence.",Positive
Positive,My new beat better than lil pink cheez-itz 😂 ❤❤,"The use of emojis and a lighthearted, complimentary expression indicate a positive sentiment.",Positive
Negative,"Well, first of all we’re not big bags is that why your father is dead and second of all is is actually good if you actually listen to her way better you actually should lyrics and I’m pretty sure next her next album is gonna come out. Hey this girl is stupid. This boy is crazy, I’m bout to say your mom said ha ha ha ha ha ha ha ha ha ha ha ha ha ha ha ha ha ha ha ha ha ha ha ha🎉","The comment expresses negative opinions about the artist and her music, using insulting language and dismissing the song's quality.",Negative
Positive,The first verse is the embodiment of a ride or die,"The phrase 'ride or die' expresses strong loyalty and admiration, indicating a positive sentiment towards the music video.",Positive
Neutral,"Her voice is not bad. It looks like she’s trying to look like Whitney Houston. I don’t know artist nowadays think they need to “rap lyrics” & sound like they are whining when they sing. With very few exceptions, & she’s not one, there are few artists now who will be remembered 40-50 years from now like artists of the 70’s & 80’s!","The comment expresses a mixed opinion, offering a slight compliment ('her voice is not bad') alongside criticism and a broader historical perspective.",Negative
Positive,So heavenly a melody 👍,The use of 'heavenly' and the thumbs-up emoji clearly indicate a positive sentiment towards the music video.,Positive
Neutral,Deep,"This short comment, 'Deep', expresses a simple observation with no clear emotional tone.",Positive
Positive,this song deep make me want to get a girl on my own,The comment expresses a positive feeling about the song and its effect - wanting to pursue a romantic interest.,Positive
Positive,In Love w this melody…..,"The commenter expresses enjoyment and affection for the melody, indicating a positive sentiment.",Positive
Positive,That's the vibe?,The question mark suggests agreement and enjoyment of the music video's mood.,Neutral
Positive,"I have no idea what this song is about,i love the melody,instrumental,when i first heard jt i hummed it for a month","The commenter expresses enjoyment of the melody and a habit of humming the song, indicating a positive reaction.",Positive
Negative,"She does a good job promoting violence, negative acts, killing & having low self esteem   by using it as a love song to fire up negative emotions that obsession emotion can  influence a mass of ppl to help them get locked up in the system to fill that jail cell the industry owns so the government will pay them for a filled cell.","The comment expresses criticism and condemnation of the music video's themes and perceived impact, indicating a negative sentiment.",Negative
Negative,Song overrated asl.. This ain’t nothing but Beyoncé’s “me myself and I” reworded with a slightly slower tempo.👎🏾,"The comment expresses criticism and a dismissive comparison, utilizing a negative emoji to indicate dissatisfaction.",Negative
Neutral,So nice and beautiful until you hear the lyrics😂,"The comment expresses a mixed reaction – initially positive about the visuals, but then introduces a humorous critique of the lyrics, creating a somewhat ambivalent sentiment.",Negative
Positive,I love this song soo much that i know all of the lyrics without the sound,"The commenter expresses enthusiastic enjoyment and memorization of the song's lyrics, indicating a positive sentiment.",Positive
Positive,Sounds a lot like Beyoncés me my self and I beat,"The comment expresses a positive comparison to Beyoncé's song, indicating enjoyment and appreciation.",Neutral
Positive,2025 and this is still a vibe,The comment expresses a positive feeling about the music video's vibe.,Positive
Positive,My boy Leon Thomas (Andre from Victorious) gave us a BANGER with this one 🔥🔥🔥 You can definitely hear his vocals in the background,"The comment expresses enthusiastic excitement and appreciation for the song, using positive language like 'banger' and fire emojis.",Positive
Neutral,Who’s doing the male vocals?,"This comment is a simple question seeking information, lacking any explicit emotional expression.",Neutral
Positive,This is some nice shit! Makes my Sunday vibe nice.💯,The enthusiastic expression 'nice shit' and the positive sentiment expressed about a 'Sunday vibe' clearly indicate a positive feeling.,Positive
Positive,Vocals go hard tbh,The phrase 'go hard' expresses a strong positive opinion about the vocals.,Positive
Negative,Vocals are crazzie,"The comment expresses a negative opinion about the vocals, using the word 'crazzie' which implies something is excessively bad.",Positive
Positive,"I hate that SZA makes songs that nobody can sing but HER. Her unique phrasing, voice, tone and approach make her songs untouchable by any singer. Or else, the song will lose that OOMPH, if you know what I mean.",The commenter clearly admires SZA's distinctive vocal style and considers it a key element of her music's success.,Positive
Negative,Didnt ashanti do this beat and I'm sure someone did it before her too,"The comment expresses doubt and a critical observation about Ashanti's contribution, indicating a negative sentiment.",Neutral
Negative,so no one gonna post some lyrics? :'<,The use of the sad face emoticon and the question suggest disappointment and a negative feeling about the lack of lyric posts.,Neutral
Positive,YOU DESERVE THAT HIGHER SPOT*** #ckeybeats,The use of 'YOU DESERVE' and the '#ckeybeats' hashtag indicate enthusiastic support for the music video.,Positive
Positive,you had a love that would sent just for you all URS but your mind don't like that and your poor heart just beats but feels nothing the love or the danger I'm scared for what you just threw away the love you threw away can't be bought or measured your always in my mind and heart,"The comment expresses a deep, enduring love and admiration for the artist, indicating a positive emotional response.",Negative
Positive,I just feel her vibe back when i was 12 now im 14,The commenter expresses a positive feeling and nostalgic connection to the music and artist.,Positive
Positive,I love this so much and I'm happy that even Jk played and vibed with it ❤,"The commenter expresses love and happiness, indicating a positive sentiment.",Positive
Neutral,Why does the background melody reminds me of Lloyd - Southside,"The comment expresses a personal association with a song, but doesn't convey explicit positive or negative emotion.",Neutral
Positive,Damn even as a nigga I’m screamin these lyrics lol,The exclamation 'Damn' and repeated affirmation 'screamin' indicate enthusiastic enjoyment of the music video.,Neutral
Positive,"Babyface, Leon Thomas and Justin Bieber made magic with this song. Minus the toxic first verse 😂😂😂. I love it tho 😅","The commenter expresses enjoyment and appreciation for the song, despite acknowledging a negative aspect.",Positive
Positive,Listen to the lyrics  it's a crazy love song,The comment expresses a positive reaction by highlighting the song's intensity (,Positive
Negative,Milk gave me kidney stones. They don't tell you that tho,"The comment expresses a serious health concern (kidney stones) and a complaint about a lack of information, indicating a negative sentiment.",Negative
Positive,Destiny child’s old me myself and I beat. Dope pick,The commenter uses the positive term 'dope' to express their enjoyment of the music video.,Positive
Negative,U cant play anyone emotions,The comment expresses a critical and potentially disappointed feeling about the music video's ability to evoke emotion.,Negative
Negative,It’s all the vibes in shit. It’s all good,"The comment uses the phrase 'all the vibes in shit,' which is a highly negative and dismissive expression.",Positive
Positive,I love you La’starr you make feel like nothing else matter !!! You make me feel emotion I have hudden from others …you bring out the life in me,"The commenter expresses intense positive feelings and admiration for the artist, using words like 'love,' 'make feel,' and 'bring out the life,' indicating a highly positive sentiment.",Positive
Negative,Its crazy that babies were conceived to these lyrics,The comment expresses a disturbing and potentially upsetting reaction to the music video's content.,Negative
Positive,Trippin on beat.much luv an flow from V CItY $tandddd up!!!! 604,The commenter expresses enthusiasm with phrases like 'much luv an flow' and a supportive shout-out.,Positive
Positive,Dam LOVE u make my heart skip a beat how u flowing like a overfilled cup 😩,The comment expresses strong positive feelings and admiration for the artist's performance.,Positive
Positive,C'mon lyrics!❤❤🔥🔥,The use of heart emojis indicates enthusiastic approval of the lyrics.,Positive
Positive,Here in August 2024 going to 2025 continuing with the rhythm❤❤❤❤,The excessive use of hearts emojis indicates a strong positive feeling towards the music video.,Positive
Positive,best song to vibe to on a night drive best song ever :),The commenter expresses enthusiasm with phrases like 'best song to vibe to' and 'best song ever' indicating a positive sentiment.,Positive
Positive,A vibe 🔥🔥🔥,The use of fire emojis and the word 'vibe' strongly indicate a positive feeling about the music video.,Positive
Positive,You're sucha vibe ❤,The use of the heart emoji and the word 'vibe' clearly indicates a positive feeling towards the music video.,Positive
Neutral,What’s the original song to this beat ?,"This comment simply asks for information about the song, expressing no explicit positive or negative feeling.",Neutral
Positive,This is my alarm ringtone 😴😌,The use of emojis (😴 and 😌) clearly indicates a positive feeling towards the music video and its suitability as an alarm ringtone.,Positive
Positive,This whole song is a vibe but the guy at the end gets me !!!! ❤,"The use of 'vibe,' heart emoji, and exclamation points indicates a positive and enthusiastic reaction to the music video.",Positive
Positive,Vibes but,The comment expresses a positive feeling about the music video's atmosphere or mood.,Positive
Positive,@ 2:02 I know is her singing but the lyrics hit what we men go through,The comment expresses a relatable and appreciative sentiment regarding the artist's song and its lyrical content.,Neutral
Positive,Sza is so down for these lyrics. Just really listened to this track today for the first time.,"The commenter expresses enthusiastic support for Sza and the song's lyrics, indicating a positive reaction.",Positive
Negative,I Love This Song But It Hurts Me So Deeply Everytime I Hear This Song It Reminds Me Of My Babymother That Recently Passed Away On God That Was My Other Half This Life Shit Ain't Fair,"The comment expresses profound sadness and grief, indicating a negative emotional response to the song's association with a recent loss.",Neutral
Negative,This is not a good song... this can cause some trouble and unnecessary violence... some people take things like this seriously when it's not that deep,"The comment expresses disapproval of the song and warns of potential negative consequences, indicating a negative sentiment.",Negative
Positive,"The beat has Me, Myself, and I vibes from Beyonce’ first album, just slower and different pitch.",The comment expresses a positive comparison to a well-regarded Beyoncé album and a favorable assessment of the song's characteristics.,Positive
Negative,"Infelizmente permitir que meu coração se quebrasse mais uma vez,cada pedacinho que se espalhou só com o tempo vou poder juntalos por inteiro..","The comment expresses sadness and pain, indicating a negative emotional state despite a potential for healing.",Positive
Positive,awesome song wit a sexy vibe,The comment uses positive language like 'awesome' and 'sexy vibe' to express a favorable opinion.,Positive
Positive,Wow girl what a beat❤,The use of 'Wow' and the heart emoji clearly indicates a positive reaction to the music video.,Positive
Positive,She different her music crazy that 1st verse the best  verse I heard All year ❤,"The commenter expresses enthusiastic praise for the music video's first verse, using positive language and an emoji.",Positive
Neutral,Snooze by SZA is in the key of Ab Major. It should be played at a tempo of 23 BPM. This track was released on 2024-01-01.,"The comment provides factual information about the song's key, tempo, and release date without expressing any emotional opinion.",Neutral
Neutral,Stone Meadows,"This comment simply indicates the title of the music video, offering no explicit sentiment.",Neutral
Neutral,951 Beatty Squares,"This comment consists of only a numerical value and a location name, lacking any expressed sentiment.",Neutral
Positive,Your voice is so beautiful and soulful ❤️,"The comment expresses admiration for the singer's voice, indicating a positive emotional response.",Positive
Positive,Cheryl Lynn wasn't available for a g̶r̶a̶t̶u̶i̶t̶o̶u̶s̶ nostalgic cameo?  Woulda been nice.,"The commenter expresses a wistful desire for her appearance, indicating a positive feeling about the potential inclusion.",Neutral
Negative,The song sounds beautiful the lyrics are absolutely a testimony of bondage... So very sad. Deliver your lost Lord... In Jesus name I pray amen.,"While acknowledging the beauty of the song, the comment expresses sadness and references 'bondage,' indicating a negative emotional response.",Neutral
Positive,When i play this song she just puts the window down n the smell of her hair is all thru the car than she just massages my back.....Love what would i do without you my rib my only true experience that I truly explore to deep down,"The comment expresses feelings of love, connection, and deep affection, indicating a positive sentiment.",Positive
Positive,"When she said “in the drop top ride with you, I feel like Scarface” I knew she didn’t write the lyrics 💀","The commenter's reaction expresses amusement and appreciation for the lyric, indicating a positive sentiment.",Negative
Positive,THE A VIBE IS VERY GOOD,The commenter expresses a positive opinion of the song's vibe.,Positive
Positive,"n every relationship there is a song that will always tie one to the other. This song I hold precious to my heart. The melody, rhythm, warmth, it belongs to us. It’s unimaginable how many things we’ve gone through. Evidently, it’s never enough to shift our hearts. The desire I have to hold him when I hear this song. The pictures curated in my imagination listening to the soft sounds. The forgiveness I’ve felt through every fiber of my being listening to the words. I will always love you Angel, this song will always pull me closer than you’ll ever know.","The comment expresses deep affection and cherished memories associated with the song, indicating a strongly positive emotional response.",Positive
Positive,This song has that 90's carefree rnb vibe to it.,The comment expresses a positive association with the song's style and atmosphere.,Positive
Negative,"I probably had the worst year ever in terms of dating. Broke up twice, but I could never get over my 2nd ex. I literally got into SZA because of her. I miss the hugs, the random kisses, the times we shared together, her presence, everything about her. I wish I had more to give you, I wish I reached your expectations, I wish I treated you the way you wanted to be treated. Well I guess shit happens huh?","Despite a lament about a difficult breakup, the comment expresses longing and regret, indicating a predominantly negative emotional state.",Negative
Positive,"JaKera LaShay Williams I love you oh so deeply I see your growth and maturity even hear it bleed through the music and hope you see my growth as well. I love you and always going to 🤞🏼💯💍🌸✍🏼🎭I appreciate everything you do and all your effort 💕🤞🏼💯💍-- Love Williams Sr Dean and Founder of Love Williams Learning University Inc wrote, thought of, and approves this message 🌸🌸💕💍😩🎭💞","The comment expresses overwhelming affection and appreciation for the musician, indicating a positive sentiment.",Positive
Positive,Unpopular opinion/take... i don't know why but I get Beyoncé and Jay Z vibes. Like relationship wise I mean. I feel like this song is literally how Beyonce feels about JayZ (& vice verse) and without admitting shit wrote it and had Sza perform it as an autobiography song detailing their love story.... never mind I need to go to bed,"The commenter expresses a positive connection to the song, interpreting it as a portrayal of Beyoncé and Jay-Z's relationship, suggesting an appreciation for the creative concept.",Neutral
Positive,This song has Mariah Carey We Belong Together vibe,"The comment expresses a positive association with Mariah Carey's song, indicating enjoyment and appreciation.",Neutral
Positive,shes a vibe i like the vibe of the song,The commenter expresses enjoyment and appreciation for the song's,Positive
Positive,If you just sit there an vibe out the music it's a great feeling! Simple & plain,"The commenter expresses a positive feeling about the music video, describing it as a 'great feeling' and encouraging passive enjoyment.",Positive
Positive,Love this girls vibe man,The comment expresses fondness and approval of the artist's style.,Positive
Positive,This an beatiful wow,The commenter expresses enthusiastic approval with words like 'beautiful' and 'wow'.,Positive
Positive,Sweet vibes ✨🇩🇿,The use of 'Sweet vibes' and the flag emoji suggest a positive feeling about the music video.,Positive
Positive,she’s irreplaceable and can’t be replicated feels like some artists who are more generic are getting participation trophies over and over because of some hidden agenda this is music gold 🎶,"The commenter expresses strong praise for the artist and describes their music as 'music gold,' indicating a positive sentiment.",Positive
Positive,Bro I think the first 10 seconds of this song needs to be sampled and made a rap song here harmony is crazy man,"The commenter expresses a positive opinion by suggesting the segment could be used for a successful rap song, indicating enjoyment of the harmony.",Positive
Neutral,Yall listen to the lyrics? Lmao,The comment expresses amusement ('Lmao') but doesn't explicitly convey a positive or negative opinion about the music video itself.,Negative
Positive,"The lyrics to part of this song is so beautiful and the melody is beautiful and it could bring beautiful memories to a beautiful love story, but you have some lyrics that could really cheapen the special love affair, ❤️","The comment expresses overall positive feelings about the song's beauty and evocative qualities, despite a minor criticism.",Positive
Negative,"To aqui de novo. Ja faz um tempo que vc me bloqueou. Eu queria tanto que tivesse sido vc pretinho 😢. Eu estava disposta a tudo para ser sua cúmplice. Essa sempre vai ser a música que me lembra a vc. Eu me apaixonei por vc, vc me fez acreditar que tudo seria possível. Nunca senti algo tao intenso quanto senti por vc, vc donimou a minha mente e se foi da maneira mais cruel que alguem poderia sair da vida alguem sabendo dos sentimentos dela. Se um dia ver essa mensagem, não me liga por eu tenho certeza de ainda vai estar doendo e eu não posso ver vc partindo novamente. Eu te amo❤ vc sempre vai ser aquilo que eu queria viver 😢😢","The comment expresses deep sadness, longing, and regret over a painful breakup, clearly indicating negative emotions.",Negative
Positive,"This song sounds wonderful!  But it reminds me of the song by The Isley Brothers, ""Choosey Lover"".  Sza's song is another pitch and sped up, but riffs sound similar. Still sounds good.","Despite the comparison to another song, the commenter ultimately expresses a positive opinion, stating 'it still sounds good'.",Positive
Positive,Cara essa musica e a vibe perfeita pra um dia de chuvaa ❤,"The commenter expresses a positive feeling about the music and describes it as 'perfect' for a rainy day, indicated by the heart emoji.",Positive
Positive,🎉VIBEZZZZZZZZZZZZZ🎉,The use of excessive exclamation marks indicates enthusiastic excitement and positive sentiment.,Positive
Positive,"I love this song but in the chorus snooze sounds like lose so the chorus open ""i can't lose when im with you which i prefer",The commenter expresses a clear preference and excitement about the song's lyrics and melody.,Positive
Negative,Ok but what does she actually sound like without autotune?,"The comment expresses a critical opinion about the artist's vocal performance, suggesting a lack of natural sound due to autotune usage.",Neutral
Negative,"everytime her phone vibrates in the song i check my phone its so annoying, it happens so much to it really kills the song for me fr","The commenter expresses frustration and annoyance with the recurring phone vibration, indicating a negative reaction to the song.",Negative
Positive,First female song i vibe too this shit slappin 😂😂😂,"The user expresses enthusiasm and enjoyment with the phrases 'vibe too' and 'slappin,' indicating a positive reaction.",Positive
Positive,Slow smooth beat that has the words 4 lovers who are with each other cruising N2 the sunset or just cuddled up on the couch or by the water,The comment describes a pleasant and relaxing scene with positive imagery (,Positive
Positive,Listen to the first verse closely,The comment expresses a positive engagement by encouraging focused listening.,Neutral
Positive,this gives me Mickey and Mallory NBK vibes!!!,"The commenter is expressing a positive comparison to a well-regarded music video, indicating a favorable opinion.",Positive
Neutral,This song is toxic AF but if you don’t pay attention to lyrics it’s a vibe,"The comment expresses mixed feelings, acknowledging a negative quality ('toxic') while also expressing a positive experience ('a vibe').",Neutral
Negative,"This was the deepest hardest song I had ever heard and I can t believe they messed it up with that video. Justin Bieber man 😂😂😂come on now SZA, I thought this was gonna be a Bonnie and Clyde video with somebody like lil Durk, this was so disappointing to the hood bcuz you was that one. That video was so disappointing, this was a LOYAL ride or die song, now everytime I listen to it I gotta blot the video out of my head. That shows you just how out of touch these record labels and Hollywood is with the people. That was the weakest video ever","Despite expressing fondness for the song itself, the comment primarily uses negative language (e.g., 'messed it up,' 'disappointing,' 'weakest video') and criticizes the video's execution and disconnect from the intended audience.",Negative
Neutral,Who’s vocals is that in the background?,"The comment expresses a simple question about a detail in the music video, lacking any explicit positive or negative emotion.",Neutral
Positive,Nostalgic ✨,The use of 'Nostalgic' indicates a positive feeling and appreciation for the video's emotional impact.,Positive
Positive,This beat is Lloyd's Tru. It was racking my brain for months. I know I heard this beat before. Beautiful song too.,"The commenter expresses a strong positive reaction, describing the beat as 'Lloyd's Tru' and stating it's a 'beautiful song'.",Positive
Positive,❤ good good vibe song,The use of heart emojis and the repeated word 'good' clearly indicate a positive sentiment towards the music video.,Positive
Positive,Divine beats...,The phrase 'Divine beats' expresses a positive and appreciative feeling towards the music.,Positive
Positive,Beautiful.  R&B vibes,The use of 'Beautiful' and the descriptor 'R&B vibes' indicates a positive reaction to the music video.,Positive
Positive,Kendrick & Sza giving Method Man and Mary J Vibes,The comment expresses admiration and evokes a positive association with the artists' style and performance.,Positive
Positive,This song 🎵 is a vibe,The use of 'vibe' indicates a positive and enjoyable feeling about the music.,Positive
Positive,Justin Bieber Sza Snooze Lose Kq Letra Lyrics SONG LOVE,The comment expresses enthusiasm for the song with the use of terms like 'LOVE' and references to lyrics.,Positive
Positive,Playing on repeat🎉🎉isafire is stuck on this vibe2023🎶🎶🎶🎶🎶💞💞💞💞,The multiple emojis and repeated phrases like 'is stuck on this vibe' indicate a strong positive enjoyment of the music video.,Positive
Positive,Met her 2 months ago nvr knew that was her on the bridge with the male auto tone voice this song is none other who sing as a man auto tone “ main one lieing “,"The commenter expresses a positive reaction to discovering the artist's identity and connection to the song's lyrics, using phrases like 'none other who sing' and 'main one lieing'.",Negative
Positive,The lyrics on the first verse is wild crazy tho,The use of 'wild crazy' conveys excitement and enjoyment of the song's lyrics.,Neutral
Positive,"I am a 23 year old man from South Sudan, I have spent most of my life in a continuous war, it was a normal day 2 weeks ago as I was fighting. Then, the Sudanese fighters played this absolute masterpiece, we then began to all put down our guns and dance to this lyrical masterpiece. Thank you, sir. For Peace this song changed my life. My entire view of everything that exists in this world, in fact, even in the entire universe. I can never look at anything I know the same way again. This song represents emotions that most humans could never understand. But I can. Thanks to this song I was awakened to many things previously considered unimaginable. Thank you for this exquisite song. This video is an exquisite masterpiece, out of every single video I have ever even heard of on the entire platform, this by far has enlightened me to do fly, lose 90 pounds and even become the president of the United States, and I'm going to tell you why this is such a masterpiece as if hearing the creators, no, god of this universes luscious voice. I would like to express my thanks to you. My gratitude for your indisputably magnificent assistance is almost infinite. Your efforts have not gone unnoticed. I really like your contribution that you have in our society, you really make a difference and help others out, the world could always use more people like you. Gosh, what a polite and humble fellow. It is such a kind honor for someone as low as me to be in contact with someone of a level such as yours. I thank you once again my good friend. A world without you, would be a world I would not be able to live in, and I believe I share that opinion with most people. I can rest easy tonight knowing you helped. I appreciate you and everything you stand for and on behalf of everyone on planet earth, thanks. Yes I 100% agree no lie I am 10/10 with you in this statement no question. You are completely absolutely correct and have made no mistake in your sentence whatsoever and I applaud you for that as you have made a thoughtful statement that many agree with and those that disagree are in the minority because your statement has absolutely no faults and thus is completely without a question correct and deserves nothing but agreement. and by the way, super saiyan blue theme is a very powerful, moving song that showcased the capabilities of human emotion. It used groundbreaking technology to create stunning sounds that would mesmerize the listeners. This song is suitable for all ages; whether you're 5 years old, or 50, you should listen to this song. It is inspiring and it showcases the spectrum of human nature and how humans communicate with each other. This song revolutionized the music industry and set the bar high for other songs. In the future historians will look back on this song and regard it as the pinnacle of human achievement. It was a roller-coaster from start to finish, the nail-biting song will leave you on the edge of your seat from start to finish. Listeners will find themselves absorbed by the heartwarming tale of a relentless, determined African tribes who didn't let societies standards shape his/her/it's life. I was shocked by how intense and gripping this song was. The plot is rich, unpredictable and touching. This isn't your typical African war song, this song is a war with one's emotions. Tales of Africa is a stirring masterpiece that only comes once in a millennium. This thrilling instruments makes it a jaw-dropping performance that properly utilizes the medium. I rate this song 10 African tribes/10 African tribes, and will never listen to it again as every time I get saddened by the the fact that there will never be a song to match this masterpiece.","The comment expresses overwhelming gratitude, admiration, and a profound positive impact on the commenter’s life, indicating a very strong positive sentiment.",Positive
Positive,Willow is a whole vibe ❤,The use of 'whole vibe' and the heart emoji clearly express a positive feeling towards the music video.,Positive
Positive,The opening verse 💪🏾💪🏾,The use of '💪🏾' (flexed bicep emoji) indicates enthusiastic support and approval of the music video.,Positive
Positive,💥💥 Tony Terry- When I'm With You.. similar cadence on chorus. Beautiful song🙌🏽,"The commenter expresses enthusiasm and appreciation for the song's beauty and a familiar rhythm, indicating a positive sentiment.",Positive
Positive,This is song I could see the old drake get on… his beat and everything they would do well together,The commenter expresses a positive opinion by suggesting a successful collaboration between Drake and the song's producers.,Neutral
Neutral,Is this a Isley brother sample on the beat,"The comment expresses a question about the music's composition, lacking explicit emotional expression.",Positive
Negative,Dis song too deep if yall listening she was Cheating her dude that came n was her nigga sayin he trying but you so far gone it’s crazy smh too hear this song knowing what I knw ion gone lie dat shyt hurt fr,"The comment expresses sadness and pain due to infidelity, using phrases like 'hurt fr' indicating a negative emotional response.",Negative
Positive,got me living ina alternate reality super metaverse,The enthusiastic use of 'got me' and the descriptive phrase 'super metaverse' indicates a positive and excited reaction to the music video.,Positive
Positive,"This song was already good But when dude whoever he is came in with them vocals ""WHY YOU FRONTIN ON ME WHEN YOU THE MAIN ONE LYING"" Lil things like that makes good songs Great songs to me","The commenter expresses enthusiasm and elevates the song's quality due to a specific vocal element, indicating a positive reaction.",Positive
Negative,In the next couple of years I will be in depression bc of how nostalgic this will be,"The comment expresses a negative future outcome due to strong feelings of nostalgia, indicating sadness and potential depression.",Negative
Positive,"Broo, her first verse, Bars",The use of 'Broo' and 'Bars' expresses enthusiastic praise for the musician's performance.,Positive
Positive,Still my ringtone… Still that gas in 2025🔥🔥🎶🎶🥰,"The use of emojis (fire, music notes, and heart) and phrases like 'Still my ringtone' indicate a positive and enthusiastic reaction to the music video.",Positive
Positive,This song makes  me feel good and filling the vibe,The comment expresses a positive emotional response – ‘makes me feel good’ – indicating a favorable sentiment towards the song.,Positive
Neutral,Song has no hook? Verse is good,"The comment expresses a minor criticism ('no hook') alongside a positive observation about the verse, resulting in a mixed and therefore neutral sentiment.",Neutral
Positive,Good song 🎵  I like it! Almost like Harmony 👍,The commenter expresses positive feelings with phrases like 'Good song' and 'I like it!',Positive
Positive,This beat is fire! 🔥 Can you tell me the BPM and price for this track? I'm ready to lay down some bars on it! 🎤💯,"The commenter expresses enthusiasm and a desire to use the music, indicating a positive reaction.",Positive
Positive,"The beat, her voice 😭",The use of the emoji '😭' indicates strong positive emotion and appreciation for the music video's elements.,Positive
Positive,"These lyrics, and the way she ride tht beat oweeeeeeeee this hit the ♥  straight for my baby Tee Jay","The comment expresses enthusiastic approval and affection for the song and artist, indicated by the heart emoji and phrases like 'hit the ♥' and 'straight for my baby'.",Positive
Positive,2025 still a vibe❤❤❤,The use of hearts and the phrase 'still a vibe' clearly indicate positive enthusiasm for the music video.,Positive
Positive,Is it just me or does the beat sound like Immature's never lie !!?,"The commenter is expressing a positive comparison to a well-regarded song, indicating enjoyment.",Negative
Positive,For God so loved the World he gave us this vibe,The comment expresses appreciation for the music video's,Positive
Positive,the beat and the background vocals babbbbyyyy,The enthusiastic use of 'babbbbyyyy' clearly indicates a positive emotional response to the music video.,Positive
Neutral,This vibe is serious,The comment expresses a subjective opinion ('vibe') without explicitly indicating positive or negative feelings.,Positive
Positive,The beat remind me of Funeral by Mac Miller 😢.  It's legit probaby the exact same tempo.  Rest easy King.  Shout out sza on this one too,"The commenter expresses a positive comparison to a beloved artist, Mac Miller, and offers a respectful tribute, indicating a positive sentiment.",Positive
Positive,This song help me to relax it’s the vibe 😊,"The commenter expresses enjoyment and relaxation, indicating a positive sentiment.",Positive
Neutral,That first verse is different,The comment expresses a simple observation about a musical element without indicating a positive or negative emotional reaction.,Neutral
Positive,GANG CANT KNOW I VIBE TO THIS.,"The commenter expresses enjoyment and connection with the music, indicating a positive feeling.",Neutral
Positive,Man did I hear the same beat as Funeral - Mac miller with different key but anyway both songs are precious ❤,"The commenter expresses appreciation for the song and uses a positive emoji, indicating a favorable sentiment.",Neutral
Positive,"It’s so catchy, because it’s Beyoncé’s beat from “me myself and I” chopped and that song is etched in my brain lol","The commenter expresses enthusiastic appreciation for the music video's similarity to a beloved Beyoncé song, indicating a positive reaction.",Positive
Negative,Ty $ is the GOAT of writing feature verses that lyrically have nothing to do with the song,"The comment criticizes Ty$’s lyrics as irrelevant to the song, expressing a negative opinion.",Negative
Positive,Okay look i was like Ice spice verse was hard but then pink panthress girl here verse stole the show it was definitely impressive I’m shocked this shit slaps lol,"The commenter expresses enthusiastic approval and excitement, using phrases like 'hard,' 'stole the show,' and 'slaps lol'.",Positive
Positive,Still here it’s my everyday list 2025 July 6th summer vibes watching my bae shoot hoops 😍😍😮‍💨🙇🏾‍♀️😍😍,"The user expresses excitement and adoration using emojis and positive language, indicating a favorable sentiment towards the video and the artist.",Positive
Positive,Sza is just the most amazing being In the universe ❤,The use of 'amazing' and the heart emoji clearly express strong positive feelings towards the artist.,Positive
Positive,This song is for the people who love deep. 😢,The use of 'love' and the accompanying emoji suggest a positive emotional response to the song.,Positive
Neutral,Looking for lyrics,"This comment expresses a request for information, lacking any emotional tone.",Neutral
Neutral,Nobody posts lyrics again in the comments?,"The comment expresses a simple observation about the lack of lyric sharing, without any overtly positive or negative emotion.",Neutral
Positive,You know thisssaaa vibe 😊,The use of 'vibe' and the smiley face emoji clearly indicate a positive sentiment towards the music video.,Positive
