﻿classificacao,comentario,justificativa,sentimento_manual
Positive,this song was released literally this year and it already feels nostalgic af 😩,"The commenter expresses a positive feeling of nostalgia, using 'af' to intensify the emotion.",Neutral
Positive,This song is a masterpiece! The video concept brings the whole vibe to life 💖❤,The enthusiastic exclamation 'masterpiece' and use of heart emojis clearly indicate a positive sentiment.,Positive
Positive,"Fortnight’ is pure magic. The storytelling and emotion in this track are unmatched. As a country and southern rock artist, I connect deeply with that vibe. 🌙🎶","The commenter uses strong positive language like 'pure magic' and expresses a deep personal connection, indicating a favorable opinion.",Positive
Negative,3:59 worst part,The comment expresses a negative opinion about a specific part of the music video.,Negative
Positive,Major Lana Del Rey vibes. I love it. Wasn't expecting this style from Taylor,"The commenter expresses clear enjoyment of the video's style, using phrases like 'I love it' and referencing a positive comparison to Lana Del Rey.",Positive
Positive,"Tay’s fortnight is a profound exploration of temporal fragility, emotional inertia, and the haunting persistence of memory. It’s  an intimate narrative of heartbreak, a meditation on the nature of time, and an inquiry into the human capacity to endure unresolved emotional tension.❤","The comment uses highly positive language, describing the video as 'profound,' 'intimate,' and focusing on emotionally resonant themes.",Positive
Positive,Already heard this twice on the radio in my car while out on a late night drive.The second it was raining slowly and I cranked up the volume and wow! This track just blew me away and made me think of my past both happy and sad memories I slightly had tears my eyes.Nothing like a late night drive out in the rain hearing this track with great 80s vibes!,"The commenter expresses overwhelming enjoyment and nostalgia, indicating a highly positive emotional response to the music.",Positive
Positive,"This song reminds me of somebody else by the 1975 and also, the Drive soundtrack. Very nostalgic feeling",The commenter expresses a positive nostalgic feeling and makes positive comparisons to well-regarded musical works.,Neutral
Negative,Who's here after JoJo Siwa posted that she beat out this video for dislikes?! LOL,"The comment expresses frustration and disbelief about being outperformed by JoJo Siwa, indicating a negative reaction to the video's performance.",Neutral
Positive,"I don't know why this song as a lead single polarized so many people and was deemed ""not as strong"". This is one of Taylor's most beautiful, mature songs and Post Malone harmonizes and fits in with it effortlessly. ""I love you, it's ruining my life"" is one of the most simplest yet heartbreaking lyrics I've ever heard. The sadness hits hard in this one with the rich melancholic vocal melodies. Post Malone's solo toward the end is beautiful.","The commenter expresses strong admiration for the song and its elements, highlighting positive aspects like lyrics and vocal melodies.",Positive
Positive,"His ability to create something so unique and innovative, mixing elements of different styles, is admirable. It is rare to find such a striking sound signature.",The comment expresses admiration and praise for the artist's creative ability and the distinctive sound of the music.,Positive
Positive,"I always comeback listening to this song, such an underrated gem with full of emotion and nostalgia feeling to it. This song will never get old, a classic masterpiece.","The commenter expresses strong positive feelings about the song, praising its emotional depth and timeless quality.",Positive
Positive,"I just can't believe that it's been a year—TTPD has already been one year old! I remember going back home from school and listening to this song. I wasn't a Swiftie at that time; a Swiftie friend of mine showed me this song. I don't know what to say now. I'm just feeling somewhat emotional that time elapses so fast, and this masterpiece has already been a year old, while it feels like yesterday.","The comment expresses nostalgia and appreciation for the song, indicating a positive emotional response.",Positive
Positive,"I'm not a Swiftie but this is one of the top songs I like. He likes synthpop, especially the kind that almost touches downtempo or dreampop. Song is captivating.","The commenter expresses a strong positive opinion, stating it's one of their 'top songs' and describing it as 'captivating'.",Positive
Positive,she is always beatiful!!!,The exclamation points and positive adjective 'beautiful' indicate a strongly favorable opinion.,Positive
Positive,"Even if they weren't singing about something sad, their harmony is so beautiful I want to burst",The commenter expresses admiration and a strong positive emotional response to the song's harmony.,Positive
Positive,"Can't believe it's been a year. I can't get this song out of my head. It's like it's stuck on loop in my head. A tortured feeling I didn't even know how to express found its voice in this track. And that outro? I'm still not over it. Man, it didn't just end the song — it hit so deep, it carved out a whole space in my memory. Still gives me goosebumps every time...🤍","The commenter expresses strong positive emotions, using phrases like 'can't get this song out of my head' and 'gives me goosebumps', indicating a deeply enjoyable experience.",Positive
Negative,This is the most forgettable song and music video I've ever seen win a VMA🥱,"The comment expresses dissatisfaction with the video, using terms like 'forgettable' and a dismissive emoji.",Negative
Positive,"I’m never emotional. Until I’m touched by Taylor’s voice, lyrics, visuals and music. It hurts to cry. But it makes me happy and sad all at the same time.","The commenter expresses a strong positive reaction to the music video, describing feelings of happiness, sadness, and being moved emotionally.",Positive
Positive,"This almost lulls you. It’s so almost peaceful. Such an amazing set of lyrics and beautiful voices with the delicate instrumentation. It’s like a prayer. Yes, I cried. 😢🎤🙏🏼🎶🏝️🎬💘🎼","The commenter expresses overwhelmingly positive feelings about the music video, describing it as 'amazing' and referencing emotions like 'prayer' and tears.",Positive
Positive,This song litteraly puts my 11 month old to sleep so fast. It’s so awesome. TAYLOR WHAT Kind of Vibes did you and  JACK PUT INTO THIS?!?,The commenter expresses positive feelings by stating the song quickly puts their baby to sleep and describes it as 'awesome'.,Positive
Negative,"Why ""Fortnight"" had hate train with masterpiece lyric, melody, vocal, story telling and visual of MV? I'm actually disappointed because many people in the world didn't know how incredible vibe this song had","The commenter expresses disappointment and suggests a 'hate train,' indicating a negative reaction to the song's perceived quality.",Positive
Positive,Absolute beauty and harmony,The comment expresses admiration and delight with the video's aesthetic qualities.,Positive
Positive,"Excellent,i likes so much,with one sound 80's pure synthwave",The comment expresses enthusiastic enjoyment and appreciation for the music video's style and sound.,Positive
Positive,The way Post Malone mouthed the lyrics at about 1:28 makes me melt🫠,The user expresses a feeling of enjoyment and being 'melted' by Post Malone's performance.,Positive
Positive,This song takes me to another world. So powerful!,The commenter expresses a strong positive feeling using words like 'powerful' and describes a transformative experience.,Positive
Positive,"I like this song because the mood and overall vibe feels sad and mundane, and sometimes life IS sad and mundane. I especially really like the ""all my mornings are monday's stuck in an endless february"" line. This song is great when you feel stuck in a rut but your yearning for something more.","The comment expresses a positive appreciation for the song's emotional resonance and relatable theme, using words like 'great' and describing a positive feeling it evokes.",Positive
Negative,"""I love you. Its ruining my life."" Damn....that cuts deep.","Despite the initial 'love' declaration, the phrase 'ruining my life' indicates a deeply negative emotional response.",Positive
Negative,"Worst music video ever, Taylor overrated","The comment expresses strong disapproval of the music video and the artist, indicating a negative sentiment.",Negative
Positive,"I've just discovered her music. Maybe it was the Universe that bought me here but her voice is something that speaks how I feel. Thank you, my voice is defeated but there you are. 😢","The commenter expresses a deep personal connection and appreciation for the artist's voice, indicating a positive emotional response.",Positive
Positive,I love Travis but Taylor and Post are such a vibe together.,"The commenter expresses a positive feeling about the collaboration between Taylor and Post, using the enthusiastic phrase 'such a vibe'.",Positive
Positive,Post malones verse absolutly slaps 🔥🔥🔥,The use of fire emojis and the phrase 'slaps' clearly indicate a highly positive reaction to Post Malone's verse.,Positive
Positive,Wonderful lyrics great job on the video,The commenter expresses enthusiastic approval with terms like 'wonderful' and 'great job'.,Positive
Negative,She is easily the worst singer in the industry. Just sounds monotone in almost every song. I can't believe people enjoy her music.,The comment expresses strong disapproval of the singer's vocal performance and suggests a lack of enjoyment of her music.,Negative
Positive,This is so vibes for November/ December gothic theme.,The commenter expresses a positive feeling about the video's aesthetic and thematic elements.,Neutral
Positive,Written and DIRECTED by Taylor Swift. Incredible direction & videography. (Plus the song composition).,"The comment expresses enthusiastic praise for the direction, videography, and song, indicating a positive sentiment.",Positive
Positive,My mum loves this song it's her ring tone 😂,"The comment expresses clear enjoyment and affection for the song, indicating a positive sentiment.",Positive
Positive,"This has 80s Voices Carry vibes to it, and I'm here for it!",The commenter expresses enthusiasm and enjoyment (,Positive
Positive,This beat we can’t be friends?💀,The use of the skull emoji and phrasing suggests enthusiastic enjoyment of the music video.,Neutral
Negative,worst video of the year to ever win. WCBF WAS SNUBBED.,"The comment expresses strong disapproval and frustration, using terms like 'worst' and 'snubbed' indicating a negative sentiment.",Negative
Positive,"Taylor Swift, your artistry and storytelling are truly unmatched! The way you craft songs that resonate so deeply with listeners is nothing short of magical. Your ability to evolve and experiment with different genres while maintaining your unique voice is incredibly inspiring. Each album you release feels like a new chapter, filled with raw emotion, honesty, and brilliance. Thank you for sharing your incredible talent and for creating music that touches hearts and souls. Your dedication and passion are evident in every note and lyric. Keep shining and making beautiful music!",The comment expresses overwhelming admiration and appreciation for Taylor Swift's talent and music.,Positive
Negative,"I like most of her songs, but I have to say, I really don't like this one. I don't like the lyrics.","The comment expresses dislike for the song and its lyrics, indicating a negative sentiment.",Neutral
Negative,Am I the only one who thinks Taylor swift has such a bland voice. It just sounds like she talks through her songs. They’re so monotone.,"The comment expresses a critical opinion about Taylor Swift’s vocal style, describing it as 'bland' and 'monotone'.",Negative
Positive,so deeply obsessed with this mv,The use of 'obsessed' indicates a strong positive emotional response to the music video.,Positive
Positive,"Love the lyrics and melody of this song so much, love Taylor❤",The comment expresses enthusiastic enjoyment of the song using positive language like 'love' and emojis.,Positive
Positive,"I feel like there's a vibe the same as the song ""About You"" by The 1975","The commenter expresses a positive association with the music video by comparing its vibe to a well-regarded song, indicating enjoyment.",Neutral
Negative,This is like the most generic song,"The comment expresses dissatisfaction by describing the song as 'generic', indicating a negative sentiment.",Negative
Positive,I come here anytime I want to listen to Chappell. You can’t beat this performance!!,The commenter expresses enthusiastic approval and states they,Positive
Positive,Taylor creates music with such a deep message,"The comment expresses admiration and appreciation for the music's depth, indicating a positive sentiment.",Positive
Negative,You are the worst in the whole entire world,"The comment expresses strong disapproval and criticism, indicating a negative sentiment.",Negative
Positive,Beautiful song and lyrics  🕊,"The comment expresses appreciation for the song and lyrics, indicating a positive sentiment.",Positive
Positive,Taylor's synthwave songs are favorite,"The comment expresses a clear preference for the music, indicating a positive feeling.",Positive
Positive,"This is so beautiful, lovely lyrics and wonderful sounds & voices. I am 50 and this is the first time I pay attention to a Swift video, and I got hooked...","The commenter expresses enthusiastic praise for the video, using words like 'beautiful,' 'lovely,' and 'wonderful,' indicating a positive emotional response.",Positive
Positive,The lyrics in this song are poetic; they paint such a vivid picture.,The commenter uses positive language like 'poetic' and 'vivid picture' to express their enjoyment of the song's lyrics.,Positive
Positive,Swifty Vibes 💘,The use of the heart emoji and the term 'Swifty Vibes' indicates a positive and enthusiastic reaction to the music video.,Positive
Positive,"OMG I JUST REALIZED THE SYMBOLISM OF THE PHONEBOOTH IN THE LAST SCENE. I read this theory that the Post with no tattoos represents Joe, the Scientist Post represents Matty and the Phonebooth one represents Travis. The Phonebooth represents the way Travis tried to ""call"" her (sorta) by making a friendship bracelet with his number on it. And the way she was sitting on the Phonebooth when he was calling her, it's like she was at her worst but didn't realise that the one who will save her is right beside her, ""calling"" her.","The comment expresses enthusiastic engagement and a positive interpretation of the video's symbolism, indicating excitement and appreciation.",Positive
Positive,Perfect harmony betweenTaylor and Post Malone,The comment expresses a positive opinion about the collaboration between Taylor and Post Malone by describing it as 'perfect harmony'.,Positive
Positive,this song is so great!! cant wait to listen to it in vibe winter 🥰,"The commenter expresses enthusiasm with positive language ('so great!!') and a positive emoji, indicating a favorable opinion.",Positive
Negative,"awful,your taste in music is bad","The comment uses overtly negative language ('awful', 'bad') expressing a critical opinion about the music video and the user's taste.",Negative
Neutral,"Taylor swift songs are not great or musical value compared to say Cold play or Bruno Mars. She has a huge fan following especially among young women bcoz she tell their story or relates to them about their struggles and emotions in both love, relationship, lifestyles, this materialistic world. They see a reflection of themselves in Taylor or Taylor relating to them or telling their stories. Taylor swift song are so flat and unmusical. @taylorswift","The comment expresses mixed feelings, acknowledging fan appreciation for her storytelling while also criticizing the musical quality of her songs.",Negative
Negative,Worst song ever,The comment expresses strong dislike and criticism of the song.,Negative
Negative,Came after vma short and I am not impressed. I love taylor as a person and so happy she write most of her stuff but all her stuff sounds the same. I have not liked a song since the redemption album. She needs to get more creative. It's so monotone and put me to sleep sorry taylor fans,The comment expresses disappointment and criticism regarding the music's lack of creativity and monotonous sound.,Negative
Negative,I'm sorry but Eminem deserved to win artist of the year and best performance and most of the awards. Taylor swift is super annoying and I lost brain cells with this song.,"The comment expresses strong disapproval and frustration with Taylor Swift and her music, indicating a negative sentiment.",Negative
Negative,mediocre vocals.,The use of the word 'mediocre' indicates a negative opinion about the vocals.,Negative
Negative,There been getting me with the headphones after I use them when I walk out side I can hear a high pitched frequency coming from the drones,"The commenter expresses frustration and annoyance with a specific sound issue, indicating a negative experience.",Negative
Negative,Why do her songs always do monotone? Like it tried to get there but couldn’t. I thought I would like it but nope. Taylor Swift will always be Taylor Swift.,"The comment expresses disappointment and criticism of the music's style, using phrases like 'always do monotone' and 'nope'.",Negative
Negative,"This song sounds like another song, the beat.","The comment expresses dissatisfaction with the song's similarity to other music, indicating a negative sentiment.",Neutral
Positive,The attempts are temporary ❤❤❤.,The use of heart emojis indicates a positive emotional response to the music video.,Positive
Negative,Childless cat beatch,The comment uses a derogatory term ('beatch') expressing contempt and negative feelings towards the music video and likely the artist.,Negative
Negative,I finally gave in and had a listen to this Taylor Swift that everyone is talking about....my verdict is that she's lame. Back in my generation the female vocalists would have destroyed her.,"The commenter expresses a negative opinion of the song, calling it 'lame' and comparing it unfavorably to past artists.",Negative
Positive,❤True rolemodel and I enjoy the vibes everywhere❤.   ❤,The use of hearts and positive phrasing indicates a strong positive sentiment towards the music video.,Positive
Negative,why are all the new artist all whispering garbage. can we have some class and vocal talent please.,"The comment expresses dissatisfaction with the vocal quality of new artists, using negative language like 'whispering garbage' and 'no class'.",Negative
Positive,What a vibe ❤,The use of the heart emoji and the word 'vibe' clearly indicates a positive feeling about the music video.,Positive
Positive,WOW..this whole album is incredible and the fact that is was produced during the eras tour just proves how incerdble and amazing tay is❣❣❣❣. YOU ARE INCREDIBLE. I love how this is the first song of the album and never fails to make me want to sream the lyrics where ever i am.  THANK YOU.......,"The comment expresses enthusiastic praise for the album and Taylor Swift, indicating a positive emotional response.",Positive
Positive,"No wonder this is my most played song, it's lyrically appealing to hear yet the lyrics is so sad",The commenter expresses a positive sentiment by stating they enjoy the song's lyrics and find it appealing despite its sadness.,Positive
Positive,Musical collaboration is awesome. I would never be accused of being sensitive but the lyrics touch me deep.,The commenter expresses enthusiasm and genuine emotional connection with the music video's lyrics.,Positive
Positive,I feel like an old widow who's been divorced 10 times everytime I hear this song...So peaceful yet powerful,The commenter uses positive descriptors like 'peaceful' and 'powerful' to describe their emotional response to the song.,Neutral
Positive,Thank You YouTube for allowing me to enjoy music that i find appealing that i enjoy the lyrics to without bending my knee too as if they themselves are something greater than those who pay their bills..Thank You YouTube for allowing me to enjoy a song that is sung without me actually embracing the creator because at the end of the  day is simply a song that is sung by those who had great vocals,"The commenter expresses gratitude and appreciation for the music and the platform, indicating a positive experience.",Positive
Negative,"So beautiful video and so boring song, absolutely 0 emotions","The comment expresses a negative opinion by stating the video is 'boring' and assigns a value of '0 emotions,' indicating dissatisfaction.",Negative
Negative,"trying to understand her popularity. mediocre voice, banal lyrics, predictability. sort of interesting video though...","The comment primarily expresses disappointment with the song's quality (voice, lyrics, predictability) despite acknowledging a slight interest in the video itself.",Negative
Neutral,"I think this song is ok... I also think that ""Telephone Pole"" by Punchline is better, considering it's almost the same tempo, same concept, same baseline and came out years earlier, sound wider, fuller and with better lyrics, I would suggest everyone who reads this takes a look, Taylor and post are game changers but when you consider this has 1.9m likes and punchline got 175. This music world needs to change a little.","The comment expresses mixed feelings, acknowledging the song's quality while also offering a comparative critique and a broader opinion about the music industry.",Neutral
Positive,😢 I would like to feel the first time I hear Fortnight and it's something magical and nostalgic for 2024,"The commenter expresses a desire for a 'magical and nostalgic' experience, indicating a positive emotional response to the music video.",Positive
Positive,This is perfect emotional 😭 n just right I totally love 💕,The use of emojis like '😭' and '💕' combined with the statement 'This is perfect' clearly indicates a positive emotional response.,Positive
Positive,"Wow, this track is absolutely amazing! Taylor's voice and style are just unmatched. The lyrics, the melody, everything is pure magic. It really captures that special feeling she brings to every song. I actually created a song inspired by her style too, and I'd love for you to give it a listen. Here's the link: https://www.youtube.com/watch?v=dzHxodaQ5h8. Hope you enjoy it!","The commenter expresses enthusiastic praise for the music video and artist, utilizing words like 'amazing,' 'unmatched,' and 'magic.'",Positive
Negative,Disturbing lyrics. I hope teenagers don't listen. Anyone who thinks its Art needs a psychologist.,The comment expresses disapproval and a negative judgment of the music video's content and its potential impact.,Negative
Negative,Worst song,The comment expresses a direct and overtly negative opinion about the song.,Negative
Positive,I grew up in the 70s and 80s I would definitely go back in a heartbeat!! The memories consume me the music and freedom❤,The commenter expresses a strong positive emotional connection to the music and memories associated with the video.,Positive
Negative,"I really hate when a song sounds like lovely song and read the lyrics and see, is about sad story and cant use to my GF😅💔",The comment expresses dislike and frustration with a song's lyrical content and its impact on a personal relationship.,Negative
Negative,awful song painful listen,"The commenter uses words like 'awful' and 'painful,' clearly expressing a negative opinion of the song.",Negative
Neutral,My friend doesnt belive one of the lyrics is your wife water flowers but if she sees this here 1:01 or anyone ealse lol,The comment expresses a humorous observation without overtly positive or negative emotion regarding the music video.,Neutral
Positive,And long live to Aggressive Music! like Linkin Park Korn Deftones Tool Chevelle Marilyn Manson Nine Inch Nails and others Aggressive Bands and long live Rock Punk and Metal music🤘🏻🤟🏻,"The comment expresses enthusiastic support for aggressive music genres and bands, indicating a positive sentiment.",Positive
Positive,I love you Tay but Post… omg your voice is just electric!  The telephone booth vocals… ❤️🔥❤️🔥,"The commenter expresses enthusiastic praise and uses positive emojis, indicating a strong positive sentiment towards the artist and their vocals.",Positive
Positive,"My love for Post Malone went through the roof after I heard this song. This is something special, it gives off folksy vibes. 💛☮️💛",The commenter expresses a strong positive emotional reaction (,Positive
Positive,Damonic song and also crazy lyrics,The use of 'Damonic' and 'crazy' suggests a positive and enthusiastic reaction to the song.,Negative
Positive,It has that Kavinsky - Nightcall vibe,"The comment expresses a positive comparison to a well-regarded song, indicating enjoyment.",Neutral
Negative,WHY POST MALONE VERSE IS TOO SHORT🥲,The use of the sad emoji and phrasing 'too short' clearly indicates a negative sentiment about the video's length.,Negative
Positive,Catchy !,The exclamation mark and word 'catchy' indicate enthusiastic approval of the music video.,Positive
Positive,"This song and Chappell Roan's song, to me, are a perfect pair of songs that could have been done by Stevie Nicks or Heart. Throwback 80s style production/writing - just great songwriting - melody/lyrics, beautiful sounds, synthesizers pads, wonderful harmonies and backing vocals. I got a little bit of a U2 ""With or without you"" vibe as well. Top notch.","The comment expresses overwhelmingly positive feelings about the music video and its similarities to iconic artists, highlighting excellent production and songwriting.",Positive
Positive,BEATIFUL CINEMATIC VIDEO🎥,The use of ‘BEATIFUL’ and the emoji indicates a positive reaction to the video’s visual quality.,Positive
Negative,Just gos to show u. Any one can make it. This person cannot sing a note .have alook at her on ellen show she a studio version of kylie Montague all fake effects,The comment expresses strong criticism of the artist's singing ability and suggests their performance is artificial and poorly executed.,Negative
Positive,"Post Malone gives of that cool reliable friend, just chilling vibe.",The comment uses positive terms like 'cool reliable friend' and 'chilling vibe' to describe Post Malone's presence.,Positive
Positive,"The way their voice blend together, sounds like heaven. vocals have me running in circles for this song post malone's voice lowkey compliments taylor's voice so well, so beautiful Their voices melted together like butter 🩶🤍 I love this song so much already. There voices blend so well together. I love Postys background vocals. She's not just a singer-songwriter, she's also a very effective storyteller. The fact that Post and Taylor visuals is wild and we all are here for it. The last midnights track hits different ending with her saying Post Malone's voice with Taylor's is the best combo/duo","The commenter expresses strong positive feelings about the song, using phrases like 'sounds like heaven,' 'so beautiful,' and 'best combo/duo' indicating enthusiasm.",Positive
Positive,Post is giving me Daddy Vibes 💋😭😭✌️,The use of 'Daddy Vibes' and emojis suggests a positive and appreciative sentiment towards the music video.,Neutral
Negative,This chick makes the worst music in the history of humanity,The comment uses harsh language ('worst in the history of humanity') expressing strong disapproval of the music video.,Negative
Negative,"Sorry but its awful song to me. Because i love korean attractive men, your partner is always 별로",The comment expresses a negative opinion by stating the song is 'awful' and criticizes the partner's attractiveness.,Negative
Positive,"what a beautifully done video! i really loved the visuals and the chemistry between Taylor Swift and Post Malone. but honestly, i have to say that personally, i think their musical styles don't blend as well as some might expect. it's interesting, but i prefer when both artists stick to their own vibes.","The commenter expresses overall positive feelings about the video, highlighting aspects they enjoyed and appreciating the artists’ individual styles.",Neutral
Negative,Worst thing I ever. Gay af,"The comment expresses strong disapproval and uses a derogatory term, indicating negative sentiment.",Negative
Negative,She is the worst ever,"The comment expresses a strongly negative opinion about the artist, using the phrase 'worst ever'.",Negative
Neutral,"Música linda, mas passa uma vibe tão fúnebre","The comment expresses a mixed sentiment, praising the music ('música linda') while also describing a 'funereal' vibe, indicating a somewhat ambivalent reaction.",Neutral
Positive,This is Powerful with Post Malone!! ❤️❤️ Love it!!,The use of heart emojis and the enthusiastic phrase 'Love it!!' clearly indicates a positive sentiment.,Positive
Positive,She got perfect vocal talent her voice making me fall in love every time when  i hear 💜,"The commenter expresses admiration and affection, using language like 'perfect vocal talent' and 'fall in love' indicating a positive sentiment.",Positive
Positive,Poor things vibes for me 😍,The use of the heart-eyes emoji indicates a strong positive emotional response to the music video.,Positive
Positive,"Magic lyrics, production set, Post and Taylor. New fan 🪭 👏👏👏 Art 💯+","The comment expresses enthusiastic praise for the lyrics, production, and artists, indicated by emojis and positive language.",Positive
Neutral,30 years old still writing lyrics like a 14 year old 🤣🤣🤣🤣,"The comment expresses amusement with a repetitive emoji, indicating a lighthearted reaction rather than a strong positive or negative opinion about the music video.",Negative
Positive,"I'm very surprised by the fact that no one is mentioning Sylvia Plath, the whole lyrics and mv screams her story. and it's such a  beautiful symbolism 👏🏻",The commenter expresses enthusiastic appreciation for the song's connection to Sylvia Plath and finds it 'beautiful symbolism'.,Positive
Positive,"Love it , it’s giving  I’m only me when I’m with you vibes",The commenter expresses enjoyment and connects the music video to a positive feeling of connection and identity.,Positive
Positive,This is banger of a song so 80s vibe,"{""sentiment"":""Positive"",""justification"":""The comment uses enthusiastic language ('banger') and a positive descriptor ('80s vibe')}",Positive
Negative,Taylor swift is so annoying,"The comment expresses a clear dislike and disapproval of Taylor Swift, indicating a negative sentiment.",Negative
Positive,Your music is beatifull,"The comment expresses appreciation for the music's beauty, indicating a positive sentiment.",Positive
Negative,The lyrics are disgusting.,The use of the word 'disgusting' indicates a strongly negative opinion about the lyrics.,Negative
Positive,1st song that hit me. you are brilliant i hope you realiase that? who ever made these lyrics is smart as F. keep your ground.,"The commenter expresses admiration and praise for the artist and their work, using enthusiastic language like 'brilliant' and 'smart as F'.",Positive
Positive,"I love Taylor's songs! A lot of the lyrics she writes are about her emotions,  and her insecurities, it's genius!",The commenter expresses clear admiration and praise for Taylor's music and songwriting ability.,Positive
Negative,She is so annoying.,The comment expresses a clearly negative opinion about the artist's behavior.,Negative
Positive,Pov My Mom Telling Me This Song Came Out A Couple Of Months Ago And I Already Know All The Lyrics But I Still Don't Know My 12 Times Table 💀💀,"The comment expresses fondness and amusement, indicating a positive reaction to the song and video.",Neutral
Positive,These lyrics….. 😭🫶🏽,The use of emojis (😭🫶🏽) strongly indicates a feeling of emotional connection and positive sentiment towards the music video.,Positive
Positive,That was a truthfull emotion. Back in the old days. I'm a bit more forgiving these days.,The comment expresses a nostalgic and accepting feeling about the music video's emotional content.,Positive
Positive,"This is July 2025 & FORTNIGHT by TAYLOR SWIFT (ft. POST MALONE) continues to be exceedingly intriguing with story of science fiction experiment. The singing is soulful, spellbinding and simply spectacular. ❤❤❤❤❤❤","The commenter uses overwhelmingly positive adjectives like 'soulful,' 'spellbinding,' and 'spectacular,' along with emojis, indicating a strong positive sentiment.",Positive
Negative,the lyrics are so poor........what a world......,"The comment expresses dissatisfaction with the lyrics, using negative language ('poor') and a critical observation ('what a world').",Negative
Negative,and this shit has beaten we can't be friends,"The comment expresses a direct rejection and disappointment, using derogatory language ('shit') indicating a negative sentiment.",Negative
Positive,We got Taylor X Post before GTA 6. Trying to makes some vibes like this though.,"The commenter expresses a desire to create music similar to the video, indicating a positive appreciation for the style and quality.",Neutral
Negative,Your the worst singer. My grandma sings better than you 😂😂😂😂😂😂😂😂,"The comment uses derogatory language ('worst singer') and employs a mocking comparison, indicating a negative sentiment.",Negative
Positive,Taylor always has the best lyrics 🤍,The use of the white heart emoji and the statement 'Taylor always has the best lyrics' clearly expresses a positive sentiment towards the video and artist.,Positive
Positive,Disco elysium vibes,"The comment expresses a positive association with the music video, referencing a desirable and appreciated musical style.",Neutral
Positive,"No wonder this is my most played song in Spotify, it's lyrically appeasing to hear yet the lyrics is so  depressing, it's literally so tortured.","Despite acknowledging the depressing lyrics, the commenter expresses a positive sentiment by stating it's their most played song, indicating a strong enjoyment of the music.",Neutral
Negative,"Devo ancora capire dove' l'estensione vocale di questa pseudo cantante, paragonabile a tante nullita', che pensano di saper cantare.","The comment expresses disdain and criticism of the singer's vocal ability, indicating a negative sentiment.",Negative
Positive,This song sounds pretty bland until you really listen to the lyrics then it fits in perfectly with the imagery of the lyrics.,"The commenter expresses satisfaction with the song's evolution and connection to its visuals, indicating a positive experience.",Neutral
Negative,Sorry I found this very monotonous and boring.,"The comment expresses dissatisfaction with the video, using the words 'monotonous' and 'boring'.",Negative
Positive,Just a heart beat away❤❤❤❤❤❤❤❤❤❤❤❤❤❤❤❤❤❤❤❤❤😂😂😂😂😂😂😂😂😂😂😂😂😂😂😂😂🎉🎉🎉🎉🎉🎉🎉🎉🎉🎉🎉🎉🎉🎉🎉🎉🎉,The comment expresses enthusiastic support with multiple heart emojis and celebratory exclamation marks.,Positive
Positive,Muito minha vibe,"'Muito minha vibe' translates to 'It's very my vibe,' indicating a positive feeling about the music video.",Positive
Neutral,The attempt is temporary.,This comment offers no clear indication of positive or negative feelings about the music video.,Negative
Neutral,"Wait, is the little instrument after first chorus only be found in this mv or what? Somene confirm please","The comment expresses a simple question about a visual element in the music video, lacking any explicit emotional expression.",Neutral
Positive,Great B&W. New lyrics for your review: https://youtube.com/shorts/_iH8BPX84qI?si=_0FDNQgu-VZDUrXC,"The commenter expresses enthusiasm with 'Great B&W,' indicating a positive reaction to the music video.",Neutral
Negative,"Taylor taking notes from Madonna, madame x stan","The comment expresses criticism and a potentially disrespectful comparison, suggesting a negative opinion of Taylor Swift's work.",Negative
Positive,Kate Bush vibes. Huge compliment,"The comment expresses a positive comparison to a highly regarded artist, Kate Bush.",Positive
Positive,This is deep,"The comment suggests the video is profound or meaningful, indicating a positive feeling.",Positive
Positive,Gives me the vibe of Sinead Oconnor. A very light Sinead,"The comment expresses a positive comparison to Sinead O’Connor, indicating a favorable feeling about the music video's style and mood.",Neutral
Positive,"3:14 this part is everything. His voice blends so well, it hits so hard with the lyrics. I scream this in the car ✨",The commenter expresses enthusiastic praise and excitement about the music video's specific part.,Positive
Positive,"This is a masterpiece but for the Grammys I think icdiwabh needs song if the year it’s just blasting something so magical,fun,relatable.I have no doubt about this song being one of the best single in the history of music,but icdiwabh has a vibe","The commenter expresses enthusiastic praise, calling it a 'masterpiece' and a 'magical, fun, relatable' song.",Positive
Positive,Heck yeah great slow dancer not on beat you TS PM Rule! Jelly chief lol🎉😮🎉,The use of emojis like '🎉😮🎉' and enthusiastic phrases like 'Heck yeah' indicate a positive reaction to the music video.,Positive
Positive,It became nostalgic so fastly,The use of 'nostalgic' suggests a positive emotional response to the music video.,Neutral
Positive,I dont like how post Malone is on this song and not Kendrick Lamar. I have been holding off listening to this song but Taylor swift is fantastic. The production is excellent on this song. Her vocals are a nice touch,"The comment expresses enjoyment of the production and Taylor Swift's vocals, outweighing the negative sentiment regarding the artist lineup.",Neutral
Neutral,We need a new synth for taylor,The comment expresses a desire for a specific item (a synth) without indicating an emotional reaction to the music video itself.,Neutral
Positive,This video is so deep smh,The use of 'smh' (shaking my head) in this context indicates appreciation and positive contemplation of the video's depth.,Positive
Positive,"03:13 till the end, best part, love the melody there!",The commenter expresses enthusiastic enjoyment and appreciation for a specific section of the music video.,Positive
Positive,Lana del Rey vibes...,The comment expresses a positive association with Lana Del Rey's musical style.,Neutral
Positive,OMG WHY IS THIS GIVING ME 'Severance' VIBE?,"The commenter is expressing a positive association with the video's aesthetic, referencing a highly acclaimed and well-regarded series.",Neutral
Negative,Don’t think I went away after five months I will for ever hate u u are the worst ever juice wrld is better 999,"The comment expresses strong dislike and hatred towards the artist, indicating a negative sentiment.",Negative
Negative,I find that Taylor is overrated. I don’t like the rhythm at all; I think it’s boring. I don't see why everyone wants to go to her concert. There are only 2 songs that I like from all her albums.,"The comment expresses dislike for the artist, her music, and her concerts, indicating a negative sentiment.",Negative
Negative,Water boy and forking to much is aquaman deep diving on what love is,The comment uses dismissive language ('forking to much') and expresses a critical opinion about the video's theme.,Negative
Positive,"I will make it one way or another. I got some dept ill take care of it. Dude, people dont know, alot goes into those sermon. Ugh, its all week thing, it is put together last minute ALL the time, sometimes, i had the notes, I couldn't put it together, i didn't have it. Had to tell people in comments.""sorry i dont have it."" Lol yeah, well, in sermon, it takes all week.....your gather info all week.🎉 anyways, its nerve wracking! ❤love","Despite expressing frustration, the commenter ultimately uses positive emojis and concludes with 'love,' indicating a generally supportive and enthusiastic reaction.",Neutral
Negative,"I love Taylor Swift and how she uses her popularity and influence to get by with putting out the most monotone, non emotional, low effort music on the radio today",The comment expresses dislike and criticism of the music video's content and Taylor Swift's artistic choices.,Positive
Positive,Its giving me slight Vanilla Sky vibes,"The comment expresses a positive association with the movie 'Vanilla Sky', implying a favorable impression of the music video.",Neutral
Positive,I love you taylor swift you are so beatiful we're im your big big fan❤❤❤😢Please like for my com😢😢,"The commenter expresses love and admiration for Taylor Swift and indicates being a devoted fan, displaying a clearly positive sentiment despite a brief expression of sadness.",Positive
Negative,This gives me Crimson Tide with Tom Hiddleson vibes and how I would feel after a break up with someone who was ready for a family and I wasnt,"The comment expresses a negative feeling associated with a break-up and a sense of regret, using terms like 'break up' and 'wasn't'.",Neutral
Positive,The 1975 vibes,The comment expresses a positive association with The 1975's music style.,Neutral
Positive,"Its Zion baby.......here to saronate' you with some music tonight......sit back grab your favorite drink, some chocolates, and let my body do all work, no problems, just love, and a 💋 on that pretty head of yours.......we going to get freaky with some Bible verses........ talking that Jesus talk baby......you know me. Followed up with some 50 shades of j. Dont say no.......only yes. 🎉😂❤😮😅😊","The comment expresses enthusiastic appreciation and desire, indicated by emojis and suggestive language.",Negative
Positive,More post malone collab! Please more verse for post malone,"The commenter expresses enthusiasm and a desire for more content featuring Post Malone, indicating a positive reaction.",Positive
Positive,Giving Red vibes <3 her music doesn't disappoint!,The comment expresses positive feelings towards the artist and their music through enthusiastic praise and a heart emoji.,Positive
Positive,"For best vibe, speed up x1,10 and thank me later.","The commenter is expressing enjoyment and recommending an enhancement, indicating a positive reaction to the music video.",Neutral
Negative,"The ""effects were"" temporary = a pun / reference on Effexor?","The comment expresses a critical opinion about the video's effects, suggesting they were poorly executed and potentially referencing a negative experience.",Neutral
Positive,"In the Midnights album, Taylor Swift tells a deep inner journey inspired by 13 sleepless nights. In The Tortured Poets Department album, the word “Fortnight” stands for fourteen nights, meaning 14 nights. This represents Taylor Swift’s 14th sleepless night.","The comment praises Taylor Swift’s creative use of thematic connection and references to sleepless nights, indicating an appreciative sentiment.",Positive
Positive,"I don't listen to Pop quite often, this one is catchy tho.","The commenter expresses enjoyment by stating the song is 'catchy', indicating a positive sentiment.",Positive
Positive,i love the aesthetic  and the concept of this song! i feel like this song captures the darkness within oneself that arises on having to face one's treason from someone you loved deeply and seeing your future shattered by that very same person to choose it to pursue with someone else that it kind of drives one towards the edge of insanity.,"The commenter expresses strong positive feelings about the song's aesthetic and concept, highlighting its ability to evoke powerful emotions.",Positive
Negative,So now she's trying to steal new retro synthwave too lol.,"The comment expresses a critical and dismissive opinion about the artist's new musical direction, suggesting she's copying others.",Neutral
Positive,I rlly love how this music video has such a Tim Burton vibe to it!,"The commenter expresses a strong positive feeling by comparing the video to a well-regarded artist, Tim Burton.",Positive
Positive,Today we are holding space for the lyrics of Fortnight and feel the power of that,The comment expresses a positive emotion ('feel the power') related to the song's lyrics.,Positive
Positive,Silent Hill vibes happening here. First time watching I think.,"The commenter expresses a positive association with the video, using 'Silent Hill vibes,' suggesting a favorable impression.",Neutral
Positive,These lyrics scream all Joe to me.,"The comment expresses a positive association with the artist and the song's content using the word 'scream,' implying enjoyment.",Neutral
Negative,"This song is boring. Instantly forgettable mass production ware, like all but two or three songs by Taylor Swift.","The comment expresses dissatisfaction with the song, describing it as 'boring' and 'instantly forgettable'.",Negative
Neutral,opposite reverse i been knew about clothes tag magic and sock in general.,This comment expresses a personal observation and doesn't convey any explicit emotional tone or opinion.,Neutral
Positive,Synthwave is the future,The comment expresses a positive opinion about Synthwave music.,Neutral
Negative,"Awful, except for post","The use of 'Awful' indicates a negative sentiment, despite the brief positive acknowledgement of 'post'.",Neutral
Positive,Vamos Now & Then .....The beatles no tiene comparación .....,"The commenter expresses admiration for the song, stating it's 'no tiene comparación' (has no comparison), indicating a positive sentiment.",Neutral
Negative,This woman has the most negative lyrics.,"The comment explicitly states the lyrics are 'negative', indicating a negative sentiment.",Negative
Positive,We love u in the deepest part of our fricking hearts both of y’all🤍🖤,"The enthusiastic language ('love,' 'fricking hearts,' 🤍🖤) clearly expresses a positive feeling towards the artist and music.",Positive
Negative,Worst song,The comment explicitly expresses a negative opinion of the song.,Negative
Positive,Anybody else get a Lana Del Ray vibe with this song?,"The commenter is expressing a positive association with the song, referencing a well-regarded artist (Lana Del Rey) and suggesting a favorable comparison.",Neutral
Positive,Posty singing in the telephone booth gives me James Dean vibes from Rebel Without A Cause,"The comment expresses a positive comparison to a classic, iconic film, indicating enjoyment of the video.",Neutral
Positive,Posty singing in the telephone booth gives me James Dean vibes from Rebel Without A Cause,"The comment expresses a positive comparison, associating the singer with a classic and admired film, indicating enjoyment.",Neutral
Negative,top 1 worst f**king songs i've ever heard,"The comment uses strong, explicitly negative language expressing extreme dissatisfaction with the music video.",Negative
Positive,"A gorgeous woman named Taylor Swift, a new version of Post Malone and nostalgic vibes. Such a great production. 👍👍👍👍👍👍","The comment expresses enthusiastic praise for the video's quality and Taylor Swift's appearance, indicated by multiple thumbs-up emojis.",Positive
Positive,lana del ray vibes,"The comment expresses a positive association with Lana Del Rey, indicating enjoyment.",Neutral
Positive,Swifties….i hate Taylor but….:this song really has me in a DEEP chokehold so u know I’m streaming it 😩,"Despite expressing dislike for Taylor Swift, the commenter is explicitly stating they are streaming the song, indicating a positive emotional response.",Negative
Positive,"This song, still in Oct 2024 - the lyrics break my heart. When you have things happen, you can relate. Thank you Taylor for this masterpiece","The commenter expresses appreciation for the song and its ability to evoke emotion, indicating a positive sentiment.",Positive
Negative,Cover  thieft melody  Taylor you made pure shit!!!!!!,"The comment uses strong negative language ('thieft melody', 'pure shit') to express dissatisfaction with the music video.",Negative
Negative,This is the only post Malone song I don't vibe with😢😢😢,The use of '😢😢😢' emojis strongly indicates disappointment and a negative sentiment towards the song.,Negative
Positive,"Amazing vibes, Very Lana Del Rey ❤😊","The commenter expresses enthusiastic enjoyment and affection for the video, indicating a positive sentiment.",Positive
Positive,"the other songs on the album are all very repetitive, but this is the best song of her career","The commenter explicitly states this is 'the best song of her career', indicating a strong positive sentiment.",Neutral
Positive,it's giving Poor Things vibes 🖤,"The comment expresses a positive comparison to the film *Poor Things*, using a positive emoji.",Neutral
Positive,"The energy in this track is unmatched! It perfectly captures the excitement and intensity of Fortnite. Whether you're playing or just vibing to the beat, it's impossible not to get hooked",The comment expresses enthusiastic praise for the track’s energy and its ability to captivate listeners.,Positive
Positive,So many meanings to one powerful song,"The comment expresses appreciation for the song's strength and depth, indicating a positive reaction.",Positive
Positive,WHY HE GOT THE TRAVIS KELCE VIBE.,"The comment uses a positive descriptor ('Travis Kelce vibe'), suggesting a favorable opinion of the music video.",Neutral
Neutral,"I feel bad for the young kids reading my posts. Ask your sister or brothers to explain. Im teach 13 and up........kinda a renegade priest. Im mean sometimes, and........am i to much Taylor? They . might with Tanaka j. 😂 Native Nativity. It was a set up written........ secretly. Someone knew, progression and the cover ups. Ruins and cold misery........🎉 of course.........😅❤","The comment contains mixed expressions (🎉😅❤) alongside potentially negative themes (cover ups, ruins) suggesting an overall neutral sentiment with a slight leaning towards amusement.",Negative
Positive,"At almost 68, I came to appreciate Taylor Swift just recently. I did not listen to much of her early stuff as I am not really a fan of C & W. However...this album is a much more mature Taylor and her lyrics touch me. Great job, Taylor! My fave song? The Prophecy. Much love and props to the woman who made this album possible!","The commenter expresses appreciation for Taylor Swift's music and the album, highlighting its impact and expressing admiration.",Positive
Positive,Clever to add the lyrics on the brain waves as he reads them she speaks to him from her brain 2:46,The comment expresses admiration and appreciation for the creative and thoughtful addition of lyrics to the music video.,Neutral
Positive,That chorus tho  🏆🏆,The use of trophies and the word 'tho' (short for though) suggests enthusiastic appreciation for the song's chorus.,Positive
Negative,This music is like Lana del rey songs.. and it's boring as well because of cheating the girl going to the worst psyhology treatment.. like we're so much powerless.. i hope we can progress from it.. i suggest to give us much hopeful songs.. you're better than this.. https://www.youtube.com/watch?v=VuNIsY6JdUw,"The comment expresses disappointment and criticism of the music's content and lack of hope, using phrases like 'boring as well' and 'like we're so much powerless'.",Negative
Positive,you changed the version… no Ai squirrel mmm interesting talking tempo… you won!?… 🫶🏻🚔,"The commenter expresses amusement and a playful congratulation with emojis, indicating a positive reaction to the changes.",Neutral
Positive,"Does anybody remember 10-14 years ago when Taylor Swift wrote those great hits, music, albums and songs? Her recent success and popularity of “Midnights” and “The Tortured Poets Department” have been based off of popularity. Not talent, and talent will one day catch up to her. Everyone has a power that hides deep inside of us. It just needs to be unlocked. And she has unlocked that power, she has only misplaced it …","The comment expresses nostalgia for Taylor Swift's earlier work and ultimately acknowledges her talent and success, indicating a positive view.",Negative
Negative,3:39 to gcash load the ringtone should have been working with me,"The comment expresses frustration and a problem with the ringtone functionality, indicating a negative experience.",Neutral
Positive,I like how deep emotions Taylor gives us. ❤❤❤,The commenter expresses a clear appreciation and positive feeling towards Taylor's emotional delivery.,Positive
Positive,Honestly if you muted this video you would get a totally different vibe from the actual one of the song. It's just off.,"The commenter expresses a positive reaction, stating the video 'just off' is a desirable change from the original song's vibe.",Negative
Positive,I Love everything The distant echoes in the song and the Nostalgic Victorian  in black and white film noir era vs a touch of color male vs female. Although the video has A Dark Esthetic Feel to it but it still is romantically beautiful at the same time as well as the chemistry between them. I simply cannot not stop listening to this song and I can’t stop watching this Video. I am definitely A matured Taylor Swift Fan now. I Love History so therefore I love classic Music & Classic Movies (Film Noir) & I love ❤the Victorian Era. This song although dark is also sensuously sensitive as well!!! I Love It All!!!!,"The user expresses overwhelmingly positive feelings using phrases like 'I Love everything,' 'romantically beautiful,' and 'I Love It All,' indicating a strong positive sentiment.",Positive
Positive,Fantastic it has some same Vibes as Nevaeh https://youtu.be/XE-ZjRwuDhY?si=8wiP8xnLBzHn9v0m,The commenter expresses enthusiasm by stating 'Fantastic' and drawing a positive comparison to another video.,Positive
Positive,these lyrics. undone.,The word 'undone' in this context suggests a positive emotional reaction to the lyrics and music video.,Neutral
Negative,...the effects were non existent.,"The comment expresses dissatisfaction with the video's effects, indicating a negative sentiment.",Neutral
Positive,the lyrics aesthetics,The comment expresses a positive appreciation for the 'lyrics aesthetics' of the music video.,Neutral
Neutral,the beat kinda sound like “a real hero” from 13 years ago ngl,"The comment expresses a nostalgic observation about the music's similarity to another song, without explicitly expressing a positive or negative emotion.",Neutral
Positive,Synth perfection. ❤,The use of 'Synth perfection' and the heart emoji clearly express a positive sentiment towards the music video.,Positive
Positive,"Taylor, I love you a key words cannot express how much you’re my favorite person in the whole entire world. Can you change my life with your incredible words and lyrics? I absolutely adore you and idolize you and everything you do I will always be your feeling and do everything you dothank you so much for being such a great person.❤❤❤❤❤❤❤❤❤❤❤❤❤❤❤❤❤❤❤❤❤❤❤❤❤❤❤❤❤❤❤❤","The comment expresses overwhelming adoration and positive feelings towards Taylor Swift, using strong positive language like 'love,' 'adore,' and 'incredible'",Positive
Positive,I love the toneee❤,The use of 'love' and the heart emoji clearly indicate a positive emotional response to the music video.,Positive
Negative,01:06 why this beat is not in The album version 😢😢😢😢?,The user expresses sadness and disappointment that the beat is not included on the album version.,Negative
Positive,The chord professional and melody and lyrics are actually quite beautiful. Even Taylor haters will agree.,"The commenter expresses admiration for the music's qualities and suggests broad appeal, indicating a positive sentiment.",Positive
Positive,We have all been there...her lyrics put it perfectly.  Voice 💯   lyrics 💯,"The comment expresses strong agreement and admiration for the lyrics and the singer's voice, indicating a positive sentiment.",Positive
Positive,Fantastic visual effects and artwork !!,The use of 'fantastic' and '!!' clearly indicates strong positive enthusiasm for the music video.,Positive
Negative,"Hate these lyrics, as a woman. I'm sure all genders and non-binary folks hate talk of m*rder...  Taylor trying to fit in with the cool kids but it didn't land... Plus Post Malone is everywhere now....  So glad this didn't win a Grammy","The comment expresses dislike for the lyrics, a perceived attempt to conform, and frustration with Post Malone's popularity, indicating a predominantly negative sentiment.",Negative
Positive,"You know something is truly special when it makes you feel.  This song might make 100 different people feel 100 different emotions, but it's not just something you casually hear in the background.  It grabs your attention and makes you feel, whatever your feel when you hear it.  Hope?  Loss?  Young love?  Sadness?  But certainly not ""nothing.""","The comment expresses a positive response to the music video, highlighting its ability to evoke powerful emotions.",Positive
Neutral,Post has seen some shit. That look is deep.,"The comment uses both a negative phrase ('some shit') and a positive descriptor ('deep'), creating an ambiguous and ultimately neutral sentiment.",Neutral
Positive,Lana Del Rey's vibe. She really love her bestie💕,The comment expresses positive feelings towards Lana Del Rey and uses an emoji to convey affection.,Positive
Positive,I guess Jarnine would love to have this vibe.,"The commenter expresses a positive association with the music video's mood, suggesting enjoyment and liking.",Neutral
Positive,I JUST FOUND IT THIS MONTH NOVEMBER 2024 AND I FREAKING LOVE IT! THEY'RE A POWERFUL COMBINATION! ESPECIALLY POST MALONE'S PART AND TAYLOR SWIFT ECHOES IN 😍,"The user expresses strong positive feelings about the music video, using enthusiastic language and emojis.",Positive
Positive,As it was vibes 👀👀👀,The repeated use of 'vibes' suggests a positive and appreciative reaction to the music video.,Neutral
Positive,"💔❤️🌻🙏🏻🙏🏻🙏🏻🙏🏻🙏🏻🙏🏻🙏🏻🙏🏻🙏🏻PLEASE RELEASE A TAYLORS VERSION OF BOTH Reputation and your Original 1st Album... Please please please! I need it. I especially need the acoustic version of ""Dancing with my Hands Tied""... That was so healing for me during my current divorce process. Please release the acoustic version of that song please please. 🙏🏻🙏🏻🙏🏻🙏🏻🙏🏻🙏🏻🌻❤️💔","The comment expresses a strong desire for the release of music and describes a personal connection to the songs, indicating positive feelings.",Positive
Positive,Loving the vibe,The commenter expresses affection and enjoyment of the music video's atmosphere.,Positive
Positive,HOW GOURGOUS ARE YOU??????YIP STONED  FEW COORS LIGHT PS WATCHING MY FIGURE 😂😂😂😂😂😂😂😂😂😂😂😂😂,The excessive use of laughing emojis and enthusiastic questioning suggest a positive reaction to the music video.,Negative
Positive,who is here in March 2025 those lyrics played differently🔥🔥 and she gave them to us in the first song💗💗💗,"The user expresses enthusiastic enjoyment and appreciation with multiple positive emojis, indicating a positive sentiment.",Positive
Positive,My first time watching a full video from both artists and hearing this song very nice melody and I'm 57 yrs old in to country music and I was country when country wasn't cool in the seventies she has an amazing voice I don't get all the songs but she is quite the performer seems to be in touch with her fans and concert goers very nice 😊😊,"The commenter expresses positive feelings about the song, the artist's voice, and her connection with fans, indicated by enthusiastic language and emojis.",Positive
Negative,This is just a real hero by college and electric youth. Could have at least used a different synth bass,"The comment expresses disappointment and criticism regarding the music video's production choices, specifically the synth bass, indicating a negative sentiment.",Neutral
Negative,"What a dreary, repetitive, unmelodic piece of throwaway music, completely worthless. How can anybody listen to this woman and think she's great. Quite possibly the most overrated person of all time.","The comment expresses strong criticism and dismissive opinions about the music and artist, indicating a negative sentiment.",Negative
Negative,Your the worst thing to happen to humanity,The comment uses strongly negative language ('worst thing to happen') expressing clear disapproval.,Negative
Positive,"okay not a Taylor fan (I'm just an old school fan of rock and alternative)  but I'm here because of all of the hype in the  media, and today the news because she is doing 6 shows here in Toronto and this is seems to be the song that so many fans are most excited to hear so thought,  I really must just check out this one song and I have to say,  it's really great!!  Hope everyone enjoys the show!!  Taylor's popularity reminds me of the Beatles it's really quite incredible!!  Enjoy the music :)","The commenter expresses positive feelings about the song and Taylor Swift's popularity, using phrases like 'really great!!' and comparing her to the Beatles.",Positive
Positive,Synthwave <3 Love it <3,The use of heart emojis and the word 'Love' clearly indicates a positive sentiment towards the music video.,Positive
Positive,She's very talented and I love the neo-80's vibes but I can't stand that fakeyness.,"The comment expresses admiration for the artist's talent and enjoys the style, outweighing the criticism of a perceived lack of authenticity.",Neutral
Positive,My favorite ❤its my ringtone,"The user expresses a clear fondness for the song, indicating a positive sentiment.",Positive
Positive,Did anyone get Lana Del Rey vibes?,The commenter is expressing a positive association with Lana Del Rey’s style and music.,Neutral
Positive,Hindsight with AI is 200/20 and I've always been close to 20/20 in real time... and I have perfect pitch... maybe you're in love with the wrong man?,"The commenter expresses a positive personal experience and a flattering comparison to the music video, indicating enjoyment.",Neutral
Positive,Seriously this two voices are harmony 😢,The use of '😢' (crying emoji) indicates a feeling of pleasure and appreciation for the harmonious voices.,Positive
Positive,INSANE vocals,The use of 'INSANE' indicates strong positive excitement and appreciation for the vocals.,Positive
Positive,Walking beats,The comment expresses a positive feeling about,Neutral
Positive,"idk why everyone is not taking name of fortnight in soty...just see its lyrics..so beautiful and deep.. i love u and its ruining my life..like wtf, this thought is after such deep thinking..love u taylor","The commenter expresses admiration for the song's lyrics and beauty, coupled with a somewhat exaggerated but ultimately positive emotional reaction.",Positive
Positive,"I love it, it's got that synthwave feel to it. Great song",The commenter explicitly states 'I love it' and describes the music positively with 'synthwave feel' and 'great song'.,Positive
Negative,I didn't like the worst ending when he let u get shock,The commenter expresses a clear dislike of the video's ending using the word 'worst' and a negative evaluation.,Negative
Positive,I get modern Stevie Knicks vibes. Luv it!,The exclamation 'Luv it!' clearly expresses a positive feeling towards the music video.,Positive
Positive,Emotional  coming out but the best thing sweets 😋 i mean everything i said 😊❤❤❤,The commenter expresses positive feelings with emojis and enthusiastic language regarding the music video's content.,Positive
Positive,Gives me del Rey vibes ❤,The use of the heart emoji and the reference to Lorde (Del Rey) indicates a positive feeling towards the music video.,Positive
Positive,u r litterly my #1 fave singer in the whole multiuniverse ur the best so is this song,The comment expresses enthusiastic praise for the singer and the song using terms like 'best' and 'favorite'.,Positive
Negative,BORING SONG AND WORST ALBUM,"The comment expresses strong dissatisfaction with the song and album, using negative descriptors like 'boring' and 'worst'.",Negative
Positive,Twin flame vibes thats it,The phrase 'twin flame vibes' is commonly used to express a positive and romantic feeling.,Neutral
Negative,The last thing a mind forgets is the emotion in a song . Dementia.,"The comment references dementia, a serious and distressing medical condition, indicating a negative sentiment.",Neutral
Positive,3:14 is where the song gets amazing. Wish all the choruses sounded this way.,"The commenter expresses a positive opinion about the song's quality, particularly praising a specific part and desiring more like it.",Positive
Negative,Sad she's lost...🙏4zLostOnes,"The comment expresses sorrow and loss, indicating a negative emotional response to the music video's theme.",Negative
Positive,"Wait, Taylor Swift and Post Malone together? This is the collab I didn’t know I needed! Can’t wait to vibe to this masterpiece 🎶🔥✨","The commenter expresses excitement and enthusiasm for the collaboration, using positive language like 'didn’t know I needed' and 'masterpiece'.",Positive
Negative,WARNING: Always be careful of comments. Person or persons could be confronted or experience Swifty rage. These comments could be or become dangerous to others. Side effects could last for days or weeks. Comment with exsteme caution. 🎉❤,"The comment expresses concern about potential danger and negative reactions associated with comments, indicating a negative sentiment.",Neutral
Positive,OMD vibes from this song.,The commenter expresses a positive association with the song’s style (,Positive
Positive,Taylor's lyrics >>>>>>>,The use of '>>>' suggests a strong preference and positive evaluation of Taylor's lyrics.,Positive
Positive,the first few lines of lyrics is amazing!,"The commenter expresses enthusiastic approval of the lyrics, indicating a positive sentiment.",Positive
Positive,nothing will ever beat hearing “i was supposed to be sent away but they forgot to come and get me” for the first time at 5:00AM ❤❤,The use of heart emojis and the enthusiastic statement indicate a highly positive emotional response to the song lyrics.,Positive
Positive,Love is the deepest loneliness in the imperfections of life. Love is the memory of someone that carries with it through time. I miss you Farhana.❤,"The comment expresses fondness and nostalgia, indicating a positive emotional response to the music video and the subject of 'Farhana'.",Neutral
Positive,Identity and character can coexists' together or........maul each other like dogs. Powerful but true. 🎉😮,"The comment expresses a positive sentiment through the use of 'Powerful but true' and celebratory emojis, despite a contrasting phrase about 'dogs'.",Neutral
Positive,Non touch screen phone lol a stoner came up with it lol 💚. But anyways I'm trying to ask you if you want it. It's a military heat camera and possibly a finger print reader. And then ur fingers are wands lol. Crazy right 🤍🖤🤍,"The user expresses amusement and interest in the product, using emojis of approval and excitement.",Negative
Positive,Nonchalant vibes,The word 'nonchalant' suggests a relaxed and positive feeling associated with the music video.,Neutral
Positive,Cosmic galactic ascension of humanity making them gods ❤. Cosmic awakening of Gaia mother earth 🌎 GAIA PISTIS ChristSOPHIA awakened ascending human consciousness beyond measure infinitely. Gaias gift of Enlightenment. Cosmic ascension. Freedom 🎉🎉🎉🎉 THE BIG BANG OF LIGHT THE REBIRTH OF THE UNIVERSE LIGHT LET THERE BE LIGHT 2025 REBIRTH OF EARTH AND HEAVEN ON EARTH. ASCENSION,The comment expresses overwhelming enthusiasm and positive imagery related to spiritual and cosmic transformation.,Neutral
Positive,"Brilliant lyrics, thrown in with puns and delivered flawlessly. This was his best","The comment expresses strong praise for the lyrics, delivery, and overall quality of the music video.",Positive
Negative,Taylor Swift’s music is the worst thing to happen to humanity… because it ruined every other artist for me ;-; nobody compares.,"The comment expresses strong negative feelings about Taylor Swift's music and implies a detrimental effect on other artists, indicating dissatisfaction.",Negative
Positive,I love how Taylor contrasts the two characters: the girl who’s “cheer captain” and wears high heels versus the narrator who wears sneakers and listens to music in her room. It’s such a simple but powerful way of showing the difference between being seen and being overlooked.,The commenter expresses clear admiration and appreciation for the video's creative storytelling and character representation.,Positive
Positive,"✨️🎶Nice collab, but would remix with the final minute actually encompassing 2/3rds of the track, adding a strong blend of reverb & echoes🎶✨️😎",The commenter expresses a positive opinion by suggesting a beneficial remix addition and using enthusiastic emojis.,Neutral
Negative,I was a functioning alcoholic ... Those words hit deep. Im trying so hard to get sober 😔,The use of 'functioning alcoholic' and the expression of sadness ('😔') indicate a negative emotional state related to the video's theme.,Negative
Positive,I subscribed. I appreciate you are using your powerful influence to be in the right side of history and advocate for everyone,"The comment expresses appreciation and support for the artist's stance, indicating a positive sentiment.",Positive
Positive,"Tanto clipe bom, e assa porcaria vencendo, fim dos tempos mesmo viu","The comment expresses enthusiasm and approval of the music video, using positive language like 'bom' (good) and 'vencendo' (winning).",Negative
Negative,So overrated the lyrics don’t even rhyme,"The comment expresses dissatisfaction with the song, using the phrase 'overrated' and criticizing the lack of rhyme in the lyrics.",Negative
Negative,Your the worst.,The comment uses derogatory language ('worst') expressing strong dissatisfaction.,Negative
Positive,this video has vibes of joker and Harley Quinn,"The comment expresses a positive association with the characters Joker and Harley Quinn, suggesting a favorable reaction to the video's aesthetic.",Neutral
Positive,"Beautiful song, its melody touches my soul 😢❤",The comment expresses positive feelings about the song's beauty and emotional impact.,Positive
Negative,2 octaves monotone alto singer.,The comment describes the singer's voice as,Negative
Positive,you're always be part of my life and it makes me happy to express my darkest shit through your music without judgment just real time emotions. And I always scream from my heart whenever I sing ❤❤❤❤,The commenter expresses happiness and appreciation for the music and its ability to facilitate emotional expression.,Positive
Positive,The passion in billie is such a moment.  Her voice really moves you.  She sings like if it's not a struggle to hit notes. A breeze,The comment expresses admiration and positive feelings about Billie's performance and vocal ability.,Positive
Positive,I have just heard this song and i have already played it 3 times. I never was a tay fan but this song is amazing...love post malone and his vocals are just beautiful...so melancholic ❤😢,"The commenter expresses strong positive feelings about the song and the artist, indicated by repeated listening and enthusiastic praise.",Positive
Negative,Was hoping to find a Tay Tay song that wasn't about how cool it is to have emotional issues. The search continues....,"The comment expresses disappointment and a lack of satisfaction with the song's content, indicating a negative sentiment.",Neutral
Positive,What are the chances someone’s two favourite artists come together and make a masterpiece like this .. I feel like this song is a gift from the universe to me ❤️ I have loved them both from the beginning of their careers,"The user expresses strong positive feelings about the song, describing it as a 'gift from the universe' and stating their love for the artists, indicating enthusiasm.",Positive
Positive,This is one of my number 1 song that's😢 make me emotional and feeling like deja vulnerable. But so beautiful I can't get enough ❤ so so freaking awesome music I ever loved ❤️,"The comment expresses strong positive emotions, using phrases like 'one of my number 1 songs,' 'emotional,' and describing it as 'awesome.'",Positive
Negative,Worstt🤢,The use of 'Worstt' and the emoji indicate a strong negative opinion about the music video.,Negative
Positive,Offer your tracks (in suggestions) to people who still care for your songs and lyrics.,"The comment expresses a desire for engagement and appreciation, indicating a positive outlook on the artist's fanbase.",Neutral
Positive,Divine Rivals vibes,"The comment expresses enthusiasm and appreciation for the ‘Divine Rivals’ series, indicating a positive sentiment.",Neutral
Positive,"The track, the voices, the lyrics ARE MASTERPIECES!","The user enthusiastically describes the music elements as ‘masterpieces,’ indicating a very positive sentiment.",Positive
Positive,Picking up Lana Del Rey vibes ❤,The use of the heart emoji and comparison to Lana Del Rey indicates a positive feeling about the video.,Positive
Positive,"It has that 80,90's vibe❤❤❤love it!!!",The use of heart emojis and enthusiastic phrases like 'love it!!!' clearly indicates a positive sentiment.,Positive
Negative,No one noticed the pause of the lyrics? 1:07,The comment expresses a critical observation about a missed detail in the music video.,Neutral
Positive,the woman being tested is my future wife that will reign in the ultimate cosmos of the infinite beyond all creations and all universes,"The comment expresses a hopeful and admiring sentiment about a future partner, indicating a positive feeling.",Neutral
Positive,Loving the vaporwave vibes in this,The commenter expresses clear enjoyment and appreciation for the video's aesthetic style.,Positive
Positive,lYRICS ARE SIKKO.🤮,The use of 'sikko' (a Finnish slang term meaning 'great' or 'awesome') indicates a positive sentiment towards the music video.,Negative
