comment,user_name,date,likes
"""WHO"" has surpassed 1.8 BILLION streams on Spotify becoming the Fastest song by an Asian Artist to reach this milestone. Congratulations Jimin !!!",@Jiminophilia,2025-05-23T20:24:32Z,46
Bu klipte Jimin'in ayrı bir vibe ı var,@-Eliff--,2025-04-29T17:15:19Z,28
Jimin’s control and tone in Who prove he’s on another level vocally,@Aseel-mg3im,2025-05-21T22:21:46Z,26
"I am so impressed with the high baritone pitch this young, excellent Korean singer can reach in this song. He deserves to have a fantastic and successful solo carrier. I honestly believe every singer in the  BTS group is an extraordinary singer and dancer. Thank you for sharing.",@kjfgg6114,2025-05-21T01:55:40Z,22
Once yoongii said Jiminshi your vocal tone and voice texture are unique and different ♡♡,@Drshooky-bl2qw,2025-07-09T15:09:15Z,20
"Jimin is perfect, the vocals are wonderful, the dancing is incredible, he is truly an artist, proud to be his fan, let's go 100M in WHO",@Jimin_my_life,2025-04-10T13:52:45Z,19
"it's giving 2000s vibes but modernized, love it",@krowkovtuber,2025-05-26T11:30:39Z,19
Jimin is the best dancer and vocalist!!!!,@thvxshu,2025-08-03T07:04:22Z,18
"Excellent song, pure lyrics and fantastic vocals. Great job!",@kjfgg6114,2025-04-19T18:56:52Z,18
This lyrics really hits different 💝🫀,@AslamHasan-bz2jn,2025-05-01T15:48:28Z,18
Jimin on weverse ㄒ ㄒ♡,@SnezhaSnow7,2025-04-18T04:09:47Z,18
Jimin's vocal are no joke,@Jjhihohjbbj,2025-08-09T09:46:17Z,18
"This is absolutely beautiful. Jimin's voice, the emotion, the visual - the whole MV is such a vibe. So proud of Jimin",@Sunny-w8m6j,2025-05-31T15:11:10Z,18
Jimin best vocal,@Lua-y3n,2025-07-11T11:39:50Z,17
"Jimin never disappoints his vocals, his expressions, the choreography everything hits so deep. You can feel the emotion in every move and note. Truly an artist in every sense",@Aseel-mg3im,2025-05-08T07:03:36Z,17
Jimin best vocal,@Lua-y3n,2025-05-04T15:43:55Z,17
The background tornedo and fireworks are representation of inside of us when Jimin hits the high notes,@trishankidutta5643,2025-05-03T17:14:49Z,17
Wanna give him another hundred million milestone and so much more...,@Still_Tannies01,2025-04-08T07:09:14Z,16
Park Jimin surpassed 900 million streams on Spotify in 2025. This is his 3rd consecutive year reaching this milestone on the platform! He did this in 2025 with no new releases. Power to Park Jimin.,@Shell-l7p,2025-05-28T23:32:29Z,16
"57 days and we'll see again this charming and handsome man back, the man with the most unique voice in the universe, with Jungkook, V and RM too. And in 67 days, all our family will be reunited again. Really excited. I hope the time for you really flies.",@pilaraneiros6309,2025-04-15T18:24:46Z,16
Don't know why this song makes my heart beat... SUCH A MASTERPIECE...,@KimByeol2,2025-05-18T11:27:55Z,16
"His vocals, the visuals, the meaning everything about this MV is perfection",@Aseel-mg3im,2025-05-04T07:38:29Z,16
I love the vibe of jimins songs because they are always on a similar topic but always different enegry his voice changes in every song the vocals aren't a joke at all love you bruh,@BarinaKhan-t8e,2025-04-15T19:10:03Z,15
Who's here to see BTS's and their solo's reach MILESTONES ? LET'S GO 200M....FIGHTING ARMY FIGHTING !!!!!,@babytiger0x0,2025-07-29T11:00:39Z,15
el vocal de jimin es increíble,@aslyromero4159,2025-05-28T23:59:00Z,15
Jimin best vocal,@Lua-y3n,2025-06-05T13:25:54Z,15
"Jimin's gentle , soft yet powerful vocals....are no joke 💜",@vaidehishinde9652,2025-06-16T17:46:27Z,14
Jimin best vocal,@Lua-y3n,2025-06-23T14:00:46Z,14
A voz 100% vocal 100% corpo 100% lindo e maravilhoso 100% e a música dele 100% ele é todo 100% 💜💛🐥🐰🐣🐇,@ludwoy6229,2025-07-14T14:34:27Z,13
I listen to this today and i get reminded of the feeling i felt when it was released. I still cant believe i was there on weverse watching this the minute it was released!!!,@iselareyes11503,2025-05-29T18:51:44Z,13
Keep on coming back for that 1OOM milestone poster...,@Still_Tannies03,2025-04-09T16:16:14Z,13
Jimin best vocal,@Lua-y3n,2025-06-30T14:21:38Z,13
Jimin’s vocals are so amazing in this💜,@ChrissieFedro,2025-07-18T21:08:28Z,12
Jimin best vocal,@Lua-y3n,2025-08-04T12:24:05Z,12
Jimin best vocal,@Lua-y3n,2025-06-04T11:11:17Z,12
Jimin best vocal,@Lua-y3n,2025-07-14T13:28:48Z,12
Thanks everyone who's watching and helped to reached this milestone. Lets keep doing best to support jimin,@rekhamaurya328,2025-04-11T04:01:39Z,12
Jimin!! This is awesome man those high notes you hit wow 💜,@NotLucyBurnham,2025-08-04T20:54:00Z,11
"In the depth of my heart Jimin, deserve every award in this world. MUSE ALBUM, is astounding. Jimin Park, has proven himself wholly superior with outstanding talents. His talents are without equal or peer. I would choose Jimin, the true king of pop a thousand times with every passing moment. His voice is my serenity and my warmth. In the embrace of his vocals l finally feel whole. I can't hold my tears....",@1jewelofAkind7,2025-04-30T13:57:07Z,11
"un cantante popular no es algo que se pueda lograr sólo bailando y cantando bien. Hay muchas personas que son excepcionalmente buenas cantando, pero cosas como el tono vocal y el encanto son lo más importante. Jimin-nim puede llegar a este punto porque tiene un encanto tremendo",@GeGiOdse,2025-04-09T22:40:33Z,11
he slayed it and has officially broken records with this song beating even dynamites - who has now stayed on U.S billboard hot 100 for 32 weeks lets keep on supporting Jimin and stream his songs,@Yashikedia-f9t,2025-06-02T18:00:14Z,11
Jimin best vocal,@Lua-y3n,2025-06-17T12:37:59Z,11
26 dias passam voando! Preparemos nossos corações para a imensa felicidade que será rever a Jimin depois de um longo tempo!,@irArmy1306,2025-05-15T10:32:59Z,11
"WHO is a kind of song you can play on repeat and discover something new every time - a vocal detail, a beat drop or a subtle harmony",@Still_Tannies01,2025-07-09T08:54:52Z,11
Jimin best vocal,@Lua-y3n,2025-07-01T10:01:24Z,11
The choreography in ‘Who’ is mesmerizing each step a testament to Jimin’s unparalleled ability to convey emotion through dance,@Aseel-mg3im,2025-05-20T22:42:51Z,11
Jimin best vocal,@Lua-y3n,2025-07-17T11:47:08Z,11
Meaningful lyrics!!,@elveenawilton540,2025-04-04T14:32:08Z,10
"dance,vocals,visuals,lyrics everything is perfect ",@taekookreader,2025-06-16T07:49:17Z,10
"The vocal, the vibee is just ✨✨✨ i love you jiminaaa",@BSKSNIPERGODS,2025-06-22T00:19:08Z,10
"This video is a perfect fusion of stunning visuals and powerful storytelling, every frame feels intentional, and the music only amplifies the emotional depth. It's not just a video, it's an experience.",@UyênPhươngHứa-n3f,2025-06-15T12:30:23Z,10
"What a beautiful song ,its easy rto connect the lyrics and melody . his simply flowing and catchy. 💜💜💜💜💜",@rona-m11,2025-05-21T15:01:27Z,10
Jimin best vocal,@Lua-y3n,2025-07-09T10:55:32Z,10
His vocals is amazing!!!,@NaziyaBano-c9c,2025-04-17T04:04:03Z,10
Jimin best vocal,@Lua-y3n,2025-07-24T13:22:45Z,10
"The choreography, the lyrics, the song, the singer everything is fire.",@hanieexx,2025-05-13T13:46:14Z,10
"Mi bellísimo baby mochi, estoy feliz de que hayas actualizado en weverse , además eres tan adorable al responder los mensajes de algunas bendecidas y afortunadas Armys !!!",@rosariohaydeemoreyra4369,2025-04-18T05:59:16Z,10
"Jimin's voice is so powerful here, just like a Main Vocalist. Tbh, he isn't lead vocal to me. He is the 2nd MAIN VOCALIST of BTS! JK is the best singer technically, but Jimin stands out more in vocal color, high notes, head voice, and emotional delivery.",@filterpjm13,2025-05-24T22:33:11Z,10
Jimin vocal are amazing,@TulasiLama-q9e,2025-05-19T14:51:45Z,10
Jimin best vocal,@Lua-y3n,2025-06-27T14:00:36Z,10
JlMlN-100%                                                          vocAL-100%                                                         DANcE-100%                                                         l LovE YoU JlMlN,@MalishaBTS7,2025-05-31T14:52:43Z,9
"this song, this choreo is just perfection, nothing can beat it",@fairyqueen_97,2025-05-02T03:17:12Z,9
"Such a catchy song, LOVE IT!",@dianachang2613,2025-05-22T14:45:17Z,9
"Me encanta escuchar esta canción, automáticamente mi cuerpo empieza a moverse al compás de la música 🎵",@marisolayala1121,2025-04-11T01:49:30Z,9
Jimin best vocal,@Lua-y3n,2025-05-22T10:28:37Z,9
Jimin best vocal,@Lua-y3n,2025-07-23T12:05:48Z,9
I love you Jimin! You definitely got my vibe.,@jimintulip,2025-06-15T01:34:09Z,9
The beat of this song 🤩🤩🤩,@immunity3282,2025-06-18T17:20:33Z,9
His vocal ate!! JIMINAAhhhh you nice keep goinggg~,@Daej.oy13,2025-05-16T05:34:05Z,9
"This man and his voice. Normally I do not like when artist hold long winded notes. But with Jimin it has become my favorite part. It wasn’t a gift handed to him, he has sculpted this voice with hard work and heart. No one else has this voice. I love all the members and also know and appreciate the hard work and talent of each one but Jimin voice has my heart. Suga is my bias. I am a multi and like many artist in many genres but BTS rises above them all because of their connection to each other and their individual talents.",@VI-PortugalExpat,2025-05-17T09:11:40Z,9
I love this song so much that I memorized it. It's my favorite song and also my phone's ringtone when it rings. I really love Jimin very much. 😭😭💓✨🇹🇳,@ParkSoujin-bts,2025-06-28T00:18:31Z,9
I love those lyrics,@SweetPotato-n9y,2025-05-05T10:50:54Z,9
Jimin best vocal,@Lua-y3n,2025-05-09T10:19:11Z,9
increase the streams of who on spotify and the views on youtube let's make the audio of who surpass 200M on youtube music and let's make who beat 2B and the mv of who 150M in a year let's fight for jimin and remember there are 3 songs missing from the muse album to bager 100M,@francielenovais4093,2025-04-08T09:17:07Z,9
My heart beating for u jimin,@purplefox111,2025-07-22T19:26:30Z,9
The rhythm makes me dance really hard,@SimoneLuiz-s8s,2025-06-19T07:29:47Z,8
"Jimin is the definition of perfection vocals, dance, visuals!",@Aseel-mg3im,2025-05-12T13:43:06Z,8
Ovvvv  The tempo of this song is high.,@SiyYaa-c8p,2025-07-24T13:22:36Z,8
Jimin best vocal,@Lua-y3n,2025-05-29T10:35:16Z,8
Jimin best vocal,@Lua-y3n,2025-05-30T13:31:16Z,8
Jimin best vocal,@Lua-y3n,2025-06-10T14:00:34Z,8
"ANOTHER MILESTONE COMING REAL SOON, BTSxARMY WIN NO MATTER WHAT!! 😆✊",@hanhdiemta7992,2025-04-11T05:31:27Z,8
"beautiful song, the melody and music are beautiful, and Jimin's singing is wonderful. This song is a masterpiece.Jimin's hair and style are beautiful.",@dynyz7,2025-05-14T05:52:16Z,8
Jimin best vocal,@Lua-y3n,2025-04-29T11:49:39Z,8
"I'm from Uzbekistan 🇺🇿. Your song “Who” touched my heart so deeply. Every time I listen to it, I feel hope and inspiration. Because of you, I dream of going to Korea and seeing you perform live one day. Please consider having a concert in Uzbekistan too — there are so many ARMYs here who love and support you! 💜",@leeyuri.10s,2025-06-18T07:22:36Z,8
Our 100M milestone poster is ready & waiting to be revealed...,@ARMY_STREAM_TEAM,2025-04-09T23:18:55Z,8
Our (own) 100M milestone poster for 'Who' is ready & waiting to be released. It won't be long now!,@ARMY_STREAM_TEAM,2025-04-06T10:39:42Z,8
Jimin best vocal,@Lua-y3n,2025-06-26T13:02:26Z,8
HIS VOCALS AtE AS ALWAYSsssss!!!!,@ZainabZaheer-m3v,2025-06-30T18:47:34Z,8
Jimin best vocal,@Lua-y3n,2025-08-06T11:24:42Z,8
Here before 100M milestone 😍,@rinaa_conntray,2025-04-09T15:28:10Z,8
Thia Song matches my vibes,@shrutiawasthi8304,2025-04-10T06:34:37Z,8
"Jimin came to Weverse, I thought he was sad",@SnezhaSnow7,2025-06-13T22:08:17Z,8
Jimin best vocal,@Lua-y3n,2025-04-22T13:26:44Z,8
Wow the vocals ❤,@kapoor8452,2025-06-03T16:15:59Z,8
Happy annniversery of WHO,@nazminfatema5194,2025-07-19T02:42:00Z,8
Perfect Vocal ever,@reemasana2845,2025-04-26T18:29:38Z,8
♡ waiting for ..... the first milestone poster,@tundee_Brownie,2025-04-10T22:32:19Z,8
"До возвращения Чимина осталось 54 дня. Сегодняшняя переписка Чимина на Weverse тронула в самое сердце. Береги себя, наш ангел, и возвращайся здоровым!",@marinavozmitel3073,2025-04-18T05:58:48Z,8
Jimin is the best vocalist,@Jimin_park13.07,2025-06-06T10:25:33Z,8
Christmas Love by Jimin only needs 25K to make 50 Million.  Please give it a view today!!   Lets reach that milestone for Jimin 💛 He comes home soon!!!!!,@Mimikoo,2025-04-17T15:11:47Z,8
"Best song ever!!The lyric , vocal,dance are just mind-blowing.(teamtaegu)",@Rimjhim_7_7_king,2025-05-16T15:26:38Z,8
Jimin vocal is best ❤,@RayhonaNamSua,2025-08-03T12:42:56Z,8
"I'm so amazing his vocals are so powerful and the music is . I'm so impressed by this talent and hard work . His is not just singer and dancer,his is a multi -talented artist.and I want to saying this I really miss you so much my jiminshi love from India ❤😊",@POONAMSINGH-qb5wq,2025-04-13T19:10:34Z,8
"Jimin’s ‘WHO’ has officially surpassed 4 million units sold in the U.S., making him the third Korean act to achieve this milestone after PSY and BTS.",@clarkjohn8732,2025-07-19T02:34:15Z,8
Jimin best vocal,@Lua-y3n,2025-07-15T10:45:49Z,7
Jimin best vocal,@Lua-y3n,2025-05-13T13:19:01Z,7
Congratulations Jimin! The 100 million milestone has been reached! Let's continue watching Jimin's videos! And listen to his wonderful songs!,@annashnaider2385,2025-04-12T05:00:03Z,7
I love the way he just get those high notes. I love him.,@anelbejarano3740,2025-07-02T17:15:46Z,7
Jimin best vocal,@Lua-y3n,2025-07-29T13:23:58Z,7
"Still can't move on from ""Who"". Its a super catchy song. Happy anniversary Muse.",@ifirulledtheworld,2025-07-19T06:56:34Z,7
Jimin leva a gente para o deu a ao inferno ao mesmo tempo 😂 💜,@nairlima4904,2025-05-01T15:27:42Z,7
"A nova música do Jimin é absolutamente incrível! Seus vocais são tão poderosos e a música é incrivelmente cativante. Estou muito impressionado com seu talento e trabalho duro. Com certeza vai ficar no repeat por um bom tempo. Parabéns, Jimin!",@Jhonatan085,2025-06-16T16:07:32Z,7
"My dear Angel-Jimin!!! You evoke in me a huge range of feelings and emotions, the whole spectrum of the rainbow!!! After all, you are so sweet and shy, kind, open, caring, attentive, understanding, affectionate, responsive, loving, peaceful, cheerful, friendly person in the whole wide world!!! When you dance and sing, I am frozen with delight!!! You are the most beautiful person on earth, with a great and beautiful soul!!! I am looking forward to your new projects and albums with the guys, new songs and dances, new performances, and a grand world tour!!! I love you to the moon and back!!! Be happy, my gentle Angel!!!",@AsiyaAnastasiya,2025-07-11T21:10:29Z,7
Jimin best vocal,@Lua-y3n,2025-04-25T13:01:23Z,7
I came from weverse and this song is beautiful!! It would be nice to have the lyrics too.  Thank you for this beautiful song and hope BTS will hear it too❤,@icampos0407,2025-06-30T00:16:51Z,7
Jimin best vocal,@Lua-y3n,2025-04-04T12:30:38Z,7
Jimin best vocal,@Lua-y3n,2025-04-24T13:07:32Z,7
Jimin best vocal,@Lua-y3n,2025-05-21T14:25:17Z,7
So sweet voice and heart touching lyrics ❤❤❤❤🎉🎉,@NadeemHussain-k3d,2025-05-29T00:31:14Z,7
Jimin best vocal,@Lua-y3n,2025-07-21T11:51:16Z,7
"My sweet Angel, Jimin!!!!I love your Music!!!As always, you performed this beautiful song wonderfully!!! It's so beautiful and amazing that it takes your breath away!!!Human life is unthinkable without music!!!!It is the international language of communication for all people on earth!!!Everything comes and goes, and only the music remains!!!She is eternal!!!Thank you very much for this gentle song and great performance, my dear Prince Jimin!!!Your wonderful voice always evokes a lot of emotions in me, always penetrates deep into my heart and always calms me down!!!!My soul soars like a bird to heaven, from such beauty!!!A talented and unsurpassed Maestro with a wonderful composition is a separate kind of art!!!! My gentle Angel!!!Be happy!!!! I love you infinitely!!!!",@AsiyaAnastasiya,2025-05-03T21:09:56Z,7
Jimin best vocal,@Lua-y3n,2025-05-01T14:55:29Z,7
Lyrics of this song is — My current mood 😃,@nurdaacl,2025-04-21T21:19:24Z,7
Jimin best vocal,@Lua-y3n,2025-06-20T10:07:21Z,7
"Felicidades VIBE 160M, vamos por más",@AracildeMachado-yy6hk,2025-04-26T04:01:29Z,7
Jimin best vocal,@Lua-y3n,2025-06-18T13:36:05Z,7
I like this song really a lot! Amazing song and Jimin's vocals are heavenly as usual.,@CarolaStarmella,2025-07-08T09:51:01Z,7
Jimin best vocal,@Lua-y3n,2025-07-31T13:15:04Z,6
Jai shree RADHE💙 Congrats to jimin bias lady🤭💜💜Getting heart beat more fast,@SnehaMishra1507,2025-06-04T10:11:35Z,6
I love the piano notes 🔥💕,@mel34000,2025-06-27T00:53:41Z,6
My beatiful prince,@kattyadelrosariosaldanainf7306,2025-07-18T13:12:24Z,6
"Ainda hei de ir a "" Vibe"" nesta "" playlist  manual "" que estou a fazer.",@BirdBird-wr8px,2025-05-09T10:52:02Z,6
"extraordinary vocals, choreo and visuals!",@Les-h8l,2025-07-15T07:02:08Z,6
WHO is going to be reaching a very important milestone soon?,@ARMY_STREAM_TEAM,2025-04-07T23:31:26Z,6
Jimin best vocal,@Lua-y3n,2025-05-26T13:27:17Z,6
"The visuals, the location,the lyrics,the picturization, the emotions,everything is yop notch.",@ashikagarg1718,2025-05-16T04:10:17Z,6
"Já há muito tempo que não ouvia esta música,  por isso decidi vir cá...🤭",@BirdBird-wr8px,2025-06-04T19:13:52Z,6
This is the first time I've heard this and all I can say is that it kinda gives JLS vibes ❤❤❤,@shelby-louweekes,2025-08-04T16:47:18Z,6
Jimin best vocal,@Lua-y3n,2025-04-07T14:08:29Z,6
"This song touches my heart; I love the rhythm and the lyrics! Jim, you're a very talented and sensitive artist. I love your contemporary dance, too. Congratulations on continuing to smile...",@FatimaCintado,2025-05-22T12:36:55Z,6
"When I hear the melody of his voice, I am speechless, how can a person sing so beautifully?",@LamiyaAkterBably,2025-08-02T11:10:41Z,6
"His vocals are amazing!, been listing to this on replay!!",@THANOSV2,2025-04-18T16:24:22Z,6
Jimin best vocal,@Lua-y3n,2025-06-11T10:03:28Z,6
Jimin best vocal,@Lua-y3n,2025-05-08T13:39:09Z,6
Jimin best vocal,@Lua-y3n,2025-05-27T10:58:03Z,6
Jimin best vocal,@Lua-y3n,2025-05-28T13:14:18Z,6
Sweet song Jimin.  Did he have a part in writing the lyrics ? It would be so nice to see Jimin with an honest nice girl.  Tae’s sister ? 😊His English improved a lot too ❤,@PJ-gi1vw,2025-06-24T23:43:36Z,6
Jimin best vocal,@Lua-y3n,2025-08-05T12:25:22Z,6
Jimishii vocal is just amazing...♡,@Drshooky-bl2qw,2025-08-03T14:46:23Z,6
I was curious about this song and now I can't stop listening to it. The rhythm and especially Jimin's voice are so charming,@miaamoremui6352,2025-06-18T13:27:52Z,6
"Vocal , dance ، outfit, decorations, every thing is perfect",@مارالادمالعراقيه,2025-05-08T11:00:48Z,6
Jimin best vocal,@Lua-y3n,2025-06-09T10:16:10Z,6
Lyrics are so magical ✨️,@justsomeonealive,2025-05-06T15:05:05Z,6
Hello Is beatifull,@roussvbenz2317,2025-07-22T18:46:29Z,6
Jimin best vocal,@Lua-y3n,2025-04-05T14:47:48Z,6
Jimin best vocal,@Lua-y3n,2025-06-02T10:18:39Z,6
Jimin best vocal,@Lua-y3n,2025-04-23T13:04:38Z,6
Excellent dancer and excellent vocalist,@Nedda-on9lo,2025-08-03T14:45:39Z,6
Jimin best vocal,@Lua-y3n,2025-07-10T09:49:05Z,6
Jimin best vocal,@Lua-y3n,2025-04-17T13:23:02Z,6
I love the lyrics,@BrishonnaBrigail,2025-06-16T03:00:04Z,6
Jimin best vocal,@Lua-y3n,2025-04-27T22:06:56Z,5
Jimin best vocal,@Lua-y3n,2025-07-02T12:22:15Z,5
"huh, jiminshi pitch!!!",@Sharmaaaqueen,2025-05-17T12:12:13Z,5
THE HIGH NOTES OMLLL,@gujaratijs385,2025-06-17T14:45:11Z,5
Jimin best vocal,@Lua-y3n,2025-05-24T11:25:23Z,5
Jimin best vocal,@Lua-y3n,2025-07-07T12:37:56Z,5
Jimin best vocal,@Lua-y3n,2025-07-28T09:42:42Z,5
Jimin best vocal,@Lua-y3n,2025-05-14T10:31:31Z,5
Jimin best vocal,@Lua-y3n,2025-05-19T10:28:10Z,5
this is a emotion!!!,@radxraani.ৎ,2025-05-10T03:39:16Z,5
Jimin best vocal,@Lua-y3n,2025-05-23T13:24:10Z,5
why do they auto tune his voice? his voice is already so perfect adding it makes him sound awful,@sj.bopperton,2025-04-09T03:44:40Z,5
I loved jiminshii vocal personally its so different its like wave ....☆,@Drshooky-bl2qw,2025-07-16T11:20:05Z,5
Jimin best vocal,@Lua-y3n,2025-06-03T13:27:04Z,5
Jimin best vocal,@Lua-y3n,2025-08-07T10:27:07Z,5
Jimin best vocal,@Lua-y3n,2025-04-30T13:20:56Z,5
Jimin best vocal,@Lua-y3n,2025-06-13T14:13:03Z,5
Jimin best vocal,@Lua-y3n,2025-04-21T17:33:35Z,5
Jimin best vocal,@Lua-y3n,2025-07-30T11:22:34Z,5
"The background vocal is too known to me but I can't guess,,,,Is it the voice of Jimin or any other???",@muziburrahman6547,2025-06-10T15:59:36Z,5
Jimin best vocal,@Lua-y3n,2025-04-06T17:01:25Z,5
Jimin best vocal,@Lua-y3n,2025-06-25T11:04:29Z,5
Jimin best vocal,@Lua-y3n,2025-04-10T13:20:15Z,5
JUNGKOOK JIMIN weverse Live ❤❤❤❤❤❤❤❤❤❤❤❤❤❤❤❤❤❤❤,@AqsungulSagidullaeba,2025-07-14T05:09:07Z,5
Ele apareceu no Weverse e veio com o coração cheio de amor por nós ♡,@elianetelles4322,2025-04-19T12:00:18Z,5
Love the lyrics,@wv5083,2025-05-22T01:54:56Z,5
Jimin best vocal,@Lua-y3n,2025-05-10T12:26:42Z,5
Jimin’s Who is deeply emotional and beautifully performed his voice captures the longing and vulnerability of the lyrics perfectly,@Aseel-mg3im,2025-05-11T18:59:13Z,5
Remember Micheal Jackson's - Beat It? Yeap very similar concept. Classic video concepts still rules..........even the choreography is similar.,@danlovesayu,2025-07-17T13:30:47Z,5
Jimin best vocal,@Lua-y3n,2025-04-16T13:11:59Z,5
I love his voice and beautiful jimin lyrics,@LucyPark-t8m,2025-07-06T00:32:02Z,5
Jimin best vocal,@Lua-y3n,2025-05-16T12:42:40Z,5
❤❤❤❤❤❤❤❤❤very very nice song and the lyrics is absolutely get in my mind ... And the song and dance  jimin😊😊😊😊😊😊😊😊  wow n wow,@roseanncaraan152,2025-05-22T05:30:07Z,5
increase the streams of who on spotify and the views on youtube let's make the audio of who surpass 200M on youtube music and let's make who beat 2B and the mv of who 150M in a year let's fight for jimin and remember there are 3 songs missing from the muse album to bager 100M,@francielenovais4093,2025-04-08T09:16:42Z,5
the high pitch voice yet so sweet!,@bitchinvibes,2025-07-16T05:54:01Z,5
His vocal is just 🔥🔥🔥🔥,@kpopeditz2603,2025-05-30T09:38:59Z,5
Jimin best vocal,@Lua-y3n,2025-07-22T11:28:55Z,5
Today my is my birthday I hope next year jimin comes weaverse live in this day 💜,@AngelalovesJimin,2025-04-26T16:10:31Z,5
Jimin best vocal,@Lua-y3n,2025-06-12T12:26:39Z,4
His high pitch ❤😮😮😮,@ShereenNicholi,2025-05-09T11:01:45Z,4
I can listen to jimmi singing all day ❤❤❤❤❤❤❤❤❤❤❤❤ jimmi have a powerful sexy adorable voice while singing  jimmi sing from his heart ❤❤❤❤❤❤❤❤❤❤❤❤❤❤❤❤❤❤❤❤,@denisebrumant8621,2025-07-08T02:21:42Z,4
"JiMin sirvió baile, talento, notas altas, vocal y sensualidad.",@lieparkgfs6697,2025-07-22T04:48:30Z,4
Jimin is an amazing vocalist!,@miintdae,2025-08-02T23:00:30Z,4
I heard this song when I'm shopping in supermarket. So i used google scan for searching this song. The chorus is so beautiful. I really love this song,@witrial-hasanah2372,2025-07-08T16:06:55Z,4
It vibe:)),@hani_8136,2025-04-24T15:05:03Z,4
"ughh the lyrics, same jimin same",@camlovesknk,2025-04-24T00:52:41Z,4
it's been a year and this song is still so vibey !!,@strvwb_rei,2025-07-19T12:05:06Z,4
A new milestone for this masterpiece loading 🎉,@carrotmuffin9597,2025-04-09T17:49:30Z,4
Jimin best vocal,@Lua-y3n,2025-05-07T11:17:47Z,4
Love the vibe of this song,@seec4856,2025-05-16T00:32:40Z,4
Jimin best vocal,@Lua-y3n,2025-07-16T13:49:29Z,4
Jimin best vocal,@Lua-y3n,2025-05-17T10:20:40Z,4
"Jimin sempre entrega o melhor, musica perfeita, vocal impecável",@jeniferluana414,2025-05-20T00:24:15Z,4
Jimin best vocal,@Lua-y3n,2025-04-20T17:10:41Z,4
I like vocal so much,@thvseven95,2025-05-07T05:39:54Z,4
Jimin best vocal,@Lua-y3n,2025-04-14T13:09:17Z,4
I love the vibee!!! I love The concept!!!❤❤❤,@Alex-iu6gz,2025-05-02T11:09:43Z,4
Can anybody tell me what song has almost the same rhythm to this or I think it's an older song but I'm not too sure and it's driving me nuts so do you have any idea lmk,@vikkisheriff8067,2025-07-05T04:51:28Z,4
What a catchy track dude!!!! WOAHHH,@Tatakhae,2025-07-07T01:09:10Z,4
Jimin best vocal,@Lua-y3n,2025-06-06T10:13:39Z,4
Fun fact: This song chorus taken from a song named Arash - One Day,@CloudCuz,2025-04-22T17:25:48Z,4
Jimin best vocal,@Lua-y3n,2025-05-20T11:28:54Z,4
"2025 tantas músicas lançadas e eu ainda estou aqui amando who do jimin, te amo por ter feito a músicas com a vibe mais perfeita de 2024❤🎉",@vanessaaleixo588,2025-06-15T17:33:22Z,4
Jimin best vocal,@Lua-y3n,2025-07-04T10:28:10Z,4
Jimin best vocal,@Lua-y3n,2025-05-02T14:28:30Z,4
Jimin best vocal,@Lua-y3n,2025-07-08T13:40:24Z,4
Gratidão por seu carinho conosco no Weverse Jimin,@elianetelles4322,2025-04-19T16:36:08Z,4
It gives me the MJ - The way you make me feel vibes ❤ Beautiful song Jimin ❤,@EllaPorshe,2025-04-13T22:49:06Z,4
Jimin best vocal,@Lua-y3n,2025-04-08T14:08:36Z,4
"WHO's still here loving the vibe of this song as of May 2025? Also, I hope that the views have stayed intact thus far. #OT7ARMY",@LunaRQ97,2025-05-05T20:27:25Z,4
"Uma vibe distópica misturada com sensualidade e todo o talento do Jimin, eu amo demais esse homem",@onicolimendes,2025-06-28T20:58:10Z,4
Jimin best vocal,@Lua-y3n,2025-05-06T12:15:06Z,4
Jimin voice veriy beatiful💜💜🤩🤩🤩🤩,@Arantelefon5500,2025-07-18T17:30:51Z,4
His vibes,@JMshivi95,2025-05-03T08:10:19Z,4
"My dear Angel-Jimin!!! You are my state of mind!!! And my soul is in harmony, and my heart is filled with joy!!! You are my faith and hope for a happy smile and warmth of the heart!!! I hope that everything will be fine for you, and that you will succeed no matter what!!! My gentle Angel, all your songs and performances are beautiful, they are like balm for my heart!!! And your unique voice is like honey to my ears, I want to listen to it over and over again without stopping!!! Your laughter can heal all the wounds in my heart and help me forget all my sorrows and grievances!!!Your beautiful smile makes me smile back!!!You are such a beautiful and amazing man, and I admire your beauty day and night!!!You are so handsome, sweet, and gentle at the same time, and I can't stop looking at you!!!My dear Angel-Jimin, you are perfect in every way, both in your soul and in your body!!!You are an incredibly beautiful and talented person!!!You are the most beautiful and beloved Angel in the world!!!",@AsiyaAnastasiya,2025-07-22T13:57:41Z,4
Jimin best vocal,@Lua-y3n,2025-04-09T13:16:01Z,4
"Lyrics feels like nostalgic and dreamy , single me remembering my future husband so bad🤧",@edrealow12,2025-07-02T10:35:20Z,4
Jimin best vocal,@Lua-y3n,2025-04-26T12:28:14Z,4
Jimin best vocal,@Lua-y3n,2025-05-05T09:20:52Z,4
Jimin best vocal,@Lua-y3n,2025-08-01T09:35:19Z,4
Amazing song lyrics 😊😊😊😊 miss you so much baby,@sumayasuma-b3q,2025-05-28T06:06:44Z,4
"Os sete estarão de volta em breve... será incrível vê-los retornar depois de tanto tempo de espera. Armies, vamos fazer do retorno do BTS um triunfo sem igual!",@LawtrencyFlorys,2025-04-22T21:54:09Z,4
Jimin best vocal,@Lua-y3n,2025-04-28T12:22:52Z,4
Jimin best vocal,@Lua-y3n,2025-07-18T10:50:29Z,4
I love the lyrics,@wv5083,2025-05-20T04:11:56Z,4
OMG the song lyrics,@aevindkumar5745,2025-04-16T13:23:40Z,4
Love the lyrics,@wv5083,2025-06-16T06:27:51Z,4
increase the streams of who on spotify and the views on youtube let's make the audio of who surpass 200M on youtube music and let's make who beat 2B and the mv of who 150M in a year let's fight for jimin and remember there are 3 songs missing from the muse album to bager 100M,@francielenovais4093,2025-04-08T09:16:54Z,4
why jiminnnnn..perfect vocals and visuals,@Akshara-uv7sf,2025-05-25T14:21:39Z,4
Jimin best vocal,@Lua-y3n,2025-08-08T09:31:59Z,3
Jimin best vocal,@Lua-y3n,2025-05-11T13:49:48Z,3
Jimin best vocal,@Lua-y3n,2025-04-15T12:35:16Z,3
Jimin best vocal,@Lua-y3n,2025-06-24T11:29:37Z,3
Jimim  vocalista exelente sucesso Bts.Army Forever 👑 💜 ✨️ 🌹 👑 💜 ✨️ 🌹 👑 💜 ✨️ 🌹 👑 💜 ✨️ 🌹 👑 💜 ✨️ 🌹 👑 💜 ✨️ 🌹 👑,@elizethdasilvacorreia6806,2025-05-04T02:13:40Z,3
"Estou apaixonada por essa música de WILLIAMEST, que vcs caminhem juntos por muito tempo. Crescendo e se apoiando. Meu coração está quentinho,  Amooooo vcs💙💙🥰🥰🔥🔥🔥🔥🔥🇧🇷",@AngelaOliveira-up8kh,2025-07-30T16:35:53Z,3
Jimin best vocal,@Lua-y3n,2025-07-03T11:32:50Z,3
"Deserve a beautiful milestone poster - let's get it now, now, now, now, now!",@tundee_Brownie,2025-04-09T22:22:33Z,3
Jimin best vocal,@Lua-y3n,2025-04-13T16:18:08Z,3
I love you Jimin weverse Live ❤❤❤❤,@AqsungulSagidullaeba,2025-07-14T05:08:12Z,3
Why does this MV give me Sin City vibes?,@kirstenperkins6084,2025-04-09T11:48:45Z,3
The beat 🥵it got me twerking 🤭😜,@Iam_jellissaxkpop,2025-06-26T22:35:07Z,3
Jimin best vocal,@Lua-y3n,2025-07-25T10:52:05Z,3
Just 385k away from first milestone,@Still_Tannies03,2025-04-09T15:13:18Z,3
Do ppl not hear* autotune or what,@Dongdong497,2025-05-01T22:37:00Z,3
Que gran vocal posee Jim.,@btspavedtheway3975,2025-05-18T01:17:13Z,3
Such a creative song and well prepared and Jimin's solo and vocals for the rhythm is just perfect ✨,@Demon_Huntrex,2025-04-11T14:47:37Z,3
Jimin best vocal,@Lua-y3n,2025-05-03T10:30:46Z,3
after reading comments I came to a conclusion that nobody noticed closer than this lyrics at 1:29(on the board). it was also written there closer than this,@TanishMavi-l9f6v,2025-07-22T09:31:33Z,3
ARMY  MI UNIVERSE MI GATO CALICO BESOS,@johanmartinez6912,2025-04-30T18:44:42Z,3
JIMIN'S ANGELIC VOCALS WILL BE REMEMBERED THROUGHOUT GENERARIONS!!!!!!!,@Procraft-bq3gc,2025-05-08T04:25:56Z,3
Beatiful song. Beatiful voce. Love you Jimin.,@elenamatache7808,2025-07-04T09:36:23Z,3
Jimin vocals!!!❤❤❤❤,@kritika_editor-singer,2025-04-12T12:09:27Z,3
"Jimin is also in the voting on the Mubeat app, in the Jupiter awards.",@BirdBird-wr8px,2025-08-10T11:10:38Z,3
"Someone commented 😂 jimin hold the power and i just 😂check there fack account just created new new ,bots comments gonna not count foolish stop creating and annoying everywhere jimin is super floop no power poor this is only social media fack acc powers",@QUEEN_JENNIEKIM,2025-04-29T13:18:34Z,3
"People, this is a person, but not me, this is not a person, this is my universe. ❤❤",@Kaleem-w1f,2025-05-05T18:14:33Z,3
"Happy one year ""who"" this song really has its own place I don't know till when I'm going to listen it.....jimin oppa's vocals are really rocking in this track love you so much♡",@futuredr.saniya13,2025-07-18T16:18:15Z,3
"For Jungkook fans who are insecure abd obsessed with Jimin, you better focus on your favorite and support him instead of being obsessed with Jimin because Jimin keeps breaking records and beating your favorite while you keep crying and barking like dogs in his music videos.🤣🤣",@مارالادمالعراقيه,2025-05-08T11:22:19Z,2
Jimin's charisma is unbeatable😍😍😍😍😍😍😍😍✨✨,@mel34000,2025-07-09T12:00:01Z,2
the look is giving early 2000s brad pitt but the vocals and everything else are so MJ!,@asdfghjkl-m9l,2025-04-27T22:22:51Z,2
His vocals😮🤌,@Saivishnupriya-t9q,2025-04-25T02:50:46Z,2
Oppa. Terimakasih sudah live di weverse hari ini😊. Sebenarnya aku sedih karena tidak bisa melihatnya di aplikasi weverse. Tapi tidak apa-apa. Aku bisa melihatnya di youtube😊❤. Saranghae😊❤❤..,@Min_echa_nciim99,2025-07-14T06:03:04Z,2
Gives me Bosson vibes! Love💕💕💕,@LiliyaCalifornia,2025-04-15T23:08:48Z,2
Stop annoying lesbian gaymin🏳️‍🌈🏳️‍🌈🏳️‍🌈🏳️‍🌈🏳️‍🌈💩💩🤣👎🏻😂😂😂👎🏻👎🏻🤣🤣🏳️‍🌈🏳️‍🌈🤣👎🏻😂😂😂🤣🤣💩🏳️‍🌈🏳️‍🌈,@aunty_pigmin,2025-04-29T13:08:16Z,2
Jimin best vocal,@Lua-y3n,2025-06-16T12:31:19Z,2
THANK YOU JK for asking Jimin the qustion we were dying to ask him: who are you waiting for. to know the answer; watch their weverse live of ...was it july 14? hehe,@bunnyjungkook-u4f,2025-07-20T20:19:17Z,2
Jimin best vocal,@Lua-y3n,2025-04-12T14:57:32Z,2
Jimin best vocal,@Lua-y3n,2025-04-11T13:20:25Z,2
this hits different after reading the lyrics,@camlovesknk,2025-04-10T18:33:31Z,2
Her toned legs are EVERYTHINGGGG ✨✨,@PaulMoore-n5x,2025-04-18T17:14:48Z,1
"What did jimi say on Weverse, that his body still feels like a 20 year old🌚🌚🌚🌚🌚🌚🌚🌚🌚🌚🌚🌚🌚🏳️‍🌈🏳️‍🌈🏳️‍🌈shme you gay",@strwbrry._.liaaaa4,2025-04-30T05:34:20Z,1
"Me imagino un concierto de Jimin incluyendo intermedios de danza clásica, danza contemporanea, sería super excitante verlo en vivo solo moviendose en todo el escenario.",@Music.lover1539,2025-07-25T16:14:14Z,1
Yesss it's giving Brittney vibesss ahhhh!!!😆😆😆💕,@ajadoenruffin3359,2025-04-18T17:05:26Z,1
Floop 1000% Autotune my😂😂😂 head is spaining after here this💩,@electric_watcher,2025-04-29T07:31:37Z,1
Would rather less autotune.,@alexnguyen6382,2025-05-12T08:40:30Z,0
"Jimina uses more makeup than the girl, and autotune more than anyone, and also copies Messi's dance 😂🏳️‍🌈🏳️‍🌈🏳️‍🌈🏳️‍🌈🏳️‍🌈🏳️‍🌈🏳️‍🌈🏳️‍🌈🏳️‍🌈🏳️‍🌈🏳️‍🌈🏳️‍🌈🏳️‍🌈🏳️‍🌈🏳️‍🌈🏳️‍🌈🏳️‍🌈🏳️‍🌈🏳️‍🌈🏳️‍🌈🏳️‍🌈",@aunty_pigmin,2025-04-29T12:22:48Z,0
Floop 1000% Autotune 😂my head is spaining  after here this 💩,@electric_watcher,2025-04-29T05:50:45Z,0
"This song is as bad as APT, these songs sound like they were made by AI, even Chat GPT makes a song with better lyrics than this. That's why JK will always be the biggest and best soloist in kpop. Seven is better than those two songs.",@Paraense_Anonimo,2025-07-30T23:16:43Z,0
Autotune going too much,@TheUsuisan,2025-07-03T12:53:21Z,0
