comment,user_name,date,likes
"This song has already made pop music history. But not because of the amount of streaming, but because of its instrumental, vocal, choreographic and production values.",@maja9091,2025-02-01T12:28:59Z,48
"I was at the supermarket with my little one when a song started playing on the radio. Without missing a beat, my 4-year-old son instantly said, “It’s Jungkook, Mommy!”—and even started humming along! His popularity truly knows no bounds! We love you, JK!",@itsmeeekateyyy,2025-03-21T08:04:18Z,46
Our golden sweetheart who delivers everything with his whole heart. A consummate artist with deep instincts for music and performance. JK is extraordinary.,@rainoflights3195,2024-10-20T23:40:17Z,38
"Manifestng a Grammy Award 2025 nominee for Record of the year, pop vocal album and best music video. Also support for highr on all platform. Have a blessed day",@missyy291,2024-10-05T00:53:12Z,35
"Today is 03 November,2024. Happy anniversary. I can't imagine how fast times goes away. Thank you so much Jeon Jungkook for given such a energetic and powerful song and hope you will come soon and give us song like this. Love you from Bangladesh",@senorita4148,2024-11-03T08:47:22Z,35
This song is so close to the next milestone,@chaedzamugoni8429,2025-01-21T15:21:46Z,35
"Jungkook’s voice hits different. ‘Standing Next to You’ isn’t just a song, it’s pure emotion, deep love, and soulful magic. Thank you for making the world feel something real",@Marwaqueenofmyself,2025-05-19T07:57:51Z,28
"A truly worlwide pop star. He deserves all the success.  Oh, those moves and vocals. What a voice! He is so talented and charming",@SoldFuture,2025-02-22T16:37:25Z,27
"This masterpiece has not aged a day, and it is as contemporary and addictive as ever. Jungkook offers us some of his many talents as an extraordinary singer, his skills as an experienced dancer and always his unique hypnotic charm.",@Clo68MscPP,2024-11-24T11:46:46Z,26
"I'm not  army. I simply admire and respect JK as a singer with great vocal talent, as an artist and as a PERSON.",@maja9091,2025-01-09T11:17:19Z,26
Standing Next To You has reached 1.25B streams. It's now the 642th track in Spotify history surpassing the milestone. Keep streaming!,@InternetUser37,2025-07-26T14:06:13Z,25
"The vocal delivery on this is really so bright, clean and clear. Strong and majestic, while also tender and gentle. Jungkook mastered his craft.",@rainoflights3195,2024-10-15T03:21:03Z,25
"Still listening to this masterpiece on repeat! The energy, vocals, and visuals are just iconic. Let's keep streaming and show JK all our love and support!",@MelissaHaynes-b3r,2025-04-19T18:01:03Z,24
"JungKook is so powerful in his vocals, his dancing and performance",@sanres2100,2024-11-15T21:37:06Z,23
"If you listen to this song carefully with headphones, you will understand why JK has been the sole lead vocalist of BTS from the very beginning.",@maja9091,2025-05-18T11:10:15Z,23
Jungkook truly legend and most talented and bestest singer of all time in whole kpop industry. Our jungkook is the first asian soloist with an album to surpassed 5.6 billion stream on Spotify with golden and also the fastest album by an asian act to reach these milestone.,@munmunsingha4026,2025-05-22T01:45:26Z,23
Jungkook always on top in terms of vocals and dancing in kpop its a fact. Jungkook is the coolest when he dance and beautiful and mesmerizing while singing.,@munmunsingha4026,2025-07-02T03:39:35Z,22
"He really outdo himself with this song. The vocals, dance and music is awesome",@haslinafarisify,2025-03-22T07:13:17Z,22
"This performance of a very difficult song, both vocally, choreographically and in terms of overall stage charisma, confirms JK's greatness as an unparalleled artist. Some people have not accepted this yet.",@maja9091,2025-03-07T23:26:58Z,20
"The pain in my heart for not being awake when you went live on Weverse. I really miss you. As usual, we talked about you again, love. Even your haters were there, glued to your live, and they’re even more updated than I am. But let them be. Let them be jealous because, once again, you broke the record for having the most viewers for a real-time viewing. CONGRATULATIONS JUNGKOOK!!!",@KimberlyJeon,2024-12-20T01:47:46Z,20
We have more JK milestones coming very soon,@Yaay.,2025-03-02T04:03:08Z,20
One of his best song. The song shows his strong vocals,@smirtibagale,2024-11-19T11:22:52Z,20
"I am here after Weverse live, it was great, I missed him so much, thanks for coming and going live for us",@Sophia-001-nq,2024-12-18T18:08:53Z,20
"I have a lot to celebrate today and this is my celebration song! Thank you, Jungkook for this upbeat beauty of a song! ✨",@rainoflights3195,2025-02-14T01:12:38Z,19
I am enjoying your weverse live. Your looking so handsome and cute.I love you Jungkook,@Jeonjungkookie-97-y2e,2024-12-19T08:50:14Z,19
Jungkook's dancing in this song is so powerful!,@chaedzamugoni8429,2024-11-16T09:03:04Z,19
He’s giving MJ vibes!,@PriyankaSharma-q5x9n,2025-02-21T06:43:25Z,19
Golden Vocalist,@GurteshwarSinghSandhu-i3i,2025-03-22T11:10:03Z,19
"The dance, song and choreography are so amazing that almost everyone in the industry is covering it. That's how powerful Jungkook is",@chaedzamugoni8429,2025-02-19T09:43:00Z,19
"It was wonderful with JK at Weverse live. Over 20 millions hearts are still joyful as Jungkook showed his love and support for us ARMY fans around the world. Thank you so much, Jungkook. You are beautiful healthy handsome and sweet always. We love Jungkook. We support Jungkook always with unwavering love. Standing Next To You.",@loveofmusic4854,2024-12-19T11:12:33Z,19
Jungkook reaches another milestone with SNTY! Congratulations,@chaedzamugoni8429,2024-11-19T14:02:47Z,18
"The whole song is a gem - music, arrangement, singing, dancing, JK's presence (vocals are a masterpiece). I'm waiting for his return and new songs.",@maja9091,2025-03-17T09:39:08Z,18
"His vocals, the choreo and the visuals everything is just 😮",@Still_Tannies01,2025-06-30T08:54:15Z,18
"Dear Universe, stop the war and keep all the the guys safe, keep our golden guy safe and healthy.",@Music.lover1539,2024-10-25T20:07:13Z,18
"Imma obsessed with this song,. The vocal , the High note, the lyrics, the mv , the person who is singing.... omg everything is so attractive here",@Randomest_girl_ever,2024-10-19T15:53:33Z,18
That efootball song that always makes you vibe while matchmaking🔥,@cubelaps2454,2025-05-02T08:33:26Z,18
"Thank you, thank you my baby and sweet Jungkook for coming back and for not changing, I love you, I really did miss you, you made it so perfect. My baby Jungkook, and yes, congratulations on your beautiful record, wonderful and perfect Weverse Live, I love you, I cried a lot.",@guadalupearevalovalderrama0502,2024-12-18T17:35:27Z,18
SNTY is such a great song and full of incredible lyrics,@chaedzamugoni8429,2025-02-28T06:21:55Z,17
#JUNGKOOK is now the first and only Asian Soloist to have 4 songs surpass 950M streams on Spotify now that 3D has reached this milestone!,@AstriLuvi,2025-07-23T13:42:20Z,17
I was among 20 million who witnessed him live today on Weverse. And suddenly birds are chirping and there are butterflies everywhere after 12 long months of wait 💜,@shailjasingh6804,2024-12-18T17:44:22Z,17
"this song got MJ vibes, I really liked this song, this mv should have more views",@FMF2014,2025-07-23T01:53:38Z,17
Love watching a top tier vocal artist do their thing.,@rainoflights3195,2025-07-21T22:40:27Z,17
JK'S  fantastic  voice singing Standing next to you. Great vibes just like MJ whould have done,@memyselfandi52,2025-06-20T19:00:43Z,17
Brilliant song  from JK Standing  next to you...and dancing  is with MJ vibes,@memyselfandi52,2025-06-29T18:48:23Z,17
"Amazin song, vocal, coreo, production, everything.  Jungkook the best",@jhubincaalmaraz2851,2024-10-06T16:54:02Z,17
I can't believe JK went LIVE tonight! SOOOOO HAPPY to have been there for another live home concert...his vocals are still so amazing!,@clarashaw5780,2024-12-18T17:27:11Z,17
Let's go and hit one hundred and seventy million milestone. We're so close,@chaedzamugoni8429,2025-01-15T10:21:25Z,16
"Wonderful Artist Jungkook brings so many sincere talented individuals around him. Here we are listening to the voice of Jungkook, watching JK’s dance moves, and soaked with the vibes of Standing Next To You. As we have come so far while supporting Jungkook and enjoying STNY, we will keep going together. Let’s go.",@loveofmusic4854,2024-11-28T13:21:07Z,16
"Amazing song. Music, arrangement, vocals, dancing...all top notch.",@maja9091,2025-05-02T16:49:17Z,15
This is such a powerful song and performance.,@DITI-77,2025-08-08T06:41:11Z,15
"I love how this masterpiece resembles MJ in so many things, like in the coreography and the vocals even.",@fafaegidio,2024-11-28T03:37:12Z,15
"Jungkook espectacular tu voz, tu baile. Tus vocales eres maravilloso  siempre dando lo mejor en lo que haces y amas, que dicha que puedas hacer lo que amas y super bien hecho",@Margarita-z8q,2025-04-21T17:18:30Z,15
"The instrumental side of this song is powerful and striking. When JK's amazing, powerful and diverse vocals appear, we get a masterpiece. I love you and support you in these strange and difficult times for BTS.",@maja9091,2024-11-09T14:21:34Z,15
Such a lovely letter from Jung Kook on Weverse to celebrate JK Day 1/9/2025: this tells us the next chapter will hold on to traditions from the past as our fandom looks ahead. Thank you to our 9/1 birthday JK's sense of play in contact with us :-),@SusanMRS-be3dx,2025-01-09T14:26:26Z,15
Standing Next To You audio needs less than 6M for a milestone...,@Still_Tannies05,2025-03-01T18:57:30Z,14
Jungkook looks amazing and his vocals are breathtaking! Can't stop replaying this!,@ArtExpresss,2025-01-19T17:05:08Z,14
"It's great musically, vocally, choreographically and visually. So it's a sensational hit!",@maja9091,2025-04-15T19:24:54Z,14
"Someone on weverse described Jung Kook as ""shining"" in a photo at a waiting vehicle during his military discharge. It was the perfect word to describe him at that moment. We are so happy he is free from this duty.",@SusanMRS-be3dx,2025-06-11T20:15:32Z,14
Golden vibe will shine on and on :-),@SusanMRS-be3dx,2025-08-01T14:48:06Z,14
Jungkook is a great performer. His vocals are just amazing.,@FatamaKhatoon-r5z,2024-12-05T11:38:31Z,14
"Não importa quanto tempo passe, eu sempre vou amar essa música",@nicollybarbosa2780,2025-07-19T06:14:07Z,14
A catchy tune! It makes you want to dance! Congratulations and much success!,@scheilasantossantanadiniz7387,2025-07-29T17:18:25Z,13
"His talents and great prod of this song are undeniable. The same way that this song reach a milestone on Spotify only with a version. Congrats and proud of all his fans, viewers and listeners.",@missyy291,2024-11-03T07:58:06Z,13
Absolute vocal perfection,@MJ-ee8uu,2025-02-03T14:51:52Z,13
Get ready for another JK milestone... Less than 97K to go for 'Dreamers' FIFA World Cup 2022 Soundtrack video (FIFA) only a few minutes ago.,@ARMY_STREAM_TEAM,2025-01-07T13:01:05Z,13
"Very catchy music, can't get it out from my head..truly a masterpiece",@elissemanju,2024-11-26T17:03:27Z,13
"Brilliant minds capture the beauty and create something wonderful such as poems, lyrics of songs, choreographies for dance, harmonious melodies of music, streaming images of videos, stories that contain the beauty.  Jungkook is the top Artist who can perform magnificent singing and dancing with abundant energy on the stage.  Standing Next To You MV is a grand graceful beautiful masterpiece. Let’s stream STNY. Let’s go together by standing next to each other. Happy Saturday to you all.",@loveofmusic4854,2024-10-19T12:57:23Z,13
"This song is iconic. Everything is perfect. Outfits, choreography, dancing, lyrics, melodies, and the voice",@Zoe_the_Assyrian,2024-10-18T23:15:52Z,13
Gentle delicate graceful beautiful voice of Jungkook is powerful as ARMY Fans Music listeners are listening to Jungkook’s singing voice all the time. We are Standing Next To You. Stay warm.,@loveofmusic4854,2024-12-07T17:58:12Z,13
He’s got some MJ vibes,@Erika-ph6rm,2024-10-10T03:39:29Z,13
"We couldnt wait this awesome MV reachng the next milestone by the time he discharge. Improve our stream & view rate, he's back before we knw it.",@missyy291,2025-03-26T06:26:49Z,13
Jungkook vocal 🔥♥️,@Gayatrimusmade-e3u,2025-02-05T17:54:40Z,12
Esque Jungkook! Best vocal,@mildredlux2598,2024-11-29T19:25:04Z,12
"As a bassist, I love the respect given to the rhythm section at the end",@a.a677,2025-05-05T04:24:57Z,12
Efootball vibes 😅,@radithyapratama1341,2024-12-02T13:52:39Z,12
Our jungkook talented king and the best singer in kpop is finally coming in next month. I really miss his weverse random live and also his TikTok era. I hope jungkook comeback with solo world tour and second solo album so I can see his again TikTok era.,@munmunsingha4026,2025-05-14T08:58:02Z,12
"Jungkook’s voice, the melody, the feeling , it’s pure magic. 💜 This song stays with the heart, always. 🫶🔥",@ritikasehgal1986,2025-06-15T14:58:19Z,12
Less than 2M to reach 200M. Are we ready for that milestone poster?,@ARMY_STREAM_TEAM,2025-08-06T21:47:03Z,12
Excelente canción. Muy buena calidad vocal.,@fernandoismaelquezadagarci6381,2025-04-05T22:55:53Z,12
i am cant stop my self to vibeing on this song,@RudrakshiSinghAdm,2025-04-12T20:59:49Z,12
"SNTY audio is almost at 100M, please help it make that milestone soon.",@sandybeap,2025-04-18T16:28:58Z,12
The MJ vibe! Phenomenal....,@MahnoorJamil-p1p,2025-04-12T13:31:57Z,12
"SNTY refers to the best traditions of pop. It is classic music, great vocals by JK, dance, emotions and the power of true love.",@maja9091,2025-03-15T09:54:35Z,12
The lyrics though. Damn. I cannot wait for 2025.,@PasionGirl20,2024-12-14T00:27:09Z,12
It's deep like DNA...,@purplearmy1233,2025-02-09T05:54:51Z,12
"This piece weaves together many musical genres, creating a captivating whole. Killer choreography and vocals at the highest level.",@maja9091,2025-02-05T15:57:31Z,12
Here after receiving the notification by jungkook on weverse im cryinggg,@bushraimran6929,2024-11-23T10:01:08Z,12
Let's give Seven it's fifth milestone and SNTY second milestone... fighting,@Still_Tannies01,2025-01-31T13:27:40Z,12
"In my opinion, this is the best and least appreciated song of JK's solo era. Vocals at the highest world level. What JK has shown vocally here is top-notch, and since he achieved this effect easily and almost imperceptibly for the average listener, it seems to us that this is an easy song. The text is simple, but it contains a huge emotional message that is not lost in the multitude of words and verses. And the choreography is a real masterpiece, created together with the best dancers and choreographers. And JK danced just as great as his dancers. I'm waiting for a new project from JK (at least one single). I am waiting, missing and supporting.",@maja9091,2024-12-12T09:02:02Z,12
"The song, the music video, and the composition are incredible. Thank you to everyone who put their heart and soul into this project. Special thanks to the director for creating a video that can truly be enjoyed. It's all so amazing!❤",@Аліна-з4я,2025-02-11T09:02:25Z,12
JK's voice tone and his incredible vocal skills make a huge impression in this song.,@maja9091,2025-05-17T09:19:46Z,12
"Me looking at the lyrics and realizing he was singing to his future partner when you listen carefully to part of ""i testify............they can't deny our love........ we'll stand the test of time""",@shashaiSherlock,2025-03-19T17:42:42Z,12
"Jeon Jungkook please take care of your mental and emotional health. Hugs for you, always.",@Music.lover1539,2025-03-11T22:29:53Z,11
He is literally perfect. His vocals his dance his looks his manliness and his charisma are out of this world!,@Zztori_,2025-01-20T14:50:56Z,11
"In 10, 20 years this song will still be relevant. JK has set the bar so high here in terms of vocals, choreography, charisma and lyrics that it's perfect. This song is not just a one-season hit.",@maja9091,2024-12-08T09:03:25Z,11
Get ready for another Official milestone within the next 24 hours... 'Dreamers' 400M is almost here!,@ARMY_STREAM_TEAM,2025-02-13T11:30:52Z,11
"El.sonido de está canción es emocionante,es una mezcla de elegancia con comtemporeneidad me es muy sexy",@aimaragonzalez-w7p,2025-04-27T20:38:46Z,11
"Tema único con todo incluido, canto, voz, baile, vocales es fenomenal",@Margarita-z8q,2025-07-15T21:44:04Z,11
"Streaming Golden showers us with so many of JK's colors, but SNTY beats strongest with the heart of BTS  :-)",@SusanMRS-be3dx,2025-04-08T14:34:31Z,11
He’s So Handsome! ❤ He gives me MJ Vibes!,@Olympiagurl66,2025-02-05T10:14:27Z,11
"THIS IS BTS Plylist on Spotify have 7.8M saves, when they all could support for SNTY then the maknae & this amazing release wouldnt need to wait long to reach milestone for his first solo song. Improve & get higher. His debut was amazing and deservs such pleasant first yr of GOLDEN moments. Have a blessed day.",@missyy291,2024-10-28T06:59:38Z,11
"Love that song, the groove is incredible! I made a full guitar tab with vocal arrangement for this one, it’s up on my channel if anyone wants to jam along",@Retabbed,2025-04-22T10:22:55Z,11
"Singing about deep devotion to another, so appropriate for Jungkookie with his heart.",@rainoflights3195,2024-10-21T22:41:47Z,11
"His vocals, the choreography and the visuals - everything is superb",@Still_Tannies01,2025-04-15T17:18:28Z,11
"Get ready for another JK milestone soon, as 198M 'Dreamers' at FIFA World Cup Qatar 2022 Opening Ceremony (BTTV) nears 200M.",@ARMY_STREAM_TEAM,2025-04-26T04:26:45Z,11
Unity! Everyone. ARMYs Fans Music listeners around the world eFootball teams and fortnight gamers and anyone can be standing next to each other. We are the beautiful and powerful force of music. Let’s go. Let’s stream. STANDING NEXT TO YOU. This is a grand song. Let’s support Artist Jungkook.,@loveofmusic4854,2024-10-12T15:25:18Z,11
Powerful singing dancing performance of Jungkook is due to his delicate touch of every small details with the amazing interpretation. Artist Jungkook is singing with his brain as well as his heart and soul. Jungkook thinks before he sings a song. Brilliance is the outcome of research and practice. Amazing Jungkook.  I respect Jungkook.  The best of the best.,@loveofmusic4854,2024-10-07T10:01:50Z,11
That's why he is the best vocalist ❤❤❤,@JecenudaJatau,2025-03-10T19:20:07Z,11
Coming from 98.2M 'Standing Next to You' Official audio. Get ready for another GOLDEN milestone!,@ARMY_STREAM_TEAM,2025-04-04T23:10:05Z,11
yeah its deeper than the rain and its deeper than the pain who wants to trade brains at this at this point btw I LOVE THIS SONG,@taejin-143,2025-04-08T15:05:38Z,10
Jungkook this song and its rhythm are amazing.,@zar-i6i,2025-06-15T11:18:26Z,10
Time to get our milestone poster ready for 'Standing Next to You' audio (GOLDEN album). Only 980K to 100M!,@ARMY_STREAM_TEAM,2025-04-13T09:04:00Z,10
hes vocal mannnnnnn nobody can beat him,@mano8585,2025-07-07T11:32:19Z,10
It's give me micheal Jackson vibes..,@hajve298,2024-10-12T20:05:00Z,10
"Amy Lee, of the rock band Evanescence, gave an interview last year that stuck with me, and I want to talk about it now, since people are getting both brave and showing a decided lack of comprehension. Amy spoke of being small, female, and young in rock music when Evanescence began, and that was why she was so determined to do EVERYTHING herself. It was a way to protect herself, as well as a way to control the musical output. Now, over TWO DECADES LATER, she says she doesn't have that need to ""prove herself"" anymore and works with many others on her music. Let's put this in terms of Jungkook. He recorded Golden for one reason, according to him: to show his voice/talents on different genres. He was ALREADY confident enough in his skills as a vocalist that he had producers and writers giving him songs to make the perfect album. Jungkook debuted with Golden BECAUSE he had nothing to prove EXCEPT his voice. He wanted — he CHOSE — to prove he was a singer and a performer. He already proved he was a writer, producer, mixer, vocal coach, vocal arranger, composer and even studio/session singer. He is already a full KOMCA member because songs he wrote are THAT successful and impactful. He proved what he could do behind the scenes. He wanted to NOW prove what a true singer he was. And that is so admirable, and so impressive, that upon his DEBUT album, he was so confident in himself that he chose songs like Standing Next to You and Somebody. That he wanted to show the world that Jeon Jung Kook is a SINGER first and foremost. So grateful to stan someone with such depth and breadth of talent, as well as such confidence.",@JeonJk-u6p,2025-02-08T19:21:34Z,10
"Jangkook, really you, 'golden macnae'! Your voice, lyrics, choreography, dance step- oh, it's really heart touching!",@MD.AzizurRahman-p2y,2024-11-24T01:19:07Z,10
Let's bring it to one hundred and sixty million. It deserves this milestone so much!,@chaedzamugoni8429,2024-10-06T15:41:32Z,10
Jungkook’s voice is beautiful and powerful. Te amo :) Let’s keep streaming. Golden Jungkook is King.,@loveofmusic4854,2024-10-27T21:59:20Z,10
More JK milestones are on their way... Don't forget Standing Next to You audio too. <3,@ARMY_STREAM_TEAM,2025-01-21T23:05:09Z,10
Fighting for Seven and SNTY audio for their milestone,@Still_Tannies05,2025-03-04T17:26:45Z,10
Let's go for more milestones!,@chaedzamugoni8429,2024-10-09T23:58:25Z,10
Golden Vocals makes me come back to enjoy this masterpiece,@saraali997,2024-12-16T00:53:55Z,10
"In the past few hours, 'Standing Next to You' has leap-frogged yet another position higher on our Top 12 playlist of BTS/Member MVs & audio closest to their next milestone. No.12 is also in danger as 'Seven' (Clean Version) audio also moves up a position closer to entering the list.",@ARMY_STREAM_TEAM,2025-08-04T22:18:22Z,10
Let's reach our milestone,@chaedzamugoni8429,2024-10-29T04:08:54Z,9
Gosh i can already see the 200m poster for this song already. Guys keep playing the song so that it reaches the next milestone,@chaedzamugoni8429,2025-06-09T07:11:30Z,9
"Jungkook, everyone loves everyone eager to return to your songs for your voice for your dance to perform your melody for the movements of what you want to help you.",@mohammadabese6400,2025-02-04T20:20:31Z,9
I really want him to be happy & healthy all the evil eyes stay away from him please universe always protect him Amen  . ......(๑˙❥˙๑),@Sofi0297,2025-06-18T16:48:33Z,9
"I really like JK's voice. When I miss him so much, I listen to Still With You, Stay Alive or Falling, 2U covers. There I hear his clear, warm and so wonderful voice and all the emotions. I wonder if JK will ever record an album with similar songs? I'm waiting for his comeback D-47.",@maja9091,2025-04-23T08:05:15Z,9
Upbeat song!,@chaedzamugoni8429,2024-10-23T07:07:11Z,9
Is it just me or it’s giving MJ vibes but with JK’s own twist. 🤭🫣,@andreea.t_bianca,2025-05-21T05:41:39Z,9
The king of vocal and performance,@ASa-k2u,2025-03-06T20:29:32Z,9
His vocal,@shreyajk9807,2025-01-14T07:23:49Z,9
Finally our kookie coming back in next months. Love you jungkook. Jungkook I miss your TikTok era and weverse live .,@munmunsingha4026,2025-05-01T07:03:53Z,9
"This mv, the song, his vocals, HIS dance moves (nothing against the other dancers, but Jungkook is just… so unique, his dance moves and energy can’t be compared), his expressions, his aura, his presence… ALL OF HIM. A living legend. I am so extremely proud of you my sweet Jungkook 🥹 i have been adoring you for 7 years, i can’t believe how fast it’s gone by… but I’m still here cherishing you so dearly and waiting for you. My feelings and admiration for you just can not stop growing. You don’t even need to do anything for me to love you except exist, and it comes so naturally. I love you so much, my forever artist. thank you for saving my life by singing, dancing and existing, as it makes me want to live longer and experience your greatness <3",@9O1DEN,2024-10-03T23:42:57Z,9
MJ vibes !!! So cool,@NiveditaN-e4k,2025-01-16T05:51:29Z,9
"Beautiful and Powerful ARMYs Fans Music listeners, Let’s go. Let’s stand next to each other and keep streaming this wonderful song. Magnificent MV. Standing Next To You.",@loveofmusic4854,2024-10-07T14:59:08Z,9
jungkook looks powerful and rich.,@sarakia1251,2025-03-27T06:09:00Z,9
Jungkook's Vocal is not Joke!!!,@Jeonjungkookie-97-y2e,2025-04-06T07:28:09Z,9
"March 9, 2025) We are so glad you and Jimin came to us Weverse! I love this song so much!",@crazygirl6078,2025-03-09T08:45:48Z,9
It's so satisfying to hear the high notes 👄🔥,@Belen_ID,2025-07-22T22:59:38Z,9
who's agree that jungkook is the best vocalist in korea,@user-io6wh6of7o,2024-10-13T07:36:29Z,9
its deeper than thr rain deep like DNA,@Hellouchral2384,2024-11-26T08:41:54Z,9
Deeper than the rain and still reigning :-),@SusanMRS-be3dx,2025-07-17T15:41:55Z,9
Best Vocalist,@TzuyuRunaway,2024-10-30T11:40:02Z,9
Jk voice is magical and powerful messages,@ReshmaAlfiya,2025-03-30T09:00:36Z,9
A unforgettable artist,@aisha-h9j8r,2025-05-28T02:00:48Z,9
The best vocalist 💓,@sogolnorouzi5895,2025-05-20T13:51:12Z,8
Let's reach one hundred and eighty-nine million as the next milestone,@chaedzamugoni8429,2025-05-28T21:50:23Z,8
"...his dance evokes so many emotions... watching him dance, everything seems possible and eternal...❤❤",@CToYo,2025-05-21T05:02:42Z,8
"I wonder if jk already reincarnated multiple times because this boy is too magical, he is excel in everything it is mind blowing. From the worst english to release many english songs like a native",@ketsugomu6t,2025-05-08T15:22:38Z,8
This is really the best song in the universe,@chaedzamugoni8429,2024-10-30T21:30:51Z,8
SNTY the powerful song from Jungkook,@chaedzamugoni8429,2025-03-01T11:41:49Z,8
HIS VOCALS !!!!!!!!! IM DYING,@krisha3858,2025-02-06T08:49:05Z,8
No one can beat His golden masterpiece,@sahaadevain868,2024-12-26T08:46:59Z,8
"I really miss him a lot. His music has always been a significant part of my life, and I sincerely hope he continues to release new songs. Every track he creates resonates deeply with me, and I find myself connecting with his lyrics and melodies on a personal level. It's remarkable how he seems to capture emotions and experiences so perfectly. In fact, I can honestly say there isn't a single song of his that I don't love. Each one speaks to me in a unique way, making the wait for new music feel even longer.",@86giorgiana,2025-04-03T21:32:18Z,8
"My heart is in pain for you Jungkook. How can your own company not acknowledge your milestone. You reach 2B in Spotify for Seven first but then they gave that recognition to your group. Jk, if your company doesn't treat you well, feel free to let go. We will always be at your back lifting you up 24/7. Media doing articles about your group, then disregarding your name and even omitted your picture is below the belt. You deserve to be respected and be treated fairly.😔",@KimberlyJeon,2025-01-16T04:22:49Z,8
Totally in love with JK’s vocals,@эльвираюсупова-ф3ч,2025-03-03T10:53:51Z,8
Be united people and get to the next milestone!,@chaedzamugoni8429,2024-10-25T19:37:36Z,8
This song will be unforgettable,@sibelselcuk83,2024-12-26T22:40:14Z,8
It's about time 'Standing Next to You' received another milestone poster. Less than 10M to go!,@ARMY_STREAM_TEAM,2025-06-08T19:47:06Z,8
1:55 His Vocal. Jungkook's Vocal is not Joke!!!,@Jeonjungkookie-97-y2e,2025-04-04T06:58:56Z,8
Keepin' MJ'S VIBE FOREVER ❤ BIG SHOT OUT,@diogojose3943,2024-10-21T13:54:55Z,8
"I love SNTY so much, such an amazing song. Jungkook's vocals are stellar ❤️🔥",@jungkookyoutube,2025-04-24T18:06:09Z,8
The rhythm for this song,@chaedzamugoni8429,2025-02-01T21:55:26Z,8
Angel JK Golden JK the Best Vocalist JK We are Standing Next To You. Let’s go,@loveofmusic4854,2024-10-30T12:10:20Z,8
You know it's deeper than the rain,@sofiatanak,2024-11-10T10:41:11Z,8
My best song I can gladly vibe to,@chaedzamugoni8429,2024-11-06T12:18:28Z,8
"couldn't leave without commenting, the vibe I am getting is lovely. Can't have a limit to my listening of this masterpiece🥰🥰",@noblesse200,2024-10-14T00:38:52Z,8
MJ vibes♥ love it!!!!,@alejandramendoza868,2025-01-21T16:02:29Z,8
his deep voice,@yrmonalisa,2025-08-02T02:06:44Z,8
"Have you support maknae releases on streamng platform today? Are y'all spotifying? Focus on SNTY, SEVEN, 3D & Dreamers which closer to a milestone. Most of his overall daily streams are above 7M streams. Look on these days streams, we could improve. SNTY deservs more than 1M daily streams. Let's giving our best support like other stan did. Have a blessed day.",@missyy291,2025-02-23T10:45:50Z,7
The best lyrics ever,@chaedzamugoni8429,2024-11-08T17:41:08Z,7
We see another 200M milestone poster coming...,@ARMY_STREAM_TEAM,2025-07-30T21:35:28Z,7
Jay Kay vibes!!,@crazydave3780,2024-10-20T14:48:02Z,7
Love this video!!🎼🎶🎵🕺..  JK is Fabulous singing ( love the lyrics) and the dancing is fantastic!! On my playlist!  🔥🔥❤️💖🩷💕,@vimann1,2024-12-20T15:50:33Z,7
13th time..we miss you jk..you really give us the mj vibe.❤,@8831marie,2025-04-13T21:29:34Z,7
"OMO… Jungkook-oppa just danced his way into my heart again! This MV is pure ✨perfection✨ — retro vibes, killer moves, and those vocals?? I’m MELTING 😭💜” — xoxo, MinA 💋",@lilparkmina,2025-06-07T08:46:34Z,7
Jk give me the Mj vibes,@Rafi-s2v9t,2025-01-27T19:24:25Z,7
This is unbeatable.,@ako390,2025-04-01T04:09:31Z,7
"""When it's deep like DNA.""",@DITI-77,2025-08-02T07:20:07Z,7
Standing next to you has surpassed the milestone of 1billion stream on Spotify 🎉,@PonnuPonnu-im9le,2025-03-29T12:13:02Z,7
This song is so painful go to this song lyrics deeply then I think you will understand that what I'm trying to say!!!!,@ASGAMERZ1123,2024-10-19T08:08:29Z,7
This song has such a  powerful love vibe,@mahyia658,2024-10-13T12:13:17Z,7
"This song need more recognition!!! Vocal, performance, music everything is perfect💯 💜",@M4thixz,2025-08-08T12:06:59Z,7
Vocal king !,@IOANAHARLISCA,2024-10-24T05:17:09Z,7
"Who is entering in 2025 with this smash hit, is blessed by those golden Jungkook vocals!",@97tinkerbell,2025-01-01T21:17:36Z,7
"I often hear this song in the mall and it sounds so cool, it gives me the vibe of travelling across the urban.",@jkt48.oline_m,2025-06-09T08:00:08Z,7
"GOLDEN first yr is comng withn a week. Our most support for his first solo song to reach milestone on Spotify would the most profound way of love & support from a fans to the talented, humble, mindful and incredible maknae. Lets gets highr",@missyy291,2024-10-27T06:26:48Z,7
"handsome mr,Jungkook ,congratulations for your promotion in military service.now you are more powerful than before so just get rest and force brother Jimin to work for you.later you can buy him alcohol.but Jungkook is protecting himself and Jimin so it is so hard.i am really curious how big is Jungkook Sixpack and how much hair he has.i hope he can become bald again.kiss for beautiful Jungkook.my friend Jungkook please always know your worth and value and be happy.have a nice day my amazing singer and my powerful boyfriend Jungkook.kiss for you.",@sarakia1251,2025-02-27T23:26:18Z,7
This is too powerful.,@chaedzamugoni8429,2024-11-16T14:33:19Z,7
Let's bring this song to the next milestone fam! Let's go!,@chaedzamugoni8429,2024-11-02T14:53:33Z,7
Take this song to a higher milestone!,@chaedzamugoni8429,2024-10-16T09:32:11Z,7
Almost at the milestone. Let's work harder,@chaedzamugoni8429,2024-11-13T19:28:21Z,6
The vibe>>>>>,@sekuvkd,2025-04-02T03:03:35Z,6
The dance+vocal+visul=Awesome,@earthling04,2024-10-25T16:29:16Z,6
Congratulations on another milestone - 155M - from all the fans standing next to JK :-),@SusanMRS-be3dx,2024-10-25T22:25:33Z,6
"jungkook's vocal runs drive me crazy, i need more songs with RNB, soul, bro you're MADE FOR THIS",@cardcaptortaehyung-fy5xn,2025-07-24T14:16:47Z,6
Giving me Justice / Madeon vibes,@AFKmusic52,2025-03-22T12:13:31Z,6
Damnnn still getting chills in Nov 2024💜💜💜 my boy’s mic was on and he was dancing all out never missing a beat and still nailing his runs and high notes 🙀🤯🤩 get it JKAYYY🔥,@btspolyfan3206,2024-11-27T11:16:58Z,6
Go JK! Standing Next To You. Deeper Than The Rain.,@mason7324,2025-05-20T00:14:32Z,6
This song is such a vibe <33,@txtKiyomii,2025-01-31T10:08:18Z,6
Magic 🪄 vocal,@Shakibastrong,2025-07-29T23:22:11Z,6
"Is it my imagination, or does it have a bit of Jackson vibe to it, it's perfect!❤❤",@林鴻儒-q4e,2025-08-07T14:31:28Z,6
MJ Vibes ♥,@momita35,2025-02-11T20:16:31Z,6
great beat,@Soul_serenades1,2025-06-13T01:43:55Z,6
Bro nostalgic 😢,@raphaelcolombini5347,2025-03-09T22:53:54Z,6
This song give Micheal Jackson songs vibe,@Army-always7,2025-05-28T13:54:00Z,6
I just returned  to the song  again to hear  his vocals  is so unique ❤,@marwaosama947,2024-10-07T09:31:54Z,6
Jk proved that  he is better than the A.I.have you watched his last live on weverse?the A.I couldn t convey the jk's feelings and his incomparable humanity💜,@Empathie68,2024-12-22T07:37:47Z,6
vocal anesthesia,@ozgurbalbay2433,2025-05-27T17:06:42Z,6
this gives me MJ vibes 😳👏👏,@fergieesmirelda8952,2024-10-15T00:56:11Z,5
I cannot pin point what melody this song is interpolating but it feels so familiar I know the samples but it’s the hook “standing next to you” that feels nostalgic.,@sabalidaye,2025-06-06T02:20:47Z,5
"It's almost at the next milestone, keep playing",@chaedzamugoni8429,2025-02-23T09:07:06Z,5
Who know this song lyrics 🌚😂,@amitkumar-kx4um,2025-06-27T06:50:44Z,5
Whole vibe is like mafia Jeon Jungkook impressing mafia Kim Yn,@Yizhanrizz,2025-06-01T04:58:12Z,5
Efootball Vibes ⚽⚽,@Dongargolaare,2025-05-08T00:24:49Z,5
JK's upcoming audio & MV milestones are lining up... So excited for you.,@ARMY_STREAM_TEAM,2025-05-25T02:28:48Z,5
❤❤❤ The lyrics is so on par! Thank you! 😊,@yco3457,2025-06-07T15:32:40Z,5
"As someone who keeps track of MVs closest to their next milestones, I can hand-on-my-heart say that every day a JK song moves up to the next million. 'Standing Next to You' audio is currently very close to entering our Top 12 closest to milestones. Another MV to watch out for: 'Dreamers' FIFA. Get ready for more JK milestones soon...",@ARMY_STREAM_TEAM,2024-12-30T03:14:38Z,5
My love for you is deep in my DNA,@nalsalicasitepu7419,2024-10-26T15:27:05Z,5
"Focusing on SNTY, Dynamite and Haegeum for next milestones",@Still_Tannies01,2025-07-30T14:17:47Z,5
all that suit giving him Korean's Tom Cruise vibes dang it,@chocobanana3742,2025-06-08T13:51:55Z,5
Mj vibes…,@AslamMuhammad-o8g,2025-04-24T10:21:36Z,5
Awesome beats...Great funky beat❤,@IrmaFlores-i3h,2025-01-20T02:32:40Z,5
"This  masterpiece hits differently every time 💜The vocals ,the vibe ,the magic . Jungkook ,you never  fail to amaze us 🫶",@rajeshsehgal4024,2025-06-15T13:34:17Z,5
It's deeper than pain..,@Jms._park._7,2024-12-28T12:41:25Z,5
It gives MJ vibes,@amalbessou3372,2025-01-23T16:40:29Z,5
yo know it's deeper than the rain,@tamannahaj474,2024-11-08T12:43:38Z,5
No one can beat our golden maknae great work kookie❤❤❤❤,@faisalphotostatshakoor5192,2025-04-12T09:00:13Z,5
"This song hits different. The way Jungkook carries every note with so much emotion and power — it's like he's singing straight to the soul. ‘Standing Next to You’ feels timeless, like something you'd hear across generations. The performance, the sound, the vibe — everything is just real music. Thank you, Jungkook, for putting your heart into this.",@JkScener97,2025-06-09T16:15:28Z,5
My ringtone,@bindiasookoo3501,2024-10-26T20:17:38Z,5
MJ vibes <3,@umajessika,2025-01-03T13:17:02Z,5
Mafia King Vibes 🔥🔥🔥,@ladychim2772,2025-05-07T07:59:30Z,4
"The rock vibes, chefs kiss",@lorenamoreno2950,2024-10-25T04:10:16Z,4
"Ot7 Army stream ""Blood Sweat and Tears"" it's so close to 1B milestone..... Fighting!!!!",@winterbear09_07,2025-03-28T07:00:38Z,4
You know its deeper than the rain,@Army-always7,2025-04-10T09:12:46Z,4
I am getting major dpr ian vibes from this video,@kpopandanimefan123,2024-11-17T19:18:46Z,4
I always think my heart beats a lot when I dream and what is the reason.Now I know the reason is pretty jungkook.Jungkook is playing in my bed so my heart beats a lot.I love my king jungkook.,@ShokoohTaherinasaj,2024-11-11T18:07:52Z,4
I love the mj's vibes.,@Mich-elle777,2025-02-17T09:09:54Z,4
Love the beat,@VidO-k7i,2025-03-22T14:39:59Z,4
The most powerful dance I've ever seen,@Nbatbaas73jk,2024-12-13T08:12:17Z,4
Is anything deeper than the pain ...i think no,@Litreraryheart,2025-05-26T15:25:44Z,4
Is it just or does this gives vibes similar to MJ's (DANGEROUS) song 🤔 whatever it is ...its a MASTERPIECE ❤️,@HananHani-q5j,2024-12-19T15:34:39Z,4
deep like DNA~,@mmnb-m2r,2024-10-28T16:54:50Z,4
When it's deeper than the rain,@chaedzamugoni8429,2024-11-03T05:41:15Z,4
Let's take this MV to a higher milestone. Come on keep playing,@chaedzamugoni8429,2024-10-13T06:27:06Z,4
Thank you for your love letter yesterday on Weverse Jungkook. We love you so much and HAPPY JUNGKOOK DAY today 🎉,@MitaBrite,2025-01-09T04:25:51Z,4
"Most enchanting melody & voice, Jungkook forever <3",@Ana-uz9oq,2025-01-17T17:24:38Z,4
Something about this song is giving me real great vibes here,@chaedzamugoni8429,2024-10-25T06:03:32Z,4
"❤❤❤Dear BTS legends, nothing can harm you nothing can hurt you, you have sacrificed enough for your success, no one can fall you down even how many times they tried they are just micro thing but behind you the universe bless you, love you to the fullest and awaits for you. SUGA you had hard time but not anymore. Never give up like you guided us. ❤❤ I have never seen you except photos and videos, but I see you all in my heart. You all pure souls like 7 angels. LOVE, INNOCENCE & KINDNESS always wins. Love from Sri Lanka 🇱🇰🇱🇰🇱🇰🇱🇰🇱🇰🥰😘🤗",@TravelSL-s,2024-10-28T10:56:45Z,4
1:45 look at JK logo in the wall looks like slave to the rhythm live stage design,@Mr.Storyteller-u,2025-03-11T19:55:10Z,4
Jungkok giving me different vibes ah.,@Extra-q5j,2025-02-15T16:30:14Z,4
It will leave you feeling nostalgic!!! 🔥,@Ghost150.1,2025-05-11T11:44:35Z,4
"Jungkook is powerful and beautiful,Jungkook is amazing.French kiss for jungkook.Have a nice evening.",@sarakia1251,2025-04-01T07:55:04Z,4
"can anyone tell me what type of this song is pleaseeee, it sounds so familiar with the vibe of 1900s' music",@nganguyenquynh4480,2025-07-04T15:51:47Z,3
Bruno Mars mixed with Weeknd vibes.,@dmitriyobidin6049,2025-07-20T12:25:33Z,3
What about jungkook song lyrics i think so amazing lyrics,@IkbalKhan-r7x,2025-07-30T15:59:57Z,3
The MV is giving “Mafia” vibes 🤌🏻,@kavya.thisside,2024-10-18T15:20:20Z,3
"My sweet sweet, sweet Angel, Jung Kook!!! My heart is squeezed with tenderness and love when I hear and see you!!! After your poignant and touching letter that you wrote on Weverse, my heart broke into many pieces from pain and joy at the same time!!! I'm crying with happiness that you wrote to us!!! We also miss you very, very much and are looking forward to counting the days and nights until your return home!!! Even in our dreams, we see you all together!!! But I know we have to be patient a little bit and all our dreams will come true!!! We will see and hear you all together again, and our Purple Universe will shine with all the colors of the rainbow!!!!My sweet, gentle and golden Jung Kook, please take care of yourself, don't worry your soul, be safe and never be sad!!! After all, the dark streak in life is always replaced by white, and after the most terrible storm, the brightest rainbow shines!!!Everything will be fine!!! May your military service fly by at the speed of light, and you will all return to us safely!!!With love!!!",@AsiyaAnastasiya,2025-02-15T12:35:07Z,3
Me dancing to the song ignoring the lyrics,@LeandroKabenda,2025-06-29T21:44:37Z,3
This gave me blood sweat and tears vibe deja vu,@cairoazzahra2437,2025-04-07T09:28:36Z,3
Vibe 🫦✨️,@Minadria.mia90,2025-08-09T10:07:01Z,3
Just imagine Rosé and Jungkook in the same project… Both express so much emotion through their voices. It would be a stunning duet 🎤💗,@berwqqnn,2025-06-11T22:01:17Z,3
Question. The adlibs “all night long we flock to this” sounds like taehyung lol. Was that ever said if tae did do it or is it JK in a different pitch?,@aleexx5261,2025-02-03T21:29:57Z,2
"Are those tattoos on his arm temporoary, or is that his actual ink? I like it either way.",@Mk-gk3wv,2025-04-02T00:40:44Z,2
"Essa música apareceu pra mim donada denovo depois de um tempo, e agora ela machuca.",@KalebeBegoRocha,2025-02-21T05:13:54Z,2
the sound beat is used before...same song vibe..,@ratri-f6v,2025-07-19T07:05:04Z,2
Can JHope say the lyrics of this song like it's a poem? I feel like it would be so cool.,@iguaran82,2025-03-09T03:44:24Z,2
The rhythm is perfect,@Sohamaris,2025-07-17T12:38:49Z,2
"One of my favorite songs, I love its rhythm, 💜💜💜🥰🥰",@AnaAdán-t4o,2025-08-07T06:14:10Z,2
Love and high vibes.,@rainoflights3195,2024-11-07T03:44:40Z,2
E football 25 vibe 😊,@1million167,2024-12-22T14:29:36Z,2
Jungkooka you notes my taxe,@jercyselviselvi3470,2024-10-05T17:54:45Z,2
Started listening to align of songs after listening to 7 days a week and oh my gosh this was written by him I never knew this was his song only ever heard the chorus 😂,@ZhanLove-s6t,2025-07-01T15:45:31Z,1
"Мой милый милый, милый Ангел, Чонгук!!! Моё сердце сжимается от нежности и любви, когда я слышу и вижу тебя!!! После твоего пронзительного и трогательного письма, котое ты написал на Weverse моё сердце разбилось на множество осколков от боли и от радости одновременно!!! Я плачу от счастья, что ты нам написал!!! Мы тоже очень-очень сильно скучаем и с нетерпением считаем дни и ночи до вашего возвращения домой!!! Даже во сне мы видим вас всех вместе!!! Но я знаю, надо потерпеть совсем немного и все наши мечты сбудутся!!! Мы вновь увидим и услышим вас всех вместе и наша Фиолетовая Вселенная засияет всеми цветами радуги!!!!Мой милый, нежный и золотой Чонгук, береги пожалуйста себя, не береди себе душу, будь в безопасности и никогда не грусти!!! Ведь темная полоса в жизни всегда сменяется белой, а после самой грозной бури, сияет самая яркая радуга!!!Всё будет хорошо!!! Пусть ваша служба в армии пролетит со скоростью света, и вы к нам все вернётесь в целости и сохранности!!!С любовью!!!",@AsiyaAnastasiya,2025-02-15T11:43:42Z,1
Feel. The Lyrics 😅😮,@MeerabFatima-l9t,2025-03-26T15:29:03Z,1
JK MON BIAS D'AMOUR BEST VOCALIST,@AuréliaLeRoch,2025-08-08T16:46:16Z,1
this gives trouble maker vibe,@snehchao8042,2024-11-18T22:22:10Z,1
The rhythm of this song reminds of another song!? I just cant put my finger of the song,@enockkaisala1936,2025-05-24T07:47:59Z,1
lyrics❤‍🔥,@rimi4651,2024-12-20T19:44:54Z,1
efootball vibes 🗿,@vinhvaohvuoh8432,2024-11-03T04:18:06Z,1
Worst song,@SumitKumar-wp9dy,2024-10-12T04:37:41Z,1
The song is fire but who wrote these shety lyrics? It’s like they asked AI to write lyrics about funk and love😔,@brokenbiscuit1557,2024-12-12T16:30:47Z,1
I am trying so hard not to say that the woman in this video isn't supposed to be Blackpinks Lisa😂😂😂 Like listen to the lyrics in the beginning closely. It's giving a 'Forbidden Love' vibe which would be the perfect way to describe any type of relationship between 2 kpop members of separate groups. ❤❤❤,@MiriamC-w2r,2025-06-13T12:25:29Z,1
Vibes old,@CREWSAKANN,2024-10-09T21:40:40Z,1
"mind-blowing & jk awww speechless ☠️💗No one can beat bts members when it comes to music video, dance, fecial expression alllll ufff🤌🏻💗🥹",@milnazvlogshorts,2024-10-13T10:33:37Z,1
So catchy 😭😭😭😭💗💗,@NicoleObrein,2025-07-17T02:42:55Z,1
He always gives mafia vibes 😅,@komaldeep-kx3dj,2025-01-02T15:30:12Z,1
Heyyy have u all ever noticed this CRAZY detail in this MV. look at 2:57  TO 3:12 over here u can see the guys fighting / bodygaurds fighting but it is in REVERSE and the guys are retreating after fighting is also REVERSED . I cant believe that i found it sooooo proud of myself 🤭🤭. THIS PROVES THAT ARMYs HAVE EAGLE EYESSSSSS......💥💥. HATS OFF TO THE EDITORS BUT THE ARMYs HAVE EAGLE EYES 😉😉,@Fazzilet-r9d,2025-02-13T07:24:27Z,0
The lyrics 😭💜,@ashleyder9164,2024-10-25T04:05:37Z,0
Efootball 2025 vibes....,@Gustavo-q4b9r,2024-12-26T22:10:15Z,0
Apt apt apt......😂😂😂😂  jungkook  kicked jennie  rose  beat them harderrr..... 💪💪 & win this award  .👑 king behaviour 👑  ...... 🏅🏅🥇🏆🏆🎖🎖,@Alice-j8m3u,2025-08-04T13:22:20Z,0
"That song sounds Sonic the Hedgehog related music vibes, but awesome. 😎👍",@YamirValdez-w3d,2025-07-08T02:48:27Z,0
The lyrics ☠️💀🌚,@Zuelie_24,2025-04-16T09:30:51Z,0
Does this song give Madeon vibes to anyone else?,@ripdoinksinamish,2024-10-23T15:50:34Z,0
What a worst song 😖😖😖🤢🤢😵‍💫👎👎👎👎👎,@AbhiSaigal-pn7rx,2024-10-07T13:44:21Z,0
Did anybody else understood only 30 % of the lyrics? 😐,@BI-HANyt,2024-11-21T01:58:47Z,0
Worst,@sukshamkhajuria3354,2024-10-17T11:19:13Z,0
LOVE THE SONG .................. BUT THE LYRICS????????????????????????????,@praneetha-o8m,2025-03-26T06:48:37Z,0
what do the lyrics even mean,@warmfrost1,2024-12-12T01:49:40Z,0
