comment,user_name,date,likes
One of the hardest intros with the beat and the video.,@keatonwastaken,2024-06-07T17:45:43Z,1581
21 gets the craziest beats. Sheesh this instrumental is straight RedRum,@andrewsmith3257,2024-05-15T05:57:26Z,1229
This beat with this Brazilian baseline is stuck in my head!!! What a track!!!!!,@ETDEVARGINHA77,2024-05-18T11:09:12Z,576
"21 savage, this album has single handedly cured my dads cancer, got rid of my mums drinking addiction, made me a better person, this album was such a masterpiece when i first listened to “nee-nah” i cried with how amazing travis and your verses were, 21 savage, thank you so much for making my life better by dropping this madterpiece of an album.",@pringlwee,2025-01-10T09:43:30Z,259
"Redrum is straight-up sinister. 21 Savage glides over the eerie beat with his cold, calculated flow—no wasted words, just straight pressure. This one feels like a warning, like he’s talking straight to his opps. Dark, raw, and relentless. Classic 21",@ThroneAsphalt-420,2025-02-21T07:03:10Z,220
"Did you know 'redrum' spelled backward is 'murder'? The song they sampled is a Brazilian classic, Serenata do Adeus by the legendary composer Vinícius de Moraes. What's crazy is that they chopped it right on 'Adeus!' which means 'Goodbye!' adding even more intensity to the vibe. 'redrum' is also taken from the movie The Shining, where you can hear 'Johnny' played by Jack Nicholson, along with the huff and puff part at the end of the song.",@abnethussien9288,2025-07-11T15:10:29Z,178
"The amount of effects and the production team are worthy of an oscar, the editing is crazy and the time it probably took to record this whole videoclip is what gives us this masterpiece by 21",@iancofreramirez5237,2024-11-07T08:46:09Z,122
I love the flow and the outcome of the music video It perfectly allings with the beat.,@Lennychoppa,2025-02-26T06:17:08Z,32
hardest beat on album,@purplethoughts305,2025-04-02T20:58:46Z,20
"100 times playing this music, still get same Vibes",@riteshrai1706,2024-05-24T15:34:54Z,12
99% beat 1% lyrics and this bangs...,@DejvidR6,2025-01-16T12:16:32Z,9
The best beat ever made❤,@haiderfaisal098,2024-05-19T11:06:46Z,8
The beat go hard AF and so do my guy👍,@ThismyYTchannel,2025-06-28T11:07:10Z,5
Basic  rhyme schemes. Too bad they wasted such a good beat.,@tarnowskidavidk,2024-05-29T00:08:20Z,5
0:47 the voice reversed,@Crelle-k9y,2024-07-09T06:29:27Z,5
If they don't stop playing like this ain't one of the Hardest Joints in 2024 and 2025....❤❤❤OMM I'm in whole love with it😜🤩😘🤠😎..Crazy beat and sick ass Flo...lets git it Big 21 21!!!!!!!!,@MarcellaHillard,2024-05-09T13:51:10Z,4
😮 fire 🔥🚒 beat 🔥❤,@tiffanywiley6736,2025-04-09T18:59:06Z,4
Leaving this comment as a sign of respect for this masterpiece song & the eerie background + beat 🎯,@pomelo1767,2024-05-19T15:02:21Z,3
The beat goes hard,@pablonunez769,2024-12-03T17:20:38Z,3
"Nah when the beat day ""BAJI"" 😭👌🔥",@realgeeker1,2024-08-04T03:06:49Z,3
"The year is 1632, This melody is most wondrous, a true marvel to the ears, crafted with rare brilliance.",@HasmulaBToxic,2024-09-25T06:34:40Z,3
"Bruh these southern inspired beats/samples are beautiful. Like, even just the instrumental with the female vocal sample could make you cry if done right. Great job",@maryssalynnemedley8871,2024-07-07T04:59:15Z,3
basic ass lyrics,@woofwoofdawg,2024-05-06T10:29:13Z,3
This beat is so dope so much potential,@travisphelps3602,2024-09-14T15:34:59Z,2
This beat is cold asf gang,@LBM44,2025-02-13T10:20:15Z,2
"What a fucking waste, he ruined this legendary beat",@davehakimi,2024-10-07T13:20:28Z,2
HARD hipnotic Vibes here man 💥💥🔥💥🔥💥🔥💥🔥💥🔥💥🔥💥🔥💥,@waxondabeat666,2025-05-25T16:58:28Z,2
"21 savage stepping up his game!!🔥 not saying that he wasn't in the game before, the man beats, videos and bars are excelling everytime.",@inshorelord9343,2024-06-11T18:18:48Z,2
"It's wild how back in the 60s the Beatles would sing like Americans, and now we got English rappers sounding like American rappers",@666s8n,2024-12-30T20:48:30Z,2
These UK 🇬🇧 🏴󠁧󠁢󠁥󠁮󠁧󠁿  rappers do some fire beats... 😅,@DJReyzor357,2025-01-21T01:15:59Z,2
"21 better give his producer a raise. He can’t rap for shit, but the beats overshadow how bad he is.",@TheShaming,2024-05-29T03:34:52Z,2
The intro to this song is one of the hardest of all time. When the beat comes in... LONDON WAS IN HIS FN BAG 🔥,@SeeingSebastian,2024-06-04T09:42:32Z,2
Beat hard,@THE_banana_BOYS,2024-05-20T22:49:35Z,2
The only lyrics I ever remember is pussy,@zensuko7417,2024-08-20T14:19:40Z,2
0:21 just gave me a good vibe of having a good day,@Spideybro2357,2024-12-24T17:59:30Z,2
Let me hold this beat though,@matthewstamps6314,2024-06-16T18:45:29Z,2
Who produce beAt 😵‍💫,@Real_Irfanpathan,2024-11-18T09:48:36Z,2
That beat drop go crazy,@backshotbarbie2035,2024-12-04T21:20:39Z,2
"My lil br,....beat a  b..... Okay!!!!!!!;!!!",@TrueSpeed-e4y,2025-08-05T08:22:13Z,1
Check my remix on this beat i from india thank you 🔥 shoutout to the London on the track 21savage,@vrazzmusic,2024-07-02T04:44:03Z,1
"People love this song because the beat is so LEGIT. 21 Savage on the other hand is so ass, I put that intro on repeat way more than listen to the whole song.",@Gelos.,2024-06-22T07:49:23Z,1
Annoying he didn’t get the OG redrum on as the feature shout out R6,@triiicki7609,2025-04-10T00:46:44Z,1
21 lame I just like the beat,@tonytone1395,2025-06-18T15:25:49Z,1
Cool beat to dance to,@TorturedNearDeath,2024-12-04T16:29:35Z,1
❤ his beats ❣️,@alexandrae.1811,2024-07-25T23:54:27Z,1
I was wondering how 21 was go on that beat. Then the hardest beat drop of the century hit,@Article0698,2025-03-05T22:01:28Z,1
ngl after listening to Kendrick the lyrics are...... im here for the beat 💀💀,@PerfectlyFunctioningAI,2024-12-01T05:32:19Z,1
Beat brasil 🇧🇷,@LucasSilva-se5gg,2024-06-12T12:52:47Z,1
Nvm beat is the only thing hit here☠️,@tomvpac1521,2024-07-01T18:40:11Z,1
Kanye would go crazy on this beat,@cistexpp,2024-11-22T03:45:02Z,1
Underrated; Stoners unite!,@foxtrotter6605,2025-02-09T15:36:55Z,1
Song trash but i love this damn beat for real,@coachkoba,2024-12-07T00:03:53Z,1
Beat make 88mln,@Monika-n5y4w,2024-10-08T16:37:30Z,1
Best beat out this year rest of these songs that came out this year sound so boring,@brandeno919,2024-07-03T10:13:52Z,1
"This guys whole last verse basically was saying pussy, this yal favourite rapper? Shits terrible. Almost like a spoof video",@RickyWillis-rh5xp,2024-07-10T23:04:26Z,1
gave you this sick ass beat and that's the best chorus you could come up with???,@DefNotABotBeepBoop,2024-07-25T08:40:35Z,1
Falak beat,@mateszanyi310,2024-07-02T11:43:08Z,1
Man now this shows up instead of redrum reverse,@bloofrozenmonkyes5698,2024-06-12T01:45:36Z,1
Hey kikki beat?,@Will-yj4fg,2024-09-13T19:40:21Z,1
Man this man a genius ....redrum ..this beat changed not 😮..redrum 🙌,@OFFICIALGAMINGHUBPUB001,2024-05-09T09:58:46Z,1
Galing solid japanese trap beat 🔥🔥🔥,@gatdeym,2024-11-19T04:23:28Z,1
Dude murdered that beat literally cause redrum backwards is murder. 21 is smart fr🔥🔥🔥,@bennytheballeroneyt19,2024-12-10T04:41:56Z,1
0:20 beat drop,@ColeEoh,2024-07-19T23:40:38Z,1
People don’t get what he means redrum murder see it’s redrum in reverse,@Thatboiuzumakiedits,2024-05-16T06:26:02Z,1
This beats fire 🔥,@AmberCoy-j5e,2025-02-28T23:17:55Z,1
Nursery rhymes 😂beat hard tho,@dapperdon5428,2024-05-12T16:40:43Z,1
Nahhhh this is bigger than Nino Brown lol but it really does sound deeper than it it,@charliecorleon,2024-07-14T11:30:50Z,1
Who made the beat❤,@adab4216,2024-06-23T01:09:08Z,1
This beat is so hauntingly beautiful and yet so hard asf,@thisisntmyceiling,2024-10-02T23:04:10Z,1
These niggas real life making the same song over and over lmao. These niggas be nothin without these beats,@lordmavbmp,2024-05-31T15:43:29Z,1
intro beat drop is godly.,@Cr1sOnTop,2025-01-14T14:22:31Z,1
Beat 💥🔥🔱,@zx-knight,2025-07-07T11:54:23Z,1
"Drake is a snitch 21, you gotta change the lyrics",@RebelZoe1804,2024-12-01T17:32:35Z,1
"Most black women in America don't want safety. They'll date the worst black men and create his offspring, then want us black men who they've been calling ""lame"" to fix it all.",@jamesross1798,2025-04-14T12:50:04Z,1
"This is actually one of Metro’s hardest beats , sheesh",@rogueone9303,2025-02-06T05:57:42Z,1
"Someone get me out of the psychiatric ward please....  At St. MICHAELS IN DOWNTOWN TORONTO. I deserve to live and be free.... Whenever i put kendrick or 21 savage and start vibing they say im maniac again... I can beat them at any game, argument or fight. Im totally in my senses",@Bhussainshoots,2025-01-04T20:02:16Z,1
Love this beat,@lifewithq9755,2024-09-07T14:29:18Z,1
Dude that outro is so annoyingly goofy I cant stand it. Song's really good though.,@theduck7346,2024-09-29T09:39:52Z,1
Vibeeeeeeeeeee🔥🔥🔥🔥🔥🔥🔥🔥🔥🔥🔥🔥🔥,@Chirag_1609,2024-08-10T20:14:50Z,1
Imagine this beat with an actual good rapper 😭😭,@chubyroo,2024-07-13T23:17:58Z,1
Good song and the lyrics are the best boi,@RahmaSlimani-gh1jk,2025-07-07T19:50:51Z,1
Yo why does the beat go so hard?,@yanipro3978,2025-03-14T18:16:13Z,1
"F£ck$£G Gangster 🎵🎹🥁E THIS,  THE BEATS ARE SICK",@mikeylazokUkraineupdates,2024-12-02T04:01:41Z,1
horrible lyrics,@hanspeter7843,2025-02-19T17:03:43Z,1
RUMRED = MURDER  OR  YOU CAN PUT IT THIS WAY IF YOU    IF U SAY :  RED.  RUM.  REVERSE OR SPELL IT REVERSE ITS PRONOUNCED=  MURDER.,@LokoMahn,2024-12-05T07:06:48Z,1
Yall redrum and redrum reversed is murder,@TinHead_z,2024-06-17T04:31:37Z,1
Cant get this beat out my head,@mcmenace1arizona68,2024-05-19T21:26:11Z,1
Do you lv the beat,@DerrickWalker-le7iw,2024-05-07T17:29:11Z,1
cara meteu um vocal brazuca slc sabe muito 🇧🇷❤,@_00.h08,2024-07-09T16:22:18Z,1
Rolling with the nines vibes,@lucianoconstante3492,2024-06-30T18:59:40Z,1
No worries beat fire 🔥 👌,@MichaelGillis-k5x,2024-06-29T13:39:32Z,1
Beats hard the rest is absolutely trash,@caseymckenzie8065,2025-04-02T23:52:35Z,1
Hardest beat ever,@Joystickoperator,2024-09-04T00:05:47Z,1
"a beautiful beat ruined by a mid ass artist, spitting nonsense cuz he notorious",@adelhammou63,2025-07-10T02:33:10Z,1
One of the worst samples and the way is used is absolutely horrible.,@strykerls3740,2025-06-23T20:21:03Z,1
"Love this song, The video and the one with Young Nudy with that dark beat from Pierre 👹🇵🇷🩸🚩📿🤟🏼👍🏼☠️👎🏼👌🏼 *ꪹꫀᦔꪹꪊꪑ🩸*",@MattyGeneric,2025-03-29T05:23:14Z,1
cool beat but trash lyrics,@ThundahClap,2024-12-13T15:35:50Z,1
i don`t like it but love the music video vibe,@lolo_corellein,2025-01-10T05:56:23Z,0
Beat 💯 Bars 0,@endlessroad6937,2024-08-27T01:54:28Z,0
A$AP ROCKY vibes!!,@suguitangodofredo208,2024-10-18T11:00:28Z,0
Catchy song after listening to it so much at Mania and Royal Rumble,@kerry53421,2025-04-21T15:08:50Z,0
"A pretty good trapper is BELLO FIGO and Italian, examples of contemporary art I DON'T PAY RENT, I EAT PASTA WITH TUNA AND CORONAVIRUS❤❤❤❤❤",@sigmadiokebab,2024-08-27T23:49:09Z,0
"What a waste of a phenomenal beat, idk for the life of me how 21 is famous- boy had 1 good verse his whole career",@andrews4315,2024-10-02T11:49:17Z,0
redrum reversed is murder,@DrxppyAMV,2025-01-16T21:04:26Z,0
read song name in reverse,@shivakanchi,2025-03-08T13:39:00Z,0
21 Savage voice match other beats besides drill music beats. This proves it. dope indeed$,@aarongray5466,2024-09-23T04:46:21Z,0
"This beat is hard as fuck, but this flow…😖 Why does he look so uncomfortable? I don’t believe him..whether urrythang he’s sayin is 💯…he don’t look believable, his flow don’t sound believable, his whole drip is just, unbelievable. No matter how many times I’ve tried to see what people mean when they say 21 is dope, I always leave disappointed and reaffirmed… 👋😝",@DrewJersey2024,2024-11-23T03:46:21Z,0
Woman vocal is wonderful,@namesurname1542,2025-03-28T02:51:16Z,0
So bad lyrics but great Beat,@7odaz,2024-12-09T14:14:05Z,0
Is the chorus saying oppy,@TuesdayDavis-v6f,2024-12-31T23:09:08Z,0
"Nah bruh! , to that guy who threw a middle fingure... 😅 Then 21said, and Im in London.. PARENTAL Advisory Explicit Content for real... This intro is catchy though 😊can't get over it.... 2024!!!",@menzitami1929,2024-07-20T21:44:59Z,0
DOPE BEAT 🪘,@luigistop121,2024-05-26T14:55:35Z,0
My lil brother beat his body O.J 💥💥💥💥💥💥💥💥💥💥💥💥💥💥💥💥💥💥💥💥💨,@GDG031,2024-05-16T17:50:21Z,0
STILL GOING MAKING A BEAT,@Nicolas-d6k,2025-02-04T22:22:27Z,0
Wicked beat. These idiots rap like little girls. Its soo bad,@DJ_Mixes_808,2024-08-15T01:48:46Z,0
Maybe in alone on this but like the songs lyrics are as mid as they come…. But maybe one of the best beats in hooks like ever. When that beat drops and savage says his first couple lines I’m so fucking hooked lol,@andynason1606,2024-11-08T10:41:08Z,0
drop the lyrics......on yt,@ashburner008,2024-11-20T20:55:17Z,0
Beat hard 🔥,@anwarfields2302,2024-06-21T16:51:27Z,0
21 is so slept on but he better stick with @metroboomin bc his complex cray beats were made just for 21 IMHO!?!,@KhalilSadiq-pw1ft,2025-01-10T12:52:41Z,0
Ozm song but will anyone explain all the lyrics like does redrum symbolize blood ?,@29_roshanthomasmathew78,2024-12-28T18:43:27Z,0
I love this rhythm very nice 21 Savage his rapping skills is very outstanding blunt smoke,@pureromanceable,2024-07-11T16:15:06Z,0
The beat goes so hard and the lyrics just don't hit.,@LucidDreams421,2024-12-17T20:38:19Z,0
First thing I enjoyed was redd rum loose leaf boy I aint capping I sleep right in front of the street i be laughing I could ride on them I stay outside wit em and i force myself and fake being broke bitch i been rich I wanted to be nostalgic thats why im acting weird been rich got alot of what cash never fuck no rat or a bitch without a gat,@TheRealSOCJhood,2024-08-07T04:36:30Z,0
What’s it saying when that fire ass beat drops at 20 seconds?!,@ernestguzman5086,2024-06-02T03:00:10Z,0
The beat good but the lyrics are nursery rhymes,@DusinGatzke,2024-09-16T11:43:17Z,0
Lol when the beat is better than the artist 😂,@TheCallsignJoker,2024-07-11T15:17:06Z,0
So many unwanted sound effects,@Incognito-gx4wk,2024-10-08T21:04:32Z,0
That beat❤,@SukunaRNGYT,2024-10-01T01:34:22Z,0
So he pretended he wasn’t British and now is acting like being British is tough. Stfu and make some fish and chips. Don’t understand why anyone likes this fake ass rapper. His mono tone music trash too.,@eagsdaman1772,2025-07-09T22:55:44Z,0
Good song very catchy,@brandonogc8936,2025-07-06T00:35:31Z,0
This beat is lit!,@Stephanie-gx2il,2024-08-30T01:19:34Z,0
At least it's on beat ig,@jakeallen4716,2024-11-06T20:39:22Z,0
Clever Death and the hidden hand of Satan on dope beats!,@KingKane8719,2024-09-08T07:16:49Z,0
Lo que diferencia a 21 de todo los otros negros es que los beats que pone en sus canciones son realmente desarollados por gente que sabe lo que esta haciendo saludos de chile savage,@SebastianLobos-nu4qb,2024-05-24T01:03:10Z,0
Its the beat yo,@LightBlue9-f4w,2024-05-28T09:06:31Z,0
"To all our US people this is what the majority of The UK council estates ""PROJECTS"" look like across the country, and that is EVERY city across the country, regardless 😂. I i find it funny how every american seems to think that we all speak the queens english and drink tea 😂. Im from a place called Wolverhampton/ Birmingham and we can get guns from anywhere if you know the right person obviously, not like you guys where we can go ASDA ""equivalent of"" WALMART. I can gurantee you that you Americans would barely understand me at all. Ngl youre women love our accent, which is weird because it nationwide known as the worst accent.... Maybe Bristol lol",@ace_buggy6005,2024-12-31T04:03:22Z,0
I mean such a sick ass beat. My 11 year old could flow and make this a hit.,@RoryFord-zd4oi,2025-01-23T01:06:12Z,0
R6 redruM reverse is better,@ronnieosullivan8381,2024-07-02T17:39:05Z,0
"Type beat, brasileiro? Hahahahahahaaha ❤",@CantaMyHomie,2025-02-23T18:11:35Z,0
here i am from that annoying leviplant ad,@ltr_ashadowfruit,2024-08-30T21:01:43Z,0
"Diabolical lyrics, this is what I live for",@forebodeme,2024-11-12T00:53:31Z,0
My wolf ate my shoes … Instagram. ❤ SAVAGES’ beats :),@alexandrae.1811,2025-03-15T23:38:40Z,0
Beat crazy 🌶️🌶️,@hommboi7374,2024-05-10T11:58:06Z,0
Beat go harddddd,@DoubleA54,2025-06-17T22:07:39Z,0
I remember back in day people believe in him judge this man without any actual valid proof whatsoever and now look at him with the love of his life along with two beautiful children this man continues to thrive beat the odds & overcome the obstacles and win in all his dreams and endeavors no matter what the haters say I am very proud if him keep always striving and prospering ROCKY you're amazing ❤,@DAJAVUE1995,2024-07-04T02:17:02Z,0
Beat smackin but  21 can't rap though,@atillabulla620,2025-07-08T17:50:56Z,0
Nice beat!!,@darelljackson4132,2024-05-06T08:27:35Z,0
Whoever makes beats for 21 is clear,@siphiwemaseko8883,2025-02-13T13:01:53Z,0
I like 21 Savage but this beat is fuckin trash.,@oopsydaizi3s824,2024-05-31T12:37:39Z,0
M.I.A. about to sue for this beat,@DefNotABotBeepBoop,2024-07-25T08:41:07Z,0
21 Smacking the beat to the deeepestttt,@looo000k2,2024-05-22T20:37:19Z,0
What a beat,@ChampionshipYe,2024-05-22T17:52:41Z,0
Magrão rimou com base né beat até então não conhecia,@samuelcardoso3848,2024-06-13T22:53:30Z,0
The beats are so catchy 🎉🎉🎉,@paruandmike6631,2024-07-09T13:36:40Z,0
Beyonce Church Girl beats,@christiandocot6129,2024-06-05T00:11:59Z,0
This song gives me a very good vibe 😎,@odensolo8661,2025-01-11T13:21:26Z,0
"Beat 200 IQ, the versus 100 IQ",@MattHanr,2024-05-16T01:45:11Z,0
This song makes me beat  this on a transformer 😂,@soundsketchstudios,2024-06-07T00:39:08Z,0
English ahh beat,@josehernando4904,2024-07-10T07:13:00Z,0
R6 done the redrum ting first. Search “R6 Redrum Reverse”,@Sosa10.0,2024-05-11T21:39:15Z,0
This Beat Is 🔥🔥🔥🫶🏾😎🤗,@BrowniePointz,2025-05-30T08:50:00Z,0
Take notes ✨,@damianvezenkovski9499,2024-05-11T20:32:52Z,0
LOVE THE GHETTO FABULOUS VIBES,@VanessaG23,2024-05-11T04:45:05Z,0
I just like the background sound and beat it's 🔥🔥🔥 careless what he's talking about,@NaNa-zr6cb,2024-05-10T16:51:18Z,0
Its my ring tone❤,@Aaradhana.7,2025-01-16T05:10:37Z,0
Bruh just nailed it I saw this 100 times bruhhh if you want to play with lyrics than come to papa 🎉❤😂,@arnv_cfg,2024-07-26T16:44:15Z,0
This beat is amazing,@Swaze742,2024-05-30T08:09:00Z,0
Tirou o beat da batalha da aldeia Brasil 🇧🇷 minas gerais,@jvzinho3075,2024-05-30T21:30:26Z,0
Waste of a nice beat,@electrus8313,2024-07-10T23:45:07Z,0
Beats,@GeraldBrandon-nl2tk,2024-05-06T02:01:31Z,0
BEST BEAT EVER MY GOD I CANT STOP LISTENING,@alliswhatcomesfrommind,2024-05-06T00:34:19Z,0
muito foda o beat 🔥,@KyoGreh,2024-05-26T04:26:15Z,0
On the 2nd verse after Jadakiss and Styles P is Paul Cain and Fabolous. Good video.,@bethegreatest5178,2025-02-08T07:48:45Z,0
"Ty had a moment to shine, sounds like he's scared of the beat, sick beat could've killed it but not legendary or skilled to endure a classic history in the making moment , royalties cut after that weak verse 😂",@chalseacrowchief5870,2024-08-29T14:55:10Z,0
hardest beat 🔥,@TheGhost14131,2025-01-25T12:45:47Z,0
"one year later this is utterly forgettable, derivative, cliche, assembly line production. Talentless charlatans get their one ephemeral moment of fame and than disappear due to  limited perfunctory talent. Adios.",@chrisgreene2623,2025-05-09T02:38:42Z,0
Cosplaying. But i like the beat. The lyrics are very basic,@Chargingdeck,2024-06-04T23:45:54Z,0
Can some remix this and smash this clowns verse! This beat went way to hard for 21!,@SchwiftyPanda24,2025-03-13T00:30:03Z,0
"Ugh.  I’m sorry, but half of the words you’re actually trying to rhyme. Don’t rhyme. It’s not catchy. Literally sounds like just talking. You’ll just rhyme “man”with “man” in the next sentence. I guess Britt’s think this was a battle of who can “talk more truths” without rhyming/rapping.  This was never going to work.   Why do you think American rappers are the bigger world wide stars???",@kevinjohnson1775,2025-07-29T19:10:13Z,0
Beat is crazy,@Barcaaa1899,2024-11-20T19:07:06Z,0
Only here only beat his here...😮‍💨,@sachinparmar2142,2024-08-05T04:39:32Z,0
Anyone who can write the lyrics of the intro when he said “yo I swear when you do think of England…”😫,@mudauemanuwell-yf5wx,2025-06-08T20:54:22Z,0
Gng Say Redrum in reverse,@aamamr,2025-07-23T02:41:39Z,0
Too many bros on the blunt. Fake street rapper buying good beats. So rich he imports ghettos.,@rubentrevino5374,2024-12-20T18:22:52Z,0
Kind of gives the same vibe as the 2018 song redruM Reverse by R6(67),@emmacarter967,2025-02-16T02:35:03Z,0
that beat is sick,@japitole,2024-07-09T16:59:27Z,0
Imagine this with the redrum reverse beat 🔥🔥,@ninjawhatsup4500,2024-08-18T15:04:57Z,0
Let's talk bout that beat tho,@JeffYounts,2024-06-18T13:00:10Z,0
"this is one of the best rap music vids ive seen in a whillleeee man, its giving vince staples vibes",@andiebear1515,2024-06-15T19:05:05Z,0
I listen to this song only for the beat.,@blank4331,2024-07-11T04:58:18Z,0
Horror vibe,@KurokawaIzana-v3u,2024-09-18T09:30:19Z,0
I'm from instagram. I hate this melody.,@mika_chu,2024-05-27T19:04:09Z,0
why do i see a mental image of carti rising from a coffin while listening to the beat 💀,@rakim5555,2024-07-13T04:21:32Z,0
i wanna hear Weezy onn th!s beat,@QLOVELIFEqfunnynews,2024-06-21T00:32:58Z,0
Redrum = Murder reversed.,@parasoldat66,2025-02-16T15:35:13Z,0
Dude ruined the beat fr,@thesapsapling,2024-09-14T16:14:26Z,0
😂😂😂😂😂 what’s the lyrics 😂😂 f,@BigdadLOCO,2025-01-26T17:37:35Z,0
This sample and beat reminds me of @AriatHome,@taichoumilly,2025-04-27T05:25:23Z,0
Yo 21 what is good brother yo I’m your fan  yo 21 your beats are lit bro I listened too all your songs bro ❤ I saw you at wireless I was there did you see me I saw you this was my first time meeting you brother i wish I can rap with you bro,@hayleygray1000,2024-12-31T11:04:28Z,0
"Repetitive, unoriginal garbage",@Ellomarshall50,2024-07-18T20:19:30Z,0
The beat,@deemuts419,2025-05-13T11:47:51Z,0
That's a beat..,@RadoLex,2024-08-18T21:32:41Z,0
"Beat burries the lyrics , also the lyrics burried the beat",@jassiebla4601,2024-08-01T17:36:38Z,0
whats the classical beat called ?,@tipseyx1377,2024-11-28T04:56:26Z,0
deep inside i feel strange alone like sad  feeling no matter how many people around me while listening to this.,@mudiyanse5311,2025-06-18T08:04:14Z,0
Fuck this shit 21 Savage ruined the beat from The Shining,@jk1663,2024-08-13T01:56:24Z,0
Most vibe song 🥶🥵,@KDBiswaDeep,2025-04-01T10:15:48Z,0
Like Redrum Reverse,@Azert-x6u,2024-12-24T17:22:12Z,0
I like the beat but c'mon mfkers in the US played TF out of saying redrum in rap songs.😂😂😂,@lynwoodloco77,2024-07-12T22:24:41Z,0
And name fron shining   Redrum   Reverse,@wullieman,2025-02-12T12:34:51Z,0
This beat ❤,@Diabloshado,2025-04-04T20:53:50Z,0
Yo that beat is wack but fire af 😂,@ChampaynePapi06,2024-10-05T00:10:19Z,0
Can't stop bopping to this beat! 🎧💥,@WangRukaLinda,2024-05-07T11:00:26Z,0
“ayoiswearweneedafincocovincobigguyswearingbighatstouchtouchbuecantyembucatheminparisdeepdenimpantsandtelephonebusesyoutook.” Hits different🔥🔥🗣️🗣️🗣️🗣️,@divinepower09,2025-07-13T05:58:46Z,0
Picture Future verse on here 😶‍🌫️,@Coletoofunny,2024-08-04T03:09:13Z,0
Beat fire,@Yabut6969,2024-11-06T01:04:50Z,0
.this sample beat is great. nice song❤this is bomb on fire💣💣💥💥 who still there in 2025 1 year of song celebration.,@RealToimagine,2025-01-31T21:49:58Z,0
I still can't tone down all the 21 savage in that redrum reference.i know 21 got it from the shining. But I still ball harder than the average citizen 😔😭,@MychalRosales,2024-10-05T15:57:38Z,0
Beat never stops🧊🍷,@Shouding,2024-07-05T14:03:50Z,0
"O cara simplesmente dropou uma música brasileira no beat, pqp! 🔥",@GabrielOliveira-o6s,2024-08-04T23:10:49Z,0
Such a legendary beat gutted by slop writing. We won't hear another beat this good for another 100 years,@limitgoesoff,2024-12-10T21:01:08Z,0
This beat is sick❤dance every time it comes on!!!!,@HEJNB1-5,2024-05-27T05:35:24Z,0
This is the worst song I've heard in my life. Sampling something so nice just to plaster mumblerap over it is just not on.,@Frostingale,2025-03-21T00:44:50Z,0
"I started listening to this song in the 5th grade and to this day I still remember the lyrics ""i know we can make it better i know better things better""",@Michinomiya-Hirohito,2024-07-23T01:01:15Z,0
Why it feels like mystic vibes,@botakasriflatiff6858,2024-07-23T15:14:00Z,0
"Great beat, worst voice",@aoronochieng,2024-06-09T09:03:29Z,0
This shit slaps. The beat goes hard af,@christopherwelch9004,2024-10-06T04:02:37Z,0
Just hearing this. Beat is fucking hard!! Gonna play this one loud af in the car just to see the stink faces I get 😂..It’s just the Savage thing to do. Wooo!!,@JBlue-ee9cs,2024-08-19T17:35:26Z,0
Video and beat are great. Lyrics are mid af 😅😂😅😂,@chrislambeth7367,2024-07-23T01:13:29Z,0
Love from other universe 😅😅,@MemeMotors__001,2024-12-27T01:14:17Z,0
Stumbled on this in TikTok. I hope you blow up! It's like the lyrics my heart knew but my mind couldnt put together. Bless,@lookoutnow74,2025-08-07T22:05:23Z,0
I like to believe Savage brought his piece to the booth and fired it in a random direction on beat,@nonplayercharacter12333,2025-01-11T14:35:42Z,0
Didn't hear no neo on the beat tho😮,@tareyoung651,2025-02-14T00:34:31Z,0
I love how the Black American culture has transcended across the globe. Nice beat,@mikejonez829,2025-08-04T14:41:25Z,0
Lyrics,@sirknews,2025-02-07T18:44:22Z,0
To procurando essa musica faz tempo muito da hora 🇧🇷🇧🇷,@jacob52168,2024-11-06T23:15:27Z,0
That beat is fire,@RobertoSantos-ol4tc,2024-12-10T16:18:43Z,0
This wouldve been song of the year if Not Like Us never dropped. This beat is fucking gross🤢🤮👏👏👏,@TODThatOneDude,2025-06-20T21:26:54Z,0
"No bro, this beat is fire as hell",@yanamccormack9919,2024-08-03T13:21:41Z,0
This is actual Garbage. The Beat is Hard but what absolute nonsense is This Guy saying. At least Flow Better,@pishdaad,2025-03-24T16:03:10Z,0
One of the worst rappers in the game,@devinnoel1112,2024-07-09T14:22:29Z,0
This beat is sinister,@poopyeighty,2025-05-11T03:06:42Z,0
"As the song flows, I start to hear the ""adeus"" of the beat as if it were the word ""murder"", sick track",@isma9018,2025-04-16T20:07:15Z,0
"Só eu que percebi que o começo da msc antes do BEAT, tá falando em português?",@eo_yan_krl,2024-05-20T23:06:33Z,0
Sorry mama verse was so good,@IC3_B3AR,2024-07-19T09:00:37Z,0
Love 21 beats,@riigear245,2024-05-28T07:30:01Z,0
The beat is just 🤌🏼,@Thekiddfrom215,2025-02-28T11:58:28Z,0
"The beat is crazy, the song sucks the videos worse.",@louiereyes8658,2024-07-06T02:14:11Z,0
"Not a great rapper (Better than me, I have zero songs.) but if he has anything to do with this beat than keep cooking, young man.",@DBallouV,2025-06-19T06:31:40Z,0
What a waste of a decent beat. This dude is not a good rapper.,@Kennyurstruly,2025-01-26T00:45:53Z,0
They aint even take off his chain...Deep verse,@folkg,2024-07-30T22:01:30Z,0
This beat 😭😭,@ApparentlyLiam_rl,2024-06-02T00:06:53Z,0
top notch beat wasted on breadcrum,@clipmester,2025-01-04T16:34:16Z,0
Ome of the best beats of all time,@zped4484,2025-03-21T20:47:31Z,0
The music is CRAZY!!! but 21 can't rap at all....Geesh the lyrics SUCK!!!! IMHO.,@williamanuel,2024-05-30T15:09:56Z,0
Awesome sample with good beat. The rest lol bunch of clowns,@martinsiedlecki,2025-01-06T05:24:02Z,0
"""E uma palavra: ADEUS *fire beat*""",@Hidrocefalia_games,2024-08-29T20:06:35Z,0
This beat was for sale on youtube😂😂😂😂😂,@Thetruth66399,2025-01-03T23:32:14Z,0
0:19 the beat dropped harder than Russian Nuclear Bombs  🇷🇺 💣🫨😮‍💨🔥,@tkphotographydj5298,2025-03-29T00:32:42Z,0
This beat is so hard even the worst rapper in the world could make it flow!,@papagrounds,2025-01-01T11:25:51Z,0
"lol garbage low energy lyrics, somehow over a million views",@TheBest0704,2024-10-08T03:22:14Z,0
That Drop created the multiverse theory,@KennethCornett-sb5ez,2024-12-22T16:41:36Z,0
Pahilo choti sunda nai vibe aayo hoi broo tae vyarw subscribe like rw comment haneko ❤❤,@arjungaming3304,2025-03-06T17:43:28Z,0
https://www.youtube.com/watch?v=rF5wpsmeZBo&ab_channel=SynthMasters,@sekrxz,2024-05-26T13:26:17Z,0
21 gets the craziest beats,@ThuyNguyen-hf7ij,2024-07-11T06:31:33Z,0
is this the same beat as red rum?,@markeatswaffles,2025-07-17T03:03:00Z,0
"I’m here 2024,2025 and 2026 and beyond this songand beat went hard in tha paint!!!!😂😂😂😅",@celestedean5827,2024-10-27T02:58:40Z,0
Producer forgot his discord open when he was mixing and mastering @3:47,@kahouliwajd2836,2024-07-13T10:46:02Z,0
Beat make me chills,@igorstanic287,2025-01-20T22:14:42Z,0
"I just feel like those beat could have had better justice, I love both of em but idk it needs more of a UGK flow or something",@remibass8488,2025-08-02T04:57:37Z,0
Is my music good I make beats,@Fusion-chrome,2024-05-27T19:49:26Z,0
What does this melody that girl sings mean ? What she sings ?,@mika_chu,2024-05-27T19:05:35Z,0
This song sucks? Why does anyone like this??? Sample and beat is fire tho,@Jaxolp45,2025-01-02T08:31:31Z,0
beat goes crazyyy,@_DonBerto_,2024-05-24T13:17:22Z,0
Instrumental=✨️✨️✨️ lyrics=😫😪,@DIOSAIDWRYYYY95,2024-09-29T18:16:51Z,0
Worst beat ever made ?,@7azem-7,2025-06-20T01:02:54Z,0
"As a Brazilian, I love ""Serenata do Amor"" but I think this lyrics are absolute buns (I would do worse btw)",@Gelinsemchat,2024-12-27T13:04:14Z,0
the vocal sample is too distracting,@luth0Zuz0le,2025-01-06T15:48:23Z,0
""""""""""" red room, red room, all we know is red room"""""""" lowkey lyrics they dont hear",@RaymondBruton,2024-05-21T22:46:24Z,0
"Nice beat but 21 is a below average rapper skills wise. I liked him on "" A lot"" track with J. Cole though.",@CopticCorey,2025-07-08T14:39:53Z,0
If krsna used English+ Hindi verse would have been more impact on globally but still Sickkkkkkkk repping Tricolors ❤,@amanbisht6683,2025-02-28T13:54:40Z,0
not so so  big fan of hip hop music but this track even lost vibe for one sec daummm,@onimelodies-ncs8652,2025-01-10T10:21:32Z,0
"The craziest beats go to 21. This instrumental is straight, sheesh. RedRum",@LunusLyrics-bb2ij,2024-06-03T09:59:38Z,0
I know this cuz I make beats myself & have for a long time,@0NLY0N3IZ,2024-05-14T05:45:30Z,0
This is one of the sickest beats of 2024,@0NLY0N3IZ,2024-05-14T05:45:10Z,0
the beat killing me,@jesussavesus56,2024-05-13T14:59:24Z,0
You know this is no rap or anything!! Just the beat is somewhat OKEY!! AND THATS IT BRO,@SKILLMANPLAYER,2024-05-13T13:44:49Z,0
"The long intro ruins the song because when you play it in car it ruins the vibe because people are like ""wtf is this"" before it gets good",@franciscoaguiar2389,2024-05-13T08:42:00Z,0
great beat until he started rapping about BS,@brienfarmer6846,2024-05-13T06:05:56Z,0
47 and feeling this vibe today..,@dennycraig8483,2024-08-02T19:21:08Z,0
"Cool video, awesome beat, good cadence, strong energy, terrible message. When are people going to stop celebrating this deceitful, tired, programming about destroying one another?",@raptoe1,2024-11-14T22:56:32Z,0
the intro and sample to this is annoying af,@DanteKnox,2024-05-09T00:03:29Z,0
Probably the best Music Video from this year. This is pretty much Sicko Mode/Praise the Lord Production Quality. Song and especially the Beat are also pretty sick.,@jonasschwarz8174,2024-05-08T03:48:10Z,0
https://www.youtube.com/watch?v=Au-znaE1pnU&ab_channel=SynthMasters,@sekrxz,2024-05-07T15:07:44Z,0
This beat goes HARD❤,@nakiyembaflorence7699,2024-05-07T13:15:03Z,0
This beat got me hyped! 🚀🎧,@GabrielleNicoleLewis-gaspar,2024-05-07T12:08:36Z,0
Who thinks it's the back lyrics that voice in the back sound like the minions singing?😂,@ZANBLAGE,2024-07-16T08:49:01Z,0
That’s one bad ass beat like whoa,@Reaper30823,2024-05-06T15:41:48Z,0
Beat🔥,@asprakihv,2024-11-01T08:35:21Z,0
i tried recreating the beat on bandlabs almost got it xd,@999.diablo,2024-05-05T02:24:51Z,0
