comment,user_name,date,likes
i swear she put smth in that chorus its so addicting,@wsspkyu,2024-09-30T05:15:21Z,3123
"It’s giving mariah carey 2000s vibes with mix inspired maddona, lana del ray, charli xcx and lorde",@ashisia_.1303,2024-10-12T21:12:51Z,2145
"This is PURE Lana del Rey, the lyrics, the video, the music style.",@Blisteryn,2025-07-04T11:09:44Z,547
That key change on the final chorus…OMG,@Caleferink1,2024-12-15T00:12:26Z,544
Lana Del Ray meets 90’s Mariah Carey vibes.,@ruthlessness6168,2024-11-19T05:09:10Z,436
There’s something so emotional about this music video. She’s so beautiful and effortless. She deserves all the success.,@pizzagirlplay,2025-06-04T00:34:25Z,395
"I love how this song has a dreamlike vibe, and then it sounds like it's ending, but then continues in a deeper tone like your slipping into an even deeper dream.",@danielinthemaiden9039,2024-11-21T00:33:07Z,95
"This is perfection.  Her moves, the lyrics, the video, the nostalgia.  Nailed ❤it.",@Hglenn,2025-02-10T06:17:17Z,31
This song is honestly a vibe,@larrelllewis9407,2024-12-11T02:49:25Z,30
This beat is insane. The production is A+. Whether you like the lyrics or not,@xbadandy182x,2025-02-01T03:20:31Z,25
Did not expect to be listening to Addison Rae ever 😂 but my God this is so catchy. It’s giving me 90s pop star vibes.,@sdb5931,2025-02-21T15:07:41Z,22
This song totally has young nostalgia all over it. Reminds me of my early 20's. Good times good vibes,@nategallops8862,2024-11-18T16:20:44Z,22
I can’t help but replay this over and over. Love the melody and flow of this. It’s giving early 2000s vibes for me. I don’t know much of Addison but one thing from this video I can take is she seems so free spirited and quirky. Love that! ❤ Can’t  wait for more music from her! She has a nice voice and good taste of music!,@rosemay_c99,2024-09-30T14:58:41Z,11
This is 2010s vibe,@zechwilson5934,2025-04-17T09:19:34Z,10
Jojo take notes,@icannotenglisheu46,2025-01-01T22:47:24Z,8
Lana del rey's  influence is all over this video and lyrics! Wtf,@brodydalle_,2025-05-26T10:40:37Z,7
The chorus omfgggg fireeeee,@samruddhinaik8297,2024-10-28T16:10:12Z,7
"omg the part where she has the american flag held up and then her hair blows up is my favorite shot. This video gives me classic beauty 1950s moviestar glamour vibes. Can't really describe it any other way, this song and overall production is just so... well done🤩",@jstarASMR3103,2025-02-18T02:11:25Z,6
This song hits all the right notes,@jixneumann6007,2025-02-11T02:43:52Z,6
"she's doing more for music than the Beatles , rolling stone ,  etc. trust me I'm 62 and I recognize music when I see it. I mean hear it. Ok send siri send",@AnthonyScotto-k7i,2025-06-23T22:58:22Z,6
That’s her singing this ? It’s really catchy,@izzlem7144,2024-12-11T02:46:54Z,5
not enough talkng abt how insane the pitch shift towards the end is,@humanpart2,2025-06-22T10:14:21Z,5
"I'll be honest, I had no clue who Addison Rae was.  But when I heard this, all I thought was, it's got a great hook, and it contained not only a bridge (quite rare in today's pop music) but also a key change, also rare.  And it was a downward modulation at that, which is novel.  Artistically, this was also the same moment when the video switched to color.  I'm pretty sure the creators of this video might've had some David Lynch on their mind with the oldies vibe and flash frame editing, along with some Americana.  I'm quite impressed.",@Starks2510,2025-08-08T03:43:06Z,5
This has been one if not the worst music video I have ever seen 😅 please do better next time,@LucianaMateusRamirez-xp2fd,2024-12-27T17:20:43Z,5
ADDISON I CANT STOP LISTENING ITS SO CATCHY ITS STUCK IN MY HEAD,@Desty-b8z,2024-11-30T05:01:51Z,4
"Other than the masterpiece video, the song gives me such a nostalgic feeling of being 21 and super in love, it’s so bittersweet I love it.",@Hitathespacekatto,2025-06-21T07:19:45Z,4
Does anyone know any songs like this? the ethereal sort of sound? Not the lyrics but the genre,@User000-o5y,2024-10-26T12:42:40Z,4
I want to hate it but… it’s catchy.,@gingerisevil02,2025-06-18T01:16:09Z,4
Definitely Lana del Rey vibes,@csgn3351,2024-10-25T23:12:12Z,4
This song gives Gossip Girl vibes(especially Chuck Blair),@ahuseynli111,2024-10-28T11:11:15Z,4
The four shots after 1:05 has a visual rhythm I'm obsessed with,@juliaostlund9360,2024-11-04T06:41:05Z,4
haters can hate all they want but no one can deny Addison putting is out some solid fun catchy bops.,@residentevil4life,2024-10-25T12:09:26Z,3
"Song of the year, vibe of the year, so proud of you baby 💖",@sofiaaylen4447,2024-11-27T16:48:54Z,3
It gives a nostalgic chill vibe like those days of watching the rain from the window as a kid,@CONOR_69,2025-03-06T22:31:20Z,3
she's bringing us back to that 2014 tumblr teen vibes with a rio de janeiro filter on during the summer in los angeles,@xxvrou,2025-07-10T09:13:06Z,3
This song and video gave me marilyn and lana vibes,@fmrncuziluvu,2024-10-09T13:07:14Z,3
The producer/ producers did a great job with the beat especially at the intro. Love it.,@GeorgeWakai4628,2024-11-16T08:52:38Z,3
it feels so nostalgic ....,@VartikaJ-1,2025-04-11T11:13:48Z,3
Cassie vibes!,@julim29,2025-01-03T04:18:11Z,3
I came here after hearing tates “purple lace bra” chorus. Definitely sound similar,@emanueljohnson6619,2025-02-25T01:24:26Z,3
"Why does this song give me ""Diet Mountain Dew"", by Lana del Rey vibes?😭",@luiza4364,2024-11-09T12:53:29Z,3
I loved the song but i didnt expected the mv to be like this😂 its kinda cringe and seem like its made for the OF subscribing mens but still loving the mv its super vibe song for me,@melodysailo4833,2025-01-29T13:29:42Z,3
"Until I just now read the lyrics, I always thought that she said, ""My lips reflect off of his COSTCO chain"", lol😂. Apparently, she says, ""CROSS GOLD chain"". I think that my way is better, (cuz it's like, funnier, lol).",@andreklugel6846,2025-02-16T18:00:09Z,3
"Anyone else getting ""heatwave"" vibes",@russelldymott7965,2024-12-31T22:00:13Z,3
"""In the backseat"" is my favorite part her vocals are amazing.",@ChasityBoat-i7c,2025-05-04T00:22:23Z,3
She remembers me of national anthem chemitrails over the country club vibes,@fetcat5332,2025-05-28T16:07:18Z,3
"THE VIDEO, THE TRANSITIONS, THE SONG, THE VIBES, EVERYTHING 😫🫶🏾🫶🏾💞",@Officesirenwife,2024-10-26T03:33:17Z,3
"I think the girls biggest asset is her confidence, she certainly has it and its powerful.",@LanaNoHandle,2024-12-06T08:59:51Z,3
Ela me lembra a britney spears... passa uma vibe sexy,@thalitafortaleza6115,2025-07-20T02:09:29Z,3
diet pepsy is litterally the best between the three songs srry <3 it's already so nostalgic,@rapunzelissecret,2025-02-23T14:38:14Z,3
This song is such a vibe omgg 😩🫶🏼,@iamlilly4146,2025-01-02T03:02:49Z,3
she gives the vibe of lana del rey!❤ initially she putting her own track Aquamarine!🎀😍,@varadharasurajendran2635,2025-01-05T08:23:26Z,3
The Born to Die vibes from this is absurd,@brunovleals,2025-06-21T22:23:02Z,3
Great song! But I really want to know how Pepsi marketers reacted to this cuz Its kind of giving ad-vibe,@isa.belle1314,2025-06-11T16:25:21Z,3
Lana del Rey vibes,@alexvela6540,2025-01-06T00:59:23Z,2
This is lana delnrey lyrics in Taylor swifts style,@mmmmmmolly,2024-10-03T16:22:02Z,2
Found this from IG reels and the hook chorus got me. I like this type of music. It's a vibe.,@Scylid,2024-12-11T02:47:47Z,2
the lyrics is trash but the melody is really good. Why can't they just write about something other than sex and drugs tho lol.,@tuvu8394,2024-11-03T01:50:45Z,2
Love the music except the lyrics,@Bxxtterfly3,2025-02-24T15:15:56Z,2
She gives the vibe of lana and marylin monro,@therealityofmylifeFZ,2025-02-26T20:33:14Z,2
So catchy and smooth,@jellyrcw12,2025-06-08T08:35:20Z,2
"Such an addictive and catchy song, I love the melody and vibe..... reminds me of a song from the past that I can't quite recall, like a 90's 00's vibe, but with a mix of mebbe something like a song from a medieval tavern sang by some elven lady with her ethereal voice. I heard this one the radio and liked it the instant I heard it. I hope she makes more songs like this one.",@Rohan_Trishan,2025-01-10T22:26:39Z,2
"Song is good but i wish the music video had better quality and focused more on a certain storyline rather than her body 😅 it looked pretty dark, random, and chaotic compared to the song’s light, ethereal vibe",@rsrbgnza08,2024-10-04T06:31:58Z,2
This is just a softcore porn video for young kids. ITs been out for months and has never once been listened to by anyone with any clout whatsoever. Like jesus crist I came here off a Ludwig video just because I wanted to see how bad it sounded  and holy shit this did not dissapoint with how bad it was . I cant even make out the lyrics. The video is literally just her grinding on a dude trying to drive a car. Every single thing about this is disgusting and unsafe,@Foxexar,2024-10-14T14:54:19Z,2
PLS THE WAY MY HEAD JUST NATURALLY STARTED BOBBING TO THE BEAT I CAN'TTTTT,@DoIKnowYou5432,2025-01-05T08:31:25Z,2
"Perfect as is but if you listen at 0.75x it gives the song a whole new vibe and also lasts longer lmaooo the reverb is so satisfying in headphones ... this mv is proving addison to be a student of Madonna, Lana, Britney, Gaga.. unafraid to reference or reference put it in a blender..",@Beatles2301,2024-10-08T14:22:36Z,2
This is like Lana x charli vibes,@QweenFatimaOfficial,2024-10-09T16:34:27Z,2
This song has a sexy vibe ❤,@annlynn888,2024-10-03T21:19:43Z,2
Ngl I was a fat ass hater until I heard this at the coffee shop. Catchy af lol,@fartboy69onionring,2024-09-29T18:52:32Z,2
"It sucks, that the lyrics are so stupid dumb.",@FOH333,2025-01-29T05:02:18Z,2
the beat kinda reminds me of heatwaves but in a good way,@localDaydreamer_,2024-10-08T23:37:02Z,2
"Seeing addison always made me cringe but this song brings a nostalgic feeling not many pop artists give me. Brings me back to my teenage years in the early 2000s. I know ""losing all my innocence in the back seat"" is a different meaning in this song but i did all kinds of crazy things in the back seat of my friends cars losing my innocents in all sorts of different ways. This song has me reminiscing, I'm glad to be where i am now bc of those times and hearing this song today has me feeling some type of way. 🥵",@muckling,2025-01-09T07:20:03Z,2
Such a beautiful song and such a disgustingly awful video,@MrSugarrr,2024-12-24T15:54:35Z,2
I hope this doesn’t come across as creepy lol but her body is so pretty! The chorus is angelic.,@tawnys6172,2024-10-17T06:49:10Z,2
Autotuned to hell..,@MalluOtakuLife,2025-06-22T13:22:27Z,2
"Love the black and white music video, Diet Pepsi is great, love the old car and her pin up outfits/ sunglasses! And the guy is so handsome, love the beat change towards the end! 😍🥰😘👑💎🏆⚜️📺🎬🎥🩶🤍🖤👌🏻 🎵 🎶 😎 📝",@jazminratzlaff5357,2025-06-15T04:11:58Z,2
"What a great melody and tune, completely ruined by the crass commercialisation that renders it nothing more than an advert for Pepsi. Great waste of a tune. No credible artist would do this.",@david81buckley,2025-01-03T18:17:11Z,2
It's catchy well written well crafted well produced,@TrikkyupiMafia,2025-03-22T18:41:31Z,2
The song:❤ the video: 💀 the lyrics: 😁,@bejeweled.swiftie13_TS,2025-07-23T21:04:37Z,2
This had to be one of the worst songs I have ever heard,@lorgeronw3139,2024-10-11T18:35:32Z,2
"It's a slightly lame 90s girl power sound, its nice the singer doesn't take herself too seriously. The Lana but a Pinup girl influence is there but its not as deep or interesting as Lana. It's a one and done kinda thing, wont last.",@JMHulme,2024-10-16T07:36:22Z,2
Love the tone ♥️ very feminine,@GChannel7777,2025-06-23T21:00:57Z,2
Lana del Rey vibes,@Brithanyvargas_,2024-10-18T02:34:12Z,2
the chorus is soooo good but the rest of the lyrics are so cheesy i cant get past it,@synrieal3321,2024-11-15T07:43:03Z,2
I like this song but this video is so bad. It just drags on without any interesting content. Also why is she acting all goofy? Doesn’t match the vibe of the music.,@creamison,2024-12-08T13:48:39Z,2
Could have been a really beautiful heavenly song if it wasnt about shagging at the back of a car. Let down. Beautiful singing. Cheap lyrics horrible video,@WatchdogResearch,2025-07-13T09:42:14Z,2
This is like euphoria cassie’s vibe,@arntsic7989,2025-03-05T14:20:09Z,2
I keep listening to this song every day. It has such a catchy tune.,@aussielifewithvira4045,2025-06-04T23:50:37Z,2
I need some other songs with the same vibe as this,@ayazazaza,2024-10-18T11:19:29Z,2
Anyone getting the vibe that this video was inspired by the controversial book and movie Lolita?,@goreysins,2024-10-26T12:54:28Z,2
"Damn I really have an Addison Rae song in my rotation?! 🤨 this goes so hard, the chorus is so good 😭🔥",@Kilooooooo82,2024-10-11T06:08:41Z,2
she has Lana Del Rey vibe,@trangminh1609,2024-11-28T05:36:33Z,1
This song gives 2014 vibes I loveeee,@Lisasjsjs,2025-05-17T06:23:54Z,1
I thought it was taylor swift on the chorus😭😭😭,@thelyinggamefan11225,2025-04-22T14:20:17Z,1
Wtf are those video shots. I would love this song if it weren't for the lyrics which i have a bad experience with,@kikikira8416,2024-10-29T10:27:20Z,1
this looks and sounds like lana del rey vibes,@andreamoran5411,2024-11-02T23:53:04Z,1
addison successfully got herself out of the tiktok star jail! d'amelios take notes,@amorallego,2024-11-20T09:43:54Z,1
"Repeat for sure , the moment when we feel everything is like a movie… we hope you stay and aren’t crazy 😅❤️❤️ these moments with your love are unforgettable and incomparable 😊",@shellyyvonne2399,2025-07-03T00:11:15Z,1
"I mostly love alternative metal like Tool/Deftones and 90s shoegaze, but there's something transcendent about a perfect pop song. This is that. That chorus instantly captivated me the first time i heard it. It's literally perfect, melodically harmonically effervescent. And then the way it shifts down one semitone at the very end was a cool inspired twist. Love this track. ✨",@avedic,2025-06-01T01:21:15Z,1
"Ok, not a bad song BUT really seems like kind of ripping off Lana Del Rey vibes.. even the song title “diet pepsi” .. trying to have her own Diet Mountain Dew moment.",@ultra11afterlife,2025-01-04T22:56:26Z,1
Shannon Sharpe is somewhere beating off to this music video.,@Mr.maineman,2025-05-19T11:07:39Z,1
It's giving Born to Die from LDR Wish copy version vibes,@myfriendswan,2025-01-31T18:53:22Z,1
"I’m getting Cindy Crawford Pepsi commercial. But I’m 42 so 🤷🏼‍♀️ That said, as a late bloomer…this whole song is a trip down memory lane. And if this is her new vibe, sign me allllll the way up. 🫦🎸",@emilysauce,2025-03-13T04:02:21Z,1
Why must you name this song after one of the worst sodas ever lol,@thebiglt2187,2024-12-13T04:40:35Z,1
This song gives me 2015 vibes,@HahAera,2025-02-24T04:56:27Z,1
It’s giving new gen Lana Del Rey aesthetics and vibes,@unit333angel,2024-11-06T02:48:40Z,1
girl we need more of this vibe istg,@iarawawa1642,2024-10-14T03:48:30Z,1
Addison and Tate are really bringing the Britney vibe back to pop and I love it.,@tidal1996-om6oz,2025-02-01T19:16:35Z,1
Interesting video it's difft listening to it love the beats was stuck in ma head ❤😊🎉,@MsPerfume25,2025-02-04T02:06:41Z,1
This song it catchy af,@kellifavazza8021,2024-10-14T14:53:10Z,1
I was thinking why is this song so catchy and I’ve done figured it out! Amel Leurrix - For real,@Jmackdoesit,2024-12-10T02:47:54Z,1
couldn't figure out what it sounded like at first...but tune and melody is real close to Heat Waves by Glass Animals,@abbie_joan,2024-10-09T21:45:15Z,1
"It’s good, I like the song. It gives off diet Mountain Dew vibes",@StarryXQueenz,2024-10-14T01:55:40Z,1
"the lyrics remind me so much of 'love song' by lana - 'in your car, in your car, in your backseat, im your baby' / 'when we drive in your car im your baby, losing all my innocence in the backseat'. just pointing out the similarities, not necessarily a critique on the song in any way.",@Alexandra-nd8cf,2024-10-20T17:22:15Z,1
These must be the most basic lyrics I have ever heard in my life,@PaulloLenore,2024-10-05T13:28:09Z,1
lana del rey vibes lowkey,@chrissyswifey,2024-10-04T05:15:09Z,1
"does anyone else feel like the music video intro and the title reminds them of sabrina carpenters ""espresso"" music video? also i get HEAVY britney spears and lana del rey vibes from addison in this music video.",@Mystiquessss,2024-10-05T14:25:47Z,1
This is way better than i expected and is way better than it has any right being absolute catchy banger,@Yungwatergaming_yt,2024-10-09T10:43:14Z,1
"Everyone is talking about Lana del Rey, but this song is clearly a reference to lolita, even the costume, I see a reference to Lana in the beat, it reminds me of White Mustang",@lixzie1339,2024-10-08T14:11:44Z,1
why does it sound nostalgic 😮,@jhaharaampong4213,2024-10-09T12:12:10Z,1
"I see she took several pages out of Lana’s book. Lyrics and all, lol.",@mitchmaria849,2024-10-09T16:32:19Z,1
A Lana Del Rey reincarnation and repackaged for contemporary audiences. She is great.,@franciscolealgonzalez1333,2025-07-09T05:12:46Z,1
"Idk it's giving ""Blue Jeans"" and ""Born To Die"" vibes by Lana Del Rey but okay🤷",@Boobsarelife,2025-03-15T00:30:51Z,1
This is giving LDR Born to Die/ Blue Jeans vibes,@kingpaco2010,2024-10-21T00:35:31Z,1
Tate and Addison would make a such a good song together because I feel they have the same vibe of music ✨🫶,@Baja._.fan8,2025-06-18T21:23:33Z,1
This has late 90 vibes,@crxracer805,2024-10-15T07:58:14Z,1
love this 2010s vibes,@firstnamelastname6808,2024-11-14T18:05:08Z,1
Ldr vibes,@Youngheart_green,2024-10-27T13:24:28Z,1
This song is such a VIBE .,@jassmine9797,2024-10-26T23:01:42Z,1
the car scene remind me of cassie and nate vibes,@lemon2723,2025-06-12T10:37:21Z,1
This kinda sounds like Tate McRae's Purple Lace Bra like in the chorus,@gabrielle3650,2025-07-10T03:25:46Z,1
"This is a great song, and I get that she's having fun but it really disturbs me how she's doing so much and none of it is on beat.",@SIMMIS_0316,2025-06-28T16:41:53Z,1
"I guess nobody has ever heard of AllieX, totally those vibes. Good stuff.",@vtsug7,2025-06-20T19:37:10Z,1
The pre-chorus crushes it,@JordanBeagle,2025-04-07T05:22:15Z,1
I only like the chorus and the lyrisch are honestly still not that good in my opinion. Buuuuuut tue chorus is really nice so I still listen to this song on repeat lol,@Adinayla,2024-10-19T05:54:22Z,1
This is a total vibe. Damn girl ❤️‍🔥❤️‍🔥,@sorayanunes5470,2025-02-10T23:53:08Z,1
Lana and Taylor vibes,@KimberlySamuel-y9f,2024-12-05T00:14:48Z,1
Worst song ever,@fedorkitaev947,2025-07-18T09:17:42Z,1
this gives me west coast vibes wow,@olam61,2025-07-07T14:21:40Z,1
Hmm. Like the song. Video not so much. Like she such a beautiful girl and I feel like this does the opposite. At least in my opinion. It just makes you not look classy at all. I know no one really is anymore but like there was some marilyn vibes in there. Maybe cuz it was black and white and the outfit and the flag thing I unno maybe it’s just me,@rachellesmith1113,2025-01-11T19:18:42Z,1
I get the vibe from untouched by the Veronica's,@Lizzayy_mariee25,2025-03-05T01:27:53Z,1
addison is giving me early 2000s vibes that i never got to experience 😭😭😭🥲🥲🥲,@omarhout838,2025-05-23T22:46:55Z,1
One of the worst songs I've ever heard.,@avishram1777,2024-12-14T05:21:36Z,1
The lyrics are Lana Del Rey-esque,@natalieilatan,2024-11-15T01:03:45Z,1
"Tbh, I never really hated her songs. I did find them catchy",@GeraldAmamoo,2025-01-08T22:09:37Z,1
Nahhhh cause this whole time I thought i was hearing taylorswift in the chorus!!!,@manuuvehikite8021,2025-02-22T09:05:06Z,1
this is literally so nostalgic,@cleyllan,2024-11-03T00:00:17Z,1
And how's the song title plays the role of the whole lyrics? How is it related to the song talks about but that word only serves just a cameo found in some one single line?,@jch1974,2025-01-26T04:39:15Z,1
This giving beyonce vibe,@baronyy7643,2025-01-28T01:16:35Z,1
Took a while to vibe with the lyric saying backseat,@MayThuNaung,2025-05-28T16:24:15Z,1
"This song is sooooo good. But I would have wanted the video to be more serious and still keep the fun and enjoyment but still have that serious moment. Something inspired or that feels like idk, The Notebook or Katy Perry in her video “Thinking Of You” look. Or even the Great Gatsby. Either way this song is such a vibe! 👏👏✨",@pinkambition2075,2024-12-19T23:19:58Z,1
"I'll say it, this song is catchy af",@SavageAllSeven,2025-01-11T06:12:04Z,1
Nice melody reinterpretation of Amel Larrieux- For Real,@sunlight5051,2025-01-31T18:54:00Z,1
The way she has more popstar vibes than Madison Beer says a lot,@karlaedith6191,2024-12-05T04:31:29Z,1
This was the worst shir i have ever witnessed,@cantseecanthear6751,2024-11-08T04:06:45Z,1
terrible awful music. No talents only redeeming quality is that she's hot.,@JackMehof-m6h,2025-05-20T18:43:56Z,1
2016 vibess,@mindzetos,2024-09-29T16:53:20Z,1
Lana vibes ❤,@danthechatterboxman,2025-06-04T19:21:57Z,1
IM THANKFUL I LISTENED TO THE SONG FIRST and didnt watch the MV. lol the mv is a bit off putting to the actual song. i was expecting a driving kinda sunset-chill-talking about his man vibe.,@RTimo,2024-10-22T15:34:58Z,1
"wow, these lyrics are intense!",@kravitz1999,2025-01-03T20:45:58Z,1
The chorus sounds like dirty Taylor Swift,@joshuajames3327,2024-12-21T06:55:41Z,1
"I'm honestly OBSESSED with this tune. And the lyrics...OMG. The only thing I do not appreciate so much is the video. I mean, u can tell she's having lot of fun on the set and also is made to be a bit hilarious, but for that I can't actually feel the sexy vibe that the song itself gives. It's just a personal opinion and a good criticism, maybe a suggestion for future videos (I hope). Apart from that, you literally nailed it, gir l<3",@chiaranunno7383,2024-12-12T00:50:37Z,1
I heard this song at the hair cuttery and had to shazam it. I was like ADDISON?? She ate with this. The vibes of the song.. everything. I love it so much and have always been a fan of Addi since tiktok lol ❤,@lifewithyana2924,2025-02-05T23:32:41Z,1
I like this harmony❤,@zapmiauzx,2024-11-01T05:38:30Z,1
The lyrics 💀 does it mean she lost her V card in the backseat of a car?💀,@FuryKnightss,2024-12-10T16:03:08Z,1
"This is so good Madison, What a vibe ✨",@stevescarnie777,2024-10-17T23:52:25Z,1
"I love this because it it something different than most interprets do these days. Everywhere is rap, curse words and ugly clothes. But ✨this✨ just hits different. The song’s cool, but I love the vibe from the video clip - Addison’s clothes, the way she’s being real and not just perfectly smiling like a robot like ahh love it",@Sabina10987,2025-03-01T09:18:54Z,1
Oh my lord!!! She never looked or sounded better! This is my ringtone,@erinrenee980,2024-10-16T21:24:59Z,1
It’s giving Lana Born To Die/Paradise vibes. Loving it ❤,@ElSinegrito,2024-10-21T05:25:01Z,1
Why does this first verse remind me of the opening of miraculous ladybug?,@joseeric6182,2024-10-25T02:36:52Z,1
lyrics are so bad,@midoritokiwafan,2025-06-11T03:49:12Z,1
"This is the Avatar theme song melody lol. Not that that's a bad thing, Avatar theme slaps",@nurplepain3636,2024-12-17T16:36:37Z,1
This songs lyrics are very predy,@Linebecken,2024-11-06T18:00:52Z,1
This is why today’s music is awful. Let’s add class to our music please.,@susiesmith7694,2025-03-20T21:21:47Z,1
Vibes de lana del rey,@alejandrapena9840,2024-10-21T06:48:56Z,1
shes so cute i love the 50s vibes,@SammyM-vb9nd,2024-10-25T19:02:38Z,1
"Beautiful singing, gross lyrics and video",@Random-All-Sorts,2025-07-17T15:20:03Z,1
I don't get what all the hype...song is.....ok I guess. Alot of Autotune,@stevanguevara2159,2024-12-04T20:18:10Z,1
born to die vibes,@fknfreak,2024-10-02T04:09:59Z,1
I thought this song was Taylor Swift from all the choruses posted in vids. Happy to be wrong,@esnutaliah,2024-10-14T12:08:50Z,0
Idk why but she is giving Kristine Froseth vibes in some of the shots of this video,@summerchild_,2024-10-10T13:00:35Z,0
"This is the worst music-video ever, but the song is addictive",@Stahlwurm-c7r,2025-02-13T10:47:44Z,0
I like the parody vibe with her outlandish moves. Esp the bit where she tumbles dramatically off the set backseat due to some fake breaking 😂,@sarahjanebailey,2025-02-06T07:11:25Z,0
"the song is far way superior than this lame excuse for a video, i thought this was going to be better than the lyric video but it actually is worse - the song is great but both of the visuals are absolutely awful, ask for your money back or hire a new team creative team, please.",@fabianmoreaux,2024-11-22T23:50:02Z,0
Had to look it up and she didn't write the entire song herself Like many artists they probably write just 1% and take 99% of the credit but anyway it's still a very good song good with a good beat and voice.,@jason4275,2025-01-06T22:26:48Z,0
You know what!! It's a cool catchy song but radio stations will ruin it by playing it 8 times a day for 6 weeks  then people will switch it off when it comes on,@AL6Rockman,2024-11-04T09:07:25Z,0
"The first time I've listened to some Lana Del Rey songs, something reminded me of Britney's In The Zone songs like Breathe On Me and Touch Of My Hand and I saw an interview (don't remember wich) Lana saying she loved Britney. What I mean to say is Addison is bringing those sexy, fancy, classic vibes on her vocals and visuals, by the way, the sound of her album remember of both songs. Addison is such a great album!",@ToniArcelinni,2025-07-08T23:25:57Z,0
2:26 minutes of this song is crime. I wish there was a 10 minute version. Especially the last chorus with the choir.,@Happy-fb2jt,2024-10-27T00:02:14Z,0
"This song is catchy, vibey, and has a 90’s feel yet somehow still current. Well mixed too by whomever was the recording engineer.",@brandonhanks8693,2025-01-28T21:12:18Z,0
annoying song,@vinw3246,2024-10-25T06:25:40Z,0
This feels nostalgic,@21flea1,2024-11-09T06:35:38Z,0
Mariah Carey's Touch My Body vibe💘🫶🏻,@im_hochan7359,2025-07-09T19:05:06Z,0
"Why does this song when I sing it change to the lyrics of the song ""heat wave-glass animal"" hahaha.",@razedyabdulrahman6463,2025-01-26T17:37:02Z,0
"This is awful, I mean the lyrics and message, Hollywood Babylon, get naked and we will make you famous. Demonic.",@christinelicitra,2024-12-05T16:04:49Z,0
My mom has to check the lyrics of it❤😂🎉😢😮I'm😊🦄🦄🦄🦄🦄🦄🦄🦄🦄🦄 🐗,@lettylmnop,2025-01-06T22:36:16Z,0
Amazing seductive voice and beautiful melody. LOVE!,@stellakissmusic,2025-06-17T01:46:16Z,0
This song gives me all the Taylor Swift vibes in the world,@junnojunno1771,2025-01-14T19:39:23Z,0
From title to soud to lyrics to vdo everything speaks Lana del rey inspired remix.,@Thedepresseddiaries,2024-12-04T03:56:18Z,0
Its giving a “Two Become One by Spice Girls” Vibe 😳😳😳,@cessmejia2943,2024-10-21T02:32:54Z,0
Wheres diet pepsi in the lyrics 😂,@jcat5100,2024-11-11T09:29:06Z,0
Lana Del Rey vibes but maybe a sweeter voice.,@SusannaMunonye,2024-10-27T13:20:37Z,0
I am so glad she's out of our up here in the united States. She's rocking the united kingdom nails and she has that Mexican beat from browneyes entertainment and I hope she stays our of our country forever. So we can have sgt.major daughters come up and go from there. 100 to 0 I'll never watch another radison song again. Little baby butt munt. Sincerely yours - We the People Senator Henry Clay's Warhawks Whig Party Candidate.,@wethepeople1801,2025-04-18T16:27:12Z,0
Omg this vibe ……. 🥺🥺🥺,@don_naveen,2024-12-09T12:10:35Z,0
"Now that I’ve listened to the lyrics more closely, I’m kinda disappointed. Don’t get me wrong, this song, especially the chorus is total war candy, and by itself the chorus could be really good, but the verse’s lyrics just feel kinda meh, shallow, depthless, while the music has this beautiful dreamlike yet suspenseful quality. The music feels sentimental, bit the verses lyrics just don’t hit that… and by itself, the chorus doesn’t get there either.",@Waterwave37,2024-12-08T05:32:04Z,0
amo a vibe das musicas dessa mulher <3,@cleitonbritto2441,2025-02-14T14:41:52Z,0
Terror Jr type vibes. Remember when everybody thought the girl was Kylie Jenner 😂,@Ciaran_M,2024-10-03T18:35:06Z,0
FairPlay to her she’s doing so well! This song is a vibe❤,@Amandajaycee,2025-01-25T22:18:31Z,0
Jojo Siwa should take notes from her,@KinaLugtu,2024-10-03T20:49:42Z,0
Am I the only one who’s getting 2016-2017 Kiiara vibes?,@ochaspn,2024-11-02T18:51:45Z,0
Will Lana do a cover? Bc ppl have to slow n reverb this to make it sound like her,@cosme112002,2024-10-01T00:44:12Z,0
Gives me teenage Lana vibes,@desenreda_PR,2024-10-04T01:48:43Z,0
LOVE THE SONG SO MUCH but that little noise from the beat keeps hurting my left ear when I'm using earphones 😭,@isabellananda,2024-10-05T18:30:56Z,0
Wow she’s a s. L. u. …T catchy song tho,@chickenbentobox,2024-10-25T15:23:22Z,0
This song gives me 00s girl vibes ❤ I actually like it,@ivisdavila89,2025-01-31T18:51:13Z,0
"This reminds me of another song, ""Le misérable"" by Singuila. Their chorus give me  me a similar feeling",@jasonMB999,2025-07-08T02:37:43Z,0
the last part where the song sounds like its ending and then pauses for a few seconds and the beat drops just scratches some part of my brain🙏🏼🙏🏼,@sleepykat14,2025-03-18T13:25:49Z,0
music and vocals are more taylor derivative than lana,@oakvalepennybridge,2024-12-12T21:44:25Z,0
"Makes me super jealous. I'm 29 I live here in Utah and I've never had a girlfriend, I play guitar write my own songs I have about 50 songs on acoustic guitar. I like mature women.",@LukeHansen-ys4mi,2025-01-08T10:56:14Z,0
The chorus is addicting,@rachelm6265,2025-06-02T14:01:17Z,0
Song is great. Video gave me “escaping Disney child slave” vibes. Thumbs up for the escape 👍,@Stsalvage,2025-07-15T01:07:20Z,0
this gives me euphoria vibes,@celinewiertsema,2024-11-20T21:12:22Z,0
Worst song ever🔥,@ItookYourMnMs,2025-04-24T03:37:27Z,0
I thought Mariah sang the chorus,@danicagallos,2024-11-11T16:41:07Z,0
"Woah. I knew Addison Rae from the meme, but this is actually really catchy and nice to listen to.",@Cassius-it7wf,2025-01-10T18:18:12Z,0
"Legend track for me, Addison beated Charlie for me for this",@TommyHorneG,2025-01-10T13:19:15Z,0
"Li,ke a Fethiye vibes",@MaxWeber-,2025-06-28T16:27:52Z,0
Lyrics are crazy 😭,@BrokeBoyVlogs1,2024-12-07T07:06:20Z,0
love the song but the video gives me o.O ehm idk weird vibes,@gabbirella,2025-01-08T18:45:03Z,0
"Umm what did I just watch. I LOVE IT!! The vibe, sound, it’s so posh!!",@CreativeKC_,2024-10-31T14:00:07Z,0
Song surely making such vibes of loosing innocence truly,@maham.orhan1,2025-04-18T11:40:50Z,0
1:26 the background vocals oh myyyyy 😍😍,@KaileyBryant-v3p7l,2025-07-01T11:32:45Z,0
Imagine copying Lana 🖕 Name vibe cause diet mountain Dew,@RJSIUU,2025-07-25T03:45:34Z,0
dude it's so catchy but the cross necklace verse was not needed broo 😭,@pompomboomboom,2024-12-04T23:02:44Z,0
This beat with her voice is fricking tantalizing n mesmerizing.# repeat,@travisstrachan5387,2024-10-31T07:08:25Z,0
The whole chorus sounds sometimes like mariah carey. I really thought she was it. 😢,@SebastianFehlach,2025-01-01T17:02:21Z,0
I feel like a heard this song years ago like I know the beat and the rhythm and I’m listening this for the first time,@Fatedsouth,2025-01-19T18:15:57Z,0
Vibes of Lana Del Rey❤❤❤❤ i love the song 🎉,@hikkkies,2024-12-13T12:18:24Z,0
i wonder if she sampled katy perry's wide awake. the beat sounds similar.,@rosegold5720,2025-05-17T23:07:47Z,0
Samantha James from Just Friends vibes😂😂,@juliarabin902,2024-10-24T15:17:08Z,0
the verse is great. but this chorus????? whyyyy????,@alibaehh6565,2025-05-03T09:30:54Z,0
Girl you ATE with this 😍 more songs with this kind of vibe pls ❤️‍🔥,@BlueLagoon-g1i,2024-10-05T23:25:20Z,0
This Is so Madonna's erotica! So powerful!!! ❤❤❤,@israelcastillodiaz5525,2024-10-25T16:30:57Z,0
"Such a fun, sexy video and some how so nostalgic",@MsNeonDion,2025-07-09T05:39:45Z,0
This so is very whats word catchy  and the way they shoot the video was so beautiful,@kadijhastrong8787,2024-11-08T03:52:25Z,0
"Girl you are really ripping off lana with the black and white, the stoic man, the utlra femninity, you wearing white, the background vocal and the wearing of the american FLAG all mixed in one video. Wtf?? Who produced this?",@mastershake3040,2024-10-26T21:34:04Z,0
Addictive beat! 🥤🔥,@AzeulBeatsMusic,2025-05-22T07:43:39Z,0
These lyrics are an interesting choice,@krystinaxxlea,2024-11-08T02:21:43Z,0
Trash lyrics for the only fans generation 😅,@sugargay4266,2025-05-13T06:49:29Z,0
(Pepsi) Cola will forever be Lana's. But Addison's Diet version is kinda catchy.,@idontknowwhyihavesubscribers,2024-12-04T09:46:01Z,0
She all in intertwined with the universe,@DarrylAnderson-j6n,2025-01-19T18:37:07Z,0
This mv gives me 'Born to Die' kinda vibes in a positive way,@bratsummerr,2025-02-17T17:47:24Z,0
This song and video gives HARDCORE 2000s vibes.,@layplum,2024-11-02T20:13:39Z,0
"Sex stuff aside, this is a catchy ass song",@UglyBarnical58,2025-02-19T02:10:10Z,0
"A 90’s Mariah Carey vibes, of course.",@Wesley_C,2024-12-24T12:07:26Z,0
Lana del rey without depressing vibe 😮,@PinkCottonCloudy,2025-03-31T04:27:05Z,0
Is it me or is this giving Lana del Rey vibes?,@oratilemamaila7333,2024-10-13T22:17:15Z,0
Addison's got that sultry hot old hollywood beauty vibe going on!,@NorthernLightsCapricorn,2025-02-16T20:38:01Z,0
Powerful 🔥,@i_am_greek,2025-01-10T19:52:20Z,0
Beatiful songgggg♥️♥️♥️♥️♥️♥️♥️🔥🔥🔥🔥🔥🔥😍😍😍😍😍😍❤❤❤❤❤❤❤❤❤❤❤❤❤❤❤❤❤❤❤❤❤❤❤❤❤❤❤❤❤❤,@נועהשירזי-ר8צ,2024-10-31T13:56:52Z,0
Bravo for the vintage 70's vibe,@roilanhidalgo3085,2024-10-05T19:55:23Z,0
"Catchy song. My first thought tho?  If I were her, I would want Mom and Dad to skip the viewing of my first track/video. 😂",@emeraldwoman6158,2024-10-23T03:52:37Z,0
"I see Katy Perry's ""wide awake"" vibes all over this song.",@emu256,2024-11-15T20:10:35Z,0
"So nostalgic, what a popstar!!😂😂😂😭😭😭😭😭😭",@edithjohnston6549,2025-02-16T17:35:33Z,0
Del rey vibes,@suiannesilva2939,2024-11-08T07:59:52Z,0
Lana del ray vibes,@jaypearce2239,2025-01-22T00:25:51Z,0
DEFINITELY A MADONNA AND BRITNEY SPEARS VIBES❤❤❤❤,@ashleymstewart1121,2024-10-17T07:16:30Z,0
I really only know Addison from TikTok but this is like next level good. It’s such a vibey song I love it,@2m8o15,2024-10-30T00:21:14Z,0
Everyone in the comments are either thirsty or have no good taste in music cuz this one of was the  worst things I’ve ever heard,@StrokingmyJack,2025-01-19T03:40:16Z,0
"I 100% thought the lyrics was ""My lips reflect off his Costco chain""",@justinauyeung1290,2025-03-15T15:58:57Z,0
Tgat has the be the weirdest.. video.. I've watched in a long time....💀 I like this song but the video killed the vibe lol,@chosan5479,2025-04-24T01:47:20Z,0
"Oklou copycat!!! full doupe I hope people call this out, Oklou is a true original and deeply talented and is being stolen from right here.",@nicelinoleum,2024-10-18T02:07:45Z,0
"strangely this guy fits so so so much to this Music, idk, the feeling of having a crush on Jason Dilaurentis having like 13 years comes back and match so much with the music, maybe not the lyrics but the whole vibe, idk just feelings",@leticiavieiraramos7607,2024-10-02T01:20:52Z,0
The beat and melody sound very familiar.,@spaceman9424,2024-11-04T23:59:53Z,0
this song has shameless vibes,@ggansedo,2024-10-24T19:22:36Z,0
The music. Video is the worst thing i have ever seen,@stefano6352,2025-08-09T08:58:42Z,0
The music (not including lyrics) written in two minutes tops.,@___David___Savian,2024-11-29T23:54:52Z,0
Lana del rey vibes ❤,@karina9127,2024-12-27T19:38:15Z,0
"Love the song, hate the video. She is very annoying",@karolarap,2025-01-24T03:46:53Z,0
Annoying,@Knhs24,2025-06-07T06:52:24Z,0
crazy 😝😜🤪 catchy,@JonLovett-u4w,2025-03-12T22:49:05Z,0
"If they bring back Miami Vice, this song has to be in it so contemporary in 2025",@ilconsigliere4441,2025-07-14T12:54:58Z,0
Gotta really like the song ...but video um we'll ummmm ya there is no nice way of saying it's awful..,@joycegriffin1290,2025-03-13T18:22:35Z,0
Lady gaga vibes😍😍,@rin-bm3kw,2025-07-10T08:03:01Z,0
These new vibes are everything!! All ready for happy and in love era ❤,@danielcorzantes963,2025-03-14T04:15:44Z,0
Awesome vocal layers,@JaybeeDefiance,2025-05-31T18:27:33Z,0
Las vocales me suenan Ariana G,@huber1402,2024-10-23T12:37:17Z,0
Thanks Avril Lavigne I found this song and now I cant stop listening is sooo catchy ♥️,@UltravioletSlave,2025-07-07T05:41:52Z,0
I love Lana’s vibes,@XsisG,2024-12-28T10:52:48Z,0
"Sorry, but this is the worst recording quality I've ever heard, especially the muffled vocals.  Were they going for a Dreamlike effect ? They should of used another effect besides no high frequency, ridiculous amounts of reverb and compression. It completely ruins it for me, but apparently liked by many, or they just don't care about the sound quality.",@strangebrutoo,2025-06-07T21:38:21Z,0
From Rae to Rae…you’re the new IT girl. Also this may be the best pop melody ever written.,@rl7560,2024-11-10T06:12:05Z,0
So much invested with the music production that I don’t even care what’s going on the video …….im just vibing to every beat with my eyes closed and feels like I’m in my best mood 😂😂 😂,@Shivansh_studies,2025-03-23T22:14:54Z,0
"Her vocals age like fine wine, God she's stunning all around ❤",@MarcGuatemalan,2024-11-15T05:51:45Z,0
"Had to look up thr lyrics because I swore she was saying ""Costco chain""",@NoName-cs9ce,2024-11-27T17:30:01Z,0
She's annoying with bad skin,@Transformer-x6t,2024-12-06T12:35:10Z,0
britney spears 2004 vibe 😯✨️,@stalinmoraes_,2024-10-24T10:12:33Z,0
I couldn't hear a single word in the lyrics. What language was she signing in?,@terrysky83,2024-10-23T18:10:26Z,0
"She's getting better! Acting & music has improved. But quite a bit of Autotune, we'll see how she is live.",@Euphoriccc,2024-10-07T18:51:48Z,0
"someone find where this flow was bit from. ive heard this exact melody in an older song. sound engineers worked real hard on this one lol, she fine as hell though",@orbsbythought,2024-10-03T15:10:07Z,0
She should just scrub the internet of Obsessed. That was awful. This is art.,@Carcadia393,2024-10-02T05:16:10Z,0
nah that chorus hits different ngl💀,@legendxd6268,2024-11-24T20:23:38Z,0
