comment,user_name,date,likes
"she wasn’t playing when she said this is her version of fantasize. i loooove this one a lot. perfectly catchy, perfect beat.",@jssicajuly,2024-03-08T06:21:54Z,21146
"THE SLOWED DOWN ""THE BOY IS MINE"" BUILD UP TO THE BEAT GETS ME GAGGED EVERYTIMEEEEEE SHE ATE THAT",@eternalsunsh,2024-05-10T15:51:29Z,3697
The slow tempo in the first “The boy is mine” sheeshhhhh,@isalbertt,2024-03-08T06:10:30Z,3187
I love that some musicians nowadays bring these 2000's RnB beats back!!! This track is a vibeeeee!!! 💖💖,@Loanica,2024-03-08T11:29:30Z,2939
Classic Ariana with a 2000s vibe. Instant hit!,@KATLANA1,2024-03-08T06:35:00Z,2080
One of the best tracks on the album...vocally and lyrically.,@lisajoye5721,2024-03-09T23:10:43Z,1184
"""Watch me take my time."" *slows the beat* 😍",@lakeLindseyy,2024-03-11T02:13:26Z,710
she got the golden touch with lyrics and golden ear for the beat. everything comes together so well. love this album so much!! <3,@mariahcarlencia,2024-03-08T07:16:35Z,595
The “ the boy IS mine “ the backvocals makes me ommmggg ✨✨✨✨,@Rosan4790,2024-03-09T16:02:09Z,592
This is one of her most sensual and catchy songs.,@oni5153,2024-06-01T14:27:04Z,546
The goosebumps after the beat slows down >>>,@heartskyloves,2024-03-08T06:47:10Z,478
The slow down before each chorus is soooo nice omg😩👏🏽,@I.am.Trinece,2024-03-08T19:59:14Z,296
This is giving 90s vibes love it ✨,@typ1cal_cvnt,2024-03-08T12:33:42Z,279
It is so addictive. Her tone?? hello!!! The way she has sung this whole song. Wtf!!!! And her vocals don't need to mention,@doomed5206,2024-03-09T20:14:42Z,233
"This is just too good where do we start 😭 the tempo interrupt, the chopping / slicing for impacts, the harmonies - too much goodness Ari!",@Haseebspeaksofficial,2024-03-12T17:20:23Z,192
"Ariana is so good at making incredibly catchy, fun, feminine pop/rnb songs UGH i am absolutely obsessed with it and her and her breathy voice UGH so mariah carry core",@dianed3978,2024-09-09T02:04:12Z,184
The tempo change in the chorus is INSANITY 😍,@sceetsceet03,2024-03-08T19:55:19Z,139
"DID ANYONE REALIZE THE LYRICS IN 0:53, AND IN HER SONG “NASA” ONE OF THE LRYICS ARE “ SOON AS THEM STARS ALLIGN” AND IN THIS TRACK IT SAYS “THE STARS THEY ALLIGNED”",@arixaeescp,2024-03-08T21:22:52Z,118
"This song is the best on the album, the beat is 🔥😩",@JaeHunt,2024-03-08T06:58:18Z,113
the production. the lyrics. this is the best album EVER.,@lntltcl,2024-03-08T07:19:38Z,113
The control she has with her vocals ❤️. She has the voice of an Angel.,@michaelspero6157,2024-05-28T11:37:29Z,95
"1,2 step vibes 🔥",@PepeVenegasJR,2024-03-08T06:04:47Z,75
I don't know about you guys but its so hard to pick a favourite one outta all these songs 😭like every lyrics are so so so 🤌✨,@lovethepinks,2024-03-08T07:02:33Z,67
"OMGG THE VIBE, THE LYRICS, THIS VOICE!! THIS SONG IS LITTERALY AMAZING! IT'S GOING TO BREAK THE INTERNET !!",@Ali_lish,2024-03-08T08:56:11Z,50
"this has become my favorite song in her discography. Her vocal range & intensity is breathtaking, the production is catchy & I've been listening to it non-stop.",@kathk94,2025-04-06T23:59:10Z,49
Giving me 2000s pop and rnb diva vibes,@MichaPardede,2024-04-03T10:36:16Z,46
I love the beat change right before the chorus.,@Coolguy311yes,2024-03-10T03:57:59Z,45
The way the beat slow down at that one part just gets me everytime it happens 😩,@tylermullins9572,2024-03-08T16:03:04Z,42
""" PR-OB-AB-LY "" the melody in which she  breaks down MELODY is Majestic 🐞",@kcovertmusic1949,2024-03-10T00:46:17Z,39
"Ahhhh this is giving 90s pop, nsync vibes, and its soo good omg arianas voice is made for this style",@keridwenx6457,2024-03-08T06:55:50Z,35
That’s a banger right there Ari! Nostalgic  style missed for years in music finally coming back again this year…feel like this year is going to be one of the greatest ever! You made an incredible album!,@anastasiay.3261,2024-03-09T22:44:37Z,31
"The lyrics,  ''i can't wait to try him'' just damn I'm in love with this and fantasizeee😭🫀👍",@nehaakter7714,2025-02-26T09:49:54Z,30
I'M SO PROUD OF YOU ARI. IM SO EMOTIONAL TODAY. THE ALBUM IS MASTERPIECE! THANK YOU,@melina3486,2024-03-08T07:46:14Z,26
This is quickly becoming one of my favourite songs of all time... it is just too catchy,@MatthewGalloro,2024-03-10T18:22:58Z,23
I keep hearing this and it just needs a Tinashe slap beat to come in and hit the song. Tinashe is the collab you need for this Ariana!,@Finance-Fern,2024-03-27T21:59:51Z,21
1:19 amo essa melodia/ i love this melody,@m00nlight3_me,2024-03-14T19:19:24Z,19
"Some of yall need help. In any other situation you would call a woman like her wicked and wrong who intentionally breaks up a family. But because she puts it into catchy lyrics, you’re praising her. This world is F’d up. I like Ariana but not this new Ariana who brags about ruining a family with a new baby.",@StefunnyStrange,2024-03-16T21:13:35Z,19
My fave. This was on repeat on the drive back home. It’s a whole vibe!,@etali.savimak,2024-03-08T14:06:56Z,17
The melody sounds like TLC's musics. Love it so much.,@teodorosantos6410,2024-03-08T13:07:48Z,17
This comment section is a 👎... considering what Ariana has done... and this song is a cold-blooded representation of that... im not able to groove to this song... no matter how good the lyrics are.. considering somebody's pain is involved here... sorry...,@shreyaindia4024,2024-03-09T16:37:39Z,17
The best of the álbum🔥 has a vibe,@omarcv7729,2024-03-29T17:16:22Z,13
"Its giving ' break up with your girlfriend, I'm bored"" vibe ✨",@itsjerray1156,2024-03-29T08:05:07Z,12
This is her new album's best song!  RnB suits her showing her vocal ability and the arrangement of this song is also top-notch.,@ericayan5277,2024-07-02T18:49:48Z,12
the production the lyrics her voice is all imperfectly perfect and one of the best artists of our generation👏🏽💖,@ashlekeyb.4296,2024-03-08T06:30:41Z,11
"This song’s beat is perfect, it’s so catchy",@musicalkavya,2024-04-25T04:42:19Z,11
The boy is mine is too catchy especially when it slows down I’m obsessed!! Love it ❤,@ayyuna7067,2024-03-29T14:13:22Z,10
The most creative and addictive song on the album. Literally the best one❤☀️and yes😭that slowed down moment before the chorus is just diviiiiiine,@andyba.8501,2024-03-12T22:55:11Z,10
Please give it an MV with a choreography having 90s-2000s vibes! Please please!,@JG_Vietnam,2024-04-04T13:56:02Z,10
"Catchy song, but still pretty wrong of her",@arfrfdf9132,2024-04-22T00:11:30Z,9
I love this song but it is just so awful releasing it right after what she's done 💀,@ayshaarif7249,2024-04-30T10:45:39Z,9
I love the old r&b vibe she's bringing back 💕 i don't think your voice has changed I think you're just choosing a different style and trying new things !! I'm a couple years younger and  I and my family have been supporting since day one no judgement we're all human ! . Always will support!!:) always sending healing energies your way!,@asmaraaa14.,2024-03-08T08:16:45Z,9
"Love how it slows down when the chorus hits, Ariana is a true pop icon and legend. Her hit The Boy is mine reminds me of classic early 2000’s dance/ R&B. ♥️❤🤍🎵🎶🎙️👑⚜️💎🏆",@jazminratzlaff5357,2024-04-11T03:27:40Z,8
"The vibes coming from this album are so fresh, ari never dissapoints✨",@Starphine,2024-03-08T06:49:30Z,8
Omgg such vibeee song ✨️,@KIMAFNAN,2024-03-08T08:20:27Z,8
As soon as the song started and I heard the beat and the vocals…. WOW !!❤,@may.luvsya,2024-03-08T06:57:16Z,7
that pre chorus is insane like ???????,@jobijoba2421,2024-03-08T19:05:53Z,7
"Love how ariana bring back 2000s R&b beat back this track is such vibes, and instant hit so iconic ✨️.",@nicholasgarrick8855,2024-03-08T23:26:07Z,6
Man the beat the lyrics goes hard,@Dictator-B,2024-04-16T15:58:30Z,6
I don’t know why she’s being praised for being a homewrecker but ok… at least the song is catchy 😂,@stevenbeck,2024-03-08T11:15:28Z,6
"I love this song Lyrics, beat, and a sensual vibe Ariana is literally giving 2024 energy she never disappoints ❤❤❤",@jeannetteortiz200,2024-03-08T08:17:04Z,6
That old vibe is baaackkkkkkk🔥🔥🔥🔥🔥🔥🔥🔥🔥 love this track!!!!❤️❤️❤️❤️❤️,@bunnygirl-9480,2024-04-12T08:17:12Z,6
Pple hating on this song are so annoying,@zellelietta1553,2024-03-09T05:47:02Z,6
good and catchy song but girl he’s all yours 😭! please chill!,@isaiahwhite0923,2024-04-08T15:12:58Z,6
"It’s embarrassing that you fight this hard for a man who could be easily swooped from his wife and child. He’d leave you for the next best in a heartbeat, too.",@morgancx95,2024-03-12T20:57:43Z,6
"This is trash but it’s catchy. Ariana grande is a terrible person, she’s a witch.",@jule8280,2024-03-22T16:50:18Z,6
"I feel like I have to be in an affair to enjoy this song, so I'll pass. Can't relate to the lyrics.",@MalloriD21,2024-03-14T16:03:26Z,6
"The beat is good but hod damn you must have some serious mental issues about singing on stealing a man , gross, but that's me",@malovina,2024-03-10T00:16:06Z,6
"The beat, the slow down, the lyrics, the nostalgia FUCK 🔥🔥🔥🔥",@ashleycervantes3846,2024-03-09T21:30:29Z,5
"Idk, but give me yk2 vibes",@Yeon_in27,2024-03-10T22:52:11Z,5
"Ah, dang i was hoping the song was gonna be a cover of *The Boy Is Mine* sung by *Brandy/Monica* in the 90s. The beat is bangin’ tho 🤙🏼",@TightyWhitieTrash,2024-06-06T17:53:53Z,5
İt gives me the vibe of her unreleased song 'Fantasize',@evasnight1699,2024-03-09T06:21:53Z,5
Please need a music video for this song. Cause it's so so deep. She's at soul mate level.,@vincentasuku9539,2024-03-21T23:26:39Z,5
"A song justifying her stealing another woman’s man? Not the vibe, sis!",@SummerOfMayhem,2024-03-08T17:18:00Z,4
my clit fell off and ran away the moment she hit that first chorus,@hallo9062,2024-05-15T05:37:08Z,4
she seriously ate with this album and like how this song is just so energetic and catchy is just MWHA!💋,@IYRAluvsSabrinaTayandOlivia,2025-02-08T05:58:08Z,4
"Ehhhhhh the stars didn't align so much as she has a pattern of purposely homewrecking and these lyrics try to make it seem like she was totally innocent before """"""this one time."""""""" This isn't the best look tbh.",@missmusic4951,2024-03-09T07:48:48Z,4
Omg this 2000s vibes AHHHHHH!!!! L-O-V-I-N-G IT ❤,@arleenizquierdohdez9934,2024-03-09T04:29:47Z,4
This song giving me Aliyaah vibes.,@sammh3936,2024-03-26T15:50:23Z,4
The chorus has me GAGGED,@loonaticgowonৎ,2024-03-14T19:20:05Z,4
The slow down before each chorus !!!🥺✨✨,@alishaharveyx,2024-03-11T08:51:21Z,4
"THE CHANGE OF TEMPO CAUGHT ME OFF GUARD, I LOVE IT",@franfran2001,2024-03-08T21:51:56Z,3
"It's explained why she gets involved with committed men just to look at her ex and say that the boy is hers. She must feel super powerful when ""taking"" men from others.",@auroracatarina9307,2024-03-13T23:15:47Z,3
She ate🤎 The beats🤤,@mphowilhelm1492,2025-04-03T12:54:01Z,3
"Why the first melody sounds like ""Luigi Mansion song""",@ricky1747,2025-01-03T20:13:55Z,3
Just awful. Something is wrong with how she sings,@Thedownwardmineon,2024-03-08T12:58:21Z,3
"“The boy is mine” girl, the only person you have to fight with for him is Sandy Cheeks…and she’d beat the shit out of you",@Sjp977,2024-04-05T01:40:27Z,3
2000s Mariah and Ciara vibes!,@IgorAlves,2024-03-08T13:05:07Z,3
This song is giving ‘Fantasize’ vibes,@mario_esguerra,2024-03-15T18:57:02Z,3
It give 2000'S R&B vibes,@pettysiren,2024-04-24T04:06:37Z,3
this beat is so cool omg,@reyhaneasghari9274,2024-05-03T16:59:51Z,3
"this is definitely her best album, also other albums are amazing but in this all the songs could be used as a single and the lyrics are very unique",@bla_bla_bla357,2024-03-08T13:06:55Z,3
intro is so so catchy and the beat makes me Goosebumps,@cochono3746,2024-03-21T10:00:11Z,3
"This is my favorite song so far on the album!!! Omg the beat, the vocals and lyrics are making me move every time I hear it. ❤🎉🥰💜🏳️‍🌈",@michaels1643,2024-03-09T21:10:36Z,3
I'll be real this is a banger but the lyrics are genunely despicable... She's really flexing about robbing a wife and mother of her husband,@bradyhayes7911,2024-05-02T04:12:28Z,3
this sounds awful,@cloudyxsxies583,2024-03-10T05:33:44Z,3
This is a vibeeee ❤❤❤,@Spiritualsquad_,2024-04-30T12:39:20Z,3
THIS IS SO CATCHY ! I ADDED IT TO MY PLAYLIST,@heyitsdori,2024-03-09T00:56:57Z,3
Yeaaa we finally going back to 2000s beats🎉😍❤️,@fluffymarshmallow2881,2024-03-29T08:03:38Z,2
"It reminds me of “Don’t call me angel”, the chorus, the beat, etc. anyone here feel the same?",@phatnguyen875,2024-03-09T18:57:52Z,2
Stolen vocal melody from an old song. People from 90s know what i'm talking about. Sadly i don't remember the title of that song.,@johnr39,2024-03-09T03:00:53Z,2
It’s a no for me. I don’t like the choppiness of the song and the lyrics are cringe.,@cindyv3290,2024-03-08T13:45:42Z,2
What a melody,@kziofficial,2024-03-20T19:00:02Z,2
Cierra vibe ❤,@Taelorbeatty,2024-03-26T03:36:10Z,2
"its giving 2005 ciara and i love it .. the beat , the tonality in her vocals. everything. just close your eyes and imagine ciara singing this song and you will see it",@natewaltz2,2024-03-20T20:13:18Z,2
THE BEAT AND LYRICS 😄🔥,@janellerod4865,2024-03-09T16:42:25Z,2
Best song love the lyrics,@Agbuterafan,2024-05-14T03:17:22Z,2
Max Martin you fucked up the beat and production on this song in the best way. I can’t help but start dancing each time it starts,@scotty2hottie759,2024-03-10T17:19:53Z,2
I like this jam. Gots a 90s vibe,@13salinaspride,2024-10-12T02:42:18Z,2
"The lyric and her voice is so catchy especially at ""the boy is Devine"".",@Moon-jae7,2024-08-31T07:08:32Z,2
This song gives the vibee even though you're single 😭😭❤️‍🔥🤌🏻,@yummiestASMR,2024-05-12T12:40:32Z,2
I thought she said this is her version of fantasize but chileee anyways this still a vibe,@JhonCrisDanao,2024-04-19T09:14:56Z,2
This is so Bratz vibes,@carolinabella3958,2024-03-09T04:09:37Z,2
YOU DONT NEED TO DO A AUTOTUNE BECAUSE WITHOUT AUTOTUNE YOUR VOICE IS EVERYTHING!!! 💓 KEEP DOING GOOD ARI,@Majeeczka.,2024-03-09T17:03:07Z,2
There’s nth this woman can do ❤ such a vibe,@Loislaulife,2024-03-08T12:43:58Z,2
Mariah honey vibes❤,@exoticalBecky_Miami,2024-03-09T22:03:11Z,2
THE BEAT HELP❤❤❤❤❤❤,@juleshall3162,2024-03-09T15:02:46Z,2
Where is the damn video? And a 90s R&B vid vibe would be right.,@jst4572,2024-05-31T16:00:36Z,2
"why is this giving fantasize vibes ,no?",@diannaenriqaeron,2024-03-16T02:42:16Z,2
Very Ciara “Goodies” vibez ❤,@BrandonCiCi,2024-04-27T08:44:40Z,2
new ringtone,@littletinyari,2024-03-14T07:04:03Z,2
Holy crapppp her vocals are amazing and that outfit is so gorgeous,@lilym2230,2024-06-08T05:51:01Z,2
love the 2000s vibeeee,@emmamartinez1705,2024-03-09T17:18:24Z,2
its how the beat slows.ln the chorus 😢 beautiful,@tawandamafemba,2024-03-09T02:14:08Z,2
It’s crazy that the first few seconds of this song you can hear the instrumental alone and it’s the same vocal progression of the leaked “FANTASIZE” song.,@CeruleanOctave,2024-03-08T09:44:14Z,2
"I love how the beat seems to slightly slow down between ""the boy is..."" and ""...mine !"", it's so satisfying !",@izzythere77,2025-04-05T13:30:20Z,2
the slow tempo is SICKKKKKFSISUDJIW,@lailaaah5661,2024-03-08T08:16:56Z,2
this song is too catchy,@cosetteangel21,2024-06-15T21:09:21Z,2
This song gives me Ciara Goodies vibes and I LOVE IT 🔥🔥🔥🔥,@trishacappelletti,2024-03-08T21:05:09Z,2
Bratz vibes,@kelvinxyz,2024-03-12T20:41:42Z,2
She has the perfect vocals for R&b pop,@nonelikememe,2024-03-15T18:19:32Z,2
Positively awful. 😅 the original was a great song. Yuck. Really how do you ruin a song so bad.,@honeysuckle2780,2024-08-15T11:49:16Z,1
If you do the Dougie to this song it follows the same beat💀,@rymndry,2024-03-17T00:44:25Z,1
Yeah damn iconic vibe,@JenseSoo,2024-03-15T18:39:50Z,1
The vibe ❤️,@priyampathak677,2024-03-08T07:29:08Z,1
"Omg, i wan see this song live performs,  the powerfull voice omg",@JoseSosa-s3l,2024-03-15T15:16:46Z,1
Lol hun thanks for these and singing some of songs we wrote together when we wrote honeymoon avenue when we were kids she came and seen me after my mom and brother passed..these are about someone you people don't know lainey wilson I'm boy or kid off of yellowstone. Love you babygirl,@zachh1546,2024-03-24T12:54:36Z,1
"Besta beat OF the album, I love it",@ErickZenin,2024-04-10T23:32:26Z,1
"Same vibe as 🎵 Toxic Gossip Train🎵 trying to validate her own poor choices, a child now grows up with both its parents in the same house because of ariana",@essiesboo,2024-03-08T12:38:05Z,1
Early 2000s vibes 🥹,@Axvvn,2024-03-10T18:30:52Z,1
The chorus and bass 😅 makes me wanna be bad lol,@tylerb7389,2024-03-08T20:09:48Z,1
I love the tempo change and delay! It eats soooo mfn bad! It reminds me of Sweetener era! I love it so much!!!,@PinkFridays,2024-03-09T20:38:57Z,1
Song sucks 🤷 its a boring beat and she sounds like shes winded throughout the whole song.,@StevenDoh,2024-03-15T21:07:11Z,1
Where are the high notes Ari??😢😢😢,@neomalumane2866,2024-03-08T07:56:44Z,1
"Not in love with it, but ok 😅 I don't know, maybe after Taylor I'm asking artist to step up their lyrics",@KalyEadlyn,2024-03-08T14:18:09Z,1
It gives me Danity Kane vibes!❤️‍🔥,@overmoviecated,2024-03-25T15:54:27Z,1
"This is one of my faves on the album, so damn catchy",@bassistbehavior,2024-05-11T14:55:25Z,1
Awful,@CancelHappiness,2024-12-08T21:00:29Z,1
I cannot wait to listen to this song in the summer- ITS SUCH A VIBE,@georgeschneider6459,2024-03-08T08:39:23Z,1
Nice song but for me only the chorus is catchy,@veenabopche7990,2024-04-06T13:16:13Z,1
Her vocals are just outta this world,@Axvvn,2024-03-10T18:30:05Z,1
I'm not the biggest AG fan but this song this album is a whole vibe 😎,@joshwinston8836,2024-03-08T06:05:46Z,1
"This definitely captured that 00's catchy r&b tune that people went crazy for over ""Fantasize""",@okayalii9851,2024-04-26T20:57:31Z,1
Just an awful person. Such a troll,@niamh18,2024-03-08T07:19:25Z,1
Got so distracted listening to this song that I crashed into a street lamp while biking downhill 😂 so catchy!!,@polarhammy,2024-03-20T23:27:51Z,1
On top sideways on the floor on the dryer on the counter upside down reach around in the sky reverse cowgirl missionary doggy style choking spitting slapping biting-,@julissaspov,2024-03-09T06:02:52Z,1
Yeah damn iconic vibe,@JenseSoo,2024-03-15T18:40:29Z,1
"Amo as músicas dela, principalmente nessa vibe",@CaroldasViSa,2024-03-30T06:08:36Z,1
this is my favorite song from her eternal sunshine album... it just has amazing ✨vibes✨,@charcoallatte-cl,2024-09-29T01:31:19Z,1
"YASSSSS, HOMEWRECKER VIBESSSS",@floren3576,2024-04-07T21:11:30Z,1
"Gente q musica gostosa, uma vibe anos 2000, EU AMEEEIIII 😍💘💌💋",@LeonnardLopez,2024-03-09T04:34:19Z,1
"It's giving 1st & 2nd album vibes, and I love it.",@heidisupple,2024-03-08T06:36:24Z,1
first time listening to this on Yt I'm late as fuck but Idc This is a W Album And in my opinion this Has to be the my top 1 out of 5. true story is So good but this song just hits Different then we have Yes and Which is My top 2 true story bc true story is one of those songs that hit different but you have other Options then we have Yes And at 3 Bc look Yes and Is A W but Thats and type of song To be a bop and yes Its in my top 3 bc of it plus this era of ariana on that song Is just Ariana grande the angel then we have Bye and Don't wanna break your heart These Two songs are hard to Relate Bc she talks about her past relationship in one of the and the other one is just about her leaving Someone Which can also mean the same thing but i think Bye has to be 4 for me bc Its catchy so Is Dont wanna break your heart but something about bye just hits me in a way That Dont wanna break your heart doesn't and Dont wanna break your heart is the last one I put this one in last bc i can relate to what shes saying but I hear it and I wanna like Get into a Depression stage bc of all the Things I had in a relationship But it's a good song In my opinion Love you ariana this is just my opinion 💗💗💗💗💗💗,@demontimemfs999_YT,2024-04-28T05:50:10Z,1
"Gives me the 2007's vibe of r&b songs, like Ne-Yo's or Mario's style.",@panpanush,2024-03-08T16:14:06Z,1
This vibe is turn u into Y2k or it girl 💅🏼✨,@Corrupt_Elf,2024-03-08T08:25:39Z,1
"She so wrong for this but this jam is a vibe!! Damn, love-hate Ari!!",@NiamHmoobMuas,2024-03-08T17:59:09Z,1
This song gives me Y2K vibes!,@mackenziewachter2508,2024-08-20T15:49:46Z,1
Gives me 90s hip hop r&b vibes ❤❤❤❤ and I’m here for it,@nayeligallardo48,2024-03-08T06:52:54Z,1
This song reminds me of doja cat like that. “That’s my shit that’s my shit do it like that and on repeat” reminds me of Ariana’s chorus,@xia1494,2024-03-10T06:50:14Z,1
"Queen Ari , this song is powerful",@arianagranadosu,2024-04-14T18:08:07Z,1
"Come to think of it, Ariana has done ALL ERAS. The way she started with the 50s vibes early in her career and worked her way through the 80s then the 90s especially with Be Alright. And now she is serving us with the 2000s and I'm here for it.☺️☺️☺️",@Babyice011,2024-03-18T13:21:47Z,1
Why do ppl comment LYRICS (WORDS) IN A LYRICS MV,@daisykamm28,2024-06-27T19:06:31Z,1
0:29 Chorus🍮🧚‍♀️🫧,@cxrt1er,2024-04-11T21:03:09Z,1
this song is literally my new favorite of all time. i know that already because of how catchy and perfect it is,@hawaiiohau8182,2024-03-08T15:40:02Z,1
"Me da unas vibes a fantasize, te amo ari hermosa",@Allison_576,2024-03-08T08:11:40Z,1
this whole song sped up to 1.15 is the perfect dance tempo,@kayleeslater6345,2024-03-11T01:41:41Z,1
Ringtone❤,@UriAG98,2024-07-15T18:41:39Z,1
"THIS SONG IS MY FAVOURITE SONG AND VIBE OFF THE ALBULM, It’s underrated! Love her boppy songs!",@teleishamber,2024-03-14T04:37:51Z,1
the chorus ahajjahshsjaksj,@deedee.l7983,2024-03-08T17:33:11Z,1
Bratz vibes🥰❤️❤️,@savyannarain,2024-03-09T23:49:05Z,1
this somewhat reminds me of freek-a-leek just by the beat a little bit and the vocals. but this is banger i just gotta avoid thinking of spongebob :),@haroobommie7915,2024-03-13T20:11:51Z,1
"The beat drop on ""The boy is mine"" AH! ITS SOO GOOD ❤",@mosh0,2024-03-09T07:32:01Z,1
Soooo catchy Ari is divine when it comes to additive beats,@renee1167,2024-05-21T02:55:51Z,1
Great song! The chorus is magnificent!👌👍👏👏👍,@soroushsadatsharifee,2024-03-18T16:23:57Z,1
I don’t like the lyrics bc I don’t feel relate with possession but the rhythm is so catchy and I love R&B,@danadanka8819,2024-04-07T05:14:20Z,1
"I know there's a thing called seperating the art from the artist, but her music isn't even good enough for me to do that! Ooh... she can hit whistle notes! So the f what!? I can't take a love song from a homewrecker seriously!",@TaraTara-ld2xb,2024-03-08T10:23:51Z,1
"I'm not sure how this is a visualizer instead of a straight-up lyric video? (Or is that just the fancy term for it, a la 'sandwich artist' style?) But at least they put the lyrics up and leave them there long enough for people to actually be able to read them, unlike some. Font kinda small, though.",@iprobablyforgotsomething,2024-09-09T03:23:37Z,1
Listening here in Philippines i love the lyrics its obsession between a guy,@devencanoy8385,2024-03-08T08:37:06Z,1
I love the 90s and early 2000s vibe 🥰,@janesmart1958,2024-03-08T07:11:22Z,1
It's hard to read along to the lyrics. The lyric speed is a little delayed.,@jyn88,2024-03-21T06:16:35Z,1
"It's giving 1, 2 Step vibes",@Marie-Annelise,2024-03-10T01:29:44Z,1
Gente a vibeeeee! Amooooo,@mateussantos443,2024-03-08T12:50:38Z,1
wow…the mv is pretty with deep message,@spikeyconstantine,2025-03-28T23:07:30Z,1
Clean music! very rare these days I'm loving the vibes❤,@Brxzyy.,2024-03-15T00:06:34Z,1
"How much talent Ariana, perfect treble, the rhythm is cybernetic, magnetic, avant-garde, cosmopolitan, pop at its best, instant hit, Perfect Sound, perfect",@nestorborjas6413,2024-03-08T16:25:34Z,1
"lately i've been listen to 90's r&b and this is so nostalgic as fuck, she sounds better than ever, come on! R&BIANA!",@wingsmagius,2024-03-08T15:25:25Z,1
The beat sounds different to me.,@TheFamily2019,2024-03-08T21:42:43Z,1
Wow same vibes as Touch It. It's a BOP! ❤,@rogeliohernandez222,2024-03-13T02:26:42Z,0
That vocals 1:24 🥹🥹 🌟🌟🌟🌟🌟,@mohammadzoabi-i5b,2025-07-21T18:36:23Z,0
Dios mío este beat es TAN deliciosooooo. TE AMO ARI,@NathanaMontes,2024-03-08T07:49:26Z,0
"Is this one the banger of the album or is it the beat drop of ""the boy is mine"" part, cause it's got me hooked",@Adri.Adri.Zavala,2024-03-08T08:38:22Z,0
"I love the R&B vibes , I love new album ❤🎉",@jkathRICH,2024-04-07T03:59:40Z,0
You can’t even read the lyrics . This woman is shameless to call this a lyric video,@dreamfyres,2024-08-10T23:43:59Z,0
Best song in this album. So catchy,@Babyboy88911,2024-03-30T10:05:41Z,0
Aaliyah rock the boat vibes,@lintytoe7216,2024-03-08T06:32:32Z,0
"damn, wish the chorus repeated just one more time at the end, would've been perfect. My fav track from this album 👌",@Jackiekavinda,2024-03-08T17:13:10Z,0
0:29 same melody as pre chorus of The Rasmus Living in a world without you,@001maui111,2025-04-27T01:43:11Z,0
a mi y a lucas tomas paupie nos encantó esa partesita del beat.,@vitucabrera,2024-03-08T20:49:36Z,0
Say ok Vanessa  simular beat,@pascalewebster7837,2025-05-10T01:34:29Z,0
"Getting this "" Baby I'm jealous "" vibe again",@i.ashishhhv.x,2024-04-29T14:41:58Z,0
Her new songs are just blahhhh not good....what happened? There all just boring and not catchy,@tazeschwifty4363,2024-09-23T03:19:36Z,0
"Corporate America owe US $87 trillion. In order to overhaul economy and infrastructure electric and other energies costs $192 trillion real economy. $122.1 trillion electric vehicles sales. Go for the money so that when it doesn’t fail us or Argentina as well Father Ignacio and his mother and southern hemisphere family happier biofuels food rather than for synthetic strengthening and farmland devastations. Oil rich energy carbon emission calamity nations? Falling apart. Trump doesn’t want foolish to Russian to China and handling care Ace Ventura UPS kickboxes! We love puzzles. Plaster to fix or hot flame cold flame to fix. Forgot Marty McFly and Doc 1.21 jigga watts. Had Teacher off cliff train saved steam carriage and omnibus families.  Logs minerals fireworks heat ratings hot, hotter and full blast pinpointing 1.21 giggy watts to hyper rail yellow lights tails sonic and knuckles!  Locomotives smoke stacks make our own smoke and lightning!",@ericjose675,2025-05-12T04:52:01Z,0
"Very ethereal- giving Imogen Heap vibes, like goodnight n go but this one is all hers ❤❤❤",@ethe7119,2024-05-21T20:51:36Z,0
the tempo change is such a clear message to many people,@ilystephx,2024-03-08T16:52:30Z,0
What a vibe ❤,@vorachor3673,2024-09-15T15:46:03Z,0
I love its rhythm,@lizaallen572,2024-03-11T23:30:47Z,0
Nothing compared to the original. Lyrics is cringy.,@syan8182,2024-03-23T14:59:37Z,0
Mariah Carey’s vibes! I loveeee it!,@huaclesstudio,2024-03-09T14:34:52Z,0
Sounds a-little like Ciara but slower tempo.  Ariana do Ariana please.,@CC-kl4nh,2024-04-15T01:19:01Z,0
I can listen to this all the time all day 😍The Vocals just Amazing 🤩....,@sanjeykumar8606,2024-09-09T07:38:27Z,0
"so catchy, i loved it",@annacarolina672,2024-04-02T14:30:03Z,0
The best outta the previous 5. I probably shouldn't have but I assumed the overall vibe for this new project might have had a similar dance vibe like the first single. I luv Ari nonetheless her vocals is what always wins me over ✨,@_an-aesthete_,2024-03-08T08:48:51Z,0
SAME VIBE BMF BY SZA ACKKK MY BOTH FAVE 😭🫶🫰,@hideinCraze,2025-03-08T03:07:05Z,0
Thank goodness for the lyrics otherwise I’d have to google.,@PinguinosAzulez,2024-03-21T06:52:41Z,0
Baby I + Break Your Heart Right Back + Borderline = The Boy Is Mine (duh i know my opinion worst),@fathurrahmanprasetiyo779,2024-03-08T05:48:40Z,0
THE SLOW BEAT !!!!!,@aefm0000,2024-03-08T06:16:20Z,0
THE VOCALS,@blushycloud,2024-03-08T09:43:53Z,0
Until now this album giving vocals and lyrics but its boring too,@maskure5606,2024-03-08T12:00:36Z,0
"This song gives me a similar vibes to ""into you"" Into you was seductively mesmerizing. It's old but gold. This one, like the sweetest almond chocolate. This is diamond. 💎✨☀️",@AnacoritaMakinta,2024-03-09T08:09:46Z,0
That’s so catchy 😍,@marvelousmaryy,2024-11-11T15:16:22Z,0
"The chorus sounds like Therefore I am by Billie Eilish, i like it tho",@issachp4188,2024-03-09T01:54:08Z,0
Such a 00s vibe,@mwgmoraes,2024-03-11T12:19:42Z,0
I just love the very beginning beat ❤,@Dessamackenze,2024-03-08T20:15:57Z,0
"okay so i actually need a Normani verse to actually honour this song title, it it’s gotta be a duet",@chayanaforde2471,2024-03-28T21:45:00Z,0
"Should've been the lead single. Love this so much more than Yes, And? and the vibes are truer to the album, like supernatural is.",@softtommy,2024-03-09T02:26:37Z,0
"Favourite on the album, along with Supernatural. Sounds nostalgic. Loved the album, sounds like most authentic Ari  ❤",@fifi2421,2024-03-08T06:04:59Z,0
"I love how she references the songwriting in this song. That very sexy, half-beat late sung “mine” in the first line of the chorus. And then two couplets later she sings “watch me take my time” referencing “mine” being a little late AND THEN references it again in the next line “I can’t believe my mind” AND NEITHER CAN WE ARI. GOD JESUS LORD",@mikeoneill91,2024-04-17T03:43:11Z,0
i hear petey pablo’s freek-a-leek every time the chorus hits,@milmilboo,2024-03-12T07:43:15Z,0
The Something About him is made for somebody like me part all the way through the chorus and back up vocals was 😮😮😮❤❤❤❤❤,@Theyfwtris,2024-06-26T14:33:34Z,0
Are there any up beat songs on the album??,@jwallabaddabingbaddoboomgu257,2024-03-10T03:23:05Z,0
we need gucci mane on this beat,@bubblefungus82,2024-09-13T03:32:06Z,0
Aaliyah vibes 🎶,@julitabiaek7140,2024-03-23T17:13:08Z,0
Lyrics plz!!!!,@Lovely.SilversTonE,2024-03-09T03:18:03Z,0
So 2018 vibes,@Nicolyaie,2024-03-12T12:06:33Z,0
Any recs for songs with a similar vibe ?,@Dsssssssss-n9x,2024-03-11T17:17:13Z,0
"I get what she was trying to do but with her voice against the beat, as well as the way she was singing/slightly rapping. the paise in the beat is throwing everything off. her backgound voices were an odd choice. it was catchy. she didnt understand the assignment for this one.",@moniqueware3763,2024-03-28T03:48:09Z,0
It’s giving more like Doja cat vibe,@Eman-life-vlog,2024-03-18T17:43:14Z,0
"stole the beat from vince staples' ""aye free the homies""",@gamingwithnicko1942,2024-03-17T14:32:52Z,0
It’s so catchy ahh 💕,@PrettygirlFaith454,2024-03-09T00:51:04Z,0
wow wow the voice and beats...............pure flow....so enjoyable,@kevinangelo4564,2024-03-08T09:21:57Z,0
beat is majestic,@cierre2955,2024-03-10T16:34:51Z,0
"Omg JLo vibes, without JLo sounds so polite. 🥰😆",@jainerfonseca7361,2024-03-09T17:44:19Z,0
Lil Wayne should put this beat on his new mixtape,@Jonnibegood,2024-04-13T18:44:57Z,0
"0:47 I love this new chapter for her. It’s giving more R&B and less pop. She just unlocked new levels of where her sound and emotions intertwine, balancing one another.",@debbieabbas1569,2024-03-09T16:19:07Z,0
0:27 same beat as in the collab between Seventeen and Nu'est in Heaven ;),@aubertcoline752,2024-03-08T14:27:53Z,0
It was giving Samantha Jade- Boyfriend vibe tempo❤❤❤.. Good job Ariana😊❤❤❤..,@asiamainevent9076,2024-03-12T02:45:09Z,0
Ohhhhh.....its actually really good and so alluring and seductive in a classy sexy sensual way.... definitely a vibe🔥🔥🔥🔥and  im not even a real fan of this particular genre of music,@mizkaponi4853,2024-04-22T19:53:51Z,0
that vibrato in her voice in the chorus holy fucking shit,@p3dro734,2024-03-11T03:44:43Z,0
it's giving 2000's vibesss,@anyulismercado3890,2024-03-08T18:22:16Z,0
"Ari here's totally ate that with the lyrics, so majestic as it should 💅😍❤‍🔥",@manfredpinedosoto2426,2024-03-10T14:13:38Z,0
Fantasize's vibe! Yes!!! 90's RnB I love itttttttttttttt It sounds just like the sequel of Fantasize!,@JG_Vietnam,2024-03-08T15:19:05Z,0
this beat this beat this beat omg i loooveeeee arriiiiii,@univbae,2024-03-08T08:03:32Z,0
Definitely giving Brandy and JoJo vibes. 2006 vibes too.,@ayanmoalin2524,2024-03-12T05:31:47Z,0
Doja Cat Vibe,@johnnromerr1231,2024-06-15T03:17:29Z,0
Britney Spears vibes✨✨,@kleinfrancispo.2002,2024-03-16T23:44:41Z,0
"This beat snd the first flow reminds me of 1,2 step by Ciara ✨",@aalijpw,2024-03-08T08:18:50Z,0
This beat go so hard this whole song a vibe. ❤❤❤ uu Ari,@Minato-_-Sensei....-.-,2024-03-09T16:49:41Z,0
This song gives me some rage vibes!,@selda_KZ,2024-03-08T12:40:41Z,0
"She never misses, every chorus has such a beautiful melody that gives you chills, what a special talent 😮‍💨😩🔥🎶🌊",@30atwill91,2024-03-16T21:11:16Z,0
Hold on somebody get Ciara on this with these 2000’s vibes RNNNNNNN💚🔥💃🏾💃🏾💃🏾💃🏾💃🏾💃🏾💃🏾💃🏾💃🏾💃🏾💃🏾💃🏾💃🏾🔥🔥🔥🔥🔥🔥🔥🔥🔥🔥🔥🔥🔥🔥🔥💚,@CocoaxKayla,2024-07-15T01:45:02Z,0
This giving britney spears vibe!!!,@lemueljarby6305,2024-03-08T06:52:28Z,0
This is giving Britney Spears beat 💪,@sandythao5028,2024-03-10T21:22:42Z,0
My most favorite song of her album ❤ the melody is spinning around my head,@vivianruan_,2024-03-23T05:39:06Z,0
She made a beautiful song with lyrics about breaking up a marriage lol 😂.. what a gorgeous talented whore,@Ziare-z5w,2024-05-28T16:22:52Z,0
I need the lyricssssss 😭,@hermosaFranz,2024-03-08T06:16:35Z,0
Que voz meu Deus um timbre tão leve...,@mariaaparecida4583,2024-04-06T20:55:25Z,0
some of you don't need to understand the lyrics...<3,@rija_khan,2024-07-03T10:44:09Z,0
Blatant rip off brandy and Monica  lyrics and my god you can have him 😅😂,@Ade-t4x,2024-07-13T10:46:42Z,0
Nothing will ever be compared to the Fantasize chorus... But good try!,@MarcosAlexanderDíazPerozo,2024-03-08T13:34:18Z,0
"you use my voice and my mastering for the distributed version without responding to my hello on insta. You know only my friends can make money from my job but you ghost my hello and happy birthday after 6 years you ghost me you continue to hack my pc for robbed my voice and my mastering without hello and contract signed to do business. Please delete all my work on 7rings/stuck with you/34+35/positions/santa tell me/all tracks eternal sunshine Dj scrog remix to help you get back. now you and Mariah Carey are my enemy, you are not allowed to use my voice and my mastering for the buisness version because you never respond to my hello. you know I'm not interested by your money after 6 years, I help you for you  Mariah's feat and your musical arrangement. you are killing our love for no, hello now i hate you. you kill my love for you goodbye forever. eternal goodbye",@alien13or,2024-05-21T10:13:34Z,0
1:16 giving Britney Spears toxic vibes. Specifically the part after the bridge “taste of your lips I’m on a ride”,@apmuzggshoes,2024-04-02T13:15:06Z,0
Perfect good vibe ❤️,@thiagothug7910,2024-03-10T21:51:51Z,0
"This album should've been ""BEST POP VOCAL ALBUM"" at the Grammys",@justinmv023,2025-02-09T03:58:41Z,0
t.a.t.u. yulia volkova vocals in the chorus???,@the-swamp-shrimp-witch,2024-03-13T22:20:57Z,0
this has lady gaga vibes,@jcn268,2024-03-10T03:33:52Z,0
"This is the first song of hers that I can actually understand the lyrics of, did she start enunciating or did I just finally get used to her mumbling?",@gladitsnotme,2024-03-18T10:54:40Z,0
"I don’t get the hate, this album is so much better than the Positions album. It sounds different, has less dirty lyrics, has a better vibe in general… also almost each song is a bop",@aizuni,2024-03-10T23:01:34Z,0
Love it the 2000s beat it hits ❤️,@its.yaboineb,2024-03-08T14:52:06Z,0
"It's giving quiet, martial arts, Chinese/Hongkonger madam woman vibes. I like it.",@DerrickJLarson,2024-03-12T22:08:12Z,0
Early 2000s rnb vibes and production,@ruthtrentwood3374,2024-03-08T11:31:14Z,0
Best song but needs more range in her vocal i can see why she picked this song it’s young & fresh forever,@3DbeautyLove,2024-03-08T12:19:54Z,0
omg so fucking nice melody,@NGUYỄNQUỐCĐẠT-z5z,2024-03-08T06:22:37Z,0
"This chorus is going to all over TikTok soon. Speed up and slowed down, new challenges and edits made with this song.",@itstonycia,2024-03-08T06:20:51Z,0
THE TEMPO CHANGE,@kissofife,2024-03-08T06:19:10Z,0
I LOVE WHEN SHE SINGS SO STRONGLY AND DEEP LIKE THAAAT,@leticiaevonnie5696,2024-03-08T06:18:57Z,0
This is 80s vibe songg!! She is killing the game lately,@TECHNICALXGAMING,2024-03-08T15:02:25Z,0
es de mis favoritas pfff las vibes🥰,@ramonfernandez5085,2024-03-08T05:57:34Z,0
This is giving fantasize vibe,@rexylbatiancila3853,2024-03-08T05:55:34Z,0
Early 2000s vibe with a splash of 24,@d2h655,2024-03-08T05:52:46Z,0
Omg what a powerful and energy 😍❤,@sassy_and_moody,2024-03-08T05:48:46Z,0
"She can’t believe her eyes, but I can’t believe my ears because Ms. Ariana is serving vocals and sass 🤩🤩",@apocalypseready6256,2024-03-08T05:47:11Z,0
