comment,user_name,date,likes
I love the 90s vibe. ... ...,@MizzMuffitt,2024-04-03T09:36:16Z,1232
This is totally Express Yourself / Vogue vibes ❤️🙌,@eringrubb7817,2024-10-03T11:18:44Z,517
I'm 61 and I freaking love this song. And I don't know why it makes me emotional.,@Barbarian857,2024-07-04T20:13:47Z,329
I'm getting major goosebumps from this epic chorus!,@SwarthoutLaniNicole,2024-05-06T08:12:29Z,150
"Love this song, the whole era has been so powerful she's so back with this album and Wicked <3",@javierx7210,2024-06-07T15:13:20Z,103
i don’t get why people are so disappointed by this song 😭 it’s such a  good pop & dance/house record with an amazing vibe. good quality and productions and vocals,@niccoloravo2907,2024-04-08T09:30:26Z,84
These lyrics are brilliant...how she put them to such an amazing dance song...,@StormTrackerWV,2024-04-29T00:34:32Z,83
This song doesn't get old I love all the vibe in it❤,@SouthallFalcon-p1f,2025-03-24T19:31:45Z,67
MADONNA VIBES 110%,@Emmaleegay-km7zz,2024-04-07T01:18:03Z,66
Ari your mind is just brilliant!!  The song and the video are literally everything. The vibes are immaculate and concept is truly inspired you can tell a lot of thought was put into the visual! I’m obsessed 😭😭😭,@NasyaKawan,2024-09-22T18:02:31Z,48
"Yes and is actually overhated, its so good i love the vocals and the introduction",@pvsitions,2024-04-03T13:48:58Z,39
"I love this video. The lyrics and feel of the song (which I loved since I heard it) hit me harder watching it. No to the haters. Be your own best friend. Shit gets tough. There's too much judgment and worrying about what everyone else is up to, when we have to care for and answer to ourselves at the end of the day. Love it ari",@nikid3690,2024-06-11T12:40:29Z,32
fuck !!! she has gone beyond the level... and in this whole eternal sunshine album she has expressed every stage of trauma and healing through her lyrics.. I'm really drugging to... felt so relatable how it feels to be stuck then trauma bonded and then to finally decide and move on and never give a fuck. it takes a lot to not care about others and when you do... it gives you immense power❤️‍🔥😭 love love love every version of arii,@ramsha_nigar,2024-09-29T19:37:07Z,31
the lyrics are so insanely tone deaf and shameless considering she's a serial boyfriend stealer donut licker home wrecker. you're tired of people's assumptions? imagine how the ex wife feels lmao,@1240123,2024-12-20T23:18:54Z,29
Actually a real good tune. 90s vibes 😎,@Iodophor1,2024-04-13T22:01:34Z,27
"Ariana, I don't know if you are going to read this comment, but did you know that this is my favorite song right now? Yes, And?... it makes me happy and gives me optimism because of the lyrics, I can't stop thinking about this song and I want you to know that I love you very much for making me happy with this beautiful song.  It's been a long time since I've heard such a special song.",@matiashernandezflores372,2024-04-19T13:04:58Z,21
"This is a fucking hit you guys what’s wrong with you? It’s an ANTHEM, love the beat and the message damn",@simonetsob4920,2024-05-10T14:13:20Z,21
CAN EVERYONE STOP COMMENTING “WHOS HERE IN *insert month here* 2024” LIKE ITS ACTUALLY ANNOYING,@Harriet-knowles069,2024-10-03T08:16:09Z,15
This song is already nostalgic and it hasnt even been a year,@plastiquex,2024-09-07T12:45:58Z,14
This song has such a 80's Janet Jackson vibe on it.... really love it,@pboosten,2024-10-25T17:14:29Z,10
Giving Madonna vibes,@gadijayaghya7248,2024-06-30T23:05:55Z,9
"i don't know how i missed it when it came out, the very important detail: she's a stone figure, a sculpture, not her true live self when the covers are down, when the world sees her, but when the covers are up and no one can see her she's moving, dancing, singing and being unapologetically herself. i love you so much Ari",@Snoooopyyyy,2024-06-19T11:21:52Z,8
'Vogue' vibes. Love it!,@tinasuarez117,2024-04-03T10:24:22Z,7
I love the 90s dance music type vibe this has,@horrangay,2024-04-02T15:59:51Z,7
You should be ashamed of yourself girl I truly wish you the worst,@isabellatobares8108,2024-12-23T14:43:25Z,7
"It’s pretty gross to me how many people aren’t paying attention to the lyrics and/or caring that she’s saying she stole a married man with an infant, so what? We don’t hold celebrities accountable for shit anymore unless we’re canceling them for “woke” offenses.",@mjboutin7224,2024-10-04T22:51:32Z,6
"Madonna's ""Vogue"" vibe. But it reminds me of Paula Abdul's ""Cold Hearted"" Video. Love It....",@blatinoboy76,2025-06-29T03:56:47Z,6
Gives madonna vouge vibes,@dan199122,2024-06-27T03:48:53Z,5
Madonna vibes,@ToneTravels,2024-04-11T14:15:30Z,5
"this is giving me ""george michaels too funky"" vibes <3",@coraleen8161,2024-08-26T10:36:18Z,5
It has Madonna Vogue vibes. So cool!,@HeliosRazer,2024-12-08T01:50:07Z,5
"People are hating now but just wait in a couple of years people will look back, feel nostalgic and realise how iconic this comeback was.",@Sheinkid,2024-03-31T00:26:47Z,5
so 90's disco! Loved it! The vibes reminds me of the 90's Whitney Houston - I'm Every Woman❤,@maulanakwartanto7741,2024-06-26T02:56:58Z,5
I love how this is a literal diss to a family but DAMN it’s catchy😗,@Eatheslay,2025-03-09T18:32:20Z,5
2:45 the way she put mac miller's lyrics is so heart touching she really love him so much😢💕,@MissWednesday_,2025-02-15T15:56:16Z,4
"I have been looking for top, current music stars to follow since my girlfriend went off with her cousin to see Girls Aloud a few days ago. I was fuming. I was not going to be left out. Ignored. I was going to have my performers that I love who appeal to me. And today (June 4, 2004) I have found it. Ariana won a new fan today. Me. I have listened to the first few lines of the lyrics to songs from stars like Shawn Mendes and I switched off. Ariana's song's just make me want to keep on listening. Nothing to do with the fact that two very young victims of the tragedy in Manchester are from my hometown. There is something about her voice that just keeps me hooked. I intend to listen to more in the very near future. This is my first ever song. But there is going to me more. Much more.",@paulanderson1962,2024-06-04T18:13:41Z,4
I dont know what kind of vibe but it’s definitely a vibe,@Pafrapa,2024-05-06T19:44:23Z,4
It's basically Vogue but with better🎉 lyrics!!!!,@dennvettafazio3626,2024-07-13T05:39:28Z,4
her class is unbeaten,@niccoloravo2907,2024-05-27T14:14:57Z,4
Who's here after abracadabra? Felt like same vibes,@federicospinella351,2025-02-03T07:05:20Z,4
Madonna vibes 🎉,@ishiveeman1,2024-07-30T21:35:14Z,4
"Honestly I'm skiddish when it comes to pop music but this hits different, bc imo it got great house drums, drum patterns and mixing + synths remind me the type that are sampled into Futute Funk/French Touch",@kvasman834,2024-06-06T20:47:26Z,3
all of her music videos always are so entertaining and her songs r such a vibeeeee,@Poop-z6f4d,2024-04-21T03:28:15Z,3
"oh god, I love the vibe so much",@arianatorture,2024-06-08T08:13:18Z,3
She s gorgeous and small but powerfull ❤ grande dame ❤❤,@Loveyourself22-m1i,2025-06-04T16:16:33Z,3
Madonna vibes,@andredelavega1231,2024-05-06T04:02:51Z,3
i used to love ari but her life decisions are so questionable and she doesn’t seem authentic to me just deeply insecure and tries so hard to convince the world the opposite. not only does she have a reputation of homewrecking but she is so obviously self destructive. and she tries so hard to convince people she’s healthy when she looks extremely underweight and sick. i hope she is still going to therapy cause this is not ok,@blakemartin3034,2024-09-10T12:59:32Z,3
😮wow great  melody and the choreography is f*****g Amazing!,@johnyramos8527,2024-09-06T05:18:50Z,3
The single worst song ever. Literally just came here to say that. I hope Ariana and Ethan make each other as miserable as they made his family in this situation. The lack of conscience is completely psychotic.,@hannahanderson5658,2025-01-21T00:20:46Z,3
"Anyone else noticed how the MV has subtle references from previous LG’s masterpieces? That lady in red gives a vibe of alejandro and marry the night, her in white feels like bad romance and dancers in unison like born this way, that scene with canes like in paparazzi, that smoke puffs like in applause, people cheering while she’s in the middle like in stupid love, screaming scene like in 911 ❤❤",@patrickjohncarmen8664,2025-02-03T06:39:37Z,3
"Let's take our place for a great masterpiece, I love this song and Ariana's vocals ✨️",@زينب-ح9ت,2025-05-14T13:02:29Z,3
Passa o tempo e eu continuo adorando essa,@only_682,2024-07-28T20:20:38Z,3
Sounds like Madonna Vogue. Love this song! Great vibe,@claireamer1,2024-03-31T00:22:34Z,3
Good catchy tune with retro elements.,@allanrobertson2401,2024-05-05T11:09:12Z,3
what a beatiful song,@GenAlphaNation,2024-05-18T19:46:55Z,3
Loving the 80’s references in her videos right now. Totally cold hearted snake vibes here 🔥🔥🔥,@jessicama7623,2024-05-14T05:04:16Z,3
"Love the 90’s vibes of this one and how all the statues crumble, and then Ariana’s classy grand entrance. Love her outfit, shoes and hat. And the end when the dancers and her become the statues again. 🖤🤍🩶 👠 😍🥰😘🤩🌟✨🎶🎵🎤🎙️🏆 👑 💎 ⚜️",@jazminratzlaff5357,2024-04-21T20:07:09Z,3
She looks strange because she bleached her hair and eyebrows it's just not right for her skin tone,@daydreambunny222,2024-04-05T21:00:20Z,3
"The beat sounds like a sonic level mixed with final fantasy 13, love it",@thevoodoovulture,2025-03-30T22:49:17Z,3
Madonna vibeessss! 🎶🫶🏽,@moroquiabex0528,2024-03-31T03:41:26Z,3
"Madonna, Vogue vibes",@Rivalty,2024-04-08T14:18:53Z,3
Ariana brought back the 90s eurohouse beat 🥲🥲,@abdieldj,2024-07-24T02:25:39Z,2
Such a catchy song,@KimTippett,2025-02-15T12:42:47Z,2
the vibe this gives is crazy,@ThatOneGK-HL,2025-02-02T10:52:43Z,2
this is giving a very boutique store vibe,@Fish-123,2024-07-15T10:02:12Z,2
Good vibes!!!,@SamSchuring,2024-05-08T19:49:58Z,2
This has an early Madonna vibe to it! Love it! 😁,@Guikrazy,2024-06-09T05:31:14Z,2
she doesnt make mainstream music the sammmeee!! so deep,@nemanairobi,2025-01-14T09:51:36Z,2
"I love the emotion it gives, it's really motivating",@constanzamendozab7189,2024-05-28T19:45:13Z,2
I like it but.....the beat doesn't really go with the song in some  parts though,@Diamond_X_Official,2024-08-10T10:05:15Z,2
I just realized what the lyrics are about and I just wanna say you go Ari like when I read the lyrics I just realized it's about you people talking trash about hir body like just mind your own business have you guys have nothing better to do 😅,@Littel_dwalf,2025-04-06T18:42:36Z,2
This song is really catchy .I love you ari,@avorynakholi5097,2024-05-05T10:01:12Z,2
The worst song in the album.,@Jimsurely150,2024-06-19T22:46:58Z,2
Love this. Giving Paula Abdul Cold Hearted Snake vibes. I'm here for it❤,@shannelld1,2024-06-22T19:58:55Z,2
The beat and aesthetics have a 90's vibe.,@kappett322,2024-12-02T19:05:57Z,2
"When i heard it for 1st time i thought the lyrics was ""In case you haven't noticed, I'm everybody's type"" 🤦🏻‍♀️",@norazlina2847,2024-05-02T07:09:47Z,2
sono andato tipo 10 volte ad h&m da gennaio e tutte e 10 le volte l’ho sentita e sono rimasto là tempo extra per finirla. i love this song sm BEST COMEBACK EVER.,@edo9587,2024-09-06T23:22:50Z,2
anyone else geting MADONA'S VOUGE vibes,@kitanovicsuzana,2024-05-05T19:16:54Z,2
Love a ariana grande beatiful,@AnaMarin-c7h,2025-06-01T17:14:10Z,2
Can you sense my vibes?,@29HoneyBadger13,2025-06-26T06:15:57Z,2
Has the vibes of Madonna's Vogue from 1990...,@UberDurable,2024-04-06T23:54:27Z,2
Yes and shes annoying,@MrDarkSide21,2024-06-24T23:54:21Z,2
tf y'all sleeping on Ari now and prefer some generic KPOP by not giving this banger 100m views?,@pennyx_wise,2024-10-13T15:33:01Z,2
"The eternal sunshine official music videos, lyrics videos and visualizers combined have 203.3 million views",@mama-m1k5l,2024-04-13T14:21:35Z,2
This has Vogue by Madonna vibes. Absolutely love it.,@monikawillowmatic,2024-04-14T07:49:35Z,2
I FOLLOWED THE VID YOU ARE VERY DEEP AND CREATIONEE,@vitoleovitoleo,2025-06-30T05:21:21Z,2
I know she's a mess but this song is soooooo very catchy.,@BrizzB,2024-04-22T23:12:42Z,2
Totally getting Late 80's Vibe and hope this continues!,@dragongamer2670,2024-04-13T21:26:20Z,2
This song sounds like I'm in the strip club in gta5. I'm catchin those vibes 😅,@hennymanislit7742,2024-08-14T19:17:18Z,2
"Loving EVERYTHING about THIS. Not only - it's actually the first time I watch this video-, that when I heard this tune some months back, that I paid attention to Ariana's music.. probably just really only knowing the collaboration with The Weekend, before. However, watching the video now & paying attention to the song's composition elements, it's so beautiful to see how she pays tribute to Paula Abdul's ""Cold Hearted"" in terms of choreography set up & execution - which back then, was actually a choreography tribute to Bob Fosse. 🥰. You will know, it's a definite tribute to Paula Abdul's video, when you see the window blinds go up to darken the dance studio at 2:25, when in Paula's video, the blinds get pulled down to darken the dance studio from 02:17-02:24. But also, the song actually seems to incredibly cleverly sample George Michael's beginning intro from ""Freedom 90'"" - just sped up & masterly cut into a fraction. So. But then also, culminating into beats resembling Madonna's ""Vogue"" just changed. Which would state the case, when the clay figures from 0:47-049 show Vogueing poses.. . So, And Yes.. is a lil masterpiece in its whole contribution & homage to other artists. Well done. 🥰",@magicdragicfilms,2024-11-28T01:05:41Z,2
It’s me or the base beat it’s exactly the same as Vogue !!!!,@CocinaconMisha,2024-06-15T21:11:47Z,2
Kind of gives me Paula Abdul's Cold hearted Snake  vibes,@yvonnea4558,2024-08-17T18:44:39Z,2
This is basically a Madonna song. Total Madonna vibes.,@jennyRUle_disARRay,2024-07-19T01:42:32Z,2
"this song has so much meaning, and i love the theme of finally telling the critics how annoying they are.",@yachef,2025-02-07T03:46:06Z,2
I’m getting Madonna express yourself vibes,@rickyanglin1241,2024-05-16T05:07:40Z,2
She's so cute and sexy ! And so powerfull! Shinning example of femininity. Love you Ari!❤,@FortMartin-v9m,2024-04-28T19:59:09Z,2
The beat is AMAZING but ariana's voice doesn't match with THE beat,@zariyahluv,2024-06-13T14:46:12Z,2
"she's talking to the homophones and the people who constantly talk smack about her, talk about killing two birds with one stone. oh Ari the bad b*tch you are 💗",@toure8,2024-10-10T08:47:44Z,2
"Esto tiene las mismas vibes que Vogue de Maddonna, amo",@OopsEmotions,2024-04-14T20:16:40Z,2
I get major Madonna  vibes . I like it .,@tonyg5113,2024-04-14T12:41:10Z,2
Quien esta acá para comparar el Beat con Abracadabra de Lady Gaga?,@oficialvento,2025-02-04T01:18:23Z,2
I like the rhythm of this song,@Angelwheel,2024-12-03T03:28:29Z,2
happy 100 million milestone,@TayNayTayNa,2025-03-02T14:13:28Z,2
Paula Abdul vibes.  Check out cold hearted snake,@darealg9,2024-05-13T01:26:36Z,2
I missing the old ari take seriously not funny that missin the vibesera when thank you next and sweetner,@zeinescn,2024-09-25T12:08:17Z,2
I like it. Very catchy tune. Been listening to it on loop today. Girl please go and eat some food.,@TheeCobra,2024-04-04T09:03:16Z,2
"To be honest, I didn't like this song the first time I listened to it. But now I love it. Starting 2024 with it was a vibe.",@directionergirl1,2025-01-28T17:15:02Z,2
Total degradation of music.Apart from the beat there is ABSOLUTELY nothing interesting in this clip as well as all her (her producer's) videos in the last 5 years.,@ВасилийЗайцев-л8д,2024-11-11T13:48:26Z,2
Its giving Janet vibes 🥰,@AngelicaRodriguez-fw1fu,2024-04-12T00:01:10Z,1
"Madonna  Vogue vibes,  I LIKE IT!",@naorl8866,2024-07-01T20:11:07Z,1
I like Ari's new music vibe. Yes it doesnt sound like her past songs. Love it still.,@ariffhamid,2024-06-15T13:09:53Z,1
It has a Madonna vibe to it,@mattheww88,2024-06-07T23:29:52Z,1
This video give Cold Hearted Snake vibes.,@daverhoden445,2024-06-29T01:40:00Z,1
idc abt the music the intro is fire aswell as the beat love it!!,@Imani.is.the.o.g,2025-04-23T03:06:38Z,1
"Her dancing is ahead of the beat, which is fascinating because as a singer surely she has rhythm",@Kixcomments,2024-05-04T15:22:01Z,1
the sound of the beats are very similiar to the track vogue from madonna...nice track,@calectromusic,2024-09-27T19:05:16Z,1
Fosse vibes ❤,@verydenise,2024-07-24T16:37:17Z,1
"As a survivor from violence and emotional abuse, this song is so therapeutic and empowering thank you ❤",@jacquelinejuana34,2024-05-30T22:37:31Z,1
It gives Paula Abdul vibes,@RockinBrandts,2024-09-25T18:26:35Z,1
"I love the lyrics and the thinking behind it. She must be a very strong lady! thank you for your artistry, you are beautiful.",@traumaprotector,2024-06-08T14:30:00Z,1
Been in this vibe allll day 🤷🏾‍♀️ cause who strangers think they are to tell ppl who they are 🤦🏾‍♀️😘,@septemHer,2024-12-16T00:01:59Z,1
The ‘Paula Abdul Cold Hearted’ vibe is undeniable! 🔥,@senaacikoglu,2024-12-01T08:12:11Z,1
"This video immediately evokes for me a throwback to Paula Abdul cold Hearted Snake video in the styling /choreography (the setting, the hat, the moves of the background dancers) and musically it’s giving Madonna Vogue vibes.",@kariana315,2024-07-13T11:28:24Z,1
"This is giving ""Thank U, Next"" vibes. 🤩 Catchy song, by the way!",@GF_BH,2025-03-26T11:06:05Z,1
People mentioning the similarities to Madonna (Vogue) with the beat. But the visuals are most similar to the Cold Hearted video by Paula Abdul,@mechaban,2024-06-30T03:08:36Z,1
"Generic, boring, and annoying.",@tum_tums,2024-07-26T05:31:02Z,1
Love this song gives Madonna vibes,@ashleiharmon6216,2024-07-13T19:57:55Z,1
Why is this kinda nostalgic already?😭😂,@KimberGracee,2024-07-23T14:55:16Z,1
"ARIANA I AM PROUD OF YOU GIRL …. You ate the visuals the lyrics and choreo, yea I had to put on subtitles and actually understand the song more and I felt every word . SAY THAT SHI WITH YO CHEST. It’s funny because a lot of y’all she was talking about and all y’all can say is “the malls this and stores that” like can y’all not give her the well deserved flowers . She ate y’all up and y’all really quiet . 😂😂",@stormymalone7584,2024-04-02T23:06:12Z,1
The beat of the intro is like  Madonna's VOGUE song.,@franceskatherinerodillo6952,2024-04-03T08:38:58Z,1
Loved it so much I made it my ringtone ❤,@xbox12sabastian,2024-04-10T20:12:36Z,1
Feeling that this should be Janet Jackson song.  Has that vibe,@luisespinoza7911,2024-06-24T01:52:15Z,1
Madonna could have released this song in the 80s. The rhythm comes from this time. Brilliant!🥰,@RalfGebauer,2024-04-12T18:07:18Z,1
I fine eat sometimes yes more time i sit on telephone and back to melody come toilet comeback bed morning wake and  cake eat share time with my dog because is young dog Like meat i eat beat,@Jakubial,2024-11-15T19:03:41Z,1
"You can in there but forever Like better Vibe Like sweet , drink milk music must listen and have good Vibe dont take pen allways use voice and give energy with this good smile allways good vibe",@Jakubial,2024-12-05T19:30:26Z,1
chill vibe,@elfichh,2024-06-15T03:44:52Z,1
i can't be the only one who think the build up is cool but the chorus absolutely sucks ass,@Sleeper47,2024-04-26T22:56:25Z,1
This song has same vibes with Vogue (madonna),@Loweeeeeeee1,2024-04-12T19:18:32Z,1
This song is generic fluff. The only reason why it was so popular and successful is because so many people love Ariana Grande for no real reason. It has already been forgotten by mainstream radio.,@DBZpfpguy,2025-01-21T00:43:27Z,1
I like it.Its giving some Madonna - Vogue vibes.Idk but i like it.For u who say its like H&M u clearly are born after Queens reign in 80's and 90's.Tottaly getting this vibe and im loving it.,@JohnDoe-bl6xx,2024-08-20T16:38:12Z,1
Ngl i think i heard this beat bf?,@hi_this_is_nada,2024-12-13T16:10:08Z,1
Madonna  vibes,@xxxlifenomorepodcast.8528,2024-05-02T11:36:56Z,1
The vibes tho ! ✨,@dyanamaria736,2024-05-19T00:44:32Z,1
Getting major Ceeelebration times come one with the intro and verse,@nadjalagercrantz1781,2024-05-14T18:39:46Z,1
"I really like this song, it has a ""Vogue"" by Madonna vibe and beat; the music video feels like it drew a lot of inspiration from Paula Abdul's music video for ""Cold Hearted"", give it a watch and you'll notice many similarities. Overall nice!",@falconshot64,2024-11-14T17:51:33Z,1
Madonna Vogue vibes,@awesome_human01,2024-06-22T01:18:13Z,1
Heard this song for the first time recently...very catchy!,@markbender379,2025-06-14T21:56:16Z,1
"This gives me Cold Hearted, Paula vibes from the choice of location of music video",@W0rkf4rt,2024-07-22T01:20:15Z,1
here to wash my eyes after drag race ruined this song with worst lipsync of the century,@zerosubschannel2248,2025-01-13T18:07:22Z,1
I’m sorry that your video got ranked fourth place in who has the worst music video on YouTube but I think the best music video I’ve ever seen,@tinalee6907,2024-11-28T19:39:32Z,1
I feel Madonna vibes,@infin8minds994,2024-04-21T06:22:30Z,1
Ariana please do a collab with dua lipa :D. Would be a really powerful duo.,@tannisarkar8334,2024-06-03T11:41:34Z,1
bad melody rip off from madonna sound from the 90s,@vladb_,2024-04-14T19:48:00Z,1
She looks awfully thin.. eeek,@WalrusRiderEntertainment,2024-06-01T16:55:33Z,1
"I mean, I can agree with this being totally made for an H&M, but this song is catchy as hell at the same time. It was fun to play in Fortnite Festival as well.",@stevie222wonder,2024-06-01T01:00:46Z,1
"Comments, we get it, it sounds like you're trying on clothes at a store. It's called a VIBE. Yes, it has a retro beat. VIBE. Just... ask a queen. She gets it.",@kaitlinhillier,2024-05-04T20:56:14Z,1
How did I miss this? Such a vibe music,@mr.melomaniacnextdoor6840,2025-04-21T06:43:39Z,1
"""Vogue"" vibes!  🔥",@keviniwashita2700,2024-04-09T02:49:56Z,1
I like it. The chorus is very interesting and ear catching just by the songs own phrasing. It has the “Vogue” -ish beat and accompaniment. Very clever. Great catchy pop song!,@ericrogal995,2024-04-21T01:58:50Z,1
Ariana please don't have any choreography in your music videos!.. absolutely terrible LOL wow (catchy song though!!!),@AlexandraB-rn9pp,2024-05-26T19:42:08Z,1
This beat goes hard asf 💪🏻♀️ love Ariana,@xiaojinlong_Aus,2024-07-20T10:48:25Z,1
"FYI this song is made in a reverse way in terms of climax, meaning the first and second verse show how Ariana's voice can range up to virtuosity while the chorus is very low maintenance, generic. Interesting choice.",@Furiospinosi,2024-04-05T08:49:37Z,1
Did somebody finally call Ariana out for being a narcissist? I was wondering what motivated the lyrics. This is her best work.,@one-stopgodshop2171,2024-05-07T14:39:14Z,1
"To this day, I’ll never understand the H&M joke that seems to permeate the release of every upbeat song. Like how is “Popular store plays popular song” a read? House music and empowerment anthems are great. If it puts people in a good enough mood to treat themselves to a new outfit, then it’s a **good** song…not a bad song, lol",@jas0206,2024-10-28T23:20:38Z,1
Who get's also Madonna Vibes? 😁,@clarissa8241,2024-08-04T08:36:11Z,1
This is pure Madonna+Kylie Minogue in the 90's vibes,@vubevube,2025-04-06T13:45:50Z,1
"Ihm Ahhriyaha Grahhhhnde, ahhhnd Ihhhhh sihhhhng so airy — Most annoying miget.",@benarshy,2025-06-30T03:47:50Z,1
"Love Ariiii... The music, lyrics also music video.. ""Yes, and"" so complete!!!!!",@dewitH1608,2024-06-18T03:11:29Z,1
am I the only one who got emotional?,@elina9180,2025-01-18T15:53:41Z,1
Love these lyrics!,@EMSLifeguard,2025-03-15T18:55:51Z,1
Vogue vibes,@АняАня-ж4у,2024-08-25T19:34:25Z,1
She got Cancer lookin vibes. I really hope she’s ok,@jesterman0488,2025-06-16T01:54:27Z,1
I love this video it's kinda giving Palua Abdul Cold Hearted Snake vibes and I'm loving it,@evilscorpio1981,2024-06-08T14:34:46Z,1
This sure gives me Madonna Vogue vibes and that is quite alright,@Sparrowsarrows,2024-04-20T21:36:38Z,1
Ooh I like this. Been doing a deep dive on Katy’s music just in time for the new album.,@DarkwaveDuck,2024-09-21T01:23:46Z,0
Madona vibes,@naddodyhaiifawehbe4801,2024-06-12T22:47:35Z,0
Paula Abdul vibes ❤,@lynz1370,2025-06-18T06:36:52Z,0
"idk why people say Ari has changed. I can see the same Ari, her lyrics are still being sassy and this time is more mature",@johannasalazar604,2025-06-18T05:50:53Z,0
Basically shes saying you Dont know what somebodys going through in life and that could something could be alot of things and that could affect alot mentality  visically emotionally so were all human we all deal with things in our own way and i dont need your nasty comments,@katherinerayner3539,2025-05-17T05:38:49Z,0
Happy vibes ✨,@Trailblazer-AIR-Uhn,2024-10-10T21:11:21Z,0
"i hate most elements of this song, but the chorus is a fucking banger. the blokes dancing and feeling it is A star as well lol",@sarahtan8045,2025-01-19T00:46:22Z,0
"This is not good music. There's no catch to it at all, and the lyrics are sophomoric at best.",@blackdeuce10gmail,2024-09-02T20:37:06Z,0
Beat sound like bangers from the early 1990s,@totoymuhlach,2024-09-20T09:27:18Z,0
"Was a good song maybe first few days it came out then it got played 6 times a day for 2 months like every other bloody song on radio, why do radio stations ruin songs it's damn annoying",@AL6Rockman,2024-06-11T21:37:38Z,0
"Absolute perfection.  Great chorey, costumes, set. Ahweet lyrics and a nice up yours to the haters 😂",@Brandin-James,2024-04-06T07:45:38Z,0
anybody else getting paula abdul cold hearted vibes?,@elaineycho,2024-04-20T19:39:10Z,0
The Madonna vibe is awesome!,@Mazel1975,2025-02-06T07:17:44Z,0
meu passatempo preferido é fuçar as músicas da Ari e comentar '❤️',@RenataRibeiro-n9d,2024-10-30T22:25:02Z,0
This song is like vogue vibes.,@cesarpx4998,2024-10-04T04:40:32Z,0
Noticed I heard the beat of this song some years ago than it struck my mind it's the same beat of Michael Jacksons ghost mousee t mix,@djbolliano6522,2024-05-07T13:08:30Z,0
TOUCH HER AGAIN AND THIS  UNIVERSE WILL NOT MATTER AND FUKKK THE HOLY BIBLE YOU HEARD I PORTALS OPEN….,@RichardStarnes-k9c,2025-04-29T10:36:48Z,0
"i literally watched this 7 minutes after it came out, in US History class. Still such a catchy and amazing song omggg",@LuluNoLimit,2025-07-20T02:58:13Z,0
"Im here after seeing sly stone aka Sylvester Stallone viral dance vid, way before my time but I wanted to channel his nastalgia moment, understand what he wad feeling, smokeys smooth voice , I can see where sly had a moment",@cimonegriffin1775,2024-10-20T00:15:13Z,0
The devil Wears Prada vibe and I love the style. It lightens up my mood 😊,@nataliamg8237,2025-01-08T13:51:33Z,0
Madonna vibe all the way :),@james-hack-official,2024-09-02T14:15:27Z,0
Gives me ff13 vibes,@DeeScoodge,2024-05-31T01:23:21Z,0
Paula Abdul Vibes!! 👏🏽👏🏽👏🏽,@lialivehi,2024-05-19T22:33:18Z,0
Kylie Minogue vibes ❤,@isaruizdiaz2354,2024-06-08T22:26:11Z,0
Jhene is a witch a high priestess in reverse and stole her man,@charlottejodinormand9880,2025-01-18T00:19:49Z,0
"Uh, anyone getting the Paula Abdul - Cold-Hearted Snake vibes?",@GSHaden-y9q,2025-07-25T11:54:37Z,0
This is giving me strong Madonna vibes,@DingoCrash,2024-10-26T16:13:01Z,0
"Yes, she’s a homewrecker, and? It’s such a catchy song regardless, a literal banger.",@Brycki404,2024-08-01T13:38:03Z,0
So her turning to stone has something to do with trolls? Is she a troll? Internet trolls? Or her just trolling about something she’s not apologetic for?,@The0therRollingGirl,2024-04-22T11:36:41Z,0
Uma vibe anjos lamentadores de doctor who.,@KndAtdb,2024-05-28T13:31:51Z,0
the lyrics said dont commnet on my body do not reply hit me hardddddd ithernal sunshine to the wolrd best comeback ever,@rahilzubair-cu8bj,2024-09-21T02:16:57Z,0
Great song! I love the vibe! It doesn’t sound like annoying and pointless noise like most songs of today.,@solmartel360,2024-04-27T15:03:48Z,0
That rising drum progression into the chorus is straight from I’m Too Sexy by Right Said Fred.,@dedomenici,2024-04-07T16:13:14Z,0
Ariana is beatiful ❤,@ElCaos...,2024-10-14T16:58:10Z,0
Definitely Madonna vibes,@ebonifreeman9360,2024-04-11T19:46:33Z,0
Is it just me or does the music actually looks disconnected from the vocals of the song??,@muhammadraufmughal4569,2024-04-12T00:49:25Z,0
These lyrics are not the slay she thought they would be and it honestly just comes off as disrespectful. Nobody is mad about her ponytail.....that's literally not the problem and she knows it.,@cecemepls0,2024-04-12T21:33:47Z,0
Madonna's Vogue kinda vibe,@danamohan9851,2024-04-13T14:01:31Z,0
generic voice... and what happened to Grande's hair???,@mback3713,2024-05-04T13:45:17Z,0
Is it just me or does this video give Paula Abdul Cold Hearted Snake vibes?,@c.reneecourtney5171,2024-05-05T01:10:38Z,0
I got the vibe of the vogue song,@berfinkangal7911,2024-06-15T17:19:50Z,0
The  audacity to use Mac Miller's lyrics from such a good and deep song for excusing cheating. Breaks my heart,@michaelacernakova447,2024-06-16T18:33:56Z,0
"Eternal sunshine is such a great album; so many references to other artists, both her peers and other, former divas. ""Yes, and?"" feels like such a tip of the hat to Madonna with her Vogue era and also makes me remember ""Material Girl"" with its sassyness during the verse. Love it!",@trymba,2024-06-17T10:46:03Z,0
please on the subtitle read the lyric you will heal by the lyrics alone,@rahilzubair-cu8bj,2024-09-21T02:19:02Z,0
The chorus reminds me of one of Madonna's song. Im not sure if it is vouge,@ma.sharinapadolina4697,2025-01-08T05:36:59Z,0
"Não é possível que essa música tem mais de um ano,o tempo passa muito rápido 😢😢",@cauabonfa332,2025-03-03T02:03:37Z,0
I always feel a Madonna vibe,@julianamagalhaes8020,2025-03-07T01:50:42Z,0
I’m getting Madonna vibes,@happypaws2010,2025-03-23T05:22:03Z,0
"Love it when she sings „hold your stone achi achi achi achi achi achi, pull your beer back and-a pull your beer applesauce“",@BobTschiggerillo,2024-04-11T08:57:44Z,0
Yes i listening music now yes good Vibe  need replay now have time watch Like music Like good music can all day and now i change  here have more CD i see all and listen next now or tomorrow bye bye is night Like batsss,@Jakubial,2024-12-04T18:55:51Z,0
The vocals are absolutely stunning!,@ChristVibesOnly-o4u,2025-03-05T08:16:09Z,0
Vibe2025🤞,@joshuajeremiahrumley9822,2025-01-19T01:41:55Z,0
"It feels and sounds like...Madonna! Got them ""Vogue"" vibes!",@MrTinybubles,2024-12-29T01:55:26Z,0
I don't get the statue espue vibe its giving aliyah  aka akashka  from queen of the damd . But I must admit.  I love her voice very angelic,@diagorolle5196,2024-05-03T02:16:18Z,0
ß and English especially American courts the lyrics woulda look like,@danielkorosec9944,2024-10-20T09:17:25Z,0
Is anyone noticing that she’s projecting witch craft she turns into stone when the light is on her and she does a spell on the audience before the wack ass show is over. She is not of light. She is a dark witch!,@stephaniemccants448,2024-12-10T17:43:53Z,0
ZARA Vibes,@NicolásPérez-u7q,2024-10-04T17:24:40Z,0
"very very very Madonna ''VOGUE'' vibe, flow and beat",@JohnBest84,2024-12-28T23:30:03Z,0
Ariana Grande - could have done better with her career - this track is a decent house track throwback to a great time in dance music in the 90s - but the lyrics and content that ariana grande puts forward is clearly sexual predator shit written by men - its dissappointing that she allows herself to be the vehicle to push this crap in to the psyche of our younger generation. DEGENERATE generation.. great track.. shitty lyrics,@ChrisNova777,2025-03-01T19:56:54Z,0
Forever 21 vibes....or claires,@lizziebunn,2024-05-28T11:40:25Z,0
These are some nice 80s/90s Madonna vibes. 🫶🏼,@ZeYnO22,2024-09-17T11:27:25Z,0
Madonna’s Vogue vibes❤,@PP-xo5rs,2024-09-20T06:08:20Z,0
Someone please give us an extended version of the beat with only the chorus...instant club banger,@allentubman8052,2024-04-14T02:54:39Z,0
happy birthday yes and i will never forgive those people who said this song is generic!!!,@brianmatildo5395,2025-01-13T18:37:31Z,0
Ariana grande always have músic beatiful 😮😅❤...! /! /,@bairononofre,2024-04-10T19:05:49Z,0
"¿En qué temporada de la ""moda"" me perdí? Que todo lo quieren hacer un bluque de tiempo...¯⁠\⁠_⁠(⁠ツ⁠)⁠_⁠/⁠¯🤔🤨🎮🕵️🕹️",@julioramirezmtb6248,2024-08-21T18:25:33Z,0
I'm getting Ciara vibes from this song...Does anyone?,@tracynorton7240,2024-09-11T23:31:04Z,0
"Yes, and? Já tem 1 ano... como o tempo passa rápido... parece que foi ontem que eu tava escutando e pulando de felicidade por ter uma música nova da Ari...",@Dark_man1922,2025-01-24T21:14:30Z,0
Interesting. Janet Jackson/90's Madonna vibes.,@kraneiathedancingdryad6333,2024-04-15T04:03:23Z,0
"This is so early 90’s Pop House, they got the vibe spot on here.",@mordecaipladah4271,2024-11-19T08:24:50Z,0
How can such a terrible person sing so well? It's like listening to Unchained Melody  sung by Hitler,@josesuayandds4003,2024-05-09T06:49:30Z,0
It took me too long to realize she's doing a Doctor Who Weeping Angel reference when she turns to stone with her eyes covered.,@frankmorris4603,2024-12-09T17:53:36Z,0
"My favourite part is when ariana grande said "" its homewrecking spongebobin time "" and homewrecked spongebobbed the song it was so emotional",@GISTHEBESTIWONTCHANGEITYOUTUBE,2024-05-19T00:05:09Z,0
"As Gen X, I hear heavy Vogue vibes… just say’n",@MissyAnn1972,2024-04-13T16:30:59Z,0
getting madonna vibes,@CassieChasse,2024-12-03T02:42:35Z,0
This MV kinda gives me a little bit of OMG by NEWJEANS vibes,@robloxlovera6362,2024-05-30T20:36:35Z,0
Madonna vibes here,@ressileticiamartinslopes5771,2024-10-20T19:54:37Z,0
Me senti na vibe de glee,@WELLSMITHY,2024-04-18T19:18:49Z,0
Beats mad only saw this as a brief snippet thought i found the first song of hers I'd like chorus is booping,@jenkhemhuffersanonymous3990,2024-12-06T10:07:40Z,0
"Omg i still love this song year on! such positive vibes, my mom said reminds her of vogue from madonna",@gate8475,2025-03-23T12:02:23Z,0
We dance to this every night at my Halloween haunt job and we love it!! Such a great great song the vibe to it is so organic,@v4tone21,2024-10-21T07:32:38Z,0
Rollin in the deep w a dell vs Mac book 😂😂😂😂,@MorgansMusicalMind,2025-06-11T15:57:09Z,0
i LOVE this lyrics,@ohcherrywine,2024-05-27T01:08:26Z,0
"Great coreography, great dancing, catchy melody, good tempo.  Could have used less screen time for the ""spectators"".",@extratenshi,2024-07-21T00:40:59Z,0
the first part gives Disney writing vibes ngl,@ven4673,2024-05-26T00:10:48Z,0
This beat gives me Vogue Madonna),@AlexandraOdinaeva,2024-09-04T16:25:38Z,0
I'm lasted at least as a laissez to a free see .. lessen outs longs even resties above has realities facts to be a needs singled I did all over times Ed.  At leashed faiths to it bk to the was steeling the thoughts bewitched the neared of prayer 😅to all in as I'm am the all in wised trusted this lifed outs be leased sounds eventing x true os j hooks at leased to ii a need a be quite s letters falls overs likes to of did don't  crossed the mildly 😊 just inters sides to as welled keeps to watches uu pear feels especially a brake to some lifted lessening fears righted to a slithered  his s lows to seed alongside justed to Abe y sweallyed in all nices in loves those ones to life's greatest all outs noises haven a did we free neaterul stays but been to it free intered a means I costs v uu longs as tried is well should all in life's doesn't make you feel something like this still available to all heart's stays free want hart uu matches with sedum in it own life and qouts because in life even outs to sounds doesn't lowen just lifted realized true be to ends a better leashed Dea function that feats to all noises everything bested likes a was uu belive a small pears a ii to this holed next aaa be trees to but keep it all realizes own to see no see lights a be in seems facts I rather be at nevertheless to a outs what see the quits to ends a nether voice to be even to its own best soul is dated in weled that's did neas a Reaves four a kind who or deosent fees above the saints to as been bailey 💙 ❤️ in its true fume as life's welled to sides at we  be a one's to alonged a being to others greats looks in try a let's no see . Just tried to outs sides just be inters life's with a alonged seats in one sea 3 7 fallening allaboved steeled never gives use the outs if we belonged to it tried stayed outs sou ds of fees that's does sweally  neaterul to mosted looked to gives those allbouts all in life's even his greats lows to its realliesd a never Landes gives a deed mosten just reamer miles mind's is going to feels belonging is truthful  all defects the abellde to is Pearland its fears life's pear finding four use the one wish I would Parthenon sides a wall to not Deutsche to are act of just deed facts layer in its soul a mind be parts to a tables sounds be bested life's good at just gives trusted belong tails we one's it realyed true ooo mm be aaa only sweetly just only life's stands to it deflects to the beat . Is fact it took my heart four to blocks with a freand.  His radio by bass .,@lindahansen4750,2024-05-24T05:33:21Z,0
I’m a theater geek. An emotional geek. And an Ariana geek. Geeking out!,@Brianclinton-v3u,2024-11-20T00:18:25Z,0
Yall can play this song New Years Eve just play this video exactly at 11:56:28 and Ari will sing Yes And with high notes to starts your year 🎉,@thymeteo,2024-12-31T08:06:11Z,0
Im getting Vouge ( Madonna ) vibe with the beat and COLD HEARTED ( Paula Abdul ) for the choreography,@philgalanido912,2024-05-27T13:51:10Z,0
"My favourite part when ariana grande said ""its homewreckin spongebobin time"" and proceeded to homewreck spongebob the song it was very emotional",@GISTHEBESTIWONTCHANGEITYOUTUBE,2024-05-19T00:07:25Z,0
Jennifer's Body is one of my all time favorite movies. This video was done so well that I confused it with the actual movie! And the song is perfect for the vibe!,@jasonknowledge8824,2024-09-20T18:33:48Z,0
This song sucks. Probably one of the 3 worst on the album. 😢,@tawnikitari,2024-06-17T12:14:12Z,0
"She has changed a lot, even her skin tone, she is whiter than white now. Her speaking voice has become more child like too, you could mistake her for Billy Eilish with this song too.",@praeliora,2024-11-24T17:42:11Z,0
This Song gives me the 2000 vibes,@NerviosoxD,2024-12-23T21:44:43Z,0
Anyone else here for the rocket league beat?,@matthewdoherty9309,2024-06-28T07:42:28Z,0
Killer song. Lyrics are right on the line separating empowerment and egomania.,@rlm4471,2024-04-05T05:40:02Z,0
its beatiful this song,@dalogodalogo8480,2025-03-02T19:52:38Z,0
Her vocals remind me of janet jackson's..,@firuzserdestkaya4470,2024-12-22T22:19:02Z,0
"How do you know when you've caught a good witch. You wake up in a jet listening to UFO the band, Van Halen the teacher, AC/DC, The Beatles, Led Zeppelin, Def Leppard, and Stephanie Lloyd on the guitar, Ariana Grande, on Dolby stereo system or Sony. Going to Hawaii.",@KeithVandenheuvel,2024-04-26T07:11:34Z,0
arianas light as a feather and beather than ever,@SamuelCharlesSanomAlbert,2024-05-10T08:38:45Z,0
This is giving me Cold Hearted Snake vibes. Now I need to check out Paula Abdul’s Cold Hearted Snake video. This is cute. Very cute.,@ROMELOVESTEDDY,2024-06-18T02:17:34Z,0
"Actually this chorus even blanker than original,why you guy need to pretend that if meovv debut with the song with 55% of lyrics are adlips in more noisy version would be great😅",@molangcute7646,2024-10-02T19:35:41Z,0
thats by far the worst song i have ever heard. you should think ariana is rich enough to buy someone who actually knows how to write music!,@Leichenfaust44,2024-05-17T21:08:48Z,0
style and grace old soul deep eyes and like perfect placement. mad flow. made my day today. thnks,@b3nny1b3n,2024-12-24T23:57:28Z,0
Love it! Gives me Madonna vibes.,@chantalcarmenlotter9025,2024-06-12T07:30:02Z,0
I like the beat .,@RubenCano-l3s,2024-07-10T18:42:33Z,0
Great beat,@petermalbin1629,2025-01-07T20:48:40Z,0
"Got Madonna vibes from this, cool song :)",@ameliehansson7457,2024-12-14T22:30:24Z,0
Madonna vibe❤,@lalolay80,2024-06-12T21:49:10Z,0
Gives me Madonna “strike the pose” vibes….,@cocopapillon1550,2024-04-21T01:14:59Z,0
This is one catchy song but Mac miller said on multiple occasions say it with your chest. So it’s pretty messed up she’s using a phrase he liked to use when she is talking about smashing another man. On top of the fact Mac miller has passed. 😢,@LillianVallejo-un1vp,2025-01-02T16:53:54Z,0
Cold Hearted Snake vibesssss 🐍🖤,@krefilm,2025-01-28T02:37:36Z,0
"A Vibe da Música é Muito Boa, Gostei Muito !!! ❤️",@eternalbefriends,2025-03-16T13:51:59Z,0
idk why this just gets me really emotional . this was her first single since postions and she’s so frail looking it makes me so sad we just want the best for our girl. (duh i know she has the lyrics don’t comment on my body do not reply) but when her bones are so visible you can’t help but be sad,@LiamN407,2025-06-08T00:36:04Z,0
"“What’s mine is mine” and “Why do you care who’s dick i ride” are diabolical lyrics after stealing someone’s husband.  She will grow weary of him when she stops doing the musical theatre Caucasian cosplaying and goes back to black face, she will need another “gangster” then.",@agntstingo,2025-07-15T21:16:19Z,0
Ooh Paula Abdul vibes,@devinaannalynn3282,2024-05-17T20:36:44Z,0
"Im in love with allllllll her mac mill references from ger lyrics.. to the name of albums... to lil gestures she does... its sad but she hella honors him.. ""SAY THAT SGIT WIT YO CHEST""",@cebonneosborne2740,2024-05-15T17:44:23Z,0
"song is dope, lyrics sucks",@SallyBr0wn,2024-05-15T00:26:02Z,0
SO MELHORA COM TEMPO,@jonaxsouzza3536,2024-04-30T19:08:43Z,0
It is awful!,@Imrichkowa,2024-04-25T20:24:47Z,0
Everyone is saying 90’s vibes but is anyone else feeling this video is very Paula Abdul cold hearted snake vibes?,@Jessafallon.x,2024-04-06T04:16:40Z,0
🤔👉sound of universe kuyil?,@SajiSNairNair-tu9dk,2024-04-05T13:25:51Z,0
"This song is the second edition of Madonna Vogue (listen to the lyrics and the sound and the context as well as the choreography!) I think I only like it because of this! It reminds me on the song vogue by Madonna. Also if anyone spotted it it's like you go in to watch a performance of a non-existent person (it's all fiction/false projection, just like a vampire or anything empty shell scenario being) because once it's not dark anymore and the light comes through the windows (covers being removed!) she literally turns into a wax/ceramic figure with her eyes being covered up. So she who encourages you to be free and do whatever you want and be whoever you want to be actually doesn't even have a life within herself therefore she's bined and under control or seriously disabled by her not even being alive but rather ""dead"" and just an empty vessel of some sort. The amount of direct opposites and counterfeiting statements and falseness (deceiving nature) of it all is crazy! She's saying words but they are essentially all empty...still it works because people are clearly hypnotized and put under a spell by the words that are being spoken rather they pay attention to the action behind the words. The whole coreography and all details in the movie are telling a completely different story that she's singing about. Very interesting! No one even cares to acknowledge this fact. Not to mention the groups attending these repeated (robotic shallow) performance (as it's depicted in the video to be like this with the symbolism all over it!) it's evident that each group is leaving with a higher spirit directly because of the performance: like someone programmed you to feel like that because it's also clear that they have no idea why they are acting like this and they still do (it feels like it's a rather subconscious programming going on! I heard M.K. U.L.T.R.A Really? Who knows right!? She covers her eyes. She's showing a black mirror and she's reflecting back at her audience. Very very interesting song and performance. Well done Ariana. You are a clever girl! 💯",@wisdomfromprystinetheempress,2025-08-06T12:16:07Z,0
VIBEOLICOUS 💋 💋,@matthewpegram7834,2024-03-31T05:01:24Z,0
Omg this is giving me Paula Abdul vibes with the vid ❤❤❤,@arianaguziatek9316,2024-03-30T03:54:38Z,0
