comment,user_name,date,likes
"A união entre brasileiros e mexicanos é de tempos, desde o RBD. Seguimos com força!!!!",@taisecosta3410,2023-12-16T07:45:21Z,714
"Cada vez estamos no topo 🎉 Agora é questão de tempo, vamossss galeraaa🎉🎉",@AntonioLopes-op6bg,2023-12-29T15:54:27Z,197
"nadie habla sobre el beat, nadie agradecido por el ritmo old school de este palo, si esto es tanto lo que querían ¿por qué no se ven comentándolo?, OLD SCHOOL DEMBOW is back!",@AnniAnndy,2024-02-08T00:15:25Z,158
Provando mais uma vez que ela só hita com reggaeton. Ainda dá tempo de engavetar esse álbum de funk Anitta.,@4bdim,2023-12-16T07:50:02Z,118
I don't understand a single word but I'm addicted to the vibe. Love from India🇮🇳,@aakankshanidhi4989,2024-05-29T11:17:23Z,109
¡PESO PLUMA jamás falla y tiene un timbre de voz único y increíble!Los mexicanos tiene un gran joven talento mundial¡,@AnaScott-r2j,2023-12-19T11:55:02Z,103
"Quando os Anitters focar 100% na Anitta e não perder tempo com hater que é isso que eles querem, a Anitta chega novamente ao topo Global 👍",@Gabriel-gb7mi,2024-01-06T21:02:03Z,99
"Esta es la mejor versión de peso pluma, como reguetonero tiene el flow",@VelcamTheBoss95,2024-03-03T23:53:01Z,97
india needs thik type of energetic rhythmmic songs😍😍,@allroundergamer6117,2024-02-03T02:11:56Z,88
"O tempo inocentado a Anitta,  amo!",@dinhoferreira179,2024-02-14T00:11:45Z,86
"Vocês não sabem o poder que nós Anitters temos, o Brasil já fez 4.4 Milhões de plays em um único dia no spotfiy com ""Envolver"", não perdem tempo com haters, DOBREM OS PLAYS BRASILLL 🤝🇧🇷",@Gabriel-gb7mi,2023-12-30T12:37:10Z,85
Não vamos desistir dessa… está em alta a muito tempo,@danielalmeida3283,2024-02-16T14:14:13Z,84
"Parem de teorias de conspirações, a música é o maior sucesso, brasileiros vcs sabem que adoram a vibe choradeira  mas já   é hit.",@claudionorsouto646,2023-12-17T15:19:45Z,80
Esto es Reguetón puro ....que beat tan bueno,@javiercastaneda1678,2024-01-30T00:36:53Z,76
Nós 45 do segundo tempo eles entregaram um hino internacional. Obrigado Anitta,@gustavoborges2165,2023-12-16T15:49:53Z,68
"Façam suas apostas, em quanto tempo será que Bellakeo se torna o clipe mais visto do canal do Peso Pluma?",@allandouglas336,2024-01-20T20:10:38Z,67
A vibe dessa música é muito boa🤩,@LeydyAbreu-cl3dp,2023-12-18T23:12:37Z,59
Anitta keep being the top global artist of all time - never ever saw any other female Brazilian artist doing history and milestones like her 👏,@pre.raphaelite,2024-01-07T20:07:33Z,56
Preciso dizer que o sucesso desse hino vai durar um tempo,@juniordossantos4483,2024-01-20T06:18:32Z,54
Imagina o clipe e a música em #1 ao mesmo tempo? Meu Deus o surto q seria! Vamos?,@anitter3109,2024-01-01T02:46:17Z,50
Sou muito grata por nascer num tempo que a Anitta existe. Que mulher,@dont.look.at.G,2024-08-11T16:37:45Z,50
"he  has proven himself as a musical maestro, gracing us with yet another unforgettable composition. While  *AuthenticViews* *Dawt Cawm*   played a significant role in his journey,",@Francescanew,2024-01-24T15:44:20Z,48
"Anitta sempre maravilhosa! a maior de seu tempo, sim.",@amandacristina6415,2024-01-08T13:14:06Z,46
me gusta que esta canción tiene los beats del reggaeton viejito. Suena muy bien !,@maryoriarguello6893,2024-01-31T14:54:23Z,44
"Espera, com o tempo vai tocando mais, aqui no Brasil o que os charts não nos mostram muito espanhol e inglês. Anitta é um milagre.",@darllemfreire519,2023-12-17T20:28:12Z,43
"¡Este reguetonero tumbado es la pura vibra! 🔥🎶 ¡La letra, la música, todo en punto! 👌 ¡Quién más en el 2024?""",@Iflskyf8263,2024-05-19T04:59:37Z,43
Bora pro Spotify a contagem acaba 21 horas dá tempo de subir,@GuilhermeOliveira-ev1yu,2024-02-02T22:06:41Z,43
Como que es posible que Pluma continua siendo tan especial sin the corridas vibes ? Crazy,@syel2219,2024-03-03T02:07:46Z,42
"E no final, a Anitta sempre vence, não importa quando tempo demore, ela sempre volta a ocupar o seu lugar...que é o topo das paradas de sucesso 🚀",@gabrielaraujo8784,2024-01-21T14:38:22Z,37
"Gente vamos focar no Spotify tbm, quanto mais tempo a música ficar no top 50 global melhor",@cortesdopodtudo2553,2024-02-09T16:01:14Z,35
"Bellakeo’ is a total banger! 🔥 Anitta and Peso Pluma’s reggaeton-trap energy hits my heart ❤️, blending confidence and party vibes like ‘Te Boté (Remix).’ It’s my new go-to—perfect for my playlist! 🚢🎵",@ardd_oo7,2025-03-25T09:46:51Z,34
They never disappoint in their genres and styles taking the mexican and brazilian beat to the world to dance!,@SandraSampaio-ch3ed,2023-12-21T18:35:04Z,32
"Estamos em #16 no spotfy global, já chegamos em #8 vamos nos esforçar lá com muitos plays para chegarmos ao #5 e ao e depois só #1 até o final do mês, da tempo, aqui já é sucesso inegável, mas vamos dar muito mais plays lá",@DrEzequielRViana,2024-01-14T13:42:51Z,31
Oque essa mulher vai ser falada daqui 100 anos por ser a maior artista do seu tempo no seu país ❤,@0Geolopes,2024-01-25T02:57:23Z,31
"Daqui um tempo eu vou estar do lado dela com um hit porrada, eu creioooooooooo nesse feat❤❤😊",@lipee374,2024-01-07T03:25:35Z,29
Se os fãs da Anitta fizerem o que estão fazendo aqui dando viws nos clipes da Anitta e no Spotify dela ela já teria pegado #1 na hit 100 faz tempo! Os clipes da anitta atualmente tem poucos viws comparando com esse feat. Parece que os fãs dela não curtem o solo dela.,@jpangello4136,2024-01-22T19:53:22Z,28
"Gente, a contagem de PLAYS lá no spotify termina as 21:00 da noite, por isso ainda temos bastante tempo para ouvirmos a música antes de encerrar a contagem de PLAYS por dia, a música precisa de mais ou menos 500 mil Plays do Brasil para pegarmos o Top 5 GLOBAL, mas depois que caimos para a posição 13, acredito que precisamos de mais, mas o importante é deixar a música estavel no Top 10 GLOBAL, pois assim é muito mais fácil da música subir mais posições.🎉❤😊",@Ilovedramaa,2024-01-03T21:49:20Z,28
"""Eu estava obcecada. Passava 80% do meu tempo falando sobre a performance de Peso Pluma e Anitta e nos 20% restantes eu torcia para que alguém falasse, só para poder falar mais um pouco."" 🔥",@Gabriel-gb7mi,2024-04-20T23:49:48Z,27
"Esse hino vai se tornar atemporal igual Envolver, nunca enjoou, pelo o menos até hoje",@HawryFelix,2024-08-20T00:26:19Z,27
Nossa que vibe boa tem esaa música 🔥😍,@taty5902,2024-01-08T02:36:52Z,24
Me cae bien Peso pluma reggaetonero🔥,@AntonioSc24,2024-07-26T20:58:16Z,24
"Essa musica passa uma vibe tao gostosa, anitta arrasando sempre.",@RobertLcr,2024-01-09T10:33:09Z,24
Perfect combination of singers and rhythm.,@Ana-y8y1p,2024-01-04T23:27:32Z,23
"""Eu estava obcecada. Passava 80% do meu tempo falando sobre a performance de Peso Pluma e Anitta e nos 20% restantes eu torcia para que alguém falasse, só para poder falar mais um pouco."" 🔥",@Gabriel-gb7mi,2023-12-20T11:25:34Z,23
"A muito tempo não ouvia Anitta… já fui muito fã mesmo, mas nos últimos anos n tava gostando das música, mas essa 🤩… essa tá perfeita 😍",@Anna_kSilva,2024-02-05T04:33:58Z,23
Bellakeo vai morar no global por MUITO TEMPO ainda,@Iguito,2024-01-08T00:44:26Z,22
"I believe that somewhere in the world, there are people who feel the same emotions that I feel when I listen to masterpieces like this song.",@TimelessLoveSongs.86,2024-07-23T09:13:56Z,22
"Peso Pluma no necesita autotone, su voz es tan natural 😇",@jesusantonioapolinarmauric5832,2023-12-29T06:13:44Z,20
I can't even understand a single word. But... vibe in this song ... amazing ❤️❤️❤️,@nn_project4182,2024-07-28T04:53:32Z,20
Vi agora está no top 2 global no YouTube. Não acredito a quanto tempo?,@nuriapalma6255,2024-01-15T19:48:49Z,20
Anitta e Peso pluma acertaram em cheio. Nos 44 do segundo tempo  de 2023😂😂❤,@pablodom8545,2024-01-10T03:38:41Z,19
"Não Podemos Deixar Esse Hit Atemporal Mundialmente, Morrer Por Fãs Q Não Estão Acostumados A Coloaborar Como O Todo.",@lellyalmeida6157,2024-02-06T12:39:18Z,18
Vamos intercalar com envolver esse hino temporal Vamos tacar streams na lenda.,@DavidCantti23,2024-01-14T13:30:50Z,18
This song hits so deep,@MEMORYLYRICS142,2024-02-01T10:55:17Z,18
"Infelizmente não vai pegar top 1😢 Ariana vai lançar música amanhã, então esquece... pelo menos está estável, tomara que fique no top 20 por um bom tempo 🙌🏼",@deonirguru4374,2024-01-10T17:20:17Z,17
TEMOS TEMPO DE BATER OS 33M❤,@RobsonNascimento-g6o,2023-12-24T22:57:26Z,17
Anita  a maior de todos os tempos❤,@Marinalva-t2b,2024-01-07T00:44:01Z,17
Peso Pluma te volviste reggatonero,@LicuadoraCovicheada,2024-02-17T00:27:34Z,17
40 M antes as 21:00(tempo de Brasília),@nuriapalma6255,2023-12-27T22:12:02Z,16
O tempo passa mais a vontade de escutar esse hit não,@felipeiuri946,2024-06-20T20:15:39Z,16
I love the vibe of this song❤,@_desertrose,2024-04-10T10:05:42Z,16
"Julgaram tanto a Anitta na apresentação do tiktok sem razão nenhuma e agora o tempo inocentou ela novamente, Peso o ÚNICO infiel e todos vendo ele como coitadinho",@Grandsoon,2024-02-13T21:26:24Z,16
Peso pluma y annita reguetonera mundo 🌎,@noemicomina7644,2024-05-12T01:33:32Z,15
Vamos que Ainda dá tempo de chega al tope global 🎉🎉🎉,@MarcosGilgil,2024-01-11T17:06:32Z,15
Perfect combination of singers and rhythm.,@Ana3-z7y,2024-01-04T23:26:55Z,15
"238 milhões pouco pra 240 e e logo logo ser torna o mais visto do peso pluma e provavelmente vai ser o mais assistido por muito tempo, pq pra barra a Anitta não e qualquer 1 ❤",@MikaelFerreira-wm8ot,2024-03-09T21:06:18Z,15
"Anitta sempre foi uma ótima artista. Mas, nos últimos tempos, além de ser uma ótima artista, ela também está mais madura. O que eu aprendi com ela é... Nunca acredite nas fofocas da Internet... Não sabemos nada sobre a vida pessoal dos artistas, então é melhor não fazer julgamentos.❤",@AnaMariaSilva-r2h,2024-02-16T22:06:46Z,14
"""Eu estava obcecada. Passava 80% do meu tempo falando sobre a performance de Peso Pluma e Anitta e nos 20% restantes eu torcia para que alguém falasse, só para poder falar mais um pouco."" 🔥",@Gabriel-gb7mi,2023-12-17T21:35:16Z,14
Perfect combination of singers and rhythm.,@Ana-g2b2i,2024-01-04T23:26:09Z,14
"Peso pluma ft de la gheto temon asegurado , te escuchas bn en el beat pluma",@christiancabezas8582,2024-01-29T10:37:38Z,14
I don't understand the lyrics But It's music is o my god ❤🥳💕,@subratraj6992,2023-12-27T16:03:33Z,14
a cada like e eu assisto na TV e no celular ao mesmo tempo,@armylegal3633,2023-12-16T23:39:57Z,13
Uma vibe veneno 🫶🏽,@biaduarte,2023-12-20T21:45:41Z,13
I don't understand this language but the beat is 🔥🔥😅,@officialybchiza333,2024-01-06T19:20:04Z,13
So catchy! Love from Canada❤❤,@WE-WUZZING-KANGS-N-SHEEOYT,2024-04-23T15:37:16Z,13
Bora pro Spotifyyyyy ainda da tempo de dar stream,@GUESGOU,2023-12-28T23:50:07Z,13
"Saiu no canal da Anitta a nova música com a Melody ""Mil Vezes""",@amandamartins6562,2024-01-05T01:18:07Z,13
This song and the video itself is hot 🔥. Perfect pairing. The beat is hot 🔥,@cortneya.k.varize,2023-12-20T01:56:13Z,13
Anitta &  Shakira o feat do século nessa vibe reggaeton seria tudooo....❤,@marcioalves2555,2024-02-22T23:09:18Z,12
"Caraleo, muito foda! A tempos não via um clipe tão bom da Anitta! 🥹🥰🥰🤘🏽🎸😋",@davidcastro7234,2024-01-16T12:44:43Z,12
Dica: vocês podem criar quantas contas no Spotify quiserem e ouvirem as playlists pelo modo “convidado” do seu navegador. Cada convidado uma conta diferente. Pode dar play ao mesmo tempo (só funciona pelo computador),@BritneyBpears,2024-01-03T18:33:37Z,12
Perfect combination of singers and rhythm.,@AnaSilva-h3d,2024-01-04T23:25:37Z,12
Damn the ending when Anita announced their names then dropped the reggaeton beat hit hard as f**k,@EstebanHernandez-oe2pu,2024-01-06T22:54:23Z,12
I don't know what they are saying but this song is so catchy!!! kewe kewe kewe kekekekekekeke,@malvasmatthew,2024-01-05T16:17:59Z,12
porque rebientan mucho  lo rebentaron muycho el beat......,@YoungG-zuz,2023-12-20T22:38:16Z,12
"Uff Anita lo hace muy bien, derrocha sensualidad sin verse vulgar a pesar de que literalmente muestra el qlo.  su imagen debe venir muchísimo..",@joha3540,2023-12-24T18:19:11Z,12
Temos pouco tempo pra alcançar o 1 lugar,@yuriallves6498,2024-01-08T02:26:32Z,12
"Catchy song, and the video is intriguing, and cool looking.",@Jim-bu6ei,2024-01-04T01:19:31Z,12
quem diria que esse trabalho seria o maior no canal dele em tão pouco tempo,@andreganed,2024-04-06T20:16:38Z,12
Vai ser top 1 global... é só questão de tempo,@WellingtonSilva-gf6sr,2023-12-16T12:43:43Z,11
"Vocês já estão sabendo que o início da temporada do SUPER BOWL será no Brasil e a Rainha do Brasil, ANITTA Álvares Cabral será a estrela da abertura?",@AnaScott-li2og,2024-01-01T09:12:38Z,11
"A contagem do Spotify fecha 21 horas dá tempo de subir ainda, se não amanhã estaremos fora do global. Cuidaaaa",@GuilhermeOliveira-ev1yu,2024-02-20T23:36:55Z,11
"Soy alguien que no gusta de Peso Pluma, me parece que canta del orto, pero tiene talento para hacer canciones al parecer, está buena la canción me encantan esos beats y reverberaciones, la letra no está mal en comparación con las ""creaciones"" de otros ""artistas"" y haber escogido a Anitta fue una muy buena carnada para atraparnos porque ella canta divino, tiene mucho flow, es excelente bailarina, bellísima  y muy simpática y sexy. Ella es genial. Quedó un temazo fuerte pa bailar.",@xiomaraz1761,2024-02-04T04:06:41Z,11
She ate every beat of it 😍😍😫,@garcia8596,2023-12-29T08:18:25Z,11
I can’t even understand this but the beat fire 🔥,@RyanMitchell418,2024-04-25T00:36:52Z,11
"Vengo del tiktok 😅 sin ofender a los q les gusta pesopluma que diferencia como canta en vivo, parece que le falta el aire, fuerza el autotune lo es todo",@yesab1,2023-12-18T03:09:33Z,11
Ese beat uff,@Cvacksyt-7n9,2024-08-11T13:43:26Z,11
Gives me Plan B vibes 🔥,@Ylarentaguey,2024-01-09T02:26:24Z,11
que bien le quedan los reggaetones a pp,@karen8392,2024-02-07T12:07:40Z,11
Ainda tem tempo pra fazer 41 milhões,@yuriallves6498,2023-12-27T22:59:16Z,10
"Vamos ver a #Quantidade de #AnittersOnLine para trazer mais um #Legado a *Rainha Anitta* !!! Se você é do #ExércitoAnitters assim como eu, #Curta esse #Comentario, e se tiver mais tempo, #Comente a bandeira do #Brasil !!!",@AngelAnitterBrasil,2023-12-28T18:52:46Z,10
Escucho mucho autotune,@entretenimiento-M,2024-01-07T03:48:21Z,10
Mil vezes by Melody,@arthurdias676,2024-01-05T01:16:53Z,10
Quero ver a Melody chegar primeiro lugar Spotify kkk a concorrência da Anitta,@Henricaooficial,2024-01-04T03:13:20Z,10
"anitta ta com um timbre lindo, ta se tornando a voz do funk reggaeton",@saturn7040,2023-12-20T10:33:45Z,10
esperando a versão da melody para o carnaval,@CarlindoLopes1706,2024-01-12T13:00:37Z,10
El autotune va de locos. Cualquiera puede ser cantante,@cifres87,2023-12-27T16:35:47Z,10
Este beat está muy duro,@joaosalvatore2700,2023-12-20T23:25:41Z,10
annita suena casi igual en video q en directo pero el peso pluma le falta voz para subirse a un escenario en estudio y autotune me vale pero fuera de ahi no da la talla,@Davidlorca94,2023-12-27T09:34:22Z,9
Nem sucesso como Despacito ficou tanto tempo em alta como Bellakeo ❤,@JoaoPedro-df6pw,2024-03-05T14:17:48Z,9
puma pulma song lyrics are very good ❤,@kusumlata967,2024-01-31T17:16:23Z,9
"Parabéns cara, ficou incríveil, vibe dos 2010",@kessy2993,2024-01-19T04:43:57Z,9
Ainda dá tempo de fazer ela bater o top1 ?,@dawandias8016,2024-07-31T22:15:50Z,9
Buenas vibras... boas vibrações...goodvibes..... let's goooo spirify...,@claudionorsouto646,2024-03-21T01:13:47Z,9
Depois vcs ouvem mil veces de Anitta com Melody,@PedroHenrique-hf7ll,2024-01-05T17:34:04Z,9
Peso pluma ya se iso regetonerooo 🥶😱,@Reginacervantes-rc1zi,2023-12-17T21:45:11Z,9
Feliz Natal c Bellakeo... buenas vibras natalinas c belllakeo... good vibes ...boas vibrações... bellakeoNatal...,@claudionorsouto646,2023-12-21T23:26:59Z,9
"*Un poco menos de Autotune y creo estaria mucho mejor,como sea ahi esta mi buen like*",@cosmocrafter-cf4dr,2024-01-11T01:05:30Z,9
Ainda da tempo de por bellakeo no top 10 global bora,@GabrielJunio-ov7cv,2024-01-11T17:31:03Z,9
Uma vibe meio o filme minha culpa😍😍😍😍😍😍,@agatagabriela2255,2023-12-18T23:05:39Z,8
Enzo Vogrincic’s vibes,@maitenaalbre4339,2024-03-03T23:22:37Z,8
El mismo beat de todas las canciones de reguetton 😂😂😂,@douglasmndez,2023-12-29T02:39:06Z,8
Lo único que me sorprende de peso pluma es la cantidad de autotune que utiliza 😮,@litt_b,2024-02-29T16:19:08Z,8
Peso não tonelada 🎈,@henriquenobrega512,2024-01-06T17:06:43Z,8
Uma vibe bem morderna uma vibe bem bufo bem arraso kkkkkkkkkkkk,@vitoriahellen3900,2025-01-18T01:44:12Z,8
Quando tempo vcs acham pra chegar em 100 milhões?,@alexvieira3733,2023-12-29T21:59:54Z,8
El beat del comienzo es muy parecido al de bar tini ft L-gante,@MiladeCarne-u3y,2024-01-15T15:51:15Z,8
"Toda noite, todo dia, o tempo todo Bellakeo Bellakeo Bellakeo Bellakeo Bellakeo ke ke ke ke keo",@cazin7188,2024-02-20T22:49:52Z,8
O Maior hit de todos os tempos!!!🇧🇷🇧🇷,@wendellgama487,2023-12-27T10:25:07Z,8
O reggaeeeeeeeeetoneeeee da gatinhe,@Gbrlsouzaa,2023-12-17T01:44:40Z,8
THIS SONG IS SO CATCHY!!!,@michaelmarins502,2023-12-29T11:20:34Z,8
🚨ANITTA reached the milestone of 1 billion streams on Spotify in the US 🇺🇸,@AnittersSP,2024-04-24T04:16:17Z,8
Mas 65 da tempo de fechar com 52 M,@victorfranca6496,2023-12-31T23:23:02Z,8
Such a good vibes from anitta and peso pluma !! Just loved it!!💖💖,@utsabde5030,2025-08-08T19:35:45Z,8
Aqui em Portugal as views eram de 55 olho e estao em 60  . Estou em choque. Foi o tempo de ei trabalhar e voltar,@nuriapalma6255,2024-01-03T21:43:43Z,8
A melhor música de tds os tempos 😍,@mariaeduarda23454,2023-12-28T21:24:10Z,8
MENOS MAL EXISTE EL AUTOTUNE  PARA ESE TAL PESO LIGERO JAJAJAAA.. ANITA OBVIAMENTE CANTA BONITO😊,@rf9666,2024-01-14T14:54:28Z,8
"Yes, I did it, I liked this video before the beat dropped.  One thing about Ms. Anitta honey, she gon' make sure you either get outta the bed and dance or you'll be twerkin' under the covers 💚💚💚",@TomboiTravels,2024-01-19T11:02:30Z,8
"Para mi Anita es la regatonera ms sexy , incluso es mas sexy q Natti nat ❤❤❤",@paolamoha2302,2024-06-08T09:47:55Z,8
Essa é a música da Anitta a ficar mais tempo no Top50 GLOBAL do Spotify? Ou envolver ficou mais tempo?,@nataliabaggiottoo,2024-02-24T13:49:31Z,8
"Quem achar essa música ruim, já tá morto faz tempo, Bellakeo Bellakeo Bellakeo 💃💃💃",@Gabriel-gb7mi,2023-12-20T15:06:40Z,7
Same beat as the other spanish singers.,@silenttoeitreatment,2024-06-10T19:18:11Z,7
Quando é que a Ariana lança a música nova?? Só pra ver quanto tempo temos pra colocar em primeiro.,@marcobruno4417,2024-01-02T12:44:30Z,7
Peso pluma reguetonero?,@sailormoon2402,2023-12-26T16:46:28Z,7
Cómo pegaría jhayco con este beat.,@Robxrtcardona,2023-12-22T22:44:09Z,7
"Que bendición recibir los centones de Anita, que calor 🥵",@nilsonpivaral7361,2024-01-12T16:06:25Z,7
Beats 🔥💪🏼👍💯🤙🤘🔥🔥🔥🔥🔥,@gr3333dy1,2024-03-29T19:17:15Z,7
Que bien regetonea Peso Pluma como anillo al dedo les quedo este tema ❤❤❤❤,@mariavanegas4285,2023-12-17T22:53:51Z,7
Mejor envolverse que antes de bellaquear,@briannarodriguez3678,2024-01-03T19:05:44Z,7
Why almost if not all latin and indian disco used this type of beat like a reggae?,@jeffreyalbarandorivera8595,2023-12-31T09:42:43Z,7
todo dia escutando esse hino atemporal,@marcelocartney,2025-07-26T10:47:00Z,7
i dont like the music at all and maybe because i dont understand spanish but sometimes when is good even tho i dont understan lyrics i like the rythm but anita is soooo hot her curves sooo feminen shes unbeliveable stuning,@v.a8530,2024-02-05T14:15:14Z,7
Coloquem pra tocar ao mesmo tempo no celular do pai de vocês,@victorfranca6496,2023-12-31T23:28:10Z,7
Cool 😎 song lyrics ❤🎉,@chrystalgreen6757,2024-02-04T18:24:50Z,7
Esse clipe ta perfeito a coreografia a estética a luz as cenas tudo muito bem produzido a tempo não vejo um clipe Tao bom,@antoniolucasrochadossantos1662,2024-03-14T01:07:06Z,7
Um hit atemporal,@JoaoPedro-df6pw,2024-04-06T20:36:28Z,7
ese peso pluma esta mas AUTOTUNEADO ....,@keishmer5509,2023-12-27T03:44:37Z,7
Faz tempo que tava procurando essa música. ❤😊😍😍😍😍,@nettofloriano9916,2025-05-29T22:27:51Z,7
Más de un millón de autotune 😂😂😂,@celdaaraceilcorrea5850,2024-02-16T23:25:21Z,7
El autotune de PP en esta canción es demasiado descarao 🤦🏻‍♂️,@frankirubin,2023-12-29T22:57:27Z,7
Esta canción tiene una clase de beat explotado,@yojasten27,2023-12-30T02:07:20Z,7
Atemporal,@AndersonSilva-yy3rn,2024-01-25T23:40:04Z,7
Se ANITTA  der um tempo na música como sobreviverei,@PedroHenrique-hf7ll,2024-02-09T11:39:00Z,7
"Sou fã da Anitta, porém ela lançar feat com a Melody é dívida de jogo, Anitta está em outro patamar, a Melody só joga hate nela em todo canto, mesmo q fosse brincadeira, mas vou apoiar a música 🤡",@Gabriel-gb7mi,2024-01-03T02:54:57Z,6
I have the lyrics,@Kikambi_Joseph,2023-12-31T22:39:19Z,6
Tiene algo de canción ese autotune 😂,@davidestremadoyromelgarejo824,2023-12-26T17:24:36Z,6
"Que idioma e esse que ele canta , e uma mistura de MC Melody e a voz dele kkk",@Kdramaflixbr,2023-12-18T21:26:27Z,6
Alguém sabe o nome desse modelo que aparece o tempo no clipe??,@JoaoNunes-v2h,2024-01-11T21:45:18Z,6
"anitta and peso pluma the song, the united states is playing everywhere, powerful bitch",@NilceaMaria-s3l,2023-12-23T13:04:12Z,6
Essa musica será atemporal. Boa de mais porra 🔥,@isabellethalia,2024-04-26T14:40:19Z,6
Tem a vibe da Arca ❤,@ceceonel,2024-01-03T03:07:26Z,6
Siento que le falta vocalizar a Peso Pluma porque no se le entiende que es lo que dice.,@Iso-cf1ko,2024-01-27T20:13:15Z,6
"Anita no necesita autotune, el plumifero si.",@anobicentenario4697,2023-12-20T13:50:54Z,6
Eu amei! Essa música tem a vibe muito sexy!!,@catarinerobertamunizdearau1933,2023-12-16T01:27:30Z,6
ANITTA FEAT MELODY - MIL VEZES,@DiogenesAndrade-t9y,2024-01-05T17:36:06Z,6
Love the beat,@AraceliFlores-h8j,2024-01-16T16:21:18Z,6
Y los corridos para cuando? Pinche reguetonero,@alphachino213,2024-01-01T21:39:07Z,6
Estou presa nessa música ... que Vibe gostosa ! 🎶🎶❣❣,@suzaneduarte7948,2024-04-25T18:43:55Z,6
Peso pluma lo suyo no es el canto son otras cosas tal vez pero el canto no es para el no es tan buena voz sin autotune,@DanielMartinez-eu3ku,2024-01-08T21:51:11Z,6
A qué horas este bato se hizo reguetonero 😂,@CARLOSALEJANDROPINCAYMUÑOZ,2023-12-26T03:27:48Z,6
I don't understand may be it's Spanish or Mexican but I like the lyrics N music of this song ❤,@kanikagahlot2609,2024-06-17T12:52:13Z,6
Te falar a anitta é umas ou maiores cantores do brasil de todos os tempos e nem sou fã dela em,@lucascrf97,2024-12-25T02:38:38Z,6
"Able frances de mi madre. Las lyricas de Yseult son una mierda 😂😂😂😂😂😂😂😂😂. Solo el chorus esta bien. Sin talentos, solo de la propaganda LGBTQ de Mier.....😂😂😂😂",@tonytaf107,2024-08-04T11:49:55Z,6
I don't understand this language but I love to listen this song only because the music and the vibe,@zojex496,2024-06-28T11:36:37Z,6
"Anitta, queria ver você cantando por mais tempo. Suas músicas precisam de  mais frases. Adoraria vê-la cantar um trap em espanhol!",@luanadiascoelho5193,2023-12-20T02:51:55Z,6
Lo que no me gusto es que peso pluma tiene mucho autotune,@valentinahinojosacastrillo7537,2024-01-01T21:02:20Z,5
Muchos cantantes de música mexicana de hoy en día son “regueatoneros disfrazados “ 💁🏻‍♀️,@angelsaidferreira5193,2024-01-11T20:30:48Z,5
"A peso pluma le iría mejor como reguetonero que banda, me gusta su estilo en reggaeton",@mariaarellanes283,2024-04-14T08:52:24Z,5
Como cambia el autotune,@DulceRubiHernadez,2023-12-21T20:01:39Z,5
hay un poco de música en el autotune de bolivar pluma 😅,@cesarcondega6580,2024-01-06T06:09:17Z,5
"ANITTA MUY BUEN TRABAJO, PESO PLUMA DEBE VOCALIZAR EN SUS LETRAS.",@dilanc4718,2024-03-20T18:36:29Z,5
I don't understand the language but it's a vibe,@pekydel6138,2024-01-24T12:42:41Z,5
Q VIVA EL AUTOTUNE!!! Hasta yo entro así en la industria de la música,@luxn1185,2023-12-22T10:49:38Z,5
"Curte aqui quem ta ao mesmo tempo ouvindo Spotify Bellakeo, Joga pra Lua e tá votando no Prêmio Nuestro?????",@nadiamaria7162,2024-01-23T12:42:47Z,5
Viva el autotuneee,@davidlagunaarenas6808,2024-01-20T08:05:21Z,5
"anitta and peso pluma the song, the united states is playing everywhere, powerful bitch ❤",@NilceaMaria-s3l,2023-12-23T13:09:04Z,5
Vibes enzo grivincic❤,@IchaFahrianty,2024-02-13T10:27:53Z,5
FULL AUTOTUNE CON PESO PLUMA 😂😂😂😂😂,@rudeboy1130,2023-12-31T16:18:07Z,5
Hit atemporal,@ivanmesquita9466,2024-12-10T16:52:18Z,5
powerful bitch love❤,@NilceaMaria-s3l,2023-12-23T13:10:47Z,5
😂😂😂 Que reguetonero más decente😊,@kimberlinlopezpulido2735,2024-01-18T12:03:54Z,5
"E ainda dizem que ela não faz sucesso, e ainda tem a Melody querendo se comparar a essa deusa! Kkkkkkkk",@sulamitadorneles2044,2024-04-15T19:37:21Z,5
Ainda a tempo.,@lidiafelicio8672,2023-12-18T18:08:14Z,4
VOY A OPINAR. JIJI. EL ESTILO ES SUPER REGAETONE VIEJO M ENCANTA. PESO PLUMA UN SEÑOR!!! EllA NO SE LE INSINÚA DURANTE EL VIDEO TAMPOCO. LO Q SE VE ES LO SUFICIENTE. NO SE VE A PESO NI TOCANDOLA NI NADA. MUY BIEN SU ACTITUD Y LA DE ANITA TBIEN. FUE MUY PRO EL VIDEO. M GUSTA. APARTE AVEEEEEER...DIGO.....ES OBVIO Q PESO HARIA VIDEO CON ANITA TARDE O TEMPRANO Y DIERON LO MEJOR. NICKI DEBERIA ESTAR SUPER ORGULLOSA. TIENE UN BUEN NOVIO ES MUY PROFESIONAL.,@rossellwan1417,2023-12-29T18:36:44Z,4
Esa Anita con dos sentones me deja como limon de taquería 😅😂,@pancho_npalez5446,2023-12-23T10:15:40Z,4
I love this vibe of video❤,@patrickecds,2024-01-30T07:30:05Z,4
"Anitta ficou muito arrogante de um tempo pra cá  por isso não recebe apoio dos brasileiros, a maioria das visualizações vem do México pq peso pluma é amado em seu país.",@admilsonalves2531,2024-01-05T23:53:58Z,4
This chorus sticks in our heads like a drug without an antidote,@AnaScott-hf1jk,2023-12-25T14:02:37Z,4
"Estamos dando muitas visualizações ao mesmo tempo, pq travou. KKKKKKKKKK",@robsonnascimento4611,2023-12-19T23:52:55Z,4
"anitta and peso pluma the song, the united states is playing everywhere, powerful bitch 🎉. 🎉.  🎉.  🎉.  🎉",@NilceaMaria-s3l,2023-12-23T13:08:25Z,4
This video gives hardcore cult vibes,@jvi3635,2024-06-23T15:44:47Z,4
"Que música da hora, do tempo agora tô vindo escutar. Ameiiii",@maisasilva9442,2024-04-08T18:25:39Z,4
Just listen this song at 1.25 speed and feel the rhythm,@AP-gb4wn,2024-07-23T08:07:34Z,4
No entiendo lo que estan cantando solo veo un culo moverse   hoy en dia.esto es musica y  lo premian con gramy que.porqueria,@AlexVegaArcia,2024-04-01T21:54:59Z,4
The song is good but reggaeton has to change there beat it’s the same thing,@OscarHernandez-dm7hp,2024-02-25T11:10:21Z,4
"Mucho autotune en peso pluma y en vivo con Anitta nada que ver :c no es hate,es realismo.",@GustavoMorales209,2023-12-20T17:51:19Z,4
Lo Nitta... good vibes...buenas vibras...boas vibrações... spotifyyyyyyyyyyyyhhyhhhhhhyyyyyyyyyyuuuuuyyyyuuuuuuuuuuuuu,@claudionorsouto646,2024-02-25T15:17:12Z,4
A todo lo queda el autotune,@erivansanchezmejia3744,2023-12-24T15:29:41Z,4
"The best and worst thing that could’ve occurred during the time period of this music video is, Peso Pluma’s relationship with “I forgot her Argentinian” name; is the notoriety of this song. Mexico suck at soccer! However, we prosper no matter what!",@andypelayo513,2024-07-30T05:28:53Z,4
"25% peso, 25% pluma, 50% autotune",@J4R3D_07,2023-12-19T18:53:45Z,4
Tiene algo que me dio vibes al 2019,@anthonellamachado5816,2023-12-25T14:33:03Z,4
Questão de tempo para essa hitar muitooooo.,@robsonnascimento4611,2023-12-19T02:45:27Z,4
"anitta and peso pluma the song, the united states is playing everywhere, powerful bitch 🎉 ❤",@NilceaMaria-s3l,2023-12-23T13:08:46Z,4
"Si se nota la diferencia , mucho 😢autotune",@esmeraldacastro4616,2023-12-25T06:49:40Z,4
"Nada me tira da cabeça que essa gente fez algum pacto pra bombar absurdamente assim, até pq o clipe tem uma vibe diferenciada KKKKK ( só acho)",@christophermatheus,2024-03-21T01:34:07Z,4
Autotune al 💯  solo así puede sonar bien ese desnutrido peso pluma,@andresrugeles2303,2024-02-08T15:52:44Z,3
Por que el inicio suena como un slowed + reverb de Lost Woods de Zelda OOT? 😭,@balmoreplatero96,2024-08-04T17:43:03Z,3
Re abusaron con el autotune 😅,@MSWordwilde,2024-03-12T17:49:43Z,3
Vibe to h,@next_level_shorts_007,2024-03-14T08:18:39Z,3
Beat parecido com a música Envolver,@leoreceitas,2023-12-21T17:38:45Z,3
Arto autotune del pp,@monserratvillanueva9637,2024-01-04T19:18:23Z,3
Peso pluma paso de corridos a parecer reguetonero,@danielestrella9439,2024-03-06T05:45:37Z,3
Atemporal ❤❤❤❤,@Luuannzz,2024-02-28T17:15:54Z,3
powerful bitch ❤ love ❤,@NilceaMaria-s3l,2023-12-23T13:09:35Z,3
powerful bitch love ❤,@NilceaMaria-s3l,2023-12-23T13:10:17Z,3
Voto por clipes com mais gente dançando bonita e menos “historinhas estranhas” e cara do cantor o tempo todo — a música tá maravilhosa!!,@Drasabrinafavarin,2024-01-05T14:32:07Z,3
They stole the intro melody from Ocarina of Time's Lost Woods theme.,@chaithao1452,2024-12-25T05:18:36Z,3
Listen this music without knowing the  lyrics❤❤😂,@mateighiurcan2789,2024-08-17T22:49:45Z,3
I don’t know what they’re saying but the vibes are immaculate.,@TheBlayner,2024-06-28T14:00:47Z,3
Essa música é antemporal,@BritneyBpears,2025-05-29T14:44:25Z,3
Autotune y Nalguita.... Debería ser sus nombres,@andresviteri7859,2024-01-31T10:57:32Z,3
Só tive tempo de ver esse vídeo hj (10 dias depois) e ARALHOOOO F0D4 D+,@flavi0lima,2023-12-18T01:47:25Z,3
Essa musica é de uma vibe boa❤❤❤,,2024-12-24T23:43:32Z,3
Anitta e melody #remix,@vidasimplesemfamília2.0,2024-01-05T13:43:59Z,3
"Wow, great production, this has *massive* crossover potential. Gives me mid-2000's vibes.",@killianwhite6269,2023-12-30T21:56:59Z,3
The only Spanish I know is Peso Pluma lyrics🤞,@Capfather2,2024-01-07T02:45:54Z,3
Este si es reguetón y no ese mal llamado reguetón mexicano. Que pedo reguetoneros.,@gruposhiels-f7k,2024-01-17T05:27:10Z,3
Bad Bunny / KarolG vibes,@Nooiise,2024-01-09T17:50:25Z,3
El señor de la limonada tiene mejor vocal que peso pluma,@SaraTellez-d4e,2024-02-23T15:26:35Z,2
"Como la Cantara en Vivo el Peso Pluma ?? Si esa no es su voz, esta todo autotuneado. Le montaron la voz de Chencho Corleone de Plan B.. jajajaja siempre pense que era ese wey el que cantaba.",@alfredoromangarcianunez9428,2024-04-14T00:17:36Z,2
Demasiado beat para tan poca creatividad.!🥱,@ultraestelarmusictv8840,2024-04-08T00:07:00Z,2
Hit atemporal,@marcelogomes1827,2024-12-25T20:40:36Z,2
Anitta você é a maior artista de todos os tempos,@KevinMachadoBergmeier,2023-12-28T14:46:09Z,2
"anitta and peso pluma the song, the united states is playing everywhere, powerful bitch",@NilceaMaria-s3l,2023-12-23T13:02:28Z,2
hostia puro autotune no lo cantaron,@robloxgaming-h3k,2024-02-22T21:59:15Z,2
"Peso pluma 1 año atras,   los corridosntumbado manderos el reguetón a la  💩  peso pluma dias de hoy bellakeo bellakeo 🤣🐍🤣🐍 es lo que queria estar al nivel de los reguetoneros 🐍🤣",@fashionboy1611,2023-12-29T12:55:59Z,2
"I hate repeating choruses, it's like they didn't know what to say so they just repeat the same word over and over again even if the song is good lol",@irvingdelahoz9390,2023-12-30T18:07:50Z,2
Esta cancion esta muy buenahttps://www.youtube.com/@PradeepVNSVlogs?sub_confirmation=1 click and get superhit songs,@shubhamjaiswar3292,2024-02-02T15:23:51Z,2
Video is cool remove annoying twerking girl lmao😂,@mudskipper9312,2023-12-29T12:20:25Z,2
"La magia del autotune ,y la anitta que manera de mover ese orto que tiene 🙂👍🏻",@H.AtripleZ,2024-04-03T19:28:34Z,2
tremendo autotune usa peso pluma,@danielavillalobos4612,2023-12-21T03:24:57Z,2
Quien más no entiende el lyrics 😂😂,@camilasophia6626,2023-12-21T00:17:35Z,2
Esta cancion esta muy buenahttps://www.youtube.com/@PradeepVNSVlogs?sub_confirmation=1 click and get superhit songs,@shubhamjaiswar3292,2024-02-02T15:24:03Z,2
Mas autotune que nunc,@JosmarFut,2024-02-18T02:54:05Z,2
Quienes fueron los productores? El beat suena a Súbelo Neo 🤔🤔🤔,@cesarojedavera,2023-12-20T18:51:50Z,2
awfull noise!..pure shit…sucks,@Deepeye26,2024-01-12T19:54:48Z,2
Vine a ver si cantaba igual este personaje..que no se quién es 😂 lo que hace el autotune 😮😮😮,@german6875,2023-12-22T01:43:05Z,2
Lo bueno es que no se nota el autotune en lo más mínimo 😂,@EduardoTun-fi6ku,2024-04-16T07:01:05Z,2
I don’t get what the video has to do with the song. The video is giving off ritual vibes 🤷🏻‍♀️,@glam815,2025-03-20T15:05:20Z,2
Could someone please give me the lyrics in english ....I was thinking of doing your cover of this song.,@gordonc51,2024-03-22T04:59:04Z,2
"He can‘t sing , its just all Autotune  .",@liridonaistrefi1994,2024-02-16T10:06:03Z,2
Essa música só não pegou #1 no Global por causa do lançamento na temporada natalina 🥲,@uniterrebelde19,2024-08-30T12:29:42Z,2
He can’t sing but autotune helps,@JayKitkat007,2024-08-29T19:30:54Z,2
680 Toney Lake,@CarmenSimon-f9p,2024-09-23T06:48:30Z,2
"I'm Filipino and I was just finding the romantic Spanish song that I discovered on TikTok before (currently fave song: corazon sin cara) and I couldn't find it anymore, but I discovered this song instead.  I'm gonna vibe with this song ",@kimidelgado1364,2024-01-23T04:57:18Z,2
Beat was awesome 👍👍,@royalthakursid5281,2024-04-28T20:52:58Z,2
his voice sounds awful,@danielborges2409,2024-03-16T21:15:49Z,1
"anitta and peso pluma the song, the united states is playing everywhere, powerful bitch",@NilceaMaria-s3l,2023-12-23T13:03:15Z,1
"anitta and peso pluma the song, the united states is playing everywhere, powerful bitch",@NilceaMaria-s3l,2023-12-23T13:01:27Z,1
que porqueria de musica!!!! El no tiene voz!! puro autotune!!,@ger1982x,2024-01-05T18:31:30Z,1
"Pinche 🪶, hasta te queda mejor de reguetonero. Hay que avisar al Ozuna que vaya con cuidado.",@BeautifulVintageRose,2024-03-22T18:31:23Z,1
Quero um monte de comentário ao mesmo  tempo,@alexrodrigues4083,2024-02-13T22:39:58Z,1
Pacto de anitta a morte do tubarão suseso do gd vocalista antônio carlos diniz pinheiro  feceboock carlos diniz amorte do tubarão dugas mara tubarão vocalista rei vaqueiro a morte do tubarão 11 batista tubarão vocalista romim mata a morte do tubarão barão vocalista matheus frenades  a mote do tubarão de ivoneis frenades a morte do tubarão de andesom mendoça vocalis todo tão em monção maranhão na avenida ricado lemos os tubarão vivi de canpanha atheis como roseana saney saney filho adriano saney flavia saney brenda saney josé saney luana saney marli saney a festa da associação maçonaria elis disvio como festa atheista cranaval são joão anivesario da cidade de monção elis já tão na minha rua fazendo festa com familia queroz  avenida ricado lemos sentro 10° loja simbolica do soberano santuario da maçonaria do brasil do lado das casa do banco do brasil antes quem vem do mesmo lado toda mulhe qui qui eu arumo elis querão matra e estronpra tomarão os negosio da maçonaria de monção marão er derão pois athel athe o predio da desima loja simbolica mesmo eu morando lá tem athel morando no predio da loja minha espoza oficial brabara suéllen nevis gissely jerudimo tores nayane rakel achieta pacto com lucifé frimação lilith nomiação desima loja simbolica,@MarlonPinheirodosSantos,2025-01-01T15:00:07Z,1
"anitta and peso pluma the song, the united states is playing everywhere, powerful bitch",@NilceaMaria-s3l,2023-12-23T13:01:55Z,1
"anitta and peso pluma the song, the united states is playing everywhere, powerful bitch",@NilceaMaria-s3l,2023-12-23T13:03:54Z,1
FULLLL AUTOTUNE!!! ROMPE TIMPANOS DE MRD,@sebastianc.h8252,2023-12-23T15:41:26Z,1
2:24 me recuerda mucho a los edits de Han seo-jun de true beaty XD,@miatruebeautyrbdw,2024-04-12T06:57:00Z,1
Empezó con corridos  tiene que sacar más corridos.no es reguertonero,@alexizmartinez9435,2024-04-12T01:44:05Z,1
Vibe tou he,@naveedsaeed2673,2025-03-27T16:18:06Z,1
Vibe 😉,@bharattak9831,2024-02-28T18:17:09Z,1
Puro autotune No sirve.,@LiliamLuciaGonzalez,2024-08-09T21:47:36Z,1
Que eres sin autotune,@joseeortega13,2023-12-17T08:48:59Z,1
"Same old beat, same old rhythm in every reGAYtone song.",@jaylxxxi1908,2024-08-18T20:22:27Z,0
Autotune 🤮🤮🤮,@justagirlsd3000,2024-09-06T20:01:52Z,0
This might be one of the worst songs i've ever heard. Damn...,@CorruptInsurgence,2024-04-06T03:48:30Z,0
"Es increíble lo que hace el autotune, tiene cero talento musical Peso pluma.",@slendermouse887,2024-04-23T21:59:18Z,0
Ajá y solo Autotune y ya nada más hace ese mansito de Peso Pluma osea no puede con su Voz nombe ese men si no,@diegofernandocardonabotero5659,2024-04-28T14:43:44Z,0
😮Rufjdeepqhfvf,@rosalbagonzalezmoreno9167,2024-04-27T18:36:29Z,0
"Claro autotune, horrible",@freddyfeayudame3861,2024-06-04T16:12:52Z,0
El autotune activado...,@ericlserar,2024-03-16T19:59:41Z,0
