comment,user_name,date,likes
This track has such a nostalgic vibe to it. It reminds me of simpler times and brings back so many memories.,@UlricaDiaz-k4n1j,2025-05-19T05:52:46Z,69
"Normally avoid pop but something about this one is nostalgic, romantic and insightful.",@tango8011,2025-05-27T12:46:43Z,35
"one of the finest artist in this generation , no stupid lyrics no stupide or sexual choreography absolute gem",@poadcasts_fans,2025-07-30T06:15:03Z,28
To everyone vibing with this: may your week be as upbeat and joyful as this melody. Keep dancing! 💃🕺🎶,@Nemo-yz7lw,2025-05-14T02:42:58Z,15
"Hi Benson, I've been faintly hearing this song on the radio in various stores I've gone into so I recently decided to look it up with the hook/chorus as my only thing to go off of. I'm a recovering alcoholic and this song gives me hope for my future but also helps to remind me not to be complacent. I wish you the best and I thank you for your art.",@Forbidden_Truth93,2025-06-11T00:20:58Z,13
This is the best new generation Song ever its 90s vibe....,@fFrage01,2025-05-24T13:25:03Z,10
"Such a powerful song about the human condition and the vulnerableness we all share...Love can be hard to get, and even harder to hold on to.",@CMKseven,2025-07-30T23:57:04Z,8
0:38 a beatiful song❤❤❤😊😊😊🔥🔥🔥,@elidesportelli325,2025-05-13T20:47:07Z,8
I knew this song was immaculate within the first 10 seconds. The chorus was more than a bonus and the way it brings me to my knees to thank GOD is everything. 🥲,@arturodelcid-qk4tk,2025-06-24T04:03:05Z,7
"great tempo and vocal shifts awesome composition, it rocks.",@frozenwindshield,2025-08-05T23:36:44Z,6
"is truly one of the most beautiful songs I’ve ever heard. It resonates with me so deeply that I listen to it every single day. I guess you could say I’m a little addicted to it, but it’s not just the melody it’s the emotions it stirs in me. I’m 45, still single, and sometimes I find myself wishing for someone who could love me with the same kind of passion and devotion that this song evokes. I long for a love that makes me feel extraordinary, even in my ordinary moments.",@douglasjefferson_9,2025-05-10T01:50:25Z,6
Worst song of all time,@SingerDinger,2025-06-20T13:56:37Z,5
"I am from Middle East I converted my religion. When my family learned they beat me, took my phone, laptop, bible etc. And locked me in a room for 1.5 years! I was just a 9 months old believer. When I was sitting in the room I prayed and said I don't have my Bible, my believer friends etc. how can I continue my faith? And I heard Holy spirit said I can come in this room! And he came he was with me all the time while I was in there. When I heard this song I felt someone who doesn't know my testimony made a song for me 😍 Yes he is in the room and he'll be in the room and we can't survive without him.",@Contemporary_Gospel,2025-06-10T02:12:05Z,5
Awful song please delete from history,@carno2762,2025-05-30T04:01:29Z,5
Wow his vocals ❤🎉beautiful song,@DineoSibiya-f1p,2025-05-17T18:53:57Z,5
This song is totally my style! I really needed rock music like this. Especially the high notes in the chorus feel so refreshing.,@leehaeun1818,2025-05-16T04:52:59Z,5
"@BensonBoone is giving Freddy Mercury. The jumpsuit, the mustache, the original voice and performance and just the overall vibe and look about him.",@kimberlyhelmick386,2025-06-25T23:41:58Z,4
"I hate this song with every fiber of my being. Cheesy 70s porn ‘stash, bombastic American Idol vibes, every vibe he has that sucks. I hate the songs this guy makes..",@catskann,2025-06-17T03:13:58Z,4
"What an unusually beautiful timbre of voice, I want to listen to it all the time. Cool song!",@Music_Inspiration84,2025-05-07T14:42:44Z,4
"Sheer brilliance, the vocals out of this world, literally sent chills down my spine 😮",@iktsenpai,2025-05-16T23:50:12Z,4
"This song is perfection! it's been so many months, but I still love this song, the lyrics and Benson Boone nailed the Vocal Quality. I watched a reel on Facebook and I searched about it and fell in love.",@aprilvlogs,2025-07-03T03:08:44Z,4
when I discovered this song I discovered my deep emotionals,@m-slopes-media,2025-06-27T20:28:05Z,4
Worst ad shit song ever,@Reza_7,2025-05-29T11:01:04Z,3
Finally a song in these times that is positive and have a great melody because it seems that other modern bands are just copy pasting electronic music that all sounds the same. This song and band deserve more recognition. 10/10,@MultiWatcher1000,2025-08-03T11:19:41Z,3
Such a beautiful song me and mom sing it all time my mom did not like the song but now she loves the song with her whole heart such beatful voice,@chastitygowen2730,2025-06-04T23:00:55Z,3
Most annoying song in the world,@EdwardPJackson,2025-06-19T16:40:15Z,3
Checking billboard playlists after 5/6 years and found this soothing song kinda feels nostalgic,@rayatczn8397,2025-05-28T17:21:48Z,3
The vibe is royale. I and I love this song,@milzandboo2000,2025-06-26T13:06:15Z,3
"Powerful explosive vocals, emanating pure vulnerability to a  God whose actions seem so inexplicably untoward but at other times merciful and benevolent",@juanreese6933,2025-05-31T23:10:29Z,3
NOW THAT IS SOME GOOD MUSIC NOW THAT IS GOOD BRO LIKE THE LYRICS ARE RHYMING I I JUST LOVE IT BRO JUST PERFECT GIVE THIS MAN A REWARD OR SOMETHING!!!!,@stephaniecrouch8125,2025-05-15T19:49:09Z,2
Every beat feels like it’s telling a story. This is art in sound form! 🎶✨,@EDMDriftzz,2025-07-03T07:47:21Z,2
The energy in the chorus is on a different level. Thank you for the music.,@ChilloutDeep-n1s,2025-07-03T08:13:58Z,2
One of the worst things I’ve ever listened to,@GluteusMaxximus78,2025-06-12T18:57:00Z,2
"Wow, what a powerful voice! This artist's vocal range is incredible, and the emotion they convey is just captivating",@XeniaHolt-k1v,2025-08-05T08:49:22Z,2
"May 2025 after my breakup and she got married,I am all alone in this universe",@sumeetsingh6821,2025-05-24T09:42:16Z,2
POWER HOUSE Vocals !,@billyjordan174,2025-06-18T23:38:50Z,2
"But I know the things he gives me, he can take away....the best piece of lyrics in this song imo",@DannyGordon-qy7zo,2025-05-27T18:51:07Z,2
This is one of the worst songs of all time,@Webby_fps,2025-05-22T04:22:30Z,2
The worst song of all time yet,@fuckusingfullname,2025-06-30T18:16:02Z,2
"OMG, IV'E NEVER LOVED A SONG SO MUCH, AND THE CHANGES OF VOICE AND VOCALS IS AMAZING, I LOVE WHEN SONGS COME CALM AND THEN WHEN THE SINGER SINGS HIGHER AND IN THE TIPE OF WAY THAT MAKES YOU THINK OF A LOT OF THINGS IN ONE ENJOYING EVERY MINUTE, THE BEST PART IS THAT I LISTEN TO IT EVERY TIME AND AFTER THE SONG FINISHES I REPLAY IT, ALSO IM ONE OF THOSE PEOPLE THAT WITH SONGS THEY IMAGINE THINGS LIKE IF YOU WERE IN A SERIES AND THIS SONG IS JUST PERFECT, SO I SAY IT 1 TIME. I ABSOLUTELY LOVE IT❤❤❤❤❤❤❤❤❤",@pilarpons2612,2025-08-07T02:07:30Z,2
Mr. Benson.... Thx again for the power in the deepest and difficult time of my life. ❤,@MrMarcin0711,2025-07-30T00:20:09Z,2
Ya!  I think You have it All! Artist Brilliant Writer Lyrics Music video... love it All !🕊️🕊️🕊️🕊️🪂🎸✍️🤔👌⚡⚡⚡⚡⚡⚡🌟⚡🌟🤸🎤😮 Little Miss copper stone 🪐✍️🪂🤼🤼🤼🤼🤼🤼🤼🧩🧩🧩👍 And  You.... Have... the....Girl...🎸👌✨✨✨✨✨✨✨ Band members 🎤 Amazing 🤩 Thank You..,@JeriOsuna,2025-08-04T15:50:46Z,2
"Wow, this song is an absolute masterpiece! 🎶🔥 The energy is contagious, and the vibe is so unique! 👏 Can't stop replaying it. 😊 Keep up the great work, you’ve definitely got a fan here! 🙌 #MusicLovers",@EstyleMusic,2025-05-21T13:56:10Z,2
This is one of the most nostalgic music of all,@ChristopherChristopher-u8b,2025-05-15T00:20:13Z,2
Benson Bonne has the best vocals ever❤❤❤,@hongqi700,2025-06-29T06:54:31Z,2
It the words & beats connected with my soul ❤,@jessydecoteau2488,2025-05-21T11:38:52Z,2
"“Jelly Roll, please! The prophecy says I’m the one who will make the worst song! Think about what you’re doing!”",@idothings_official,2025-06-26T22:35:07Z,2
This song is extremely annoying to me idk why though could just be a me thing,@Wdog1847RL,2025-06-06T13:40:51Z,1
This verse 1 of the song sounds like Zac Brown - Colder Weather,@dheemans5707,2025-06-22T00:24:43Z,1
this is fecking awful...,@mulyadisukindo2186,2025-06-09T13:37:25Z,1
"Benson, GREAT song man !  👍  It's now on our PUBLIC YouTube PLAYLIST  MIX:  Songs with Solid Lyrics ",@jaybortnik,2025-06-16T17:59:23Z,1
I love how the rhythm suddenly changes 🎸,@Elisa-miel,2025-06-11T11:30:55Z,1
"Just found about Benson Boone watching Jimmy Fallon a couple of weeks ago… promoting his new album …what a talented young man!!!!❤ WOW!!! Ordered his CDs- all of them!! Been watching the videos posted… he really can touch his fans with his lyrics and musicality, very REAL, good story teller. The emotions are so raw… love you Benson❤",@janiscallow1255,2025-07-12T03:19:43Z,1
Powerful ❤,@theogsmoker7172,2025-06-15T05:05:11Z,1
"music video, lyrics, and voice is all beautiful ❤❤",@dibora-u7s,2025-07-05T16:52:04Z,1
The melody is gentle but full of emotion,@Still-Voice-Podcast,2025-08-08T07:02:05Z,1
"I really hope this becomes a future classic for you guys, its powerful 😅😅😅",@SteveReno187,2025-05-30T17:06:41Z,1
Me my uncle and my uncles bf were driving to Orlando and this song came on so when the beatdrop happened we turned it up all the way he was singing and I was clapping along to the beat while he was going 120 mph we were so loud we broke the speaker now this is my favorite song 😂😂😂,@JustinOliver-t5y,2025-07-20T10:46:40Z,1
yeah the song is actually fire 🔥 if only you’d work that first verse a little more into the song maybe as a chorus or just another part of the song I feel like that’s the cherry on top that’s missing💯,@Alexperez-be6jn,2025-05-20T08:56:29Z,1
The video is well filmed and the song gives the best vibes !perfection!,@AnkitaAhlawatSood-q5o,2025-06-24T14:08:18Z,1
Seems like AI work. Been seeing too much of that of late. Sounds monotone across singers,@claytonstrickland6433,2025-06-13T05:59:24Z,1
"This is Exactly what i wanted to listen , DownTempo blues fresh style",@HowHighFilms,2025-05-07T21:11:52Z,1
❤ this song .!!!! I look forward to more of your beautiful vocals !! 🎉,@sushilgeorge9488,2025-05-31T02:40:49Z,1
I. love this song your voice is beautiful I love how. it's quiet then you start picking the. beat up a lot more ❤❤❤❤❤,@EE-sigma,2025-05-26T08:03:25Z,1
benson boone's voice is so powerful like he's powerful thankyou benson boone for making this amazing  song support and like benson boone for his wonderful  songs,@MrMrsMorris,2025-05-28T12:50:48Z,1
Oh wow he does give off lifelong LDS vibes. Cool.,@mads9259,2025-06-09T00:45:07Z,1
"This song is in and of itself a beautiful thing. Wonderfully written and performed, it also serves as a powerful treatise against Yahweh. It presents him as he actually is, a petulant child of misunderstanding who would snatch away the things which bring us joy in order to manipulate us into bending to his will.",@dylgibson,2025-05-18T15:42:10Z,1
Worst crap ever,@Scriptm8,2025-05-18T17:27:37Z,1
annoying ahh song,@wali.reuploads,2025-05-22T14:25:32Z,1
Vocals and cinematography are very good and precise,@UkpaiKalu-hb2ix,2025-05-16T13:34:25Z,1
"I don't like the lyrics. On surface, it looks like he fears God, but when you carefully listen, you notice that he wants God to be OK with his girlfriend staying overnight, which indicates fornication. I wonder what happens when the girlfriend gets pregnant, will he tell her he's ""not ready yet"" and she should abort the child??",@rebeccaa.3121,2025-07-13T03:37:28Z,1
"I loved Benson Boone's vocals because i'm impressed, his voice was nice and great❤",@Haroldlovesdogs_3607,2025-07-16T00:37:08Z,1
What about the banality of pretiness of Benson's beautiful things totally disengaged from real life? Lyrics and music totally mediocre.,@netmendo,2025-08-07T21:51:51Z,1
Probably one of the worst songs of the year maybe of the decade. Anybody that says this is their favorite song is deaf,@lolzorsPwnage,2025-06-04T04:40:07Z,1
"great video! i love the emotional depth Benson Boone brings to his music. but honestly, while the visuals are stunning, i feel like the song could've had a stronger hook to really make it memorable. what do you guys think?",@wilhelmina-q6c,2025-05-07T16:11:32Z,1
Most annoying song in the history of man,@Phuck-o,2025-06-12T05:14:41Z,1
\benson boone/\beatutiful things/ For a while there it was rough but lately I've been doing better then the last for cold december i recall i see my family every month and i found a girl my parents love she'll come and stay the night and i think i might have it all and i thank god every day for the girl he sent my way but i know the things he gives me he can take away and i hold you every night and that's a feeling i want to get used to but there's no man as terrified as the man who stands to lose you oh i hope i don't lose you oh i hope i don't lose you mmh please stay i want you i need you oh god don't take these beautiful things that i got  please stay i want you i need you oh god don't take these beautiful things that i got please don't take i found my mind I'm feelin safe and it's been awhile but im finding my fath and everythings good and it's great why do i sit and wait till it's gone oh i tell ya i know I've got enough I've got peace and I've got love but im up at night thinkin i just might lose it all PLEASE STAY I WANT YOU I NEED YOU OH GOD PLEASE DON'T TAKE THESE BEAUTIFUL THINGS THAT I GOT oh please stay i want you i need you oh god i need these beautiful things that i got {this took a while},@puppyplayzrobloxYT-99,2025-06-26T11:04:26Z,1
you sound like a screeching chihuahua its annoying sorry not sorry,@johnnydunn1477,2025-06-30T23:51:12Z,1
i don't believe in god but this song does remind me im at the mercy of the universe.,@thenightranger4253,2025-06-30T20:13:14Z,1
The lyrics of this song are so relatable. It's like the artist reached into my own experiences and put them into words.,@JoannaCzajka-l9t,2025-08-04T18:33:53Z,1
I know all the words and the rhythm is great,@bigb3nbino-ot9sb,2025-06-05T15:39:25Z,1
"Thank you Benson Boone, you made me discover I'm straight! (PS: My dad beats me!)",@jadebladeZ,2025-07-15T02:23:56Z,1
Is beatiful the song❤ jajaj mentira hablo español pero si es bonita la canción ❤❤,@FiorellaLópezSolar,2025-05-25T16:28:52Z,1
"I just found you today and im so happy that i did, you are one of a kind and i hope you keep that energy, its amazing just to watch the people performing with you. Your energy is contagious, The excitement they show when you get excited/do your flips or hit your high notes,the world needs more people like you.",@Jayess-c,2025-05-25T01:15:43Z,1
Generic,@GuyAllard-ug2gl,2025-07-05T13:20:40Z,1
I am a big fan of your song I have the same song on my fortnite lobby I know every lyrics so thank you for making this song❤❤❤😅,@DaySocks-x8r,2025-07-14T20:30:35Z,1
"Funny how people act like Beautiful Things is the worst song ever made, just because it’s trending, touch grass",@aggaciro,2025-07-21T04:05:52Z,1
Your voice your notes shine high man ... Whooo what a song,@pp90rath,2025-06-05T15:41:09Z,1
"The vocals, the lyrics, the video production. All perfection. This song lived up to the teaser hype. Should be proud of this one😂😂😂🤣🤣🤣🤩🤩😍😍😍🥶🥶🥶🥶🥶🥶🙏  it is a masterclass he is the goat of english songs please3 1000 ikes in 12 days",@angeloakafak,2025-06-20T13:01:52Z,1
This is the kind of song that will stick with you for a lifetime. Outstanding chorus.,@darrenb9843,2025-06-26T18:58:21Z,1
I like the lyrics,@Lucas-w8i6r,2025-07-26T22:55:53Z,1
Benson Boone has his vocals. He sings along and lyrics are beautiful!,@AvilGaming7,2025-06-20T18:33:27Z,1
My vocal instructor wants me to sing this <3,@moonl1314,2025-05-14T18:59:41Z,1
"The vocals, the lyrics,the video production. All perfect 🥰😍🤩",@YeabsiraNeto,2025-08-05T10:43:58Z,1
Wow you are awesome! I've heard this song a lot and love it! I didn't realize you grew up just down the road  25 miles.  Love this song-the structure-the surprise-the chorus. wow. It's awesome!,@Yamparunner,2025-05-31T05:00:30Z,1
The lyrics are so perfect❤,@Fishesandjimmy,2025-06-16T23:26:22Z,1
Pure vibes ✨,@TessaBrodie-o1b,2025-08-03T11:25:21Z,1
The power of this playlist is in its simplicity. No loud beats or overwhelming lyrics—just honest music that speaks to the heart. It’s the kind of vibe that turns any space into a peaceful haven. Bravo! 🏞,@CountryMusicCollection98,2025-05-15T03:05:25Z,1
This song brings the feels out of me in the worst way every single time. Hats off to you for making this song,@everreddviii,2025-05-29T17:34:00Z,1
"Good  lyrics. There is God sovereignty! ""God can take it away"".  Great music.",@SarahandPets2024,2025-07-01T09:17:57Z,1
So powerful ❤️,@lilulove1,2025-05-15T09:56:47Z,1
"What a smasher!! LOVE this guys voice and his vocal range, I'd listen to him sing all day 🎙🎶🎙🎵🎙🎼",@murielhughes1060,2025-05-29T11:14:00Z,1
This is awful,@MikeMatsumoto-v4x,2025-07-08T13:36:53Z,1
I can feel the vibe in my soul❤❤❤,@msphine5269,2025-06-09T14:39:46Z,1
Are .. You...Kin...to Daniel....Boone?   ?😂😂😂😂 Little Miss copper stone... Good Luck 🤞✍️🤼🧩🧩🧩🧩🧩🧩🧩🧩🧩🧩🧩🧩,@JeriOsuna,2025-08-04T15:55:37Z,1
❤❤❤ 🔥 🔥 🔥 incredible 🎶 voice lyrics & range! Finally some meaningful 🎵! I have been under a 🪨 past 2 yrs (or n hospital) & this man’s music helped me during the hardest time in my life! Thank you Benson Boone & band for keeping real to your  💜,@kailimaciejewskivlogs3053,2025-06-26T13:15:13Z,1
The tone is so warm,@IvyFraser-f9e2w,2025-07-28T19:12:46Z,1
Perfect voice and lyrics 😢😢😢,@ThatGuyOrie,2025-08-03T02:07:27Z,1
Benson Boone is the worst,@HavenNicole-u6d,2025-06-08T01:17:58Z,1
The lyrics of this song…!!! Simply exceptional!,@embellepatience,2025-07-23T13:35:52Z,1
This song is so annoying. I mean the lyrics are so repetitive.,@entertainmentunivers,2025-06-23T02:56:11Z,0
"I dont care what style it is, give me good lyrics and talented musicians, that's all I need",@zoorenard,2025-07-08T20:48:47Z,0
"I know I keep commenting on this video but I can't help it 😂. Benson you made me love this song, I play it everyday on my phone. I sing it out loud everyday I have a deep connection to this song. I'm thinking about getting it tattooed on my shoulder. 😊😊. God bless your soul man. I hope you find peace one day. You are the guy that came into my life and make my day Everytime I hear your songs. Aman brother",@whaaaatTV-b6k,2025-07-11T05:32:31Z,0
"Just recivied the worst news possible a mum can get, and i dont know how to tell my husband and kids😢😢",@catrinamahmoud6779,2025-06-13T11:14:57Z,0
Nice lyrics Benson. 😀,@Loco4Poco27,2025-06-23T21:52:17Z,0
The lyrics are so relatable,@PoppyWood-g4z,2025-07-27T15:44:01Z,0
This song is sooooo catchy 😊,@GardnerLindsay-q4i,2025-07-02T00:59:58Z,0
Great lyrics!,@shannontrejo729,2025-07-20T00:44:20Z,0
"Vocals, angel-like, however, the lyrics ""I need you"" Kind of cringe, God doesn't want her children to be needy!",@buddyindigo,2025-07-23T12:48:15Z,0
"Wow, what a powerful song!",@Zodahmusic,2025-07-13T18:53:10Z,0
Looks like Queen vocalist,@AJNaga297,2025-06-29T07:41:21Z,0
Came here from Matt Stoner and Ive never been so happy to do so.,@Paraphapanda,2025-07-03T15:16:50Z,0
"Jessica Sanchez's AGT cover brought me here, it was mind-blowing and gave me chills! Love your song! It resonates with almost everyone as it captures the raw emotions and silent fears we all feel when we’re holding on to the people we love most.",@lady.general,2025-07-16T19:04:49Z,0
It was my ringtone for  a long time ❤❤❤❤❤❤❤❤❤❤❤❤❤😅😊,@kathys.durbin5374,2025-07-20T16:35:01Z,0
"The first chord, that notes/tones scale, was taken from the ""74 - 75"" by The Connells theme.",@beefeatereater9067,2025-08-07T10:56:07Z,0
You are a gifted musician who transmits and evokes emotions in the listener! Beautiful work!,@jazmingarcia1890,2025-06-01T16:20:43Z,0
"Dear Benson, in about 20 years, after getting your ass kicked by Life up one side and down the other, you’ll understand the deeper meaning of your lyrics.",@Alex-em9yz,2025-06-19T03:52:42Z,0
The vocals always got me <3,@DeniseTheSiamese,2025-05-27T05:21:45Z,0
beatiful song,@DaniaGeraldineValeroChavez,2025-07-05T17:34:50Z,0
I usually turn down the high pitched songs but not this one😊,@ZeekerTheSeeker,2025-07-30T03:01:20Z,0
"I Shazamed this song when I was at the store, it was on the P.A.  Only caught the last part b4 it ended. Came home and listened.... I am bowled over, hard like stone. Broke down in tears. So powerfull. I am busted up, split in 2. Every emotion experienced!",@derekdynamo,2025-06-04T22:18:04Z,0
His giving off Logan Paul vibes,@dabsavage3163,2025-07-28T15:45:56Z,0
Bro this guy is a king of lyrics thats why he is a legend,@spongelobster581,2025-06-16T08:52:16Z,0
"I love this song, and really wished that there was at least one more verse.",@KathieH-l5j,2025-06-23T05:40:09Z,0
This song is nostalgic and very personal for me.,@Ian-c6g4o,2025-07-22T10:15:58Z,0
Only vibe....lovelly,@CardosoVacareia,2025-08-03T21:49:24Z,0
The chorus sounds better in 2.0 speed anyone agree ?,@CarloBets,2025-06-01T20:09:11Z,0
Rocking song 🎵 Lyrics speak truth ...Thankyou listened to it all the way home ...killer voice.,@richardbartlett5167,2025-06-11T20:44:11Z,0
Wowwwwwwwwww so club so beatiful days ❤❤❤❤❤❤😢😞😞😞😞👇👇👇👇😍😍🤩🤩🤩🤩🤩,@ZehraHəbibov,2025-06-20T12:43:27Z,0
Wow! I love his voice!!!! So many emotions❤❤❤❤,@maryroseluciano7692,2025-07-29T09:43:56Z,0
well written lyrics 🔥🔥🔥,@JOSHUACRUZ-k9w,2025-07-19T15:34:45Z,0
Nostalgic,@fayjunnaharpapiya2302,2025-06-23T19:54:17Z,0
"Please check out my Piano Cover of ""MOMMA SONG"" with Benson Boone on vocals -----> https://youtu.be/ditSv5vqycI",@therealCameronMonti,2025-06-06T21:30:57Z,0
this song is kinda emotional But its a banger,@WillTeam1234,2025-06-03T21:11:11Z,0
This song has such a catchy beat!,@VioletKessler-y8o9h,2025-05-31T10:44:41Z,0
😩the chorus 😊💃💃,@OriginalTionie,2025-07-18T12:59:11Z,0
"I can't believe it's been a year already, I remember when this said 1 hour ago. Spring and Summer 2024 was peak, but Summer 2023 was better. The summer vibe and chorus goes so hard, the vibe goes hard. 1 year since this went off the charts along with They Not Like Us by Kendrick Lamar and many other great songs during 2024 and during Summer 2024. I'm already nostalgic for 2024, so much good happened. This year really sucks horribly with the plane crashes, the stock markets, everything, basically. I know I shouldn't be getting nostalgic for 2024, but that was my year getting out depression from Late Summer 2023 and Fall 2023, so I do miss 2020 - 2024 a lot. This year hasn't been hitting in this crazy country and world we live in. Too many bad things are happening! I wanna go back so bad!",@matthewmichel6508,2025-07-25T00:32:33Z,0
"Amazing song. Video perfect, lyrics on point.",@IfyCynthiareal,2025-06-01T18:39:59Z,0
This is absolute vibes,@AliceKnight-i3z,2025-07-28T18:51:47Z,0
This video is giving me the vibes of the take that's patience song <3,@Pudimderum,2025-06-18T16:53:52Z,0
Nothing 80s about this song. Lol Sounds late 00s mixed with stomp clap hey vocals. But good on him for having his career together.,@nolanmcsheridan9959,2025-06-19T04:06:34Z,0
this is a very painful song on one's deep faith in God.,@rlgstvids,2025-07-16T17:03:11Z,0
The chorus really fits the terror im going through it's not about a relationship with my wife but my children thank you for this ❤ i sing along with a change to some words but all the same keep shinning brother,@lisettecruz5603,2025-06-14T23:41:58Z,0
"I love your video. I love your shoes. I mean, I love your songs that have the most nicest song ever. I also sing along with your songs and sometimes I get the lyrics right we’re wrong.",@ciarahann6465,2025-07-08T16:39:37Z,0
Talent!!!!and such a soothing beautiful voice…timeless vocals!!!!!!!!,@luciachileshe6722,2025-07-14T18:36:39Z,0
"I love your video. I love your shoes. I mean, I love your songs that have the most nicest song ever. I also sing along with your songs and sometimes I get the lyrics right we’re wrong.",@ciarahann6465,2025-07-08T16:39:32Z,0
Well done on creating the worst song ever made,@B_Hound,2025-06-18T13:51:18Z,0
"Lyrics are perfect rhythm is perfet , it is final u are the best singer",@ChrisjnrevaBoateng,2025-06-30T15:05:37Z,0
I don't like music but lyrics moves me crazy,@kamaunderitu-l1g,2025-06-23T13:36:41Z,0
I love the song gives me Good vibes,@lynnar4606,2025-06-25T20:13:43Z,0
LOTR vibe in this clip,@romainf.207,2025-06-28T04:58:17Z,0
My life has been worse since hearing this song I have to live each day knowing that this terrible song is is out in the universe,@maty7857668701,2025-06-04T09:05:46Z,0
Love the person you are. Everything about your words movement vibes has caught my full attention🎉🎉,@realjazzjj6909,2025-05-14T16:55:17Z,0
Annoying fucking voice that keeps over stringing along....a real singer is Teddy Swims.,@welsh_steel2285,2025-05-14T16:40:09Z,0
"The worst is thinking that you may have almost had this thing once, but then you lost it, without having ever realized in time that you could have had it and you just took it for granted. And now its too late and there is no likelihood that you will ever find that again.",@JustynL-q4q,2025-05-28T02:08:22Z,0
I don't like when male singers do the Elmer Fudd accent any more than I like the vocal fry on female singers.,@cruisepaige,2025-05-13T11:25:13Z,0
"This song is about feeling love and hate for someone at the same time. The lyrics talk about how it's hard to let go of someone you still care about, even if they hurt you.",@1308문선유,2025-05-12T03:25:12Z,0
The lyrics are so beautiful,@achillegrondin1144,2025-05-11T11:41:58Z,0
"Went from “wow, cool song” to realizing my exact feelings are the lyrics. Thank you @BensonBoone for sharing your gift.",@laurelmilligan1061,2025-07-15T21:54:21Z,0
Best singer in the whole entire world no one can beat you Benson,@gt0351,2025-05-11T08:45:24Z,0
Beautiful and powerful song,@albabarrera3040,2025-08-01T08:24:01Z,0
"Had to come here from Facebook to hear the whole song without interruptions. My You Tube vibe includes Jelly Roll which is what you're lumped in with music wise on Facebook, which in itself is a high honor. I hope you guys rise and really spread your music all over. I'm rooting for you!!!❤",@jodyprovost,2025-05-18T11:19:04Z,0
"Describe the vibe? I'm not sure there are any words in any known spoken language on this planet that can fairly, justly, accurately capture the vibe one gets from hearing this song. That being the case, I'll say the vibe I feel is otherworldly. Peace humanity",@mr.c6057,2025-05-10T16:02:45Z,0
"dam i love this, but someone saw me listening to this and heard this song look at me weirdly as the friend only heard the first part and thought why i am listening to love songs (as there's girl & love in the lyrics) QWQ",@Jimmy-y6u,2025-05-10T06:48:18Z,0
Vibe starts at 1:23,@ShivaramaKrishna-cv2qn,2025-05-10T03:42:13Z,0
I SCREM THESE LYRICS!!!,@MaelyFridley-m5v,2025-06-29T21:55:34Z,0
Powerful song,@koechcollins-o3y,2025-07-30T12:10:57Z,0
"Being a man that has loved and lost way too many times and now have found the woman that was always meant for me, im so glad i found her after I've learned my lessons. She's going to get the best of me that has ever been and she's going to be loved like she deserves to be loved, and i in return because I know she was sent to me right now by the universe at this very time when i was ready,  when she was ready. Ive never been happier in my life. She's all mine and just try and take her away",@only_with_kindness,2025-05-09T02:16:09Z,0
650 billion views r u serious you made all that money maybe someone with more musical skills i appreciate the emotion but im . Looking for something with more skill than a new nockelback,@stevenarnold2656,2025-05-22T04:26:13Z,0
"Não sei descrever a vibe, mas a vontade que da, é de sair andando pela cidade ouvido a música.",@user008-z5q,2025-07-13T04:11:25Z,0
"A melhor música de todos os tempos desde que nasci em 1981 - Não se compara a nada Deus te abençõe moço, um coração lhe agradece.",@quiztbrasil,2025-06-18T23:19:10Z,0
Rhythm moves the body,@AbigailPalmer-x7f,2025-07-31T08:34:13Z,0
"benson, can i steal your vocal chords? this song made me cry, i got chilllllss! if you drop, im all ears!!",@Maya-w8j9w,2025-07-01T15:45:02Z,0
"I was singing along with this song at the top of my lungs and the lyrics hit me like a truck. By the end of the song I was in tears (and still am.) this song played on the radio around the same time that my grandfather was suffering from cancer and the lyrics reminded me to pray for his health almost every day. I will forever miss him because he was the one who pushed me out of my comfort zone and taught me how to sing along with his piano playing. Around 2-5 days before he passed, we played our favorite one for the last time. He couldn’t even play through the whole song because of the severity of this illness, but it really meant the world to me that he tried anyways. I miss every moment I had with him and hope that he is proud of me for still practicing until this very day. I’m still trying to get used to singing the song we played without balling up and crying my eyes out. thank you for sharing with us this masterpiece. ❤",@HeyItsMoonlite,2025-06-21T15:28:16Z,0
"""Such a heartfelt song! Benson Boone’s voice and emotions shine beautifully! 💕🎶",@deendunyaquran01,2025-05-19T06:55:06Z,0
It makes me so emotional it's the best song it's my favourite it's my little sister's favourite song ❤,@ChideraOkolie-j3k,2025-07-26T13:27:03Z,0
Ouvindo essa musica e lembrando da minha esposa que morreu ha pouco tempo. Cada palavra dessa musica me causa um aperto no coração!! Mas é isso …,@junioralves5845,2025-05-20T03:37:14Z,0
It's gonna me vibe,@sagarthapa4650,2025-07-30T14:25:35Z,0
This was good but it got repetitive on the radio so I personally have beef with it,@anonymous_40447,2025-05-23T23:52:52Z,0
"This tune feels like pure love. May your heart ever beat with intention, peace, and play.",@LatinSoul-e8m,2025-07-11T08:25:20Z,0
Beatiful  otro vidioquil,@consolacionfernandezdoming6439,2025-06-23T18:31:19Z,0
The song started out good until the chorus came in like a screeching on the chalkboard,@Integritydefins,2025-05-20T23:05:30Z,0
Song is deeper than you know. If you know! Good for you,@iDindtKnowThat,2025-05-18T02:43:48Z,0
"I mean, if he'd take the goddamned marbles out his mouth and stop trying to sound like Steven Tyler form Aerosmith in the chorus, he might have something....Nothing we haven't heard before, but something at least.",@michaelhulsey201,2025-06-03T03:06:57Z,0
The Break Down and the strength put into singing it I dropped my pen and joined. The lyrics are so easy to sing along and it makes the song hit HARDER. Love it. 👏👏👏👏,@GaiaAdvena,2025-07-06T10:20:15Z,0
Give you a scientific explanation for the discrediting natural of psychological illness in dualism of Manichaeism and other during their time when subjected to malnutrition the psychological and temporary phenomenon of psychological abuse. You can consciously design the self made abuse in self experiment to identify your subconscious from your conscious mind. The exercise isn’t healthy in the short turn but I. The long term you have a greater understanding of yourself and modern psychology. It’s incredibly dangerous to use this on another person is extreme psychological abuse. But you can target someone circadian rhythm and based on perception threshold on the subject matter it can lead to paranoia confused with psychosis that’s a real why working above perception threshold on this subject matter is about safety.,@hinch-man482,2025-07-23T20:57:54Z,0
I love the rhythm,@odongoallan3964,2025-07-20T09:42:46Z,0
so rare that the chorus is the worst part of a song,@Dryenwc3,2025-06-06T18:00:41Z,0
You moved the emotions in my chest 😢,@lalamimibou7513,2025-07-12T10:35:18Z,0
I liked to every vibeo from bensone boone,@elahehmoeinjahromi6992,2025-07-13T17:24:43Z,0
You look like you can beat the rock,@KarenWinters-q9t,2025-06-01T15:08:04Z,0
Arguably one of the worst songs ever made,@Raafie,2025-07-06T19:10:44Z,0
im cryyyyy >: BEST MUSIC LYRICS IN THE WORLD I LOVE IT @BENSOONBOONE CONGRAULATIONS,@bartekniecko8661,2025-06-05T17:27:24Z,0
"What a beautiful song, it is already my ringtone! Well done! Greetings from Greece!",@olgab3536,2025-05-15T15:07:39Z,0
"I LOVE, LOVE THE LYRICS AND MESSAGE....sorry for shouting. But this is a beautiful song.",@THEONLYMMG,2025-07-26T15:43:47Z,0
"Such a powerful voice, it gives me chills.",@MadelynLong-d5o9o,2025-08-01T07:20:41Z,0
Yeah the song ain't bad but if you're gonna promote your song with a video you  make it good. They totally blew it with all the phony drama of hiking up a mountain to jam and they show them hoisting up an Epiphone acoustic guitar and then noone is playing the Epiphone. Pretty lame. Not to mention you blew it over a budget guitar. Lol.,@metalbob1,2025-07-18T10:34:20Z,0
The high pitch is the best thing ever 😜😜🎉❤,@libserh,2025-06-12T19:44:08Z,0
"My new favorite song. It doesn't really have a meaning to my life, currently anyway. But I absolutely love the lyrics, song, beat, and mystery. Don't make us wait the whole pregnancy to find out whose eyes the baby has please us southern women need to know now please",@danashelton3789,2025-07-15T21:49:33Z,0
"I thought the video would of played out differently. When I heard these lyrics I would of pitcured a story of 2 people navigating life. Not dudes on a rock, rocking out.",@deborahtaylor2769,2025-06-16T05:45:35Z,0
BPD is awful..,@shawnhix-z7f,2025-06-29T17:01:10Z,0
BEATIFUL THINGS I'VE GOT,@BeastBenjaX,2025-06-03T13:45:55Z,0
OMG!!! This vocal🥺🔥🤍,@iniinu1466,2025-05-25T11:26:29Z,0
A song where the lyrics are meaningful in 2025 … you know what? Fairs 👏🏾,@ioemoronkeji914,2025-07-25T08:52:39Z,0
Bro says this is lyrics,@seherf786,2025-06-26T20:50:02Z,0
Grate song very emotional,@PattiFelt,2025-06-18T00:54:34Z,0
youare perfect original vocals!,@noelstylized9620,2025-07-18T07:42:19Z,0
From 🇰🇪🇰🇪🇰🇪🇰🇪🇰🇪kenya for my Mi Lady and Beautiful beautiful princess and my heart beat AURORA. MY LOVE LIGHT GODDESS,@jnzyoka781,2025-07-26T15:37:05Z,0
The first verse is golden!,@Xyzabcde-m7i,2025-07-15T17:26:16Z,0
"My family have boycotted this record cos I’ve got it on loud and screaming down my microphone with you but it’s not stopped me! 53 years old and you come along 30 years too late!  Love everything you do and Momma Song, can’t even listen to that bugger without crying! Genius and beautiful lyrics. ❤❤xx",@CarolineRothwell-h3r,2025-06-13T01:42:23Z,0
"I hate this song, f$cking annoying vocals! omg",@pretizell9861,2025-07-01T14:54:04Z,0
The tone is amazing mate 😮😮😮😮😮,@PatrickMusic22,2025-07-29T13:10:06Z,0
"Sorry, but this is screaming with country and western lyrics",@kelvinpell4571,2025-06-08T20:25:15Z,0
I’m so glad my lyrics went so well all pieced together so perfectly ❤ well done 😮😊,@cooldudezzzaj4823,2025-06-29T17:20:42Z,0
These vocals are soon good (by the way it's super good),@KieranMcdonnell,2025-06-13T18:43:23Z,0
My great granfma died because she was sick and the lyrics i hope i dont lose makes me think qhen i saw her sick thank you benson,@DavidGaley,2025-07-20T00:33:59Z,0
"""Such a heartfelt song! Benson Boone’s voice and emotions shine beautifully! 💕🎶",@deendunyaquran01,2025-05-19T06:51:27Z,0
"Benson Boone has inspired countless people through his raw talent, emotional honesty, and unwavering authenticity. From his viral rise on social media to his heartfelt performances, he’s shown that staying true to yourself can open doors and touch lives. His lyrics often speak to real struggles—love, heartbreak, identity—and fans around the world connect deeply with the vulnerability in his voice. Whether it’s through his music or his journey, Benson reminds us that it’s okay to feel deeply and to chase our dreams with passion and courage.",@YourmomMom-w5s,2025-07-19T21:00:38Z,0
One of the most annoying fucking songs on the radio right now 👍,@Drew-ih6uj,2025-08-07T00:18:27Z,0
Thank you Benson for creating such a powerful and emotional song. Jessica Sanchez sang it on AGT and completely nailed it — but it was your lyrics and melody that made it possible. You truly created a masterpiece. ❤🙏 #BeautifulThings,@Dominica-f3w,2025-07-18T18:40:22Z,0
Song needs a bridge to lift it before the final chorus. What the hell happened to bridges in music.,@zanyzander,2025-07-06T03:30:01Z,0
"I love this song, and it helps to escape reality. Iv'e literally heard it so many times and I never get tired of it. I really recomend it a lot if you love songs that have changes of vocals ❤",@pilarpons2612,2025-08-09T19:51:45Z,0
"Why so all songs and voices sound alike these days? You sound great, but there is Capaldi, Tom Waken and many more on your voice style and harmony stile",@DragosMostenescu,2025-06-07T00:21:02Z,0
This might be the worst song I’ve ever heard. MeatCanyon was right,@djsponge10,2025-06-17T19:35:15Z,0
Best song lyrics are so good I probley watched it 100 times,@TheMeghan1019,2025-07-26T16:24:59Z,0
"Never realized this was so religious, great melody, what a pity",@LiminHost,2025-07-13T21:29:18Z,0
Benson is beatifuul i love,@QuecachapaCaballito,2025-05-25T22:56:26Z,0
This is my fav song ever it has amazing vocals 😊,@billytuggle823,2025-07-31T12:57:42Z,0
Emotion,@FlorentOudard-v5m,2025-05-17T23:09:45Z,0
1:22 - I can feel the AEROSMITH 90s vibe! 😁😌,@Expik_92,2025-06-03T19:20:49Z,0
"Holy crap, that was awful.  People really listen to this guy?",@rasjay,2025-06-08T11:32:27Z,0
it sounds so nostalgic😮,@baongoc6477,2025-08-02T14:55:38Z,0
I hate this energy and lyrics,@Kaw-v5c,2025-05-27T13:12:18Z,0
"The melody, timing, and just your VOICE is unbelievable ❤ one of my favourite songs😊",@AveryGuichelaar-x6j,2025-06-20T22:46:12Z,0
"I LOVE this song, is my favoutite. Benson Boone if you are reading this you are the BEST!❤❤❤❤. And when I listen this song, the combine all good emotions",@abelgarcia8332,2025-06-30T16:47:14Z,0
needed more emotion songs. emo's not dead,@vladislavsmith7345,2025-07-19T18:55:01Z,0
This song was so good until the chorus noooooo 😭,@Ouiuuu,2025-06-10T22:50:17Z,0
"He is a vocal beast.. and beautiful things is an immaculate song, the song is so good",@air03031989,2025-07-23T14:44:35Z,0
What song is that chorus from? It sounds so much like a heavier song but I'm so bad at names.,@MikaelGuggenheim,2025-07-24T16:48:23Z,0
Bro went from American idol all the way to being a professional singer with amazing vocals and good instrumental in it,@CityMonkeyGT,2025-05-30T00:02:11Z,0
When he sings the chorus he sounds like my dustbin lorry when the back end lifts the bin up. The mechanism is squeaky as hell and needs oiling,@Whatsthescore2nil,2025-06-05T06:42:47Z,0
"This beautiful hunk of man meat is from less than an hour from me in Monroe, Wa.. He gives me such Freddy Mercury vibes",@breannaardrey9440,2025-05-20T05:06:40Z,0
"These are the kinds of things a heritage that many share that are lost too far often .. how many of our ancestors sang these lyrics, living such lives? Thank you for sharing",@AmandaKeighley,2025-07-06T18:30:15Z,0
The lyrics man!!! Gosh is on fire <3<3<3,@0526Lj,2025-05-22T00:10:07Z,0
the beatiful  song,@josechero6180,2025-07-15T23:26:10Z,0
Wow...the lyrics hit me so hard! This is exactly how I feel on a daily basis.....constantly waiting for that shoe to drop.,@julibear2329,2025-07-25T21:54:24Z,0
"I have lost my brother, my son and the one that i thought that was the love of my life. The worst part is seeing my mother’s heart being broken. A father who never shows emotion. I can’t stand this pain. Embrace Resiliency and pray. The world has its ways. Here’s to 2026. We must stay strong.",@EihanderTv,2025-06-06T06:46:55Z,0
Adoro questo pezzo e...Benson hai un timbro.vocale.che mi tocca l'anima unito ad una estensione da brividi. BRAVO!🧡🧡🧡,@antonelladelfino6438,2025-06-16T12:04:46Z,0
😂 so catchy 😅,@amandathetford365,2025-07-23T13:28:01Z,0
"Reminds me of 'Love is only a feeling' video from the legendary band ""The Darkness"". Good vibes indeed <3",@Sin_Respawn,2025-06-16T16:07:52Z,0
Thes beatiful,@saydagarciagonzalez2629,2025-06-10T17:14:54Z,0
So beatiful this is favorit song my dauter 💖💖❤️❤️😚😚👏👏,@ValentinaGonzalezMartine-px3jy,2025-06-04T16:42:28Z,0
B.B amazing high notes,@MohsinAli-kt5ry,2025-08-06T11:49:38Z,0
"This song reminds me of my last year of elementary school. It was a really sad vibe, as the school would be shutting down soon, and three teachers, including the principal, were retiring. On the morning of the last day of school, one of the third-grade classes was singing this song loud enough for the whole school to hear, and I just started crying. This song is a masterpiece, and it works its way into your heart, grabs hold, and doesn't let go. Here's to good music and even better memories!",@JHM0144,2025-05-20T00:16:17Z,0
The lyrics of this song really speak to me.,@BrinleyFoster-t7f,2025-08-05T09:05:04Z,0
Bass rumbles deep in chest,@ZaraShaw-l1c,2025-07-31T08:24:05Z,0
✏️ describe the vibe for me,@kaylapalmer5712,2025-05-27T23:56:14Z,0
"Gen X male over here. Normally I don't listen to the crap that's out now because most the music out now is crap, there's no thought process behind the writing. There's no respect for the pen anymore in music and everyone just throws shit at the wall to see if it sticks. There's VERY FEW artists I listen to as far as whats current because as I said, most music nowadays isn't for me. So for me to say this is not easy to say because I'm a HUGE critic and it takes ALOT for me to give a thumbs up. But this is one of the most beautiful songs ever written and constructed from vocals, to instruments, just everything about this song was so beautifully and intricately constructed. Vocal range is insane especially when that high note is hit. I don't care how beautiful a voice you have, this is a hard song for anyone NOT named Benson Boone to sing. Great song  dude.",@jayrivera6455,2025-05-17T15:06:07Z,0
The lyrics 🥰,@Activeskincareproducts,2025-06-26T08:10:23Z,0
The first few chords on the guitar sound like a Lana del ray song..apsalutly love this song!!!!,@lia148-45,2025-05-31T17:22:17Z,0
The lyrics of this song really speak to me.,@ZadieBrooks-p2l,2025-08-05T08:46:42Z,0
"Came for the thumbnail, stayed for the vibes",@HajipaLasipa,2025-07-30T04:53:21Z,0
Wow. What an annoying ass song lol.,@FireworksAndHurricanes,2025-06-26T08:11:10Z,0
Lyrics is how my gf gave god to me and take away😢,@gptoplist17,2025-07-29T13:40:30Z,0
Vocals? Perfect. Lyrics? Beautiful. Video? On point. This song delivered everything the teaser promised.,@Zosmia-t3v,2025-08-06T18:02:02Z,0
"I know the lyrics of this song perfectly because I went to here in Fuenlabrada last week, but my class of my another school put this song every single day but I still love it, this song makes me remember every moment that I’ve got with my class, I loved my class and my teacher because they are so funny and I was with my class five years! In the first year they bullied me but now they are my friends, I will remember them forever 😊",@张嘉琳-t7x,2025-05-26T19:15:03Z,0
Can't believe I've never heard the start of this song miles better than the main chorus tiktokers craze,@tombragg7541,2025-06-25T20:03:02Z,0
just need to add more choruses and this song will be a perfection.,@CITY512,2025-06-27T10:08:11Z,0
I havent heard this song since i was 13😢 rip 2004! Best worst year of my life....🙌,@theunhappyzombie,2025-05-11T00:59:44Z,0
Man that build up got me going. Wow 😮 such a powerful experience to hear such talent 🎉,@Tenacious-c1n,2025-06-22T14:07:54Z,0
its a beatiful,@ARTHURVALE-d5t,2025-05-15T18:38:17Z,0
"I heard ""Beautiful Things,"" and it was so amazing, just so deep. I didn't really know who the artist was at the time, but I thought it was sung by someone much older. Such mature concepts. I can't believe he's 22 and writes and sings with so much life experience. He's definitely going to become a superstar. I feel like I'm witnessing history in the making. Greatness. Benson Boone has stood out so much I had to google who this guy was. So far, I feel like everything he has made is a Hit. His music is on my playlist every day. He's definitely making me hopeful for this generation and its music. He's making music great again. Benson Boone, your music is definitely music people are going to listen to for generations to come, just like the music you listened to growing up. I wish you all the success and love.  Benson Boone, I'm rooting for you like family, I wanna watch you succeed 🤭🤗. I feel there's something very special about you. (Proverbs 3) and all God's favor to you. You are Blessed for Success.",@kayn421,2025-05-15T08:19:24Z,0
This is such a captivating song and music video. I love the storytelling and the raw emotion that Benson Boone conveys. Definitely adding this to my favorites!,@1718이자민,2025-05-15T02:17:29Z,0
O visto il cartone ❤ li adoro se hai tradotto metti like,@ElisabettaPenoncelli,2025-08-04T15:15:26Z,0
Jacqueline Wagners AGT has brought me here what a powerful,@giftmumba2677,2025-07-22T12:51:33Z,0
"If you like synthpop like The Weeknd, check out also Starlight by Summer Dance Project: https://youtu.be/GpVPM4GdnhU?si=ah4fTFf5zfG5gXtg",@summerdanceproject,2025-07-24T13:09:25Z,0
It's beatiful again,@MarcoTagliabue-q4b,2025-05-11T05:23:07Z,0
The tone of voice matches well with the lyrics. The atmosphere is so good!!😀,@MusicFactory-Kong,2025-05-17T13:08:21Z,0
Saw this guy listening to this song in his car. Didn't recognize it because I only heard the chorus on IG. It's a nice song.,@krisredlee,2025-05-10T22:11:26Z,0
My sister loves this song and it so annoying she is a Mother FER,@Lightningkiller2015,2025-06-18T14:42:55Z,0
Many emotions in one song. The power of music is beautiful ❤,@mikeybudjoso6889,2025-05-10T16:37:26Z,0
"This song hits deep… makes you realize how precious love really is, and how much it hurts to feel it slipping away. 💔 I’m on the edge of losing my girl, and it’s a reminder to cherish the beautiful things while you still have them.",@christopherrideal9072,2025-08-08T22:02:59Z,0
"Such a powerful voice, it gives me chills.",@YaraCaldwell,2025-08-05T08:47:14Z,0
"Wow, i’ve always sang this song thinking it was from a long time ago and not knowing who made it and now I know! This is really beatiful! ❤ keep going with your song, you will be really famous.! I trust in you.",@JAPAS_BR,2025-05-09T23:59:12Z,0
The intro has the melody of '74/75' by The Connells. Superb.,@marcmelander1815,2025-05-09T08:36:10Z,0
Why are official music videos doesn't make sense with the lyrics?,@odriscol2152,2025-05-09T02:37:07Z,0
great song but I just don't get the lyrics... plase stay I want you .... and then he doest want god to take theese precious things away but hes asking her to stay?,@tpth3588,2025-06-22T09:51:06Z,0
Brasil. Poder vocal de adorar.,@cassiafernandes1221,2025-07-28T03:47:50Z,0
This is the worst song ever,@LEOxuan,2025-06-16T21:46:08Z,0
Beatifull í like this,@famosadelecuador,2025-07-22T22:38:33Z,0
