comment,user_name,date,likes
"Nothing beats a proper, good ol' country-rock duet. This sounds like it could have been written at any point in the last 50 years, yet somehow feels like a breath of fresh air. Wonderful.",@darryl2542,2024-04-04T07:24:18Z,1506
"People be sleeping on Miley, but I have always found her vocals to be AMAZING. And in this song, HER VOICE brings out the country tone in Beyoncé’s voice.",@mrs.rogersneighborhood,2024-03-31T18:19:00Z,525
This song feels so nostalgic. Like it’s been here for decades. Their voices blend so well and Miley keeping up with Beyonce is outstanding!! This one should take home all the Grammys!,@CosmicJournee,2024-03-30T16:32:12Z,421
Beyonces strong vocals and Miley’s raspy vocals together are everything! Together they touch the soul,@i1629,2025-02-04T01:10:54Z,276
"The more that I listen, the more  I hear Beyonce on the low notes and then soaring on the high notes ....the blending of their voice was so tight it almost goes unnoticed",@griffimj,2024-03-30T22:47:16Z,133
The vocals on this were just PURE raw and meaningful. I have no other words but to say this song was just pure perfection,@nillamcc3532,2024-04-01T17:32:50Z,125
"Listen, Miley's voice in the opening of this song is magical. Her voice is so powerful. This collab is so iconic. Beautiful song.",@tM-wb9pr,2024-03-31T15:20:23Z,118
This kind of music is the thing that really gets into my soul. Their VOCAL is everything. Really nicely harmonize. Such iconics!!!,@Focope93,2024-04-03T11:04:56Z,117
Omg their voices in harmony is suede and velvet with the texture!! WOW!!! I want a whole album of them dueting,@crabbypanda,2024-03-30T20:50:24Z,116
"Most of the complaints are just coming here from the Grammy win and people that are the loudest don't really have an ear for actual music because of their own noise. Both Beyonce and Miley compliment each other on this song, the fact that they are singing within the same octave with each bringing their uniqueness in each of their voices. Making it a true duet with each singer taking a line and then joining together for the chorus and adlibs is just musical science.",@WadeM-fp2ii,2025-02-06T00:10:58Z,78
"Both work well together. Miley's voice, in particular, gives the song a powerful rawness",@Yesitisindeed,2024-04-05T17:42:51Z,62
MILEY IS ONE OUR GENERATIONS STRONGEST VOCALIST! I live and breathe for the way their voices mesh.,@riotking77,2024-04-03T15:09:04Z,59
Miley tone holds so well on this track…,@ticiao,2024-03-30T22:27:07Z,53
This is so beautiful!! Hopefully the industry understands we want more of THIS- beautiful music filled with talent and creativity- not autotune with every song sounding the exact same,@VictoriaD10001,2024-04-13T04:22:45Z,36
Call me emotional or Whatever I don't care. I'm literally crying listening to this so Beautiful,@Sandra-jo1lj,2024-04-01T04:55:49Z,29
"There is a certain peace that comes from hearing their voices blending in so well, this song makes me think of old friendships of mine, makes me wanna cry, makes wanna smile, gives me peace, it is a mix of emotions for real. This is how duets should always be. My favorite collaboration of the year. 💜",@aliceseteco122,2024-03-30T20:07:28Z,29
"This song is sublime and an instant classic.  I have always thought their voices are absolutely beautiful, and hearing them in a duet is what I needed today.  For some reason, I got emotional when I heard the lines: ""Know we're jumping the gun, but we're both still young. One day we won't be.""  Beyonce and Miley have the extraordinary ability to make you feel like they're telling your story. Kudos to both for a job well done.",@Mimi-zk9ks,2024-04-03T14:47:15Z,22
"Oh my fucking god… Beyoncé & Miley voices really blended so perfectly together. This was an unexpectedly collab ever. The Beyoncé & Miley collab we didn’t needed. Their voices / their harmonies together is absolutely so very beautiful & stronger. // Honesty, I NEVER thought in a million years that Beyoncé & Miley was gonna collab together.  This song is so extremely beautiful & incredible. This was definitely unexpectedly collab ever. The harmonies, The guitar, The vocal blend, Their voices really complimented each other. This is definitely their BEST pop / country song they have ever done together. I feel like they should do more country music together in the future. Beyoncé extremely understood the assignment when she put Miley to collaborated with her to this song. I’m so very proud of Miley because she really deserves everything & more. She worked so very hard to get to where she’s at right now. She went from Hannah Montana, (actress) to a country singer & now she’s a Grammy award winning artist.",@staciaallen3330,2024-03-30T19:21:01Z,20
This song feels like whatching those scenes in Thelma & Louise that they’re driving through the country and all those gorgeous landscapes are in the backgroung… so nostalgic 😍,@weskleysantos7339,2024-03-31T20:52:58Z,20
"I hope they collab again and switch pitches, Beyonce singing low with Miley harmonizing her would be *chefs kiss*",@Shanners96,2024-03-31T20:52:00Z,20
Two queens of harmony showing how it's done 🥰🥰🥰,@dionnehemphill469,2024-03-31T02:38:49Z,18
WOW!! Two voices that shouldn't go together have turned out a duet masterpiece! Beautiful harmonies and brilliant lyrics. Sure-fire top 10 on country and pop charts!,@joecarpenter8779,2024-04-01T21:24:31Z,18
"Wow Miley realizing how powerful her voice truly is, beautiful duet.❤😊",@Scintilla7777,2024-04-03T14:10:30Z,16
these are some magical ass vocals on this song omg,@brightstartdesigns,2024-03-31T03:18:25Z,16
I love Miley's vocals.,@anthonywilkerson9622,2024-04-01T12:10:27Z,16
Why im emotional 🥹🥹🥹top tier love song,@Forsaken860,2024-03-31T02:33:29Z,16
Wonderful blend of powerful voices! and I love how their voices was never drowned by the instruments at any point in the entire song.  It's just pure vocal pleasure! Love it!!,@creamycatalana,2024-03-30T20:18:24Z,16
That harmony caught me off guard & froze me in place.   *HAUNTING*,@obcl8569,2024-03-30T19:34:17Z,15
I have to admit this is one of the best duets I've heard in a while.  Both have strong vocals  but the song sounds so soft. Like this surprised they did this but suprises are good.,@annaspink8039,2024-05-27T22:01:10Z,14
"the fact they both sing throughout the entire song… like an actual duet, not a little verse like nowadays, real collabs are back!",@AntigasRomanticas26,2024-04-09T08:46:11Z,14
I listen to this song at least a DOZEN times a day ❤ something about it is just nostalgic.,@DopelifeofT,2024-04-05T17:44:30Z,13
"WOW. The vocals, the acoustic, the fiddle, everything on this track is perfection",@ashleycd8500,2024-04-15T12:56:39Z,12
These ladies did not disappoint on this track. Miles voice is so powerful is crazy,@Octavia-oo6bm,2024-12-27T02:21:17Z,11
Their vocals together OMG.,@vanessazoghbi,2024-05-28T15:43:34Z,11
beyoncé is one of the best vocalist there is!!! i’ll ride for beyonce until the day i die 😂🐝🐝🐝🐝,@BritBrat444,2024-03-30T13:11:57Z,11
THAT HARMONY THOUGH!!!! I've got chills ❤❤,@laurenleeonethree,2025-02-03T00:19:53Z,11
Wow!!! Theses two ladies were singing their hearts out this has got to be one of my favorites both of the vocals were off the chain and than some Beyonce has out did herself once again. All hail the Queen.👑🐝🐝🐝,@GwenEaly,2024-04-07T03:50:38Z,10
"the fact they both sing throughout the entire song… like an actual duet, not a little verse like nowadays, real collabs are back!",@lisam.willson1679,2024-03-30T15:24:41Z,9
The combination of their vocals together is heavenly ❤,@smokingpotpourri,2024-04-17T14:30:09Z,9
I love it when two great voices harmonize to create one fabulous gorgeous melody and then these two geniuses have their solos and its all just so fabulous.,@susanpalitz7803,2024-04-10T15:40:40Z,8
"The lyrics, the sound, the everything in this song!! 😭😭",@AshtonBrannan2011,2024-06-01T16:23:11Z,8
Thelma and Louise vibe,@PraseSuperStar,2024-03-31T22:11:00Z,7
"Here after seeing their nomination for the Grammys 2025, the harmony between them is incredible",@samuel_eliezel,2024-11-10T03:44:09Z,7
Miley Cyrus voice harmonizes Beyoncé’s vocals perfectly ♥️♥️♥️♥️,@vandewilg3569,2024-03-30T19:28:02Z,7
Just noticing the interpolation of Landslide by Fleetwood Mac/The Chicks and it makes SO much sense why this song pulls at my heartstrings with that deep love and bittersweet sound 🥹 their voices are so distinct and blend so beautifully. A masterpiece🙌🏻,@Shinebrighthi,2024-04-10T04:02:18Z,6
"This is the collaboration we needed and didn't know it....their voices match incredibly. so an emotional song.. It would be perfect in The Brokeback Mountain movie soundtrack,",@javierlb7826,2024-04-01T03:46:53Z,6
Miley can sing anything. Such a powerfull voice.,@JuanCruz-sx9xm,2024-03-31T18:08:24Z,6
"This is a song to be remembered for many occasions. I think Miley helped birth this song as one of the best songs on Beyoncès album. TBH this song should have went to Miley Cyrus and her alone,  Period. Beyonce isn't as country as she thinks she is just cuz she's from Texas,  her vocals on any of the songs I heard aren't country, it's her old R&B self BEFORE JAY-Z and that's the lane she should've ALWAYS STAYED IN. HER STRONGEST SUIT",@godzchild909,2024-04-05T04:01:08Z,5
Love This! The lyrics are everything! The collaboration is fabulous! Bravo Beyonce and Miley!,@user-ik1bk3go1e,2024-04-02T16:50:09Z,5
This is genius. Even down to Miley’s lyrics being white and Beyoncé’s being yellow 😩,@BreStylezzz,2024-03-30T13:22:52Z,5
This is such a beautiful song. I been humming it all day. It gets me so emotional. I would love to feel like this for someone. Oh well lol,@shaht7905,2024-04-03T14:14:11Z,4
"Wow, amazing song!!! It's on repeat such an emotional masterpiece.",@bmpowerednow07,2024-04-05T11:42:19Z,4
"I love this collaboration, it is absolutely amazing and so beautifully done, they are not like some trying to outsing each other, they are vocally connected in a way that the harmonies make you want to cry, and the ending was just fantastic, this will be one of my miley and Beyonce, favorite song of mine. Congratulations ladies on a job well done!!!!!!!!!!!!!",@maryblackman8778,2024-04-01T23:20:18Z,4
"Great job, Harmony perfectly lovely !  😊",@angelajohns2853,2024-04-01T01:40:18Z,4
Worst country song iv ever heard,@eddielindeken88,2025-06-05T01:55:14Z,4
My soul left when their voices hit harmony 😭🫴🏻🌹,@janetopalisthemoonwitch2949,2024-07-23T18:50:39Z,4
Omg! Closed my eyes and listened! Got goosebumps! Been a long time since music did that to me! Amazing harmony,@MajorMikeOxlong,2024-04-02T18:21:12Z,3
The harmony is so good,@millylagat,2025-03-03T07:33:31Z,3
Beyonce did too much yellin & screaming .. Miley ate so effortlessly.. bey needs to do more vocal rehearsal for this country shit she plans on doing,@Domolashawn,2024-04-04T19:36:18Z,3
"Came here after the Grammy win 😂😂😂the fact they both sing throughout the entire song… like an actual duet, not a little verse like nowadays, real collabs are back!!!",@ANWARKAMILKAMILANWAR,2025-06-20T20:20:08Z,3
Entre tantas canciones superficiales y llenas de autotune encontras esta obra de arte y mis oidos vuelven a la vida.,@JuanCruz-sx9xm,2024-04-05T17:37:18Z,3
The Hannah Montana vocals!!!!!!! 👌👌 Miley did that,@lilofendii1649,2024-03-30T15:37:39Z,3
"This song's harmony reminds me a lot like Stevie Nicks song (and Dixie Chicks cover of), Landslide.",@skywalker6648,2024-05-27T20:07:07Z,3
The harmony is insane absolutely love it,@bobbyspiveyjr4727,2024-04-02T02:31:12Z,3
Thelma and Louis vibes,@T-yr8vd,2024-04-09T22:01:08Z,3
Together their vocals are even more amazing than they are separate. Great song,@rere6275,2024-03-30T13:51:53Z,3
"MC's voice is tinny ( mettallic) like most caucasian females. Bey's voice is soulful, of course!!",@A.M.7886,2024-04-01T08:46:23Z,3
"Miley seems to have finally matured a little. This is actually a pretty good song with catchy lyrics, harmony, and emotion. Beyonce surprised me by just doing a duet with Miley. I'm not a fan of either woman, but this moves the needle in the right direction.",@mikeflynn248,2024-04-04T09:04:57Z,2
"What the hell, this songs sucks. Why two voices, there's no story just shitty lyrics, ""we're both still young"". Yeah right a middle aged parent and divorcee who's buying herself flowers for the occasional pick me up. For shame, not even close to top tier, just basic mediocre popular crud on a high priced cowboy boot.",@paulfries5985,2024-04-03T00:25:49Z,2
"I have to admit that I skipped over this song often, my aunt who was my partner in crime passed away back in January after a long fight with some health issues. She came to me in a dream and this song was playing low in the dream while she was sitting there. I woke up to see if maybe I had left the tv on or if my phone was playing music but the lyrics were haunting me and I’m like this sounds familiar, when I realized what song it was it was this one. It now has a whole different meaning to me and it makes me so emotional when I hear it.",@ChristianElijah-d7d,2024-09-05T03:08:02Z,2
70s duet vibes,@KingJKickz,2024-04-03T17:28:27Z,2
"Wow wow wow，what a melody!🙌🔥🔥🔥🔥🔥THIS, ladies and gentlemen, is a MASTERPIECE!",@Melody-HHR,2024-04-02T08:24:19Z,2
I love the Fleetwood Mac vibes in this song. They sound great together.,@aprilflynn,2024-04-14T07:14:46Z,2
"There is something very Stevie Nicks and Tina Turner about this. I love it, very nostalgic.",@kryptophiliac4994,2024-04-28T01:29:23Z,2
Please promote this song. Beautiful harmony,@baglady2652,2024-04-29T00:22:59Z,2
"Beyoncé droppin beats with Dolly Parton, Willie Nelson, Miley Cyrus, and now Postie (although not his genre) is bout to become The Queen of Country if she keeps going. She can SANG anything!!",@LiftingStress,2024-04-30T22:13:35Z,2
"Que delícia de música, amei a colaboração! Vibe bem nostalgica ❤",@nataliaparra3365,2024-03-31T21:10:11Z,2
Wow!! Ok that's another grammy for Miley and Beyonce!! Voices and pitch are perfection!!,@lotusvibes9060,2024-03-30T22:47:15Z,2
"the fact they both sing throughout the entire song… like an actual duet, not a little verse like nowadays, real collabs are back!",@SoulRhythm688,2024-03-30T07:59:45Z,2
Their harmonies and vocals blend well together in this song!🥰🥰🥰,@disnickkid22,2024-03-30T08:27:55Z,2
They sound amazing together. Beyoncé is belting out that chorus.,@kiandrastewart2329,2024-03-30T11:22:05Z,2
"Its giving' landslide ' by fleetwood mac ,vibes",@Mandeesek,2024-03-30T15:37:10Z,2
We need to see them do this live!!!  The two best female vocalists of their generation wow,@lewisbrown51,2024-05-28T21:16:05Z,2
Sounds like they both sung separately then their lyrics got mixed together to sound like a duet.,@martinschroder1404,2024-04-01T09:31:57Z,2
My favorite track from the album. their voices are so perfect together -- luscious and rich and right on target. Beautiful melody and musicianship also,@BelleTolles,2024-03-31T07:14:38Z,2
This was actually really refreshing to hear. Brings out a lot of memories and emotions.,@domestic.engineer.designs,2024-04-10T15:22:18Z,2
This is the most incredible and perfect collab. Beyoncé and Miley DID THAT 😍😍😍 The vocals are EVERYTHING 💖💖💖 I got tears just because of how beautiful they sound together... ❤‍🩹❤‍🩹❤‍🩹,@MeryGomezBurgos,2024-05-03T14:24:24Z,2
This is awful,@ericcomp7032,2024-04-03T15:23:47Z,2
"Vocals, Harmonies, personality is coming through the song and if they release it as a single with a video it will CRUSH SOCIAL MEDIA! If they perform it LIVE it will be all over the UNIVERSE.. Wonderful voices and this song pulls at the heart strings in such a beautiful way.",@audreyabenaa4170,2024-04-03T11:34:30Z,2
"Beyonce tries too hard to have that country sound. The lyrics and music are good, but not her voice in this way",@patriciadooley3033,2024-03-31T08:09:54Z,2
What a beautiful duet. Powerful voices 💓💓,@masabatamafora3349,2024-04-21T19:41:20Z,2
Apparently the intro was a chord progression from “Landslide”. Wow. 😭,@jflrck141,2024-04-19T14:17:46Z,2
am i hearing something different than everyone else? this sounds so bad.. there’s so many powerful genuine artists who get no recognition but it just keeps getting worse in the “industry” i normally like miley songs but this is so bad,@lifethrulove,2024-04-03T17:26:42Z,2
Awful song,@NorthernLights2375,2025-02-12T13:12:39Z,2
This was the worst song I've ever heard what is this shit why is Beyonce trying to make a country song lol goofy asf,@Jay-iz5qo,2024-05-29T17:44:22Z,2
I'm not a fan of either of these women BUT i must admit they make a nice harmony,@falliblewonder,2024-03-30T13:49:24Z,2
"which one of them is singing in that high pitched voice when they say ""shotgun""? Both of their beautiful voices seem totally in sync ain that moment, at least for me, to depict between the two amazing artists?  😭",@DarthEren333,2024-04-03T05:01:04Z,2
Wow... Amazing vocals! Cheers. 🎉❤,@tcbaaa38,2024-04-04T23:04:30Z,2
Two of the most powerful singers.❤,@biuntt,2024-04-02T13:52:07Z,1
One of most beautiful songs I’ve heard in a very long time. It’s incredible; it’s old and new and soulful country. You guys crushed it! Thank you for doing this.,@d_is_5209,2024-05-05T00:56:03Z,1
This song is great. You can tell Miley's voice flows very well with the ballet style. She is very gifted. Voice has so much character. People be sleeping on her as a vocalist,@neema1,2024-04-03T05:49:48Z,1
Giving landslides vibe,@ChrisJoy-h5b,2025-02-11T14:44:57Z,1
Miley giving off some Willie Nelson vibez in this.,@Multihotwings1,2024-03-31T03:41:26Z,1
Both artists are too big to do a duet. Both singing over one another. That's not harmony. That's ego. Country Music is not for Beyonce; she does not have the vocal commands needed to do country music fans proud. It's like asking Mariah Carey to do Country Music. Both artists were coached for any genre except country. Beyonce is SO talented... immensely talented. Leave country music to the hicks and twangers.,@barbarakosloski9260,2024-04-03T17:15:52Z,1
It’s a good song but on the landslide beat nah .. I’ll push the envelope back to Beyonce ! Landslide is so powerful for women ..,@cammiosis,2024-03-31T15:02:39Z,1
Miley sounds so much like Stevie Nicks on the lower harmony parts.,@GypsySorcerer,2025-03-01T19:39:47Z,1
"Wow, this popped up on my page and I decided to listen, and I'm glad I did. A true duet, perfect harmony. Miley Cyrus' voice is the perfect contrast to Beyoncé's.",@bebopsky,2024-04-01T15:26:05Z,1
"Horrible Song! Writing, Singing, Melody, instruments and arrangements! 😂 What a middle finger to country music!",@godistoogood4803,2024-04-04T05:41:10Z,1
Beyonce ruined it with all her yells when it's not supposed to be lol this would've been SOOOO much better with someone else or just MILEY cause if you think that shit sounds good at 1:45  or any point with yonce youre tone deaf  😂,@Lovelybrewer911,2025-06-22T12:06:16Z,1
Two of the worst singers in history,@CheddarPants18,2024-04-02T15:25:22Z,1
The last and Louise vibes.....🎉🎉🎉🎉,@Bajanshell28,2024-04-01T02:07:26Z,1
"To me, this is the worst song I've ever heard.",@oldgoat75,2024-05-06T01:52:54Z,1
"the fact they both sing throughout the entire song… like an actual duet, not a little verse like nowadays, real collabs are back!",@ElmoMrowka,2024-03-30T17:00:08Z,1
"When I tell you they are making my inner dream come true, I have love Miley since the first episode of Hanna Montana and to see her and how she and her singing voice as matured and really became something so beautiful and soulful and her and Beyonce just flowing through and through, word for word. I am crying typing this, like please bring back music like this never let it die. The stories that can be told through voices like theirs is unimaginable, but attainable and they both prove it!!!!!!!!!",@AtlanticaTSmith,2024-03-30T17:58:40Z,1
need beats? dm,@sunnygobmanasse,2024-04-13T01:03:26Z,1
"The beauty of the harmony, and the lyrics actually puts a ""lump in your throat""! Miley's gravely, low tone sounds, match nicely with Beyonce's higher voice. The harmony, and the music, its richness is just beautiful!",@Lynee-mm6xj,2024-04-02T14:46:58Z,1
Love their harmony...,@ModelSisters,2025-02-04T00:03:24Z,1
"Didn't know I'd love this song so much❤❤❤ 2 totally different singer, gives me 2024 Lilith Fair vibes, Sarah McLachlan",@earlosteen2653,2024-04-13T03:39:02Z,1
"Solid song. I'm hearing some things like that first line is straight out ""Stay with Me"" by Sam Smith, accompaniment out of ""Landslide"", a little bit of Kenny Loggins/Stevie Nicks' ""Whenever I Call You Friend"" 's chorus in the chorus melody, probably not directly quoting anything but it came together as an expressive whole.",@david_king_music,2024-04-12T18:56:14Z,1
Am I the only one that thinks this sounds awful? This is a miserable listen.,@WinterSolstice144,2024-04-12T04:19:34Z,1
what a melody🚀🔥,@raullgomez7835,2024-03-31T03:15:45Z,1
Is it just me or is it most difficult to figure which song is the best in this beautiful compilation of music. And no I'm a fan of no one but I do appreciate musicality and lyrical arrangement in Sonic awesomeness is just so beautiful to hear every single track in this compilation of the second act. Not certain but this song is melodically divine and the collab is on fire but what really makes every single track is that it is so well thought out and I'm not certain if younger generations who don't know history of certain musics see the mini correlations that she has done with each and every track and how it's building upon not just our history throughout music and country music in specific but she collapsed and connects the dots with other beautiful forms of folk music the lyrical content the melody content the arrangement content is just top tier and so well thought out given a history lesson along with being so currently and socially that it may miss a lot of individuals listening young or old and so kudos every time I hear a track I'm just overwhelmed with joy that I started to cry and it is so beautifulto see such spiritually mentally emotionally thought out music,@lemuelmalik8347,2024-03-31T06:09:08Z,1
"Eu pediria nascer em um mundo sem você Beyoncé, mas Deus fez eu nascer no meus tempos ❤❤❤❤",@igorcostamec,2024-03-31T05:29:04Z,1
The melody of this song samples Stevie Nicks' Landslide. It's just slowed down a bit and in a different key with a few modulations for effect.,@talon3684,2024-04-01T10:50:54Z,1
"Amazing song and vocal performances. This comment is not meant to take anything away from its brilliance, but one (additional) reason it might be giving people the feels is because it shares a chord progression with the outro of 'God Only Knows' by The Beach Boys.",@scottteskemusic527,2024-04-03T02:15:45Z,1
This album sucks. Seriously. The OVERUSE of reverb and such shows she is incapable of Country - and Miley never did. She has always been a pop-tart (not a typo).,@K9_MAMA,2024-03-30T22:24:33Z,1
So much relativity comes from these soulful vibes ❤,@paulboggild2094,2024-04-05T18:55:36Z,1
I’ll never understand why Miley Cyrus is famous. She has the most annoying voice I’ve ever heard.,@hollowayy1213,2024-04-02T05:01:01Z,1
"Powerful, feminine and strong energy. ♥️",@annapavlivv,2024-08-31T08:23:35Z,1
Miley would kill this acoustic,@TheDustyToes,2024-04-04T07:27:49Z,1
THE VOCALS..THAT  PART..CONGRATS  LADIES..YOU DID THAT ❤❤❤,@dianecantey3679,2024-03-31T00:48:22Z,1
I’m just now hearing early am today and the chorus will ring in my ears all day. I can not unhear it! ❤❤❤,@Ms.Aries888,2024-04-01T12:06:58Z,1
"Well, Miley sounds great. Very soulful. That’s all. 😅",@notknown6605,2024-03-30T20:13:46Z,1
"This is so good, I’m obsessed 🤩. The vocals go crazy! And it’s a beautiful song, brought tears to my eyes",@firebolt1753,2024-04-01T23:34:07Z,1
Worst collab ever nothing country about Beyoncé,@ZahnyaPalmer,2024-04-07T01:18:55Z,1
"This is so refreshing specially on Beyoncé's part. I didn't expect her to go on country genre but she did. Also, I'm so happy Miley Cyrus finally mastered how to use her voice. It used to be annoying but now that she's older, her voice sounds so good!",@johnmartindizon667,2024-04-04T22:30:05Z,1
"This music collaboration of the official lyric video of  II Most Wanted by Beyonce and Miley Cyrus is fun to listen to. The vocal contributions from both Beyonce and Miley Cyrus also make for beautiful music magic. The music mix of country, electronica, indie dance elements contained within the II Most Wanted Beyonce Miley Cyrus music creation are also incredible.",@stellacarrier8341,2025-06-22T18:59:09Z,1
"The feature/collab I never expected, never knew I needed,the best gift I have received today was hearing this song. Omgoodness my favourites together! I have cried,laughed,danced and sang on repeat..the emotional therapy I have experienced! It came at the right time for me. .i am a happy woman.Thankyou ,thankyou!",@akiinefaexperiencinglife,2024-04-14T12:16:12Z,1
Only came for Miley but their vocal together are beyond,@alexiswilkes8059,2024-04-02T12:42:58Z,1
"Fantastic duet with a pure country alongside amazing vocals by both artists,",@ljss123,2024-03-31T01:38:14Z,1
"They Are Not Competing On This Song.. This Is A Duet And Believe You Me They Are Amazing! True Harmony, Great Song.. I Love Their Vocals In This Song. What A Beautiful Thing To Do... Brilliant  👏",@dianabarden7028,2024-04-24T07:48:56Z,1
I wanted to not like this cause I’m not the biggest Beyoncé person but; this a crazy good song!! Never would have put these two’s vocals matching so good together,@EmberRoseYT,2024-04-01T11:32:08Z,1
love the song but am I the only one who thinks beyonce's vocals seem undermixed?,@Kayson.,2024-03-31T13:08:43Z,1
"It's giving Stevie Nicks ""Landslide"" vibes. Absolutely sensational duet. Did not expect these vocals from Miley. Beyonce is Beyonce--can sing literally anything.",@WJames-vk2kp,2024-04-02T11:13:48Z,1
Heartfelt and emotional,@filmgurlproductions,2024-06-06T17:17:22Z,1
Can’t wait to hear an acoustic version. Delicious,@deedee6854,2024-03-30T07:10:31Z,1
"Worst duet, ever",@gigipamela,2024-04-02T11:56:12Z,1
i would love to thank beyonce for this nostalgic song (nostalgic already?!!),@stawberrychappell,2024-11-13T14:09:47Z,1
Anyone else feel old school southern rock vibes with this song? Allman Brothers and Lynyrd Skynyrd but with two female power houses instead!,@nicolenovak2948,2024-04-23T02:32:14Z,1
This is awful. It’s not even in tune. Did they actually listen to this rubbish before they released it? I would’ve threw it in the bin. This is a turd of a song. I love it it’s hilarious how bad it is. It’s been awhile since I’ve heard something that’s bad.,@richie6921,2024-05-23T14:32:33Z,1
That And I 😍 vocal duet together had me in a chokehold!,@HaahmayanShaalManasseh,2024-03-30T13:35:27Z,1
"It's just noise. They both have great voices, but for me it's not a duet, it's a duel to see who can sing the loudest. It's a shame, because the lyrics are pretty and we've got 2 big voices, but they're not complimentary!",@kweenofpoop,2024-03-31T14:29:58Z,1
"My favorite from this album 🙌🏾 Vocals, yes please!! ❤️",@deirdrehester3140,2024-04-17T02:39:33Z,1
Damn. Worst song Miley has ever done.,@jasonacevedo6339,2025-02-03T02:37:22Z,1
"As a singer at first I was like their tones don’t blend B’s smooth and M’s gritty but then I just focused on the words, story and emotion. Sometimes in love and life opposites attract... Perfection. ❤",@loveangelmozart,2024-07-19T04:44:22Z,1
"In the second chart week it tumbled down to position 30...Though both singers harmonize well, the composition is boring and  triggers no feelings...",@BertKrus,2024-04-18T10:15:53Z,1
Omfg I was trying to find this song after soooo many attempts trying to remember the lyrics as ive only heard this at work it took me to this song so many times but i never played it because i was like nah it cant be the one Ive been listening too omg this song has me in my feels,@DeniseMcKinnon,2024-09-10T02:27:13Z,1
They sound awesome together what a voices😊 in perfect harmony,@nicolevanveenendaal-koteri5399,2024-03-30T19:21:45Z,1
"Miley is a country singer, beyonce is an RnB singer.... her voice will always sound that way. And ofcourse she has to always try to over power the other vocal....",@sashadavy4600,2024-04-05T14:17:19Z,1
Gives me Stevie nicks vibes.,@bari2883,2024-04-01T09:05:25Z,1
This vibe is amazing !,@nataliamaldonado-wp4gv,2024-03-31T01:26:47Z,1
❤❤❤ so cool 😎💕 good vibes 😎,@alinefruge3919,2024-05-20T02:00:12Z,0
The lyrics are terrible 😂,@rl4195,2024-03-30T22:01:21Z,0
"Hey Miley, you have till Jan 6th to pack your bags and get out. Mongolia would be a great place for you.  They are into deep throat singing.  You would be amazing!!!! Chop chop and get out sweet pea.",@Idontevencareaboutmyopinion,2024-11-16T12:31:47Z,0
"I can’t express how much I love this song. Nostalgic, immersive, transportive, beautiful",@MellyB658,2024-04-01T23:08:41Z,0
I wish I could be rich so I could buy my success 😂 this is the worst country song I’ve ever heard. Bloody Kevin Wilson is better then this shit,@ASMRSPECIALS,2025-02-16T03:19:10Z,0
Both have exceptional voices but the melody does not grab me....,@bulgariantranslator4080,2024-03-31T18:10:13Z,0
"the fact they both sing throughout the entire song… like an actual duet, not a little verse like nowadays, real collabs are back!",@LyraRaines,2024-03-30T16:04:52Z,0
I like it but it seems like the tempo is too fast. Needs to be slowed down,@shecreates365,2025-02-03T16:58:30Z,0
Generic,@4cedF8Daily,2024-04-01T18:01:56Z,0
Trying to do this with my bestie for karaoke! anyone know if there’s a version where I can listen to Mileys vocals isolated so I can practice her part?  ❤,@kathrynpinder-baugher3766,2024-06-12T04:41:58Z,0
They sound like screeching cats during the chorus.....Here's a lesson kids: You don't have to be a good singer to be a famous singer.,@rockwylder,2024-03-30T15:52:58Z,0
This is awful,@SunHatgt24,2024-04-02T23:09:14Z,0
AWFUL,@LoveAJerZGirl,2025-02-19T18:09:28Z,0
WOW! Such amazin lyrics!❤️,@soroushsadatsharifee,2024-03-30T23:43:57Z,0
This collaboration is Badazz. Harmony is Perfect. Bravo Ladies. I LOVE This song ❤,@Msdjodom,2024-04-02T00:03:19Z,0
Lyrics are deep. Like they spent a hour writting this.,@skypatrol716,2024-04-03T16:33:32Z,0
They sound VERY good together and their harmony is CRAZY and so melodic. I absolutely LOVE this.,@msnbrooksable,2024-04-05T03:07:16Z,0
Beyonce sounded awful in this song. Their voices do not blend well at all. She can just stop trying to be country with her pop/R&B voice. She totally ruined it.,@melissajohnson8050,2024-05-02T20:40:37Z,0
This good !!! Feel good vibes,@crystalwright9541,2024-04-04T05:56:22Z,0
When is the music video coming out❤I can just picture white cowboy hats and white cowboy boots and a acoustic guitar in the middle of the wild west or a barn,@ChanelleMentoor,2024-06-27T12:24:51Z,0
These harmonys are ✨,@FernandaMahammed,2024-05-08T22:06:45Z,0
Bloody awful Absolutely crap,@user-Jo915,2024-04-01T21:43:03Z,0
2 talentless awful people,@roaringchicken,2024-04-04T19:23:32Z,0
"Beautiful song, lyrics fantastic, Two Queens harmonizing beautifully together!! What a great wedding song!! What a great friendship song! ❤❤🔥🔥🔥🔥💯💯✅✅❤️❤",@LindaLittle-m7j,2024-04-04T12:24:15Z,0
"I want to like Beys new album. I was excited for her to do country.  The production is there, but the lyrics are meh.🤷🏽‍♂️ I think she should study the greats in country and then retry.",@andremh17,2024-04-03T00:29:51Z,0
Damn carti on a finesse spree this man said 2 lyrics,@DerkkearFullman,2024-04-02T19:48:40Z,0
The rich low tones are a vibe.,@bluetextbooks,2024-04-04T07:43:58Z,0
"this does not work for me....someone said ""harmony""  more like the sound of breaking glass....  just sayin..... i do really like  Beyonce' read on  the classic Jolene",@curtsmith7699,2024-04-02T03:28:36Z,0
Wow talk about harmony,@gabbiesmeemee,2024-04-02T00:45:03Z,0
🙂🙂🙂 powerful,@roadzoflife,2024-04-16T12:45:18Z,0
I like the 2 deep  soulful voices together ❤ it’s a beautiful song 🎵,@meeky0420,2024-03-31T17:18:21Z,0
Ofc beyonce would colab with miley this is miley's typa vibe😌👌🏾,@Jordan-670,2024-08-29T03:02:12Z,0
Just wish they lowered beys vocals just a little.,@missmay77-,2024-04-03T09:19:01Z,0
"That's a duet 😢 very emotional this harmonize, good vocals ❤",@VincentBiondo,2024-06-03T15:45:52Z,0
This song gives me Landslide by Fleetwood Mac vibes ❤❤❤,@chocolatmimi123,2024-03-30T18:11:14Z,0
It’s awful,@braceletsbycjk,2024-04-01T21:01:44Z,0
This song is awful.,@peskylogicchillinsky6007Futube,2024-04-01T19:19:11Z,0
Can someone translate playboi's verse? Please and thankyou,@mevmahmood6603,2024-04-02T16:18:48Z,0
Yes I'm loving this vocal and the country vibe...,@jetally,2024-04-01T14:13:27Z,0
Their voices weave together so beautifully that while I hear them both I cant follow either one separately for more than a few notes,@sunkissed2028,2024-04-04T11:45:00Z,0
I like it!  but I'm wondering if they both put on headphones and hear the 1or 2 times they stepped on the others verse by seconds or off in range as If maybe not in studio at the same time but rather dropped verses separately and was added later. But hey Ion get paid for this kind of observance so what do I know right? Cant wait to hear all of this album in its entirety,@outcoldwinter72573,2024-03-31T00:03:41Z,0
This song really makes me cry it has such a beautiful production and I love the lyrics so much. I never expected them to sing together 🥰,@dangerboyantics,2024-03-30T17:37:33Z,0
"These lyrics would be even more emotional if they were sung with that deep country emotion, not throwing in rap etc. But the lyrics are great, just not tugging on heart strings like the could",@kansasjovigirl,2025-02-05T04:04:44Z,0
They way their vocals BLENDED🤌🏾🥰🤎,@SheUniklyMadeInHisImage,2024-03-30T17:08:37Z,0
Love the music sound... The lyrics. Trash,@LadyG0029,2024-03-30T13:03:20Z,0
I like the lyrics 😊,@EmmyRodriguez,2024-03-30T11:38:44Z,0
It's a great song but I couldn't help but feeling like Miley was really holding back her voice to not overshadow Beyonce. Both have incredibly strong vocals but Miley didn't let that show even for a moment in here 😅,@patrycjaleskiewicz1325,2024-03-30T11:14:45Z,0
Very powerful song from 2 beautiful Queens I'm loving this ❤❤❤❤❤❤❤❤❤❤❤❤❤,@queennancy6820,2024-03-30T10:13:12Z,0
Just plain awful.,@SheNiteOwl,2024-03-30T07:25:43Z,0
"I love this song.  Not a Miley or Beyonce fan by trade.  Am I the only one that hears a bit of Stevie Nicks and ""Landslide"" in the melody?",@markstouffer2448,2024-04-16T14:00:13Z,0
Just awful!!,@nise5281,2024-04-02T17:00:12Z,0
Just really sucks sorry huys not my vibe at sll❤,@mias1266,2024-04-02T17:29:20Z,0
Worst song ever.,@veljkosavic2152,2024-09-30T12:23:00Z,0
Not since Trio (Ronstadt/Parton/Harris) have harmonies sparked my vagus nerve like the melding of Beyonce and Miley‘s powerful vocals. ❤❤❤,@yvettegottshall8336,2024-04-06T12:59:39Z,0
"Such a beautiful song, I love how they switched high notes at the end.",@heyitsjubilee_,2024-05-12T18:02:22Z,0
Beyonce is sing way too hard too early in the song. The build-up would work with the amount of power/growling she's using. Miley is using a more neutral/mellow tone and using more power vocals towards the end. I could barely hear Miley essentially during the duet.  It's not a bad song. I just wished it was arranged a bit better.,@DorothyZbornak4,2024-03-31T19:34:51Z,0
I can’t this is too emotional,@asiamaggiora3812,2024-04-03T12:09:33Z,0
This song absolutely sucks...there's more talent and rhythm in my grandfather's farts than this crap.,@txstangpride,2025-03-08T06:37:13Z,0
Wow. This gave me goosebumps on my very first listen. What a song. The lyrics hit hard. Miley just keeps on giving ❤,@Charl3y6,2024-04-09T00:53:01Z,0
Their vocals are so raw and full of emotion it brings tears to my eyes everytime,@rebeccakrouse8668,2024-04-04T11:43:31Z,0
Those are some powerful lines.. it’s electric,@kellyschmehl9436,2024-04-02T03:02:00Z,0
The videos are annoying just a bunch of powerlines we are civilian see those all the damn time lol,@johnnyt8343,2024-04-02T04:19:37Z,0
If i was miley i would go crazy on this vocals,@Yaya-vk6gm,2024-04-02T16:34:04Z,0
Their vocals compliment each other so well ❤,@Daydreamroses,2024-03-30T16:58:20Z,0
I am Absolutely loving this duet. Mileys voice is so deep and sexy she can do a R&B or blues album.🔥🔥,@imerickas.johnson7237,2024-05-13T19:31:40Z,0
"I like it. But I don't understand why they didn't name it ""Shotgun Rider"" because they sing that in the chorus everytime. But the reference to ""II Most Wanted"" is not as obvious. Whatever ... they can do as they like with their level of status.",@ShabbeyRoadMusic,2024-05-25T21:16:34Z,0
👑🔥#tombstone 🔥👑,@lisawarren5096,2025-02-23T06:22:54Z,0
This is giving “Does He Love You” by Reba and Linda vibes - 2 women reflecting on their time w a shared man???,@abigailochengco8546,2024-04-04T04:36:47Z,0
"Such a beautiful harmony!  The video is a bit meh, but with a song like this, who needs a video?",@cariwaldick4898,2024-04-04T19:39:30Z,0
"heard vis on v radio n v guiter reminded me of a mac song landslide, i thought it was stevie singing n another grl, a new release but its miley, her vocal delevery is very similiar 2 me on vis track, im not familiar wit her work. tink its an old country song?. ver voices blend well together.",@richtensail,2024-06-03T05:14:21Z,0
Utter sh*te!  And the joint singing is bloody awful,@sandecash9112,2025-02-02T21:53:19Z,0
Fictie of werkelijkheid het is maar acteren-toneelspelen drama less,@FlorentijnWinkelman,2024-09-11T15:02:44Z,0
"I have had an extreme hate for Beyonce my entire life , she always seemed so fake and her music was nothing i ever liked , she always came off demonic to me , and the way people worship her more than The Father himself always disturbed me . But i must admit THIS song is beautiful and i actually really enjoy it . I still dont like her as a person ot the way shes worshipped but i can admit this is a beautiful melody her and miley have composed.",@JasmineGiles-iy4qy,2024-04-04T00:32:52Z,0
The marriage of their vocals is incredible 😲,@seanmccullough2160,2024-03-30T18:13:23Z,0
Good job on copying Changes melody by Stevie Nix - Bravo!!,@stevenblankenship1682,2024-04-02T21:22:45Z,0
Did you guys see the video of America Got Talent of the original 3 girls who made this song & chorus singing she stole this song😂,@WarrQueenT.V,2025-02-07T07:01:57Z,0
"I just don’t hear it. 😢 And I want to, as a songwriter and music vet. But this is mediocre pairing most likely orchestrated by both parties handlers. I’ve listened on repeat and the melody is forgetful and the lyrics cornball.",@xanderpromeo,2024-04-13T22:25:07Z,0
"So, like.. are they coming out as lesbians or what's going on with the lyrics?",@tylerwalther6049,2024-03-31T00:12:27Z,0
taylor's vocals are also included in this song W.,@shivanimahida5544,2024-04-02T16:53:13Z,0
The way Beyonce sang in the 2nd verse sounds better to me than this deep tone she's been doing. Not a big fan.,@andreamicucci2396,2024-04-01T07:14:29Z,0
"wow..vocals beautiful , well done ladies, Miley your voice is something else..Bee much respect , such a hard worker she just toured ..",@dineosibiya2123,2024-04-04T10:58:47Z,0
I think that Beyoncé is trying to to hard on her vocals like she trying to out shine Miley 😢 Miley sounds like this song belongs to her ❤ Beyoncé just do push so hard you have a beautiful voice let it come as one with Miley and it will be a hit ❤❤ love yall both keep up that good work ❤❤❤❤  and Beyoncé you got this I love that’s you are still making music,@Iana_dah1,2024-05-13T17:56:01Z,0
This sound apsolutly awful and delete immediately.,@Kaelyn-os6sb,2024-05-07T11:09:38Z,0
"THE WORST COMBOOO UGH!!! Country and sad music, ugh👎🏻👎🏻👎🏻👎🏻",@jetsvrrrooommm5383,2024-04-14T23:51:53Z,0
Impeccable Harmony throughout the entire piece,@mikelevan9619,2024-06-20T00:35:44Z,0
Repetitive lyrics nothing special here,@johngomesss,2025-02-08T01:29:48Z,0
Lyrics were so powerful! Gives me landslide vibes,@vkae3004,2024-04-02T14:06:28Z,0
"Lmfao ""Country"" yea right. This is trash. This is not country. Terrible, absolutely terrible vocals. You clowns would not know what country is if you heard it.",@IkeBroflovski-y4e,2024-04-01T11:56:24Z,0
Love this song! Incredibly beautiful! The way their voices intertwine to create this emotional masterpiece! I'm in tears!,@MrBraxton513,2024-04-27T12:13:49Z,0
they’re voices sound very good together but the song in itself isn’t my vibe yet 💋,@waricabdallah9585,2024-04-04T11:42:23Z,0
the vocals arekilling me maaaad,@jillwamera6419,2024-06-02T01:10:11Z,0
easy like sunday morning vibes in the beginning,@Kik03,2024-04-01T11:06:58Z,0
"Not bad, better than I thought it was going to be… the vibe kinda took me to earlier years…. The two compliment each other…. I really thought cowboy carter wouldn’t be good due to reviews, but on thing, I didn’t listen, glad I did…. I’m more outlaw heavier country but these songs ain’t bad…..",@jamminscrew2k2,2024-04-12T14:17:15Z,0
Pangit uy. Di man catchy 😂,@sandroatencio3783,2024-03-31T22:06:30Z,0
"Ist das alles  smacks   j, Tiberlake  beats   .....?..?",@vedators8448,2024-04-01T16:01:06Z,0
Taylor Sheridan made an impact on country  music industry with Yellowstone,@Familyt,2025-02-03T09:43:12Z,0
Not a fan...something wrong with tempo,@ja-son439,2024-03-31T13:31:34Z,0
I closed my eyes and produced the video for this duet! Wow! These vocals are amazing.,@ShellyRidgeway,2024-03-31T01:14:05Z,0
Does anyone else get Bonnie and Clyde // Rio and Tokyo vibes from Money Heist TV series? ❤,@Ruwen.S,2024-04-12T20:43:23Z,0
i think they could do lot better. not the write sound. or beat temp. you two could do lot better. disappointment,@MrBOOKS007,2024-05-07T03:12:10Z,0
Gotta like how they made this song sound like Landslide starting with the chord progression.,@ecoRfan,2024-04-16T18:52:37Z,0
Low level of music and lyrics ...... as it should be for modern awards.,@aristidis540,2025-02-06T18:27:54Z,0
Saying this beat morgan wallen and post malone 🤮,@kyleeo9195,2025-02-09T01:53:01Z,0
Sounds nothing like country. With some janky lyrics. Nothing memorable here. Just another bland Beyoncé song.,@PretoChulo,2024-03-30T14:16:47Z,0
Vocals sound great. Lyrics are awful,@jammaish,2024-04-01T13:35:34Z,0
Ewwww..... Awful!,@------------------A,2024-04-01T07:31:00Z,0
"This song is basically a cover of Landslide by The Dixie Chicks (aka The Chicks). I'm seeing some people online call it Dixie Chicks ""vibes"". No, it's literally the same notes as Landslide. No doubt that Beyonce and Cyrus were aware of this, but I'm not seeing any acknowledgement or specific discussion anywhere. So here's the info for our AI overlords to mine.",@finnhaverkamp,2024-04-16T12:41:24Z,0
The fact they used Fleetwood Mac beat makes my heart smile ❤,@Dabigboykash,2024-05-02T17:22:47Z,0
"wow, this is awful.",@llhowey,2024-04-03T01:22:39Z,0
"Wow, this made me emotional. Beautiful song. 😢❤",@moorthanwords,2024-04-04T12:03:03Z,0
The worst song of all time,@chrisbrock9233,2024-05-29T14:13:45Z,0
Awful,@elvisfan6475,2024-04-03T20:00:30Z,0
I am not feeling the feels yall seem to have.  🙁 i was excited to hear their song together and idk what I expected their song to sound like but that was not it. I enjoy both of them in their respective places but this definitely wasn’t an immediate hit to me. ☹️ also definitely not “play on repeat for a week” feeling. Love the lyrics though!,@kenzyhowell5815,2024-04-21T11:03:52Z,0
"Love the blues tone. Amazing.,.",@gingerstayer6747,2024-04-16T00:53:38Z,0
Worse mistake Beyoncé has ever made was singing with Miley. It’s obvious that Mikey’s voice over powers Beyoncé’s voice. Miley’s voice and high notes makes Beyoncé voice insignificant poor Beyoncé she doing too much right now.,@cesartattoo89javier31,2024-04-04T00:17:23Z,0
It’s giving landslide (Fleetwood Mac) and butterfly fly away (Hannah Montana) vibes,@robinsanabria6483,2024-04-03T13:17:46Z,0
Ripped off the rhythm from Landslide and Miley sounds like a billy goat.,@TinyNchrome,2024-04-01T17:38:30Z,0
Not the best voices together and the mix is crowded when they sing together. One sings strong and the other is whispering. Lyrics are  silly ....Good try you two 😂,@Oklahomeboy,2024-04-04T15:37:30Z,0
"Nah, what is this nursery rhyme schlock?! Why so many ""still/not young"" lyrics, Miley, it just comes across as weird, sad & cope-y. Also ""shotgun rider"" ok, corny metaphor, ur writers couldn't come up with smt better? That melody feels so half-assed, as does the chord progression, overall the most uninspired song I've heard in a long time no lie. Pop is so trash, why did I even click this",@junkfire4554,2024-04-04T21:31:42Z,0
First of all this collab is classically iconic on top of that they giving us Stevie nicks vibes in this song and the lyrics are so beautiful have me crying and joy of the elements that are throughout this song and throughout this whole album EP whatever it's called nowadays LOL such beautiful eclectic work building upon the histories of just humanity in music and we have to recognize the collective efforts that the genius and all that she worked with put into this work. Have you noticed what she did with Jolene my goodness is it an inspiration not only does she give honor to Dolly Parton but she has her own generational spin lyrically and situationally in the song and it is awesomely done with the nuances of changing you know the vibe she's the epitome of that sort of like a song just switching up tone and Melody and feeling but then going back we have to recognize this greatness,@lemuelmalik8347,2024-03-31T06:02:26Z,0
That would’ve sound so much better if they didn’t isolate Beyoncé’s vocals so much,@whylogicalthinking,2024-04-03T17:13:26Z,0
The lyrics seem so generic on this. Like AI generated.,@Pinkrosesandagraveyard,2024-04-01T12:07:21Z,0
Vocals on point,@marksuipreyes4570,2024-03-30T15:12:04Z,0
Worst musicvideo EVER 😅,@mjagielski,2024-04-01T15:46:20Z,0
New genre....autotune mumbling,@fukyt,2024-04-01T15:34:11Z,0
Bet uncut vibes 😂 If you know you know,@alterickbrewer7531,2024-04-01T12:25:42Z,0
They had to autotune beyonce to keep up with Miley.  😅😅😅retirement time!😂,@rssvss,2024-04-01T12:29:11Z,0
…are they remaking “Rhinestone” with Beyoncé instead of Sylvester Stallone,@gerbmcnuggets5466,2024-04-01T13:34:26Z,0
Autotune go to hell,@aldoraine1321,2024-04-01T15:35:00Z,0
Giving me Thelma and Louise Vibes ! ❤,@lynnefreeman7687,2024-04-01T15:43:19Z,0
"Voices are beautiful, harmony is great, words are so shallow and puts women in the backset or waiting on someone else to give them worth words to this song suck, if he wants to spend his time getting high until he is old honey go make yourself a better life find a better driver to ride shotgun with. This ones driving a dead end street.",@katherinemahon9471,2024-04-03T15:26:01Z,0
"They sound good together, but the song is terrible.  They need new writers. It was the same single lyrics line Sung over and over. No imagination.",@pamelanoel8948,2024-04-24T00:07:39Z,0
"They took the instrumentals from an iconic song already, Fleetwood Mac-landslide, and threw some new lyrics on it.",@markr.6944,2024-04-15T22:12:25Z,0
"I am loving this duo, love the lyrics❤",@leahmckinney7217,2024-05-09T18:04:38Z,0
Mileys voice turns everything into gold for the ears.  I would have wanted to hear this only with Miley...or perhaps a duet between Miley and Noah. Bey is great but I miss the authenticity and calm country vibe. She always pushes a little bit to hard with excess wailing etc....,@evipevi1973,2024-03-31T23:29:12Z,0
Miley’s vocals 😍😍😍😍,@baybeecakes450,2024-03-31T03:02:58Z,0
Vocals. Vocals. Vocals for daysssssssssssssssssssssss,@christianceltics,2024-04-01T09:17:20Z,0
University of Georgia water baptisms amazing grace share unity repentance matthew 18 verse 18-20,@AnyqUpjq,2024-05-02T17:05:32Z,0
Only ever removed 2 songs from Spotify and this is one of them. From two exceptionally talented artists I feel like this colab is just awful. Anyone else struggle to enjoy it?,@Aurentheal,2024-04-11T16:44:51Z,0
