comment,user_name,date,likes
Westworld vibe there,@aileenmac1,2024-06-10T21:16:38Z,29
"I do not care for country, nor do I care for these nasty comments. But because I grew up around country, I know when I hear a catchy country tune. I love this… it may not be your normal to the others, but I am very appreciative of your flexibility with music, it gives me a new perspective.  This is a beautiful piece that you sang your heart out to, and I feel like more people should appreciate it for just what it is. 🔥💚🔥",@sowapuss1174,2025-03-02T01:55:53Z,24
"No boundaries. No shirt, but nice beat.  Nice voice. Beautiful.",@phltns,2025-03-30T12:04:11Z,22
It’s strange to think about how a few years from now this will be really nostalgic.,@CyberstarChuck,2024-08-01T00:48:07Z,20
"I think it's good to have the courage to sing a country song , a real catchy tune  ❤",@ReginaBecker-m1o,2024-06-17T11:09:01Z,20
this won a grammy?? well its givin DEI vibes 😂😂😂😂😂😂😂😂😂😂😂😂😂😂😂😂😂😂😂😂,@pinkmoscato7851,2025-02-04T09:00:37Z,14
This is an insult to the real hard working country singers out there. Wow. There is no “country” in this song at all. It’s awful!,@pinaypie83,2025-02-04T22:21:32Z,11
Love the lyrics “we headed to the dive bar we always thought was nice “.  Because living in the simple life of the deep country areas with no money going to the local bar thats a complete dive always seems nice to folks who don’t know no better.,@duaney4948,2024-12-26T02:14:33Z,11
This song is a vibe idc idc,@MaryyB.,2024-06-11T04:38:57Z,11
"BeyHive! ""Texas Hold Em"" has now surpassed 600 million Spotify streams! This is Beyoncé's 11(12)th song to reach this milestone! Keep streaming! 🐝👑",@sheckz5,2025-01-16T21:11:43Z,9
Sheeee is such a vibe 🎉🎉🎉🎉❤❤❤❤ go BEYONCE GET IT COUNTRY 🎵🎶 MUSIC,@andrewrivers8776,2024-08-12T16:37:37Z,8
This is the WORST ATTEMPT AT COUNTRY MUSIC! GIRL! Stay in your lane!,@harleycharley8323,2024-05-06T04:22:59Z,8
Beyonce is absolutely stunning here. The songs a great catchy pop choon.,@MrJaimilly,2024-12-26T00:49:14Z,7
"I’ve never been a fan of Beyoncé, but this song can easily get lost in your head, and you can’t shake it. Besides that, I do have to say this.  Experimenting with different genres can help, until you find your voice, all new singers that break out into the music scene do this.  But for Beyoncé who’s been doing R&B, pop and hip hop music for as long as she has to jump ship to country is a big leap. Her voice is a powerhouse in the other genres of music and that’s been her vibe for all of her musical life. It’s great she’s expanding her repertoire and trying her hand at Country, and  Country musicians welcomed her with open arms to the country music  family.  But with her vocals mixing with country music is an absolute long shot. I admit country music isn’t what it used to be, it’s a little more poppy, but there some artist’s that love to go back to the traditional ways of what country music use to be. But in the case of Miss Beyoncé, there are already Country Queens. I’d rather her be in the zone where she has been labeled a queen in her more recognized career.",@ashleye.3131,2024-11-04T10:32:58Z,6
Worst music video in history,@Sinharvest,2024-10-23T02:14:54Z,6
Worst music video goes to Beyonce,@stichpena3677,2024-12-16T09:42:52Z,5
Hi I'm one of Riley's new emotions.,@alwayswright6782,2024-09-13T22:33:50Z,5
"I love this song! Shame on people who think we don't have the freedom or right to sing any damn thing we want, especially with a voice like Beyonce! It's is fun with a great beat...",@heather_5724,2024-05-16T23:26:23Z,5
"And I'm not saying it isn't a catchy song, but not, IMHO, a country song.",@kellestraw6870,2024-05-22T23:35:49Z,5
"I like this song, very catchy.....",@barbarashapiro3776,2025-01-17T14:14:29Z,5
Is this a joke song making fun of country music or something? This might be the worst song ever recorded,@josephblumenthal1228,2025-02-02T22:10:02Z,4
Lol. Shes deep into DIDDYS parties,@EishaBlie,2024-10-27T01:21:44Z,4
"Seriously what is wrong with music nowadays 🙄 remember the times when Michael Jackson was creating mini movies to his songs, every single one was unforgettable. This looks so cringe and boring 😬",@olindawinchester,2025-03-10T14:08:01Z,4
She didnt deserve THE GRAMMY! Who even listens to this album?! Like come on! The fake surprise when they said her name in the grammys UPSET ME and seeing billie eilish crying made most of all of the fans sad! Over all HMHAS had the most listeners and her vocals are great i dont say i hate her but this album deserved for 2024 grammys bot 2025!,@TaraAziz-d4e,2025-02-04T10:34:15Z,4
This song sucks. Its so boring and generic,@captainnachoz2111,2024-10-17T15:31:48Z,4
"I truly enjoyed the album and the philosophy behind it. I know every word because it's been on repeat since its release. I would love to see AMERIICAN REQUIEM used as a soundtrack in a film. I have a hot dance routine for Bodyguard. I loved being on an emotional roller coaster while listening to this masterpiece. Some of my favorite songs include Levi jeans, Protector, Riverdance, Yaya, Tyrant II Most Wanted, Bodyguard, Blackbird, 16 carriages, and Texas Hold 'Em, not to mention spaghetti. The engineer's sound and her excellent vocals just made everything come together seamlessly.",@Nanaheals,2025-02-09T17:47:56Z,4
"The most monotonous and repetitive eye candy ever 😂 completely out of sync with the song. I'd expect more dancing and more DANCERS. Such a disappointment, that's not what one imagines while listening to this very well conceived song",@Amira_Phoenix,2025-01-07T11:05:21Z,4
Just awful and this is coming from a native Texan.,@StarrLabell,2025-03-15T20:12:02Z,4
Probably one of the worst songs I have ever heard in my whole life,@IdiocySaysWhat,2025-02-09T04:30:28Z,4
Awful,@christinesause3008,2025-02-04T01:44:06Z,3
Awful... 😢,@RockWomble-b1r,2025-02-03T19:53:42Z,3
"So bad... (Not being sarcastic, or saying she's ""Bad"". It's just awful.)",@TheTyberZann,2024-06-03T22:23:51Z,3
The vibe is immaculate ✨️,@carolinewanjiru6847,2025-03-26T22:45:07Z,3
"Gotta be the very worst song I’ve ever heard, right behind WAP.",@RaptorDaddy2,2025-02-06T03:42:23Z,3
Just an awful song lol,@Daisyofourlives,2025-05-03T00:59:06Z,3
I don't care how much backlash I get but you can't make a country song with cuss words in it. Sorry Beyonce but that's not how country rolls. Also this in my opinion is worst song I ever heard from her. No hate just stay in your lane (btw the way before you say this is racist im black)  I like country the way is no cussing. You can't call it a country song if there's cussing in it. If you look at all the country songs there's not one cuss word in them. Stay with the hip hop genre.,@Oboroshirakumo342,2025-03-06T19:38:21Z,3
This is by far the worst video I have ever seen. And the song isn't far behind it.,@hollycraig2648,2025-05-21T09:24:09Z,3
Beyonce you are the worst singer 😂,@frustrated959,2024-10-20T10:04:30Z,3
Beyonce knows nothing of Texas or country she's just a good vocalist from the Streets,@trhoades2063,2024-05-06T02:03:53Z,3
God awful,@dono64,2024-08-19T16:06:31Z,3
This is disgusting. Her video is vile. Her voice is awful combined with country style. It sounds like a joke and she actually won? What an absolute disgrace and an insult to real country artists. And on top of all that she is walking around with a stupid blonde wig.,@leahale,2025-02-04T10:36:01Z,3
This is such a rubbish track. Awful.,@rizvaldo7209,2025-04-05T11:59:27Z,3
Holy hell this is worst thing since her last album🤮🤮🤮🤮,@downcoalx5193,2025-02-06T20:48:26Z,3
"Eeeewww how we all question their lyrics, will music ever survive, who wants to b that pretty😂😂😂❤❤❤",@differentgravydifferentgra7852,2025-03-18T22:40:28Z,3
"Worst album, can’t believe this got chosen over billie, WILD",@Glamour_1001,2025-02-11T11:03:52Z,3
I think this song is great! It's definitely catchy.😊,@jessicasalkeld1521,2024-08-26T21:21:43Z,3
I came here thinking I was going to hear country music. I was awfully wrong,@jacobroxberryflyfishing5155,2024-06-02T17:19:43Z,3
This isn’t a bad song but it’s not country. It’s more pop with Country vibes.,@kayj9930,2024-12-06T16:44:01Z,3
This is the worst country song by a non-country artist EVER.,@nevilledriggers1903,2024-09-29T19:15:31Z,3
Worst crap i ever heard. Tell the truth people.  The truth will set you free !!!!! Lmao😂😂😂😂😂,@DarylRagland-ds1op,2025-01-16T22:51:21Z,2
How TF did this shit song beat the masterpiece that Chris Stapleton played with Cold,@abnwil3873,2025-08-04T20:42:23Z,2
"Sounds like she wrote country lyrics and decided to imitate bruno mars with her hoooooo's, She a good singer, but I gotta admit this is bad",@Nyctotheo,2025-02-03T20:34:24Z,2
Catchy. It Grew on me lol,@RyanBeaton-s8h,2025-05-06T06:55:05Z,2
One of the worst mv i have ever watched lol,@Tobs1988,2024-07-26T13:28:17Z,2
This song is the worst country song I've ever heard,@Ram_irez,2025-02-09T03:43:33Z,2
this isn’t country & how she won the country music award is mind boggling.. oh wait it’s hush money type of vibe lol she part of the diddy shiit,@beautifuldisaster139,2025-02-04T14:20:14Z,2
How bad were the other country songs that this garbage beat?,@danamcardle1403,2025-02-12T15:49:35Z,2
Worst song in history.  I am happy the hype died down fast cause it was so annoying to constantly hear it at the radio.,@madalinaf3025,2024-08-09T20:05:00Z,2
I am loving the inclusent of diverse genre,@angelaerickson11,2024-07-08T13:08:26Z,2
"monotonous, boring",@teresakaczmarek3855,2024-12-10T19:10:10Z,2
This is soo different 😮❤🎉maintaining her soulfulness too still😢,@MalliemeetsLilear,2024-10-18T01:20:07Z,2
Adding an acoustic guitar doesnt make it country. This is trash for sure,@jesseloera5916,2024-06-18T13:15:58Z,2
"This ain't Texas is nothing like that Franklin theme song, so you people who are claiming that must be tone deaf...see a doctor!",@edification567,2024-10-23T19:26:16Z,2
No melody....nothing,@prashantvidhu,2025-02-09T04:50:23Z,2
Oh my gawd your who made this song beoncay made this song no wonder why I hate her I hated this song it’s like the worst song on the radio,@burnmyboredom9968,2025-02-04T20:10:02Z,2
"Great beat, singing & lyrics.",@CynthiaAMartz,2025-03-25T19:50:29Z,2
Literally the worst video and worst song ever from Beyoncé. She should’ve never won the award for best country music😅 the award should’ve gone to chris stapleton🎉,@allygascon3209,2025-07-21T03:45:53Z,2
Hahaha  That's awful.,@michellejohnson9202,2025-02-13T16:35:37Z,2
so annoying song,@saramakhlouf4342,2024-06-18T09:24:32Z,2
"Listen guys there are real country singers who shoulda won not her. But don’t go lying saying this shit ISNT a bop lmao it’s a good song has a good vibe and IS a country song in reality, and honestly? This is one of her best songs… unlike her old music really",@KenzArionus,2025-02-06T17:48:11Z,2
Worst album ever wtf,@AbMendez-m2v,2025-02-03T05:01:19Z,2
Seriously worst video ever.,@kristacassaraford5985,2024-05-17T19:20:04Z,2
this is one of the worst and cringiest songs ever,@m4ml4z54,2025-06-05T18:16:25Z,2
"Could possibly be the worst song ever written. Seriously, all hype and zero substance",@davidsco27,2024-12-27T20:40:17Z,2
Worst album,@ItsLena.lanchuk,2025-02-04T19:27:01Z,2
"I'm just listening to this song for the first time and I honestly don't see the fuss. I place it in the Country Pop category right along with Shania Twain music.  It's not that deep for the controversy.  Did she deserve a Grammys?  That's always debatable and possibly not but hey, we don't get a vote in it - I never pay attention to it anyway.  The video and outfit could have been better though.",@poppygoldensun,2025-02-13T22:25:21Z,2
One of the worst songs I've ever listened in my whole life,@MrJohnnyPT,2024-05-14T01:50:18Z,2
I haven’t liked country music since the early 2000’s and this video gives me all the more reason to continue my dislike. This is the worst video I’ve ever seen.  Disrespectful and disgusting!,@VeronicaSessions-je4si,2024-12-13T12:40:49Z,2
Sounds awful. No dynamic range at all. Loudness war has hit another peak.,@SecuredMinds,2025-01-24T17:28:02Z,2
THIS won a Grammy? Awful.,@cryhavoc124,2025-02-06T04:05:05Z,2
This is the worst shit I’ve ever heard Beyoncé’s a muppet,@darah161,2025-04-01T09:10:15Z,2
Worst song ever ever ever,@bcollins69,2025-04-16T00:47:14Z,2
This is by far one of the worst songs ever created….,@battery781,2024-06-01T11:10:02Z,2
Listen to lyrics carefully. Tornado in the basement. Whose basement? Diddy's?,@makwenamphaga1407,2025-01-01T09:14:35Z,2
One of the worst songs i have ever heard,@doffygaming7,2024-07-30T13:51:02Z,2
This so called song has no chorus. It feels like an unfinished demo.,@tittylips12,2025-05-27T07:08:21Z,2
Those lyrics are not country at all. Its just the twangy stringed instruments.,@MrHewilson2,2025-02-03T17:40:19Z,2
"The song is okay (C-) but I would not  play it again, or pay for it.. This song and video feels trashy and angry, not vibrant and powerful. Her music used to be a lot better.",@courtneysolano7995,2024-12-12T08:55:53Z,2
"nunca vi ni escuché alguien justificando a la compra premios beyonce vocalisima me decepcionas, sobre todo habiendo tantas artistas realmente buenas para apoyar",@alejandrogonzalez1485,2025-01-02T06:17:13Z,2
This is the worst song I have ever heard,@Nitrofire26,2024-07-14T14:36:04Z,2
This is pretty much the worst song ever,@journeymusic,2025-02-04T02:27:10Z,2
Backyardigans vibes,@pinkcupcakes8211,2025-04-10T01:14:53Z,2
Great.   This is all we need.   Country with pop stars singing vibrato horse shit with 47 notes per second garbage music.   Perfect.  😂,@MattEberhard-bt9ph,2025-02-03T20:29:01Z,2
The tune is catchy. Her costume is trashy.,@patrickdesilva6193,2025-06-11T02:05:41Z,2
Worst song I've ever heard!!!!!!,@heatherphatabulous9830,2025-06-10T00:08:36Z,2
Really inventive video      Not repetitive,@samuellouis3103,2025-02-11T17:59:10Z,2
the queen of universe,@BonifaceMutunga-p2q,2025-02-26T11:36:50Z,2
Didn't like Cowboy Carter but this one is a catchy song. I dig it.,@RainSuarez,2024-09-22T18:29:45Z,2
Did an AI write these lyrics? They play this song all the time at my workpalce and everyone hates it. Many of them are fans of her too,@AliSakurai,2024-06-03T19:28:34Z,2
"I'm trying to come up with words. A decade ago I had a weed induced panic attack to ""get me bodied"" I have always liked that song because it has a good beat and I was high as balls. Every other song of hers makes me wish I were deaf. I keep hearing about this song and her country thing. I had to watch the video and listen to this song. They definitely put a lot of effort into the video and the song is so good.im scared for what generations ahead call music.",@abbyratliff7378,2024-05-27T18:48:22Z,2
It is a very catchy song and her stocking and black undies remind me of dancer Caldina from Magic Knight Rayearth.,@p6mkq,2024-06-04T08:34:46Z,2
"How did this win a Grammy?🤣🤣this is terrible worst song I’ve heard in my life, no wonder she fell off so hard,she’s just rich that’s the only reason she’s still making songs and buying her listeners🤣no one actually even listens to her no more though,judging by this song I can see why that is",@CriticallyPsycho,2025-02-20T15:05:12Z,2
"I got to say this is crap. Just cookie cutter stuff. I guess when you serve the devil you'll get a temporary payday on planet Earth, but you end up losing your soul",@gregorydryden7865,2025-02-03T19:59:18Z,2
This is going down as one of the worst songs in human history,@shyn0tz89,2024-05-15T11:56:12Z,2
This is the worst music that's been released in 10 years.,@timberrrteck,2024-07-19T17:11:43Z,2
Another tricking annoying song first was that stupid I.m Single Lady This one is even worse what next for her maybe opera next haha,@wladyslawielki,2024-05-11T15:11:23Z,2
"I don't think country people like the video.  They might find it insulting.  I am brutally honest,  sorry. That shit ain't pretty.  😮 😅 But if this video was well known when ""Yellowstone""  was still on it would have been better.",@coreydavis6427,2025-03-04T16:05:38Z,2
This has to be one of the worst songs of 2024,@FiveStarLobbies,2024-05-21T08:33:37Z,2
At 1:45 how come I can hear the lyrics being edited from Sugar to liquor? Listen closely. I know Beyonce says both during the song.,@kylekraus8355,2025-02-07T22:50:44Z,1
Beyoncé fell off. Worst singer ever. Went from singing about her ass to singing country to stay relevant,@3chogamez944,2024-06-01T19:03:04Z,1
This is literally the worst fucking song ever created. Yikes,@DANCING_NANCIES,2024-05-19T17:56:41Z,1
This is really annoying but also really catchy please help like I hate it but I keep on listening to it- 😭💀,@CananLongenecker,2024-08-10T01:01:10Z,1
"Catchy, but the Grammy's is CRAZY for this garbage album being named best Country Album!?! Although not wholly unexpected in Hollyweird were a man gets nominated for Best Actress",@cmeeder,2025-02-03T03:38:18Z,1
"Sorry, but way way too overproduced....  and it really doesn't blend the pop/country vibes... shaboozey is doing it right and sounds hungry...Beyonce just seems bored. I'm just not digging it...",@Dan_Winter,2024-06-10T05:28:05Z,1
"I never judge without hearing. And this ain't country. This is a bunch of country clichés put into one musical effort. And for those out there that wanna play the race card, it doesn't have anything to do with the color of skin. Shania Twain used to be country and after a few years, her music wasn't worthy of being called country. Nothing wrong with you if you like this composition, but it isn't country music.",@josephatkinson1276,2024-12-28T01:36:01Z,1
Annoying AF,@alesmajcen3672,2024-11-04T09:37:07Z,1
"This video is not creative, repetitive, nude scenes, no awards, forgettable. Beyonce all the time",@secondaccount8755,2024-10-05T10:03:05Z,1
"Sad to say this Is in a country album and she won against Chris Stapleton, it’s not a country song, says the same two lines the whole song, shit stupid and if u listen to the lyrics she just throwing shit together nothing about this song makes sense",@jordonrogers5436,2025-02-24T23:42:05Z,1
Boring song. Please don't change country music to this monotonous stuff too. 😢,@swingman50,2025-02-03T02:11:53Z,1
Beyois still fire and I love the old school vibe.,@chungsangliu8120,2025-01-13T21:02:28Z,1
Not a country fan music but this is a vibe,@olivernohn,2025-03-24T21:20:38Z,1
"That’s not a f country music, lyrics are so dumb",@ayeshaguess520,2025-02-15T15:28:15Z,1
what a shit garbage of music😢😢trash+trash+trash😢60s 70s 80s best music of all time😊abba😊queen😊led zeppelin😊deep purple😊beatles😊elvis😊eagles😊blondie😊u2😊police😊gun roses😊bon jobi😊nirvana😊and so on...,@ringo-b5o,2025-06-02T17:48:42Z,1
This is awful 😂,@narutoyum1,2025-02-06T01:19:19Z,1
Anyone who calls this country is tone deaf,@AR_119,2024-06-29T00:50:32Z,1
Unbelievable 😂 this is awful chris Stapleton carrie underwood,@Bob-xh7mh,2025-02-03T13:09:06Z,1
A pop song with some lyrics about Texas and banjo in the background. Is that what makes it a country music song?,@FozzyinFlorida,2024-08-03T17:26:25Z,1
"It's a catchy song, but why has the video got to be so over sexualized!",@ceceme,2024-10-19T19:31:01Z,1
This is your worst album,@manuparabg3217,2024-12-30T18:05:29Z,1
"Theres nothing country about this...real country is raw, authentic, imperfect, rooted in values and a lifestyle, her vocals are WAY too polished and produced to be remotely country...its an OK song but has no place in the country genre except as a lame attempt at a cheap imitation.....to put this song in the same category as Toby Keith, Alan Jackson, Miranda Lambert, Reba McEntire is insulting to what makes country unique",@goldecinematics,2025-02-17T19:06:29Z,1
I wonder why shes been called the queen? Like wheres the queen vibes,@AlexaMartin-pn6nr,2024-10-01T22:00:44Z,1
Truly one of the worst songs of all time.,@bugalugs2142,2024-05-13T07:17:11Z,1
She a perv. Worst song and worst video EVER ! Yuk!,@tinytin777,2024-05-19T03:20:12Z,1
"Beyoncé the only one Star listed VOCALIST OF 21 century by VOCALS Experts, great performer, the singer in history Who sing more diferent rithmys, A living Legend ❤",@fernandodiniz6029,2024-11-23T22:27:15Z,1
Yall are slow she stole the melody from a children’s tv show and put different words in it.,@cierracravey6939,2025-06-26T05:41:47Z,1
this is awful wth,@Money_Busters,2024-05-06T19:11:34Z,1
"Love this, very catchy 🙂",@andyfoxon9106,2024-10-05T02:10:11Z,1
"Worst video EVER, never get any awards for this thats for sure, lol.  Wow the ending of the song  sucked big time..",@teresabartz1315,2024-06-25T18:21:27Z,1
"If country is crap this is a whole other level, it's like the turd lay a turd over another turd and water it down with the most vanilla guitar chords",@Nariz_de_lombrix,2024-05-18T20:50:56Z,1
"they were right, country fans have to be the most conservative, retrogade, annoying, insufferable people to ever exist",@angelica2269,2024-05-19T15:56:55Z,1
OMG that's awful,@JennieJones-ic6ne,2024-05-10T14:05:54Z,1
"Awful, terrible song. @Shaunjohnson885 don't reply.",@rosskaske6357,2024-05-29T14:39:03Z,1
"Worst video ever. It would be great if there was a video around a countryside, travelling around with a kids and a dog in the car.",@ognyanova95,2024-05-10T10:27:05Z,1
"So I've listened to this song now forcefully. I will say it is a catchy song. It's like the chicken dance song , a fun song. You could put it in your play list with those fun dance songs like the zorba, nutbush, the hustle, line dance. I bet people secretly dance to it at home hahaha",@dianemason9092,2024-05-24T21:38:24Z,1
Ask yourself is her lyrics country be truthful and if it's not country please give me a example of what country is The first you have to put your hate and your evil spirit aside now let's get your honest opinion,@termallbonds2534,2025-01-01T20:05:47Z,1
Absolutely fucking God awful.  She's a decent singer but this is fucking stupid,@chrisdavenport6585,2024-05-18T14:13:05Z,1
Amo você des do tempo da Distney Child ❤❤❤❤😂😂🎉😂🎉😂😂😂😂 1998,@LuizfernandoSabino-d7x,2024-09-01T16:07:12Z,1
This shit is so ass. How does someone who made this trash song beat any country singer this is just dissapointing,@hydraray8693,2025-02-04T05:45:03Z,1
At first I thought it was 'Prodigal Son' by the Rolling Stones.  🤷,@SusanOxford,2025-02-03T21:45:22Z,1
"As a proud Texan this is the one of the worst happen to us apart Apart From Waco, TX And Uvalde",@JustAFox2183,2024-05-23T13:31:50Z,1
This song is crap the worst song ever,@dimityconnolly9543,2025-02-09T17:33:36Z,1
This is the worst song in history ..... .. i would die before hearing this ever again,@Lil_Whitey_72,2024-07-19T21:57:31Z,1
This is awful,@BarredRocks,2025-02-05T01:45:07Z,1
Gotta be the worst song ever in the past 10/20 years what an absolute piece of trash 🗑️ 🤢🤢🤢,@hanleyjamie4949,2024-08-24T06:33:33Z,1
This may be the worst video I've ever seen. WTF!,@Chozen214,2024-12-21T16:59:48Z,1
My God what a POS song on every level except the decent vocal performance.,@anonmortal,2024-06-10T00:02:25Z,1
Worst country song ever wtf is this,@jamesmyers1995,2025-02-17T01:48:27Z,1
Early 2024 vibes,@markostamenovic251,2025-06-25T00:01:01Z,1
"Gosh this has to be the worse song I’ve heard, like it’s just a regular trash Beyoncé song with a generic country beat and lyric so it’s so called “country” da freak this crap ain’t country it’s wanna be, dress up country, no wonder why I’ve been seeing this all over on TikTok about how bad this country song is 😹 I only made it to 36 seconds of listing to this horrible video and I couldn’t go any longer. And the way she dress is just ₩h0-.r1,$.-H, demonic and inappropriate especially for YouTube, this is why I only listen to Christian music straight for 7 years L0L ✝️",@Ruben2Lit,2024-06-20T21:29:13Z,1
"This is the worst song I have ever heard. It does something to my brain. You could torture me for days, pull my nails, cut of my limbs. Put this song on and I would fold before the intro was done playing.",@Chillibe,2025-05-06T22:17:03Z,1
"An catchy song could very well be worthy of a cool vid, what you being naked got to do with it? women exposing themselves to men is not ""empowering"" throw liberal misogyny in the dumpster.",@misandria_bonita,2025-04-13T03:14:00Z,1
THIS IS EFFING TERRIBLE HORRIBLE AWFUL STUFF!,@ivanjohnson9244,2025-02-22T00:25:14Z,1
Awful… complete garbage …,@colinmckeon6782,2024-06-12T03:02:51Z,1
Probably the worst video and song ever. Real trash.,@Tommy465hj,2024-08-03T08:59:02Z,1
"Sounds generic and bland , the Grammy show is fake",@gizmonovack,2025-02-05T17:48:34Z,1
Chris brown lyrics residuals,@maryhodge3169,2025-05-05T05:28:32Z,1
Dumbest video of all time. Not counting the phoned in lyrics.,@michaelwooda9444,2025-02-21T04:04:38Z,1
"Oh yes Black Americans did in fact invent Traditional and Contemporary Western and Country Music. The very first singing and yodeling Cowboys were in fact Black Americans. Black Americans taught our White American Brothers and Sisters how to play, sing and yoldel Traditional and Contemporary Western and Country Music.",@RogerDwightHill,2025-07-04T08:47:43Z,1
Worst Music Video goes to...,@Thomas1701E,2025-06-29T17:57:46Z,1
That is the stupidest video ever.  That’s so annoying seeing her do the same thing over and over and over again.  I expected more from Beyoncé.  😡,@CarlaSanchez-m6p,2024-07-19T13:09:22Z,1
Now we know why her sister beat him up in the lift he rated a 13 year old 😮,@afanniecraddock9033,2025-02-01T13:38:54Z,1
"This video is boring, though, and has nothing to do with the lyrics",@crishakti,2024-09-10T00:06:57Z,1
This is not country and is terrible.  Her barotone voice.  Geezus.,@roboneil408,2025-02-05T17:40:23Z,1
This may be the worst music video ever made. Kanye would even agree with this statement. But better country song than any Swift song,@mikegualjr,2024-08-11T08:26:54Z,1
"I do not listen to country that much but this is not country.. The country is about the singer, not the instruments. Beyonce sings like a pop artist, even in this and her lyrics are dull because she can not sing country.. She did not put much effort in to adding the quirks that country singers are doing to make their songs sound like country. Beyonce won because she is famous and are in a good position with the once who decide who will win or not. It is dumb how famous artists just ride the wave once they get famous and get praised for mediocre stuff. Songs like these are a humiliation towards those who live and breathe country when they are robbed out of awards that should be theirs.",@JeEhaO,2025-02-10T10:01:10Z,1
This is the worst video I've ever seen and the song isn't very good ether she is way better at rnb,@FrancesBranham-o5f,2024-11-20T05:05:47Z,1
Worst song ever heard,@atsathonger748,2025-02-08T08:49:40Z,1
e uma diva de todos tempos. simplesmente a melhor,@DuarteMonteiro-ro2pg,2024-12-10T22:39:26Z,1
👎👎👎 Using body for view is dirty and the song is bad and vocal too,@mohadesen813,2024-11-27T22:08:55Z,1
Terrible terrible video.  Worst ever.,@Mcvthree3,2024-08-31T11:57:39Z,1
"Music, lyrics 🎉, video 💩.",@AKAyourdad2458,2024-05-23T11:55:52Z,1
This is awful... and what's with the nakedness,@danaysalvarado367,2025-02-04T03:13:04Z,1
"Good song., but video awful",@dontgothere4079,2024-08-17T09:52:16Z,1
best song worst vid,@SallyGray-wc1tb,2024-05-22T23:27:26Z,1
The worst song i ever heard,@Freaky_Finn,2025-02-18T14:18:35Z,1
How bout come up with your own lyrics infringement is illegal,@ChelseaCarter-x5w,2025-07-26T01:57:58Z,1
"Sorry, a super song, but a monotonous video!",@traudesalzer8733,2024-05-20T17:35:10Z,1
"Like she ever went to a Cowboy dive bar. Worst video I've ever seen. The only ""good"" thing is the banjo.",@janward6044,2025-06-29T17:04:22Z,1
"Beatiful,talented, but you ain’t country",@brianmasterson8269,2025-02-07T03:00:52Z,1
Worst video I’ve ever seen. Bizarre,@snsdb42,2025-02-09T19:56:28Z,1
worst song ever created,@Ruf420,2024-06-15T06:06:50Z,1
And she beat Taylor how not that I really like Taylor but Taylor is way better,@GeneCampbell-k4m,2025-02-16T13:53:52Z,1
Sad that she feels the need to oversexualize herself to sell records.,@clapforboobies5892,2024-06-05T16:34:31Z,1
Me remixing the song with Arabic beats to start a moral war in the Middle East,@jaydoch,2024-10-27T12:47:09Z,1
Most annoying song of 2024…,@andrzejpaweczyk3811,2024-05-15T12:35:42Z,1
This is awful. Both the song and this stupid “visual”.🤢🤢🤢,@amandawilliams7119,2024-12-27T01:30:51Z,1
"Idk what the hype is about this song, it's annoying",@kellyarsenault2697,2024-06-05T12:53:41Z,1
The video is repetitive.,@BGL111,2024-10-07T03:34:01Z,1
The worst song ever,@shamrockinstallations727,2024-05-22T19:37:27Z,1
The worst song shes ever made in her career,@2ndAmmendmentAmerican,2024-06-03T00:16:47Z,1
This has to be ai generated lyrics .,@Burnit10,2025-02-03T22:28:11Z,1
"Not that anyone asked me, or would ever ask me, or cares that nobody asked me... But there was so much talk around Beyoncé doing this that I expected way, way more. (That beat is sweet, but too soft, it needs to drop harder... and Cowgirl Beyoncé I have yet to see, for in this video she is not.)",@TheSpookyGreenGlow,2024-05-22T00:56:15Z,1
Love the deep sexy voice,@Karen-pv6gt,2024-05-08T04:24:11Z,1
Worst Beyonce song yet,@Lil_shocky,2024-05-08T11:10:23Z,1
"THIS THE WORST ""country"" song EVER!!! 😂😂😂😂 DONT MAKE NO ALBUM this shit disrespectful to real country,",@JustinCase-e6m,2024-12-19T15:35:21Z,1
Came here to say i dont understand the hype it sounds awful,@yuliayane6928,2024-06-02T13:52:03Z,1
Lady Gaga vibe 🎉,@miissknowiitall,2024-06-03T21:45:56Z,1
This is truly one of the worst videos I've watched. Totally tasteless and NOT country.,@kylegardner5384,2024-05-15T19:20:55Z,1
"The lyrics on this album are ridiculously bad, lol. I bet she had people write these songs for her and she just smacked her name on them.😂",@allfacts19,2025-02-04T06:05:46Z,1
No lyrics + no music = no clothes,@peritonitida8269,2024-08-24T14:00:11Z,0
You can't sing country to save your life! 😂 stick to your awful generic pop music!!,@lawnmower72,2024-05-26T14:07:37Z,0
Weird video. Good song. I don't feel the country vibe.,@dinodave220,2024-09-09T21:59:18Z,0
This is awful.,@ChristiColonel,2025-02-05T16:27:27Z,0
This is awful🤢💩,@ChristiColonel,2025-02-05T16:25:04Z,0
Is This song available to set as caller ringtone??,@rajathl,2024-06-09T21:42:54Z,0
So what's the fuss on not acountry fan really although some l never really liked the old twangy stuff or the new she thinks my tractors sexy stuff but let's go back ok Charlie Pride he had a real country style but when Dean Martin started doing it that opened up the door for some country singers to take that approach then Ray Charles he lent his twist and that was an influence what about Freddy Fender and the TexMexs stuff oh sorry for being politically incorrect even if it did sound great  recently Tennessee whiskey with an Etta James beat love that Elvis he mixed it all up so what's the fuss with her   l don't get it,@johnwilson6319,2025-02-04T20:21:47Z,0
Frankiln ahh beat,@JaysYoshiYT,2024-06-06T00:34:23Z,0
This is the worst song of the year. It's disgusting—just artificial trash made to make money,@-BOSSX-,2024-06-28T08:13:06Z,0
Worst video EVER. Someone's gotta say it out loud. Music- good. Lyrics- 🤔,@Dogimom,2025-02-04T02:42:30Z,0
"Worst song ,worst outfit ... Her voice 🙄",@sannusaj1194,2024-10-10T15:37:40Z,0
Sounds awful! Her voice is not a fit at all. 😂😂😂,@TiMbO_sLyCe,2024-06-09T13:17:51Z,0
When  I envision hell I think about this song on repeat lol it’s god awful,@MrZmoney420,2024-11-08T17:45:47Z,0
"is it up for ""worst song of the year"" and ""worst music video ever""?",@OlgaSh-m6q,2024-11-09T18:42:14Z,0
"The music is dang cool, but do the lyrics actually contain or attempt to convey any message? If so, please explain. Not asking for a friend.",@boeloboelens6843,2024-06-26T10:40:35Z,0
"Hey Beyonce, word got out that a $1 million dollar bounty to take my life was contracted from the deep web to kill me.  You have done rituals against me and wicked evil when I didn’t even know you.  This isn’t the first from you but word is out of what you have been trying to kill me and this is going back even before I knew you but you had a lot to say about me.  You’ve been exposed for the bounty on me.",@MerrilyOttomanelli-z5g,2025-07-28T18:50:26Z,0
Worst video ever,@shellyscathouse173,2024-05-31T10:31:19Z,0
This song is booty this is the worst “country” song I’ve ever heard why do people listen to this bull,@11dennyhamlin11,2024-08-13T17:36:47Z,0
"People are unbelievable just becaz she  dont have the yank in her tone means that it aint country. She is from Tennesse which is country as well. And if was sombody else who sang country like this y'all wouldn't be beating them down, its only because her husband is pdiddy thats why y'all so hateful caz when this was song was trending with the dance everybody loved it until pdiddy issues happened",@innerthoughtsshared,2025-02-10T17:17:04Z,0
Rolling Stone named bey's lemonade album best of the century. Yee-haw!,@Shaunjohnson885,2025-01-11T17:09:42Z,0
cant tell what was annoying the song or the video on replay,@angeldemeza02,2024-09-10T13:58:02Z,0
Nah she needs to fold em. Texas NOT IN this video. Smdh... Embarrassing Texas... Nothing about Texas at all. Says more than them wasted lyrics will. Guarantee that video wasn't even made in Texas.,@marandascott5309,2024-07-01T03:25:36Z,0
This is probably the worst music video I have seen. Could have done so much better with it.,@amdidlo,2025-06-21T16:49:38Z,0
She’s not country! Her outfit is awful,@LindaSharumlinda,2025-02-03T14:44:36Z,0
"Worst video concept of all time. But brilliant marketing. Come for the music, stay for the nipslip potential.",@sebastians320,2024-05-07T07:35:38Z,0
Worst song I have to hear at work in al long time,@aize1459,2024-05-09T18:38:35Z,0
Great song. Awful video.,@thanasisknisovitis1129,2024-05-11T06:53:42Z,0
This is supposed to be country god awful,@sirzechslucifer96,2024-12-29T08:53:44Z,0
Is this a copy of the cannon ball song with different lyrics?,@playboycharmed1,2025-03-13T01:15:10Z,0
Why do all these so called female pop stars frel they have to show the riskay parts of there flesh off.  All generic and dumb ...wake up citizens dont pay to see future rotted flesh.,@Mic-oi5kb,2024-06-19T08:11:43Z,0
The world is changing upside down Beyonce singing Country songs and Taylor swift singing pop synth songs,@TheM1988z,2025-02-07T04:03:32Z,0
Not the worst song. But nothing special.,@mercedes_1996,2025-02-05T18:02:38Z,0
She wants to slowly infiltrate and contaminate. Contaminate with lewd lyrics and videos. Their ultimate goal is to transform this genre so it no longer resembles what it has been for decades. Just like everything else.,@plicdat5474,2024-06-23T13:26:54Z,0
This song is the worst song I've ever heard,@tgxiexl,2025-02-04T05:39:41Z,0
Worst video ever! For a crappy piece of music. I didn’t care for Beyoncé before her country stage. Think she just torpedoed her career. And why would any videographer think the same clip over and over was a good idea? Couldn’t think of anything else? Hungover or something?,@sanken211,2024-06-21T14:15:31Z,0
https://youtu.be/JAhrMH3-KPo?si=-ssKn5GXtnId40-D in 1970s these guys Texas eared a feared regime…….  See what they can come up with against oppression.  As a concerned neighbor and fellow tribes man the orchestra is the process. Play it to the rhythm where them guns 🎉❤😂😂😂😂,@FarhanGuled-Afrikanische,2024-12-28T21:06:01Z,0
"Didn’t she just copy madonna? She made a country song in 2000. Trust me, Beyoncé can’t write lyrics, dance moves, notes or anything. She just copy’s other and says she’s original",@lukasm8990,2025-06-23T19:05:36Z,0
Worst song ever turn it off already 🙄,@badinthecityy5234,2025-04-23T22:58:19Z,0
So reversed,@KellyTseunis,2024-06-24T22:00:19Z,0
"It’s like a pantomime of a “southern song” almost insulting. The dude shabiozey, he tapped into the true singer songwriter vibes though",@eric_wiley,2024-07-30T19:43:34Z,0
"These lyrics are low-IQ, meaningless babble, and this is not country music.",@oakeyb,2025-02-05T17:31:44Z,0
"Beyoncé the only one Star listed VOCALIST OF 21 century by VOCALS Experts, great performer, the singer in history Who sing more diferent rithmys ❤, A living Legend ❤",@fernandodiniz6029,2024-11-23T22:13:45Z,0
The song's good but the fact that she's just doing the same thing over and over again is just so annoying which is why I hated the song and then it grew on me but I still hate the fact that she does the same thing over and over again,@Animal_lover1621,2024-06-24T22:40:11Z,0
You ain’t broke the internet and you STILL HAVE NOT beat TAYLOR SWIFT…that’s what this is all about. Why make a music video doing the same thing???? Who else u gonna pay to stand up and complain when you don’t win another award,@leahfall-mo3cu,2024-06-25T09:04:44Z,0
This is awful it is awful she walks out with practically no shirt on she's trying to sing country when she's not a country girl and after all the allegations that come out I dropped her like a bad habit,@AliceFarretta-sg2st,2024-10-30T13:03:21Z,0
"I personally prefer lil Nas X country, catchy and fun‼️",@simonetta-ta,2024-11-25T11:37:51Z,0
Horrible...her actions dont match the lyrics..its just her showing off her boobs. She needed to be dancing to the song which is quite good. Couldnt watch it.,@maddyL1234,2024-05-19T18:30:54Z,0
"The fact that this even got an award ticks me off, vocals mid, lyrics mid, instrumental mid asf.",@Dreed-z1d,2025-02-08T22:13:47Z,0
What is the point in this music video worst music video in the world,@NakitaCooper-s1q,2024-07-24T20:20:29Z,0
not a country song but catchy hip hop,@ThtFluffyGuy,2025-02-08T09:23:18Z,0
"So, if I replace the 64's in my raps song for a horse and slip a guitar in with twang in it, I could be country, too?😅🤣😂 She's country like Tracy Adkins is. This has nothing to do with her race either. Black people are the OG cowboys if you don't know. It's just super hard to believe that SHE is in any way country. The big city life Diva over sang in all her old Hip Hop and R&B cuts and now she is over singing in country, too. Whatever. But, how much support would Alan Jackson get if his next album was Gansta Rap? You tell me. M.C. Hammer tried to switch from Gospel Rap to Gansta Rap and he got slaughtered for it. (M.C. Hammer is more gangsta than 99.9% of ""Gangsta Rappers"". For real.)That's in the same genre! Art Official Age as the late, great, greatest of all time, Price put it. (If you don't know, look it up.) There is a reason why Darius Rucker was able to cross over to country; he only had to slightly jump over a narrow gap. Beyonce has an ocean to cross to connect her old to new. But, that's only if you care about authenticity. If not, Beyonce is also the heaviest metal vocalist there has ever been. 🤘Hooray, Beyince!!!! You go , girl!!!",@tonycasaus3039,2025-08-09T16:46:48Z,0
i dont like how Beyoncé is wearing such reveling clothes.....and worst the vid just goes over ad over again.,@ItzMrbadg7y,2024-05-22T11:21:20Z,0
She is washed up in hip hop so she jumps to country! Country don't want a grifting Freak Off freak. This sing is awful. Wake up,@ChristiColonel,2025-02-05T16:26:57Z,0
My man been overseas 9 months and he finally otw home 😚,@ThuggyMeadow,2025-06-22T15:53:22Z,0
Her country lyrics are so groundbreaking,@SunshineNrain-y5e,2024-10-27T01:41:53Z,0
"I love Beyonce, but she never should have won that award for best country music award. There were better country songs with better lyrics. She won it because of who she is, not because of the song. Park your Lexus?  The dive bar we always thought was nice? If anything it was a parody of what country music songs are about. The end that was like R&B...complete BS that she won.",@anoldwitch,2025-08-01T23:13:51Z,0
"Wow these lyrics are unbelievably stupid, and don't get me started on the video....",@taco1899,2024-09-11T15:08:24Z,0
Awful “music.”  Disgraceful to the genre.,@ICUP920,2025-02-03T03:03:24Z,0
"Country music originated from African.  A beat and the telling stories to the beat.  Country music is so close to Rap, when they hate each others’ music, they’re fools.  Same with Judaism, Islam and Christianity.  All Abrahamic.  Judaism is older than Christianity did better marketing/war.  Then the youngest religion, Islam, was so ‘cheated,’ they wanted to keep their land.",@leslawrence3865,2024-05-20T21:30:57Z,0
Reverb is crazy,@cojn26,2024-12-24T10:06:07Z,0
I don’t understand how this album got album of the year when Billie put her heart into all the videos and everything and this girl took a 12 second loop and with the same loop music in the back with different vocals…,@Alissi_Go,2025-02-05T18:37:11Z,0
"I hear “ she gives me money, when I’m in need” notes at “ there is tornado in my city”",@esterlueamrung4985,2025-02-11T17:48:14Z,0
Universe is here ✨chariot strength and death ⚖temprence as above so below and Malcom stuck in medium,@mykaleenmisner4668,2025-01-23T14:20:24Z,0
Why the Fuck she dressed like that? Country isn’t about selling your body and the lyrics are terrible,@juliebeauchemin4607,2024-06-14T19:54:09Z,0
"Beyoncé the only one Star listed VOCALIST OF 21 century by VOCALS Experts, great performer, the singer in history Who sing more diferent rithmys ❤.A living Legend ❤",@fernandodiniz6029,2024-11-23T22:26:42Z,0
This song is annoying as hell,@betterMatt2,2024-09-18T16:11:09Z,0
one of the most horrible kitch songs ever. and what about those super bad effects and noises?,@numinumful3815,2024-06-14T19:57:16Z,0
Tommy Johansson does a funnier upbeat version  Go check him out,@sparkles3537,2025-07-29T13:13:22Z,0
Power rangers unite. Form the tornado 🌪️ JESUS CHRIST JESUS and let gummy bears bounce power rangers united and fly in the tornado 🌪️ JESUS CHRIST JESUS. Power rangers with the wisdom and power of God JESUS CHRIST sons and daughters. Power rangers unite let us see TRUTH today. Let us speak truth. Let us hear truth. I speak JESUS in everything and everyone wanting to speak JESUS in spirit and TRUTH through prayer wishes hopes dreams visions physical and emotional realms. JESUS lead and guide us and let us all become true power rangers united for you JESUS.,@BettyGreathouse,2024-07-17T18:38:01Z,0
Is there an award for worst music video of all time?,@Onlyjesus101,2025-07-08T04:17:21Z,0
That day the music died!! Worst tune ever.,@chrillebaloo,2024-06-15T17:13:56Z,0
el video mas horrible de la historia.. y la cancion mas generica de la historia,@adanfogg9917,2024-11-10T03:06:58Z,0
one of the worst songs ive ever heard,@voodoowizard510,2024-09-16T12:17:48Z,0
I don’t think the song is horrible but Grammy no way I don’t have a problem with her trying something new never a Beyoncé fan but the song is catchy .,@angelareece180,2025-02-09T16:40:56Z,0
"Song is catchy. The video, not so much.",@iamlam,2025-01-01T00:05:53Z,0
"I never heard a song from this whole album, only this annoying one from TikTok ads",@AGbuteraofficial,2025-02-03T05:02:38Z,0
if this beats the beatles at the grammys im gonna be mad,@idklol4197,2024-11-11T20:05:05Z,0
Awful!,@tracyrogerson8464,2024-10-25T18:28:08Z,0
A generic song go back to what you do best,@RandyLawson-vh5jx,2024-09-27T02:30:55Z,0
"the song is ok. it is catchy but that outfit is so ugly, if she is gonna do a country video, dress country in like levi's plaid shirt  cowboy hat and boots, she can show cleavage but damn that outfit hairstyle an makeup look like she was in mad max movie .. might as well be a ho if u are gonna dress like one.. .. that outfit does not fit with the song at all, no way",@MsMopat,2024-05-17T15:07:42Z,0
This is a piss poor excuse for country wtf happened to the genre for this to win the grammy she's basically stills doing the same music just in a lower tone n to a slightly different style beat it's sad,@mummbles8319,2025-02-06T17:49:42Z,0
Antonette Course,@BurtShalhoup-u4w,2024-09-12T05:42:08Z,0
After listening to the song i can understand why many (other than the culture war grifters) do not really consider this song to be country. this sounds like slightly less generic mainstream pop which it essentially is to my ears.,@realKarlFranz,2024-10-09T17:35:23Z,0
MAMMIE BARRY you tube channel/5#@$MUMMY TOMBSTONE45😮BUY outy c45😢❤🍓🤓⚰️🤡💰📜🙃⚽️♟️♟️♟️♟️♟️⚰️🧤🍓😅😮😢🎉😂❤3,@MammieBarry,2025-02-06T18:31:39Z,0
what a shit garbage of music😢trash+trash+trash😢its more streptiz then music😂60s 70s 80s best music of all time😊abba😊queen😊led zeppelin😊deep purple😊blondie😊police😊u2 and so on....,@ringo-b5o,2025-06-04T14:06:38Z,0
"Absolutely stupid video…nothing to do with the lyrics, just selling sex.",@BlessedEternally1,2024-05-29T04:08:01Z,0
Opening notes remind me of Gretchen Wilson’s Redneck Woman https://youtu.be/82dDnv9zeLs?si=G2FWKp-HCcPxtqn4,@Marina-em3cr,2024-05-13T02:34:00Z,0
"To all the people saying ""its a visualiser"" what the hell is a visualiser?? Is that the thing we're calling the little looped videos they use for Spotify or something? Can we call it something else given that ""visualiser"" is a generic word?",@opium32,2024-05-12T07:54:30Z,0
This song is awful,@cmanthonywillis1432,2024-05-08T21:20:52Z,0
Is this looping worst music video ever but Beyonce is looking good 😂,@ConnorMacMurdie,2024-05-07T08:45:02Z,0
"Catchy tune, but is this the best they could do for a video?!!!!!😮",@tinarob6796,2025-02-06T02:21:39Z,0
