comment,user_name,date,likes
The story behind Billie’s experience hitting the high note is what makes this song so beautiful!!! Billie we are ALL so proud of your growth and strength  within your vocals this album ❤❤,@dejaadderley5265,2024-09-20T13:15:41Z,113
Oh the warmth and tone in her voice!   Dreamy!,@JayZoop,2024-09-12T19:27:19Z,82
"To my surprise, this song, unexpectedly, moved me deeply; a man nearing fifty, I found myself unexpectedly touched by its simple melody and heartfelt lyrics.",@samuelzhang777,2025-01-02T06:13:59Z,79
This goes deep into my heart.😢 Reminded me of my late father who passed away just 3 months ago after suffering from the horrible pancreatic cancer. Music heals and connecting me to him again spiritually.,@AC-kq6sp,2024-09-20T10:53:32Z,76
"Billie Eilish captures the intensity of devotion in 'Birds of a Feather,' turning love's fragility into something fiercely eternal. Her vocals are a beautiful reflection of the paradox of love both tender and unbreakable. The emotional weight behind this track feels like a whispered promise of forever, even in the face of inevitable goodbyes.",@LoversSymphony,2024-09-23T19:42:04Z,66
"Easily Song of the Year. First time I listened to it on the album, for me it was an instant classic. I was craving for a song like this: simple, passionate and mostly universal. Anyone can vibe, from Gen Z to Baby Boomers, reminding of their teenage love. I'm not a Billie Eilish fan, but I have to thank her for delivering what I wanted.",@org-prod,2024-09-21T01:50:32Z,34
"This song makes me teary-eyed, every time I hear it. Those are such powerful words. Beautiful! 🥲❤",@leannasimplylee,2024-09-10T15:11:00Z,26
"I was not much of a Billie fan until this song. She really showed just how talented she is with this song. Everything about it is just SO so unbelievably BEAUTIFUL! Her voice,  the beat, the lyrics,  the way it just touches your soul! I cry every time I hear this song...Its my new favorite song and I will never get tired of hearing it! May god continue to bless Billie with talent and success!🫶",@AdriielGee,2024-09-08T00:00:13Z,25
"""2025, a new year, a new vibe, but the love for this masterpiece remains timeless. Cheers to great music and unforgettable melodies!""",@IAmNot_Anu,2025-01-01T05:14:56Z,22
3:03 need yall hear the angelic vocal in the back it’s really low but ITS SO GOOD,@iznathan,2024-10-06T16:55:17Z,20
My favorite song of 2024 and possibly this decade. The beats feel like throwbacks to the mid 1980's the lyrics are relatable and her angelic voice really give the depth to an already fabulous track.,@Darren_Hood,2024-10-10T00:18:47Z,20
"I love this song, especially the vibes it gives",@JustineGailEcat,2024-10-22T05:30:31Z,19
Beautiful song. Never knew who she is still don't know her face but great song. Lovely lyrics and perfect voice for the melody...addictive. ❤️,@YG-oo2ph,2024-09-21T06:19:39Z,17
I’m balling my eyes out because I’m dedicating this song to my baby who will be turning 6 months old. Time flies so fast and as a first time mom here I am getting overly emotional.,@carolbarles.23,2024-09-15T14:17:00Z,16
2:40 I hear a little George Michael here in Last Christmas 😊 both beautiful songs and vocals ❤,@DivineDivineGirl,2024-11-10T01:28:45Z,13
"So emotional and sad. Beautiful lyrics, music, voice. I hope we see this on top of the Billboard Hot 100",@bojanstefanovic1906,2024-09-10T14:12:38Z,13
The layering and progression of this song is sublime. Not a big listener of Billie but I’ve had this on repeat,@samyakjain727,2024-10-10T07:31:46Z,11
this song is so nostalgic and beautiful~~,@vochelle92,2024-11-03T15:40:23Z,11
"This song is really making me like Billy Eilish, and I never listened to her before.  What a beautiful song... dope beat, vocals and lyrics.",@the.marinator,2024-12-12T07:07:38Z,11
2:07 *Birds of a Feather is the Anthem of my Emotions…*,@midknightmuze,2024-09-17T18:51:46Z,9
"I fall deeply in love with this song. This song must become the best pop ""Song of the year"" this year.",@meltaway520,2024-10-21T05:47:38Z,8
"definitely the best song of the year, it makes me hypnotized by the melody and feel like I'm back in the 2000s, but at the same time enjoying the present time",@carlosdt6208,2024-09-19T18:41:58Z,8
I want to come back to this song when I’m older and remember how nostalgic it was,@Itsonlyram,2024-11-03T08:05:46Z,7
When I first heard this song on insta on everyone’s story I didn’t knew it’s billie I just thought it’s someone else not that popular singer maybe but today I saw it’s her omggg!!!😭😭😭 I can’t believeeee cz in her every song she always used to sounds like “whisper” type!! I mean she used to sing different not in this vocal omggg this is actually her real free voice!! 😭❤️❤️❤️,@oldiee6063,2024-09-02T23:06:32Z,6
"Not the best lyrics , but not bad….a nice voice  and melody…first time ever here , never heard of you until today 💙",@mendynoma4272,2024-09-17T19:55:34Z,6
When she said I love you til the day I die in high note  that's my favorite verse,@jadongarner5018,2024-11-06T05:27:49Z,5
"2:15 Every time I hear this lyric I remember something and start crying, I don't know why I feel like the lyrics say ""what im crying for""...😢😞",@maisarah1able,2024-09-11T13:05:11Z,5
"I really like this song, gives so much 90's vibes.",@jennifersalinas9277,2024-10-14T03:07:37Z,4
This song is soothing and emotional at thesame time,@Celebritea380,2024-09-19T13:28:20Z,4
"This song is the perfect example of"" When you are happy, you listen to the music. When you are sad, you listen to the lyrics""",@iceice6189,2025-05-28T07:12:10Z,4
I really admire it. The voice is very beautiful. Please continue watching. The voice is very powerful.😊❤,@MaleeRuamrak,2024-12-11T13:21:04Z,4
This song is literally so nostalgic for 2024,@Elevens11Eggos,2025-01-12T06:30:13Z,4
wow 90s vibes Beautiful!!,@Julian-z2s,2024-09-17T04:12:33Z,4
This has such a 90s-00s pop princess vibe and I am HERE for it.,@seegreyhoundrun,2025-02-20T23:01:41Z,4
I love this song! Everything about it it’s perfect! ❤ the lyrics in this video come out to late to sing on time.,@Eden639,2024-11-15T23:59:34Z,3
This is mf summer vibe fr,@queenv4340,2025-07-10T15:27:56Z,3
This song used to be beautiful to me. Now it's deeply sadness to me. When I hear this song it reminds me of him. It makes me think of our short time together and how sad it ended. I will stop thinking of him like this song. I'm tired of hurting my heart and head.,@funnygirlever,2024-10-25T05:56:56Z,3
Isn’t this beat from a drake song ?,@danib712,2024-09-30T07:55:02Z,3
"Every time I listen to this song, I feel an overwhelming love for myself, yet at the same time, a deep disappointment. It’s like I can see a version of me that has grown, changed, and become everything I want to be—but I’m still stuck in the same place. This song makes me reflect on that distant version of myself, almost like we exist in different lifetimes. It’s bittersweet, but also comforting. Thank you for creating something that speaks so deeply to emotions I struggle to put into words.",@sebuahlilin3462,2025-02-25T17:08:08Z,3
never paid attention to the lyrics but damm its deep..i feel like crying,@hillarychanu,2025-02-23T08:18:38Z,3
This is called music and lyrics,@arpaplays7292,2024-09-10T13:59:52Z,2
It's been a year since this song became a phenomenon among the most listened to and I still haven't gotten over those beats.,@gabrielmigueis6280,2025-05-17T04:01:32Z,2
2:52 Anyone know what instrument this is or is it a vocal?,@ccdenice,2025-02-04T05:03:29Z,2
FINALLY a song where she can actually show off her vocals and not do that whisper singing shit,@kiwibaby335,2024-12-29T03:09:26Z,2
2:46 QUE VOCAL MARAVILHOSO,@Ineedthefourthcapoftlou,2024-09-20T02:13:12Z,2
"I met someone totally unexpectedly, in a random place and situation, after deciding to be alone for 5yrs. Got on so well, linked with everything, could open up again but then I suddenly lost my trust and ended it… I miss him, miss his presence, miss his laugh, miss his accent, miss his caring & thoughtful nature, I just miss him wholey…  this song tells it all but, something is stopping me. I’ve ignored my gut feelings in the past and got into deep trouble. I promised myself I wouldn’t ignore them again but boy is this hard",@sharon8434,2025-06-05T20:52:50Z,2
"Tbh the pitch is so high it made me cry,how good it is",@itsmeayezsa,2024-09-10T05:34:14Z,2
"This song hits so deep – every note, every word feels like it’s made just for me. Billie’s voice is pure emotion",@FallingInLove-123,2024-10-31T10:03:00Z,2
"This song should be #1. This is a mixed emotions good feeling, memory feeling, exciting feeling, GREAT song and crazy lyrics today make you SMILE. I been playing it for the ENTIRE day without getting tired of it😮",@radantiguan2546,2024-09-28T23:22:03Z,2
"So emotional, es berührt mich bis unter meine Haut ❤",@danielahimmel2364,2025-02-17T09:21:09Z,2
Why do these birds have better friendship vibes than I do? 😩,@yungmufasaa,2025-05-09T01:52:41Z,2
This song is same beat to the “bleeding love” song,@TheJohnsonsVlogzz,2024-09-18T17:32:21Z,2
Love this song.  Beautiful lyrics and melody.  That hook is just sick.    Billie and Finneas are really brilliant.,@danielbravine7137,2024-10-07T22:54:17Z,2
Who's here because of Rick Beato 😅,@theshuttergrind,2024-09-11T10:53:38Z,2
Goosebumps in the finish. (Till that day that I die) so high and emotional like whole song❤️,@AdrianL564,2024-10-25T22:28:51Z,2
Melody is same as croatian singer Oliver Dragojevic,@scorpio273,2024-09-02T21:50:21Z,2
So beutiful ❤❤❤ amazing vocal 🤩🤩🤩,@Kamilaaa_r,2024-09-08T13:28:16Z,2
This song is my story with my twin flame and I. I know he doesn’t recognize me but if only he knows how much I love him. He will be the only person I can ever love so deeply in every lifetime. 😢 I knew him in another life but he sounds so surprised. If only he knows I love him unconditionally.,@swag2be578,2025-04-03T02:25:04Z,2
"one of my favs, her lyricism is unreal and the voice!!!! i did remix it and would love some feedback, its on a more upbeat poppy beat. under my billie playlist :)",@neemzbeats,2024-09-11T13:06:00Z,2
This song makes me goosebumps  everything is so perfect the voice the chorus the band everything lovely perfect,@Mlasse954,2025-05-31T10:53:50Z,2
"Hello, everyone! I create enjoyable 80s vibes and mood/chill songs on my channel that's perfect for working, studying, workout or just chilling out. May my song content can entertain everyone's here! 🙏😇",@thelittlepimbo,2024-10-24T01:51:44Z,2
"Her voice is so airy and light, but these lyrics hit hard.",@sw33tm3,2025-02-03T19:45:30Z,2
"By the way, the melody of this song is a plagiat and copy of Oliver Dragojevic ""U Ljubav vjere nemam""! So Byllie Eilish is copying the croatian singer Oliver Dragojevic😂",@igorpijetlovic4204,2024-09-13T18:17:51Z,2
I had to come here as Spotify don't show lyrics to me 😭😡,@Tranquility127,2024-09-19T06:37:58Z,2
Why this song it's so Reference to Last Christmas Song By George Michael (Wham bang i think?) like if you sing this whenever the beat follows holy crap,@Osaka-Actuality,2024-09-12T10:28:17Z,2
"So far...this is Billie's best song, in my opinion. Fantastic melody, beautiful lyrics, and a sensational voice. I love it. 😍",@ioanpadure588,2024-09-15T23:09:39Z,1
Dès la 1er phrase j'étais déjà en amour avec cette chanson ❤ le beat est insane et Billie a tellement une voix sensuelle,@papillonrose3,2024-12-12T05:26:59Z,1
I love the backing vocal 2:53  I fell for it 💝,@moonlit-bae,2024-11-19T03:11:02Z,1
This beat. Absolutely fkn spot on.,@trentdoyledoyletrent,2024-09-21T11:34:12Z,1
"After become 30's, now I understand why older people in 2000's told that emo lyrics was weird",@ryanfebrianto8973,2025-04-14T10:47:28Z,1
Similar chorus beat to “bleeding love” .. which i loved .. n caught me to this song ! Right away..,@sfiasphere6606,2024-09-07T03:14:17Z,1
"if you like this you might like The Sundays... the chorus is the same sound. Harriet Wheeler, 15 yrs ago, pretty British voice. much beloved",@MightyMouse350,2024-12-13T00:35:25Z,1
Lyrics💙🥹🥺,@Mamunur1530,2024-10-21T03:07:15Z,1
The same melody like Bleeding Love by Lewis Leona,@sopi09987,2025-01-21T12:42:57Z,1
This song just has a nostalgic feeling,@AlexisMartinez-xx8ns,2024-10-21T09:42:31Z,1
Seeing my cousin and her daughter dancing to the chorus of this song make me f*cking emotional 😭,@olenkagarces1660,2025-05-27T20:53:41Z,1
feels very nostalgic,@wobbler2536,2024-11-01T18:51:39Z,1
"I looked this up because I heard the chorus in videos and I was unprepared.  The opening about wanting to love you until we are dead...like super dead...rotting, filthy maggoty corpses dead, followed by the pretty, breathy-sweet chorus is a rather interesting contrast.",@bibliophilelady6106,2024-09-20T00:14:44Z,1
"Great vocals on this, shows she can do it all - reminds me of Harriet Wheeler from The Sundays in places. Dreamlike",@graemereynolds159,2024-11-30T08:57:10Z,1
Gods i am ADDICTED to that high pitched singing or sound that starts at 2:53 idk what it is about it that scratches my brain just right.,@IRLJojo,2024-11-25T07:30:11Z,1
WHAT IS YOUR FAV LYRICS,@ma-ri-em1908,2024-12-02T18:22:17Z,1
Finally a upbeat song😂❤,@BlueSky-jv7rs,2024-10-23T22:51:16Z,1
lagu ini membuat vibes habis lebaran 1446 H/2025 M,@WiraSentana-x7e,2025-04-10T03:01:41Z,1
its sso breezy and summery and cozy contrast to the lyrics like a summer punch by the ocean,@Loislaulife,2025-02-21T14:44:44Z,1
I don’t know what emotion I’m feeling right now but I love it-,@VX1RUZZ,2024-09-14T14:21:31Z,1
Imo 4:22 is the worst part,@Juleczka_ta_slay,2025-05-11T19:37:38Z,1
"I cannot believe that this song is made by billie, this song is completely different from her another song, this song feels so fresh and relaxable even tho the lyrics is actually sad. But anyway I love this song so much 😍",@SLIPYOGS,2024-09-02T14:28:30Z,1
I would sing this to let all my emotions go away😀,@azarimio,2024-10-21T01:57:09Z,1
This song vibe just like back to 90’s love songs.. love it,@iszs4497,2024-09-07T05:15:56Z,1
oliver dragojević typa beat,@samuellblasko448,2024-09-07T16:21:33Z,1
hey Miss Big T-Shirt - I can not believe u didnt like that song at all ;D - i got to say its really good - not only the Voice and the text - but the beat is allmost breakdance likeish - could make a  synthesizer version of it and it would fitt perfect with a little - e-bass line ;) - actually it is the counterpart of Fortnite ^^ - also it is the best song at this point - not sure if there was god telling u something about urself - i hope ur doing well in ur life - much love!,@Rogmash,2024-10-24T12:34:16Z,1
"a song where you can vibing while crying or smiling, what a mix of so much emotions",@cezarblack13,2024-12-19T15:32:32Z,1
Omg y'all my bf got me a shirt with these lyrics on it I love it so much love  bille and this song and him .,@I.think.i.like.this.litlelife,2024-10-28T22:19:19Z,1
0:14 0:34 1:47 2:06 2:16 2:30 Catchy😄,@NotAlexisAus,2024-11-01T11:14:44Z,1
Song of the year 2024-2025 so catchy,@KaiBrown-iw8wj,2024-09-10T23:07:15Z,1
If someone doesn’t read the lyrics to these songs they’ll never hear it from listening to the song itself.,@jadegreen1554,2025-06-30T15:44:29Z,1
It sounds good from the get go unlike  most songs which only sound good at chorus phase,@allanwico6314,2024-09-26T04:32:28Z,1
"headphones or helmet aren't enough for me  (us) I  (we) NEED TO MARRY THIS SONG ! THATS A MIXTURE OF EMOTION! Billie is a true artist, an icon, an inspiration, and a goddess. LOVE THIS SONG FR !",@LilyaSlaoui,2025-01-07T21:07:18Z,1
"Crying or smiling vibes , your choice 💫✨",@marilyncampos9493,2024-11-01T07:33:04Z,1
"2024 brings Bruno Mars, Gaga and Billie and just one teaser: the world is ending and we are litterally dying but it still so good and nostalgic like we have lived all that before",@tatysalles007,2024-09-27T11:50:45Z,1
I am addicted to this song. I am 47. Her lyrics match my in er feelings en emotiions....,@sofiejansegers6159,2024-10-08T05:00:41Z,1
SOMEONE PUT THE LYRICS,@immortalsheeeeeeee,2025-05-03T15:47:45Z,1
"Two years ago, I had to distance myself from the girl I wanted to share my life with forever. Sometimes I still remember her in the little things she left behind in my life — especially in the music we used to listen to. She used to play “I Don’t Wanna Be You Anymore” every time we were together. This is the first time I’ve listened to the song all the way through; I’m sure it would’ve been one of our favorites. Hearing the opening melody always brings her to my mind, and for a long time, it used to make me tremble. Today, I missed her a lot — but something was different. I hope she’s okay.",@luisdanielpinagarcia5334,2025-07-30T10:37:58Z,1
I get very  emotional listening to this song!,@ernestosanchez9438,2025-05-12T23:40:42Z,1
"Billie Eilish wrote the song as an homage to her brother, Finneas. The lyrics are not that romantic, more like friendly banter with a sibling. The song 'birds of a feather' is about the speaker's brother, who is not just a sibling but a best friend.",@p.u.r.p.l.e.a.r.m.y.g.i.r.4572,2024-09-18T11:31:29Z,1
This is definitely a headphones/earphones on song. I've heard this on work/mall radios so much but never really appreciated it because i couldn't really parse the lyrics. This is beautiful,@EfymirTheTransient23,2025-02-01T08:05:07Z,1
Amazing ..even on a rough day I hear this song in my head and makes my body warm with the whole rhythm!!Best Eva🥰💯,@lexajames5269,2024-11-03T21:38:42Z,1
chords sound like mirrors by justin timberlake,@allenwb797,2024-09-21T12:47:42Z,1
Late lyrics,@Een140,2024-10-24T00:35:46Z,1
the song looks like happy song but the lyrics 🥲😭😭😭,@dlsong1254,2024-11-13T06:27:34Z,1
This song reminds me of the vibe of Tame Impala song,@taslimahmed4996,2025-05-08T11:06:06Z,1
1:01 - 1:05 there’s a song that has this same little chorus but I can’t remember what it’s called. Can anyone help maybe?? 😭,@Baezng,2024-09-21T17:38:34Z,1
The worst singer 😂,@Safygamal-t8s,2024-09-27T19:53:58Z,1
2:52 Those vocals in the background are so... Wow!,@sinvalxavier8903,2024-11-02T21:09:21Z,1
"WHY IS IT cozy, cute, romantic, warm and catchy at the same time?????",@cezarblack13,2024-12-19T15:31:02Z,1
"if mixed emotions is a song, this would be it",@heyyJericho,2024-09-11T12:50:33Z,1
Vibes be vibeing,@ViolaHill-z3i,2024-12-11T18:04:23Z,1
"Can we talk about how far Billie has come. People used to make fun of her for ‘whisper singing’ in her first album. Then came out with ‘Happier than ever’ AND LOOK AT HER NOWWWW. THE VOCALSSS, THE BELTINGGG, THE EMOTIONNN. Billie is a true artist, an icon, an inspiration, and a goddess.",@cezarblack13,2024-12-19T15:34:03Z,1
Vibe maravilhosa dessa música 🎧🎵🎶,@karinearaujo8059,2024-10-18T14:27:07Z,1
Powerful song,@BobbySanders-bf2fr,2025-05-16T01:59:47Z,1
Que vibe maravilhosa......,@mariasuely2153,2025-01-14T18:10:47Z,1
i wanna cry when i think about my brother while listening to this. he’s not the one to talk much or show his emotions to others but we have different ways to show each other we care. but last year my mum told me he had cried to her because he was worried and hurt by my health issues… that hit me extremely hard. I love him so much and I hope he knows it,@fieldofhills,2024-09-21T08:14:16Z,1
GTA: Liberty City Stories vibes,@jarjarbinks6643,2024-09-04T06:34:56Z,1
"This song will the perfect ost for the book Cry, Or Better yet, Beg! Uggggh! I'm having so much mixed emotions. Omgggg. 🩷🥹",@GogoSashaaa,2024-10-08T03:02:18Z,1
"I mean is it not keep bleeding love? I dont know the song name or artist, but you can sing keep bleeding love off the chorus.",@e10sandy,2024-09-11T10:20:54Z,1
"This beat sounded so familiar, I kept trying to listen carefully and if not mistaken it’s from Gwen Stefani song “I know we’re cool” ?",@victormolina8457,2025-01-15T10:55:01Z,1
That first verse gets me in my feels ❤,@aw4371,2025-02-02T03:40:38Z,1
h.urtful song full of emotions,@YoussefLamborghiniJCB,2024-11-07T16:25:43Z,1
"This song is making me bawl my eyes out. I’m in an interracial relationship and we’re about to be married but my dad has been so hateful and mean to my fiancé. I am devastated and heartbroken by how cruel he has been to my sweetheart but I love my sweetheart so much. I’m not giving up on us and the lyrics “I’ll love you till the day that I die” hits so hard. I’m madly in love with him. I can’t wait to be married, I pray to god my dad won’t stand in our way.",@rufiredup90,2024-09-06T17:17:04Z,1
Can someone like dis ..so that i can come again ..and have some cozy and calm vibes 💗✨🙂,@jenidude3469,2025-01-13T18:14:17Z,1
"This is morbid, if it wasn't for the catchy tune and her amazing voice I'd be like what the heck??",@lpg8518,2024-09-18T16:12:07Z,1
I don't know why but it's giving Cranberries vibes. Am I alone?,@thatexcalifornian6124,2024-09-18T16:31:15Z,1
This song gives me 80’s Vibes!!  Tiffany Vibes!!  Love it!!  🎵🎶🎼😊💙🩷❤,@christianmercado3056,2024-10-15T21:32:09Z,1
Just had my first child a few weeks ago…and I’m pretty sure she knows all the lyrics already from me singing this to her so much ❤❤❤❤,@MckeeZiEMedia,2024-10-22T21:31:00Z,1
"Someone said: When you’re happy you enjoy music, but when you’re sad you understand the lyrics.",@missmindy327,2024-09-03T09:36:44Z,1
That high notes makes me sad 🥹♥️,@IreshHalam,2024-09-08T07:58:14Z,1
My absent minded self forgot to say how moving it is those high notes she delivers especially nearing the end of the song. ❤❤❤,@TheCsgsmd,2025-01-28T01:47:34Z,0
"One of the most beautiful melodies, lyrics, voice, clip, singer ..all of it ! ❤❤❤",@cat123-c,2025-01-05T00:56:21Z,0
No matter the vibe this song slaps,@EdithTheunis,2024-09-19T13:31:50Z,0
"Billie, I want to thank you from the deepest of my heart for making this song, it has helped me get through all incidents in my life whether good or bad. 🥰",@pornananpuangnak5527,2025-01-17T17:07:52Z,0
This song can vibe in Paramore's After Laughter album! Hope hailey will cover this.🎉,@gstakku5192,2024-09-23T16:39:20Z,0
This is probably one of her best songs... This song hits in so many ways!!! I can listen to it over and over and over and over and over again 😂... She couldn't of picked better lyrics ❤❤,@crystalsampson1681,2024-10-23T01:27:09Z,0
"my mom and i didnt really have a good relationship, but we had beautiful moments together. singing the lyrics to this song reminds me of her, of what we had together. next month will the fifth year since she died. i miss you mom. i still think about you, sometimes, if not oftentimes. :)",@strinqs,2024-12-15T14:51:45Z,0
"It's like hearing the chords from Last Christmas with the picking from Everybody's talkin' mixed with the Billie/Finneas-soundscape. Great song, great vocal lines.",@tammanaq,2024-09-22T21:20:38Z,0
Beautiful song.🥰 I'm not a fan but do I love the lyrics and the melody.❤,@soniapacheco490,2024-09-22T21:55:54Z,0
This song has the drop everything and text my ex vibe,@jessejacob505,2024-12-31T08:54:53Z,0
"This hit me so hard, my feeling through my ex just be like these lyrics lines",@K.R_Mony,2024-11-16T00:23:51Z,0
When she called her mom to say how she was so proud to hit that note during Die in the last verse...like girl cares and sounds so real.  Fck my heart she's got it.,@fallon7422,2024-12-28T04:05:50Z,0
As someone that likes 2020 I can confirm this song sounds to nostalgic to me very much,@That_crazykid2011,2025-07-06T19:35:28Z,0
"Iv just experienced love, it is so powerful these stupid soppy love songs actually mean so much and is the perfect remedy for broken hearts or distance hearts just makes me love him even more when I hear this and also cry more 🤣",@WhotheViewer-r6i,2024-10-10T02:18:04Z,0
Whoever edited this the lyrics and the bubbles and the water waving had good effort on this ngl,@KKeiko,2025-02-08T04:35:57Z,0
A well put together song with a great vibe👌👌👌,@romancarmona4117,2024-12-21T07:17:23Z,0
"Well, I'm glad this wasn't scrapped.  Something in the main melody of the track that instantly gets to me (then I can't see for most of the song. xD ), and hits something similar to nostalgia for me.  It's a really beautiful tune! ^_^   More in this softer feel would be nice.",@Dust_Bin_Gaming,2025-01-02T18:05:49Z,0
Had never pay attention to this lyrics they go deep just felt in love with this song 🫣🫣😍😍,@Goodmorningshorts07,2025-02-18T07:19:24Z,0
"Despite the massive popularity and impressive view count of Billie Eilish's 'BIRDS OF A FEATHER,' this track doesn't resonate deeply with me. To me, it feels like a one-time listen, lacking the spark or uniqueness that makes a song unforgettable. Honestly, I wouldn’t have given it a chance if not for the overwhelming advertising.",@corpsebreath1029,2025-01-04T15:24:50Z,0
Great harmony! Keep these back up singers!!😊,@Bobbie_Marie,2024-10-15T20:15:59Z,0
"this album came out when i was dating someone last year, and even if we were both treating the situation in a more serious light, sadly it didn't work out. this album came out at the same time we were seeing each other. i used to listen to it a lot and subsequently it reminds me of him... this is still one of my favourite songs. it's still hard to listen to it right now. seeing 11 months ago is really making me think of the parallels, of how life changes in a year, how we change. sometimes it still hurts, sometimes i miss the feeling and sometimes i miss him. it just all feels so nostalgic cause it was all so beautiful.",@RATHYMIA,2025-04-20T09:55:16Z,0
She’s stole this beat off destiny’s child ‘with me’ not very original,@WhotheViewer-r6i,2024-09-21T23:35:26Z,0
"Her voice is the key, the beat and other details made this song successful.",@reynaramos5204,2024-10-21T10:22:47Z,0
finneas stole these lyrics from an indie artist called sister,@ILoveUnicorns1969,2024-12-07T17:36:12Z,0
this is what i wanted from her. this has a The Cardigans vibe and i love it. such a voice.,@MuchasDistracciones,2024-10-22T06:43:21Z,0
"i love this song, very nostalgic",@kimchi3545,2025-04-06T15:58:09Z,0
"The saturated drum beat seems like a new trend in current songs, the influence of sound in music, it is also a great song, one day it will be re-released as it should be. little kisses with light eyes. ;)",@cxradio1023,2025-01-07T18:38:29Z,0
SONG WITH GREAT LYRICS!,@readerviewer9177,2025-01-05T10:21:16Z,0
This is the best song I ever heard it made so mutch memories from it honestly mada my summer unforgettable thank you for everyone perticpated in making this masterpiece of a song thank you,@gsgsguh38,2024-11-21T22:04:36Z,0
Lesgo I just memorized the lyrics,@keer07067,2025-06-26T08:05:46Z,0
"Love the symbolization in this song. The lyrics rock, keep up the grind BE ",@SickByBirthGaming,2025-05-23T03:36:38Z,0
"Why the backing beat kinda sound like ""heavens night"" by elita???? Idk tho its giving that vibe tho",@skrybspryt,2024-12-01T23:54:28Z,0
Absolutely beautiful! Brings so many emotions. And her high pitch just drives me good crazy! Love her voice.,@5811usmc,2024-10-12T13:29:29Z,0
Im here for the rhythm and beat,@RedClawDynasty,2024-10-12T18:39:43Z,0
Love the vocal delay she use in the middle of track 💜,@tinaka1605,2025-01-30T13:16:46Z,0
Only good thing about this song is the melody she copied from Oliver.,@emirhadzic5689,2024-09-19T17:31:11Z,0
This song has many emotions at the same time,@Jennx_IN,2025-08-20T16:53:43Z,0
I´m alone but this song makes feel deeply falled in love <3,@yc5047,2024-12-22T20:55:11Z,0
"I had an emergency c section after my baby couldn't handle labour anymore.... they asked me if I wanted music for the surgery. I said Billie Eilish. When he was finally out and they showed him to me, this is the song that played. 😢 makes me so emotional.",@TinaRayMusic,2024-12-13T14:05:05Z,0
"Idk why but i keep remembering the floptropican remix, instead of the real lyrics😔😭",@soorinda9904,2024-10-25T01:14:40Z,0
"Does any one else think this song just sounds too sad it has a bad vibe, i honestly don't like it it's just my opinion",@xToneri,2024-09-11T21:30:40Z,0
"Yes as a man i listen to this masterpiece, fuck all that today rap music, rather put this on and vibe at least it has meaning",@exitWifl,2024-10-20T15:21:44Z,0
Everytime I listen to this song I remember my dead friend 😔 and get so nostalgic 🥺,@nomatrip,2024-09-16T04:35:07Z,0
"This song touches deep down my heart without permission . My body temperature rises and I shiver because it's intensly deep like crazy love 🤎 . Unbenounced , it's telling my heart to feel the feelings I hide cuz of being hurt .",@Amélie-b1e,2025-01-15T16:59:10Z,0
3:11 This bittersweet melody reminds me of DDLC.,@moderndemon84,2024-12-02T20:33:50Z,0
"I know I have heard this song before, these same chords, some song of the 80s, but I can't remember it and its driving me crazy",@youngvegas8115,2024-09-17T16:27:42Z,0
"WHY IS IT cozy, cute, romantic, warm and catchy at the same time?????",@SEA_0083ti,2024-09-16T19:59:34Z,0
"the song is so deep, it kind of resonates with my long love story, where I always be the sidekicks in a relationship..",@atiro3998,2024-12-28T13:37:25Z,0
Its like billie is falling deeper into the zone. ifykyk,@krixyyyy,2024-09-07T14:48:59Z,0
Amazing song her vocals feels me like i m in a heaven😭😭♥️♥️♥️,@SamarKhan-ix3dz,2024-09-14T14:24:31Z,0
"I get emotional to this song, i would want this song in me and my husband's renewal of vows q",@michywichy,2024-09-07T07:27:06Z,0
This song is for every emotion,@Yozzsp,2025-01-25T04:56:55Z,0
ramadan 2025… warm lyrics.. beautifully composed❤❤,@GaviottaSaleh,2025-03-24T22:10:54Z,0
"Anyone else hearing ""Bound For The Floor"" by Local H in her chorus? Pretty neat",@johnbolieau7638,2024-09-05T17:31:11Z,0
I loved the lyrics ❤,@Zoroluffy6,2024-09-04T21:44:15Z,0
"I love this song so much, its like i can let out all my emotions over and over and over again. This song helps me ALOT its my favorite for life",@rosieluvzyoux,2024-09-26T21:42:10Z,0
Sounds like chord progression from GM’s “ Last Christmas.” Very catchy.,@kevinward8652,2024-09-14T00:22:03Z,0
"Goosebumps, touched by the sound of her voice, you can feel all of her emotions, it's the song of the year for me !!",@Sarahhxox,2024-12-23T15:25:16Z,0
No one can replace Billie voice and her emotions to the lyrics ❤underrated artist of this new era.,@Syed_Samad,2024-09-02T14:29:26Z,0
"U know that this song has the same chord progression of Last Christmas, right?",@WasKammer,2024-12-12T19:57:50Z,0
Who else gets a goonies vibes to this ?,@alhanif7428,2024-09-10T18:22:38Z,0
I hear ' LAST CHRISTMAS ' 's  vibe in this song🎉🎉🎉🎉,@burhanuddinibrahim5184,2024-09-30T09:27:24Z,0
Suena como la vocalista de The Cranberries,@julia94542,2024-11-04T14:38:58Z,0
"Wow this Song is so beautiful, I honor every verse of it! 🎶🎧❤",@luke96yt28,2025-06-27T23:31:24Z,0
I listen to this song everyday as I like the rhythm❤🎉,@MeguroKyi,2024-12-04T01:23:56Z,0
"San Juan, please listen to my heart. What once beats for you, now aches for you. The minute you wanted distance brought panic to my core. And now my mind and heart is scattered all over the place. I'm a mess, I was desperate, and I became toxic. My actions may cause you doubt with how stressful it may seem. But do know my intentions were genuine. I'm too stupid to understand what you wanted. I was afraid- I'm always afraid of losing you. And like a cornered rat, I desperately did everything I know in order to keep you. Which made you further distance yourself. My heart still beats for you, and it aches at how far you distanced yourself. I don't know what to do anymore, so now I pray to your saint, Saint Juan. So please let him have a listen to my heart's genuine intentions.",@Bread-ty2ue,2024-09-30T12:24:24Z,0
this song gives me Ariana Grande vibe🤭but can't deny the fact that how soothing and ethereal her voice is 🥺,@itsnj2607,2024-10-07T09:10:16Z,0
Vibe anos 80 que amo! Saudades desse tipo de música 🥰🥰🥰🥰,@bonsfrutos.thaisgomes,2025-03-11T01:43:07Z,0
For some reason I always thought Sabrina Carpenter sung this song. Beautiful voice and lyrics ❤,@babygirlapes,2025-01-13T06:01:27Z,0
She ATE when she wrote this song it is such A GREAT mix of emotions❤❤❤🎉🎉😊,@ThyKemallee,2024-09-14T22:34:22Z,0
Good lyrics 👍,@Amam-m2k,2024-10-27T15:12:10Z,0
"My best friend's younger sister passed away two months ago and this song was played during her funeral. Everytime I hear this song, I remember them. The first time I heard this song and the time I heard this song played during her funeral was too different. I couldn't listen to this song the same when I heard it for the first time. I get too sad and emotional. I could see her in my mind. I could see old memories of the joyful interactions of my best friend (her older sister) and her in my mind and I get sad knowing that it will never happen again. It's all different now. It felt too different now. This song hits too hard now.",@stellar_nebulae,2024-09-18T02:58:36Z,0
This is really catchy.,@ShreddedShredder0,2024-09-10T06:18:58Z,0
My man is snoring right now. I love him very much! He is the light to my darkness and the beating to my pure heart. Thanks Billie ❤️,@RichieRich-oz6ps,2024-11-24T16:50:56Z,0
the only song that can make you nostalgic 😭,@usercnoop,2025-05-05T04:41:07Z,0
This expressed the exact feelings and emotions I was experiencing in 2022! ❤,@karlazamora301,2024-09-23T10:14:13Z,0
"Billie Eilish? More like Billie Brilliant, am I right? This text is a mere snippet of the musical genius that is Eilish. I was all... what, captivated? Mesmerized? Enchanted by her sultry vocals and cutting-edge style. This is a text that demands a mic drop, not a mere rewrite.",@JulisaLara,2024-12-14T04:55:58Z,0
jully vibes,@andreasjuandik,2024-10-22T17:21:34Z,0
Tbh at first I didn’t like this song then I listened to the lyrics,@ReeverrBeaverr,2025-07-26T02:25:12Z,0
I can literally feel this songz. It's so emotional & comforting,@JesusisDaway7,2025-07-17T01:48:21Z,0
birds of feATHER I LOVE IS VERY BEATHIFUL ,@estelallactahuamanrodrigue6244,2024-10-03T17:10:48Z,0
How is this Billie Ellish? Is the rest of her stuff adult contemporary?,@WbN2K,2024-11-27T06:18:23Z,0
Maybe in another universe,@Kunwaridikoalam123,2025-06-20T07:14:04Z,0
To actually learn the words is even more powerful! Wowwww!❤,@2wisdom3,2025-01-14T14:11:53Z,0
I cant believe how much this song gets me so freaking emotional 😢,@VuVu-pz1gs,2024-11-26T09:16:21Z,0
"one of my favs, her lyricism is unreal and the voice!!!! i did remix it and would love some feedback, its on a more upbeat poppy beat. under my Billie playlist :) or my most recent video, uploaded today",@neemzbeats,2024-09-27T15:38:38Z,0
The last 20s I could put on a loop …big vibe,@blaqazzd9856,2025-02-04T22:06:41Z,0
There is no god in the universe Religion is a fraud Don't ask God to worship Buddha Rely on yourself in everything,@fhiikhfd,2025-02-06T14:16:42Z,0
Guys I love the beating Ur the best Billie elishe I wish I could see u,@ADSS29,2025-01-28T20:45:39Z,0
2:01-2:02 her background vocals were so crispy and light🥹🥹😌,@royalreigngamer,2025-02-15T01:51:32Z,0
So emotions in a song 🎵 🎧 📖0:26,@damianyanez676,2024-12-29T18:34:19Z,0
😢my eyes full with water right now listening this song it’s a mix emotion it bring back my pass and make me think of my future here just saying love ain’t for me at all,@Shanicefilms,2025-01-23T23:27:24Z,0
Passion fruit type beat?,@classy111,2025-02-28T02:53:54Z,0
"Reminds me of croatian singer Gibonni and Oliver Dragojević's song  ""U ljubav vjere nemam"", the rhythm is the same.",@Annieinnannie,2024-09-25T10:40:22Z,0
Her songs make me bawl so hard 😭🥹 Like she rips the emotions right out of me. The lyrics & sweetness of her voice. I think about our loved ones we've lost thus far but also about when I cross over. Dark but entrancing.,@MiillieMesh,2025-02-12T05:30:25Z,0
Cuts deep!,@debipresley1296,2025-01-21T05:34:07Z,0
Not a song but an emotion.....❤,@RakeshSharma-wc7pm,2024-09-15T18:50:34Z,0
"The beat reminds me of C418 or minecraft or something, it's so nostalgic.",@bogusbahemoth,2024-10-21T02:02:10Z,0
My girl can capture a emotion an literally put it into a song more just a artist song writer singer legit,@chasechung1461,2024-10-04T03:23:48Z,0
1:00  my moms ringtone 🥲,@NachelleGordon-v1e,2024-09-09T21:02:54Z,0
"This song makes me think about my girl friend every time I listen to it and I always say in me,""till the day🥺"" Billie always has good vibes 4 me ❤",@alicenorine6885,2024-09-04T00:59:32Z,0
"Great song..i was so stuck to remember which track comes to mind after these euphoric nostalgic melodies...Pretty close idea to Celine's Dion- thats the way it is,thank me later :D",@traphyper8711,2025-02-14T21:42:34Z,0
Her vocal really fits to (G)idle- I do instrument,@2nti-s1b,2025-02-05T15:20:46Z,0
"My crush since i was a kid is getting married,he doesn’t even know i love him because I never confessed and this song sort of remind me of him “i knew you in another life,you have the same look in your eyes”,just like the day we first met.Maybe he fell in love with me that day in another universe.I don’t think i can love anyone as much as I’ve loved him.Farewell my moon.Maybe in another universe ,I’m the one who married you,my sugarcane.",@Clecc,2024-09-16T16:58:59Z,0
"This beat reminds me a lot of a song, if anyone remembers, write which one below",@ПашаКухарук-к4н,2024-09-28T16:37:36Z,0
The way i liked this song by suddenly and by accident why I'm scrolling reels is the vibe and chill cozy.,@isiahjamesnoveno6738,2025-01-08T18:14:38Z,0
this songs hits deeper ❤,@CraigMashumba,2025-02-18T21:19:51Z,0
"This song gives a lot of emotions and admires all tastes depressed , lonely, sad, who lives a love story, who lost his beloved, friendship, sadness, nostalgia, joy and happiness you hear in the car in a cafe in a club and you are going to sleep suitable for every situation and in all cases you will cry 😢😢😢 she should get a grammy ❤❤",@hadeelsaleh6363,2024-11-05T01:19:49Z,0
"Why do i hear so much static? Its annoying. At first i thought was this put into the song on purpose? Then the 2nd song started and it sounded shitty too. Not her voice, that's perfection.",@Mystique-lu8ed,2024-11-04T08:35:37Z,0
I'm sorry Billie but the lyrics are not accurate for you to sing along 😭,@MarkoKinss,2024-10-27T00:18:31Z,0
Learning the lyrics for my bestie,@unboxingandmore3183,2024-11-21T03:57:15Z,0
This Billie eilash fella sings really good. Catchy tune 👍,@citedcanvas85,2025-02-27T19:31:20Z,0
"Knowing how long it take to make this, let's savor the moment every lyrics of this masterpiece. 😊❤",@anobayantv,2025-05-22T09:12:34Z,0
Powerful lyrics. Damn.,@maytee7079,2024-09-22T16:01:41Z,0
This song means so deep im so impressive nice love it♥️♥️♥️🇲🇾,@hendrymelvin-td3zr,2024-10-10T07:03:08Z,0
"I normaly listen to michael jackson, stevie wonder snd whitney housten but this song is sooooooo fckn catchy",@GreenMcCream,2024-11-30T22:03:05Z,0
The Sundays vibes,@innervision97,2024-10-03T23:50:22Z,0
I'll give you someone special special... It just works in the chorus...,@ChristCenteredBibleStudy,2025-01-04T08:48:25Z,0
Liar... you know that we will go together beyond death. I'm full of shit but all those parts of you in me are light. I wish the one for me would be just like you at the roots. Thank you for everything although I have not seen all of the effects of all of your love for me. I know you mean it. And I hope I get the chance to prove that you were right.,@ChristianBouchardSullivan,2024-09-19T03:22:24Z,0
I didn't think titanic song could be beat but this is close,@kv94,2025-05-19T07:13:18Z,0
The chorus is obviously “Last Christmas” from wham 😂,@ronald1078,2024-09-18T19:37:24Z,0
"This production ... the lyrics, the beat, the emotion, the music ... Between this, chris brown and teddy swims ... Dang, great music, great talent.",@13thdisciple,2025-02-17T04:48:01Z,0
I cant describe how mixed emotions that this song has. i listen to this lkke happy and sad idk,@ji7233,2024-09-24T10:14:53Z,0
It gives LAST CHRISTMAS I GAVE YOU MY HEART vibes,@Minha.M23,2025-04-05T20:52:32Z,0
I sing this to my kids all the time (2 and 5 yrs old) this song never fails to make me emotional. Those are my babies til the day that I die ❤😢,@Gabbs2367,2025-02-02T19:37:14Z,0
Idk what but this song is so catchy and so soothing!,@xgreenbaynationx9812,2024-09-22T00:59:25Z,0
NEVER SHOW ME A ANYONE IN THIS CURRENT MONTH AND YEAR COMMENT ITS ON EVERY FUCKING SONG ON YOUTUBE ITS THE MOST ANNOYING COMMENT YEAH WE LISTEN TO OLD MUSIC WE DONT NEED A NEW COMMENT FOR EACH MONTH OF EACH YEAR LIKE HOW IS THAT THE TOP COMMENT EVERY SONG I LISTEN TO LIKE  NO ON CARES,@Fart-u9k,2025-02-19T19:35:20Z,0
Skype Ringtone?,@SmokyStew,2025-01-14T22:37:30Z,0
"This is the most beautiful sounding song . Puts  me in a good mood. Then when you read the lyrics it's like fuck kinda dark. But ok, I'm hooked.",@yolandasirri2012,2024-10-14T08:26:09Z,0
You call this singing?  She need some vocal training.,@dallasflaneur,2024-09-19T10:55:57Z,0
"very nice voice and melody, really great... but the lyrics are not good (makes no sense)",@freigeist108,2025-02-24T17:24:53Z,0
I think my partner is going to break up with me soon and this song just triggers something in me that hurts me deeply. I don't know what I'll do without them,@nereasn5970,2024-10-10T03:50:39Z,0
"This composition follows a simple OGWT ""tin pan alley chord progression""  - Dmaj7.....Bm7......Em7 .......A7.....(or a 1 - 6 - 2 - 5 chord progression) which is why it's so catchy and hypnotic. Similarly, sometimes the alternative format of 6 - 2 - 5 - 1 has a similar melodic structure.",@lyndamcardle4123,2024-11-20T22:09:34Z,0
I am liking of the Lyrics Videos Musics for to study English. Nice. This song is good for to study music and arranjes for Guitar Acustics.,@RodrigoSperandio,2024-12-05T14:28:01Z,0
Why are the lyrics of your songs so morbid?,@EstelaManrique-e7e,2024-10-03T01:20:50Z,0
"She was so robbed from that Grammy! Hands down best, deepest song ever ❤❤❤",@cassiekemp4436,2025-02-08T22:39:43Z,0
The lyrics to this song are SO convoluted. Switching from one end to the next. How chaotic. Exactly like a situationship and limerence. Get out of the limerence people.,@jadegreen1554,2025-06-30T15:42:43Z,0
"Hi guys, recently I uploaded on my chanel how you can play on Piano that melody, if someone is interested, you can check. Thanks.",@AMPiano2000,2025-02-07T15:39:04Z,0
This sounds so childish and nostalgic (the music). I miss my childhood..,@Raj-62728,2024-09-15T06:55:19Z,0
Kinda makes me emotional.,@carlosperez9601,2024-12-30T07:20:01Z,0
I am quite late to the party but that song is unreal. Credit to Billie but mad respect to Finneas. This guy is a genuis. I mean they both are. Just watched that video how they made that song and the time and effort they poured into it. This song brings out all sort of emotions and memories - both good and bad ones.,@rudhi87,2024-10-12T06:47:31Z,0
Fantastic vocals and vocal arraignment.,@MasterLee1955,2024-11-28T04:03:25Z,0
"The truth is that I never liked her music. But Birth of a Feather, the musical composition, the lyrics and the great voice of this girl have defeated me. What a great talent. I fell in love with her.",@Angelgamesusa,2024-12-03T17:30:49Z,0
"People describing billies singing style as ""whispering"" not acknowledging how many vocal layers her songs have. Production and vocal work is crazy",@yavuzmarifet4528,2025-02-07T12:17:36Z,0
The chorus ❤,@ZachZach-f4l,2025-05-16T22:15:06Z,0
I love the rhythmmmm,@darya1829,2024-09-13T01:33:05Z,0
Diggin' the Major 7 Chords. Very 1970's.,@jetskimaestro3185,2024-09-15T22:00:02Z,0
My friend and co-worker introduced me to the song and it's so beautiful reminds me of the 90s with a little bit of MGMT. Lyrics are beautiful,@isabellarubio9019,2024-09-25T16:30:04Z,0
"The beat is so perfect, and her singing and the lyrics everything is just amazing 👏",@matimbabaloyi2916,2025-03-27T15:41:59Z,0
Am i the only one thinking this got that 80's vibe?,@mosswine5417,2024-11-17T18:56:22Z,0
"If you dig this melody, check ""Nothing is keeping you here"" by old good ""a-ha""",@edv6812,2024-09-08T19:13:31Z,0
"The beat at the end is from another song, but I can’t figure it out! HELP!",@Flowerchild1144,2024-09-08T19:12:11Z,0
I don't like these lyrics at the beginning,@KikiBossART,2024-09-15T04:24:15Z,0
This beat reminds me of a Gorillaz song,@olympusthedarkone83,2024-09-08T16:18:54Z,0
My college set it as a ringtone,@Zoubzoub-m2z,2024-09-25T12:30:45Z,0
Has that leona lewis bleeding love vibes,@kolorklash9743,2024-12-12T03:29:56Z,0
I love this song but does anyone else think the old man on YouTube sang it better maybe not sang it better but I like the acoustic slow beat more,@dakotaplayz4483,2025-03-27T08:23:30Z,0
makes me miss someone who was so important to me but my stupid emotions made me push them away,@nates5859,2024-09-05T19:55:06Z,0
"Amazing song, tone, lyrics, and placements.  Works for musical montage, fitness, dance, daydream, inspiration, driving, and relaxation.  Perfect and Beautiful.  Timeless.",@DWTalentsProduction,2024-12-16T11:00:18Z,0
This is such a beautiful song but I will say (and kill me if you want) but it does seem like the music overpowers the vocals at times.,@kaitlynbilliard6930,2025-01-19T16:19:39Z,0
Who feeling the vibe???👇🏻,@sergiocarriel12,2024-09-04T16:28:43Z,0
I genuinely think the music/ melody to these lyrics is genius!,@Alexalex-cf1iq,2024-10-15T07:36:35Z,0
I can see her being lifted by a chorus of angels to a reunion with some long dead lover for whom she’s never lost the flame in her heart.,@CDJCMstryker,2024-09-12T19:14:54Z,0
beat is so tuff,@QueReact,2024-09-01T23:05:37Z,0
