comment,user_name,date,likes
"Wildflower is so beautiful and emotional, it feels like a breath of fresh air. Billie’s voice is just magical here.",@idmylife,2025-01-12T13:34:14Z,3095
"""but i seeee herrrrrrr in the back on my mind ALL THE TIMEEEEEEEEEEEEEEEEEEEEEE"" literal heaven her vocals are so tea i love billie!!!",@NaomiAnglin,2024-12-09T03:44:32Z,424
I'm starting to listen to Wildflower by Billie Eilish and it makes me emotional. Anyone listening to this song right now?,@nickabbatiello828,2025-07-08T21:48:44Z,324
"This album feels like a warm, comforting hug after a long, hard day. The vulnerability in these songs is what makes them so relatable and powerful. Thank you, Billie and Finneas, for sharing your hearts with us.",@lucasbrake-f4r,2025-04-13T01:33:31Z,321
"I rarely listen to music like this but this is extremely emotional, makes me feel everything I can’t explain to anyone else.",@theblackmambaplague,2025-01-22T09:32:00Z,200
"This song makes me feel so many emotions relationships,friendships all of that",@mariarosales3379,2025-01-04T16:26:13Z,164
"I wasn't a billie fan. I've grown to deeply appreciate her artistic capabilities and fall in love with her music, talent and ingenuity. She is genuine, which is rare these days. Glad we're alive to experience this side of music. ❤",@awe_possum,2025-03-26T17:04:19Z,132
"The raw emotion in this song is breathtaking, and the lyrics hit so hard. Billie and Finneas, you've created something truly special that resonates deeply with so many. This is more than just music; it's therapy.",@KristiHamada,2025-04-11T10:39:19Z,112
"I first heard this song at a turning point in my life. And to me, Billie is singing about an old version of myself — one that can never come back, but who once loved deeply, was happy, and hoped for the best. Sadly, life often takes turns we never expect.",@francheskodecapuchinos1445,2025-04-04T18:25:21Z,97
Billie Eilish's songs are so beautiful and felt so deeply that I can't describe them.❤😢,@Nurcan42-9,2025-06-13T18:32:54Z,70
"Her songs, lyrics and vocals have skyrocketed to something even more ethereal. If that were even more possible.",@RandomComment6,2025-06-15T18:42:51Z,47
This song is so vulnerable and honest; it's like reading Billie's diary. The rawness in her voice and the lyrics create such a powerful and relatable listening experience.,@erda-d2b,2025-04-16T20:44:00Z,35
This song alone should've won a grammy. She deserved album of the year this album saved my life she has saved so many lives Beyonce hasn't had a good song since she was strictly R&B. Her song are just catchy Billie's songs are so good.,@trishellehoward6652,2025-02-03T16:30:44Z,34
"Billie Eilish is perfect, unique, and unmatched 💖💕 Her eyes are beautiful, her songs are so powerful",@dulce.zamira,2025-03-24T16:11:28Z,30
3:05 dude i can't stop listening becase of that background vocal,@kayesrcha,2024-12-04T07:38:02Z,28
"who else feels the key notes of this song are ""back of my mind"" and ""burning alive""",@tugbaokyay,2025-03-17T15:43:33Z,25
these lyrics touch me in a way that i can’t explain. billie deserves an award.,@Zozo-rx2nn,2025-07-14T17:47:36Z,25
This song expresses the feelings of many people because it is a deep and beloved song. ❤,@غفران-خ4س,2025-06-07T23:55:57Z,20
"This is what happen when u create a song that's pure from your deepest heart, it would become a masterpiece and a wonderful song ❤",@SLIPYOGS,2025-06-24T13:56:24Z,19
This song is not a just song it's emotional connection song ❤,@PratikSanjot,2025-05-23T16:02:10Z,19
"The honesty in this song is gut-wrenching, a feeling so many of us know too well. The way she captures the lingering presence of the past is masterful. Definitely one of her most powerful songs.",@taubie-s1b,2025-04-17T23:40:12Z,17
"""Did i cross the line"" Has so much a emotion and meaning i truly love Billie's music!!!!",@Melslilcryb4by,2025-08-05T22:38:36Z,17
Am literally so emotional because of this song 😢,@keturahsiame,2025-02-07T17:56:47Z,11
"The honesty and vulnerability in this song are breathtaking, truly capturing the complicated feelings of navigating love and relationships. It's a beautiful, raw portrayal of jealousy and insecurity, feelings many can relate to. Thank you, Billie, for putting these emotions into words and music.",@fidansilva,2025-04-19T18:25:53Z,10
"those lyrics and the vocals are beyond insane, you are so talentedddd. you and your music will forever have a special spot in my heart, love you billie i really do💞",@yinthevandijk,2025-01-25T12:33:39Z,10
"In the beginning you can hear her footsteps in the rain, leaving the relationship. Throughout the song while she sings her soul is crying out that is why you hear another voice behind hers ... her soul the deep hurt",@elizettorosco6809,2025-07-15T01:32:24Z,8
"The raw vulnerability in ""Wildflower"" is breathtaking; it's a testament to Billie's growth as a songwriter and her ability to capture complex emotions so authentically. Finneas' production truly elevates this song to another level, making it a standout on the album. This one hits deep.",@jorani-z9i,2025-04-18T04:26:08Z,8
"I'm a 66 yr old straighjt white guy. grew up on the Bealtes, Stones, Zep, Steely Dan, etc.    I am more impressed by Billie Eilish than any musical artist in maybe 30 years.    She (and Finneas) are simply incredibly talented.      I have all of her albums, and this latest, Hit Me Hard And Soft, is just amazing.       I can't stop listening to it.     They keep growing as writers, as producers, and singers.      Some of her live performances can bring me to tears.     I am a HUGE FAN.",@emanuelmota7217,2025-04-08T19:35:34Z,6
Does this song make anybody else emotional? 😢,@aubriloudin2941,2024-12-11T03:33:57Z,6
She is literally a whole amazing magical vibe,@dosaahmed5118,2025-01-14T20:24:34Z,6
When I listen to this i think of like a warm hug after a emotional day ❤ thank you Billie,@sevamama,2025-05-30T01:26:43Z,5
Me and my bestfriend were together since 10 years. But nowadays I feel like a stranger to her. I just lost all the energy to fight or convince something. And suddenly I remembered this song. I realized wildflower lyrics today. I am gonna accept everything is happening to me. But what a horrible feeling it is to lose the closest one! 😭,@rinalaila,2025-05-25T11:00:40Z,5
"Was here to vibe, ended up crying",@Air1-y6x,2025-02-17T09:11:59Z,5
"I didn't think a 23 y. o. girl, however talented, would write and sing so awesomely something that triggers me so much and which I can fully relate to for some reason... I'm from a different generation but oh my, what a wonderful discovery you are to me, dear Billie! This song touches me deeply and it's been pure love since I first heard it ❤",@dreamingloom,2025-03-09T18:20:28Z,5
So much emotion and talent packed in this girl. ❤,@coffietofutofu4114,2024-11-27T10:35:54Z,4
current best song ❤️‍🩹 with best lyrics everything is perfect and it's feel too good while listening this song 😌,@Sole-King,2025-01-18T13:30:32Z,4
"By the time we were old enough it was too late. Hope this life goes well for you. Goodbye, the one. You will be forever thought of and missed for what could've been. Not just for myself but many men who have seen the women they love disappear into a place we dont know them anymore. Goodluck sweethearts. We love you more than you'll ever care to notice. We want the best for you even if it's not us. This is what makes us sucker's. Too good to care when we are getting screwed.... even if we are doing it to ourselves. We are only men. Dont blame all of us for the failures you've seen other men fail through. If we want you. You will know. Just do not take it personal if we find what we want but aren't ready to be married. We love you, just dont know how we can afford everything yet. We want so much for you. Please give us men a chance to show you what we want for you. We arent perfect but no one is. Enjoy love... like without isn't the same. Trust. Love. Indulge. Laugh. Cry. Fight. Be healthy and enjoy your life to the best extent. Which sadly is perishing at the same time. Its up to you. Deep down you know. Gotta stop listening to the bullshit in your mind. Be the man you want to be. PRACTICE NOW!!! Only time will tell how ready you are to Indulge in the love you can have with another. Good luck mfs",@chrisarnold4231,2025-04-20T01:41:16Z,4
"This song is so raw and honest, it's like reading Billie's diary. You can really feel the vulnerability and complex emotions she's expressing.",@shadrack-m7i,2025-04-04T00:13:17Z,4
"This is one of the best/worst videos of all time! 😉😊💙 Fantastic song, great lyrics, great video, that made you concentrate on how good the song is!! But, I'm sorry, I love looking at Billie!🤩🙂",@bomb121,2025-04-18T06:02:59Z,3
These lyrics are beautiful ❤🥺✨,@HEYitsAHMED1,2025-02-27T02:54:13Z,3
"Every time I hear this song, I close my eyes, place my hands on my chest, and take a deep breath",@افنانمحمد-ن5ث,2025-04-11T06:01:53Z,3
"IF YOU'RE HERE FROM TIKTOK TO SET THIS SONG AS A RINGTONE, YOU'RE ALLOWED TO LIKE THIS COMMENT.",@Faiza_46-b7i,2024-11-19T13:09:19Z,3
Esto es arte los vocales 😢😢,@urbanolatin,2024-11-10T16:53:43Z,3
This song is soo emotional.,@renaimitchell4840,2024-11-09T20:07:51Z,3
"What a song, filled with so much emotion 🥺",@mizzyys262,2025-04-15T18:58:13Z,3
😢a melhor de todos os tempos,@flaviarodrigues805,2025-02-24T15:25:22Z,3
"gosh, her first album passed me by and i did not get it. But this last album brings me, almost 60, to tears. The sheer beauty of her compositions and arrangements is breathtaking. Timeless MUSIC, real music, real emotion, real everything. Hope she's gonna stay for the next twenty years when i grow really old with this music in my ears...",@dreasbn,2024-11-23T15:31:22Z,2
"My favorite song of hers…it goes straight to my soul…beautifully done. I remember seeing her on Amazon doing this song. I was like wow!!! She felt it herself too. Never mess with someone who sings a song with their eyes closed, they’re pulling the energy from deep down their soul…powerful",@stellabrown909,2025-02-05T14:58:24Z,2
"Bc I see her.. in the back of my mind.. all of the time! "" I sing all day long - it’s such a beat and I love this song so so so so so much!!! Billie you are my aunt’s inspiration. She looks just like you! :D keep up your great work",@Khalani_Plays,2025-05-13T20:10:11Z,2
"""Every time I hear this, I feel like I'm transported to another world. The lyrics hit so deep, and the melody is just perfect! Anyone else can’t get enough of this song?""",@AyusmanNexus,2025-02-13T09:27:55Z,2
When lyrics hits you.💙💓💓💓💓💓💓,@furygaming2627,2025-01-25T12:53:15Z,2
I just feel the lyrics.,@nadimahmed8210,2025-05-28T21:11:44Z,2
"Why the song feels as if it goes through my heart. Like my heart is crying for a pain that I cannot express. It's as if every beat resonates with deep sorrow, echoing the unspoken words that linger in my mind.",@mylenegonzales4431,2025-05-05T14:00:43Z,2
someone type the lyrics,@vciouus,2024-12-23T08:52:57Z,2
All her songs hit deep 😢,@Lucid_Dreaming87,2025-02-26T20:22:32Z,2
"This song is so vulnerable and raw, it feels like reading someone's diary. The honesty is what makes it so powerful.",@PamelaWalker-g4o,2025-04-13T01:09:25Z,2
U kill mee with ur lyrics 😖 did I cross the line🥺,@adhithyanair,2025-03-21T17:03:18Z,2
Holy shit why this hit so deep,@bradyavis9177,2024-11-19T02:22:52Z,2
"damn, my broken headphones added effects to this song and it hits different",@conehead-cone,2025-03-12T01:12:35Z,2
When i can't talk out my emotions i sing this song.,@dukshramruttun5421,2025-05-12T10:04:44Z,2
This is such a vibe😊,@Onuae-z4z,2024-12-06T00:51:19Z,2
Wildflower is a feeling a deep feeling not just a song,@Layla-e1j2k,2024-11-14T08:54:50Z,2
"Im 17 yo and since my mom left ive been trough a lot and im in deep depression and when i listen to this masterpiece i instantly start to cry and think ab everything ive been trough the fact that nobody was there for me makes me really sad and thinking what made me not to k!łł myself idk tbh i don't even know how to express myself rn i just hope that my boyfriend doesn't betray me bc his my last relationship and if he leaves than theres no point for me to live im sick of being bullied,of betray from everyone,of being beaten and etc i just want peace and the love that i never recieved i just want to be someones something and idk...(sorry for my bad english)",@doriscosma5638,2025-06-22T22:32:23Z,2
No lyrics needed 🖤,@greeksk8girl,2025-07-16T18:08:36Z,2
It's an emotion😔.,@Kreetikahere,2025-01-09T14:48:55Z,2
Her vocals are crazy ✨️❤️‍🩹🙌,@777world18,2025-07-20T19:08:37Z,2
"Omg omg! When I never heard this song, I tried singing it in the karaoke version only with the music and lyrics and the first bit sounds exactly the same, the middle and the ends was so similar omg so good",@ItzMe_Lolaaa,2025-02-08T18:09:15Z,2
intense women who know a song at a canonical moment in their lives and it becomes the milestone of that phase😢❤️‍🩹,@beatrizsilvadesousa4384,2024-11-16T03:43:27Z,2
this songs is emotional,@rastb47,2025-01-12T18:16:28Z,2
Beat that cowboy shit that beyonce made😂,@Sam-e7n9t,2025-02-04T20:39:11Z,2
Beatiful ❤️❤️,@Cosme-i4y,2025-03-06T00:16:06Z,2
"I don't know what that is, but it's the worst feeling ever.",@kok6-c2d,2024-11-10T16:08:19Z,2
"I swear Billie's songs always hit diff and are mostly relatable for me, but sometimes even if they don't, I can feel it, the emotions and feelings arghhhh and her voice 🙏🏻🙇🏻‍♀️🫶🏻",@agreatmistake6064,2025-02-07T07:46:27Z,2
It brings out my emotions ❤,@SaffounaitcatgameRoblox,2025-02-11T23:07:23Z,2
"Beautiful, ethereal and deeply resonant. Perfect for my birthday 🎉 June 11",@Jess_Jesus_Worship,2025-06-11T21:11:11Z,2
I love this song so much and this song just makes me feel emotional. I love you Billie. 💗😭🙏,@hearts4zarah,2025-01-02T06:26:32Z,2
I wana beat 10k likes for this comment 🎉,@Icor21,2025-07-07T14:49:28Z,2
My girl doesn't sings songs she literally sings EMOTIONS.,@maxine6.9,2024-12-24T04:13:41Z,2
"Felt attacked on “No I know that you love me , You don’t need to remind me “ or am I just emotional 🥹💕",@ThantKyiPhywThaw-w3m,2025-05-13T12:41:14Z,2
"Not gonna lie, this kind of vibes fit in Life is Strange. Primarily, the first one. I love it. 🙌🏾❤️",@davidgallardoiii8079,2025-03-06T11:24:35Z,2
Heart skipping beats 😮😢,@drlaw2,2025-03-02T11:06:17Z,2
"I don't relate to this song. I don't relate to the lyrics yet somehow i do feel emotionally attached to this song. currently I'm going through the lowest phase of my life. phase...i say yet everyday seems to going the same way and it's been years. time seems to be frozen. it feels like I'm physically stuck in a time loop yet time is passing by fast, I'm aging, the world around me is changing, the people around me are changing but me? I'm the same, in the same room, doing my same boring routine inside those four walls. i feel caged inside my own house. i should be in university right now, i should be having a job right now, i should be a responsible adult right now, i should be taking care of my mom and dad, i should be productive...but I'm not. I'm not doing anything. I'm not in a university, I don't have a job, I'm not responsible, I'm a burden to my mom and dad and I'm going through this terrible situation, scenario and emotions every single day yet nothing changing. my prayers are unheard. I don't know what i did so wrong for god to abandone me. i love my god but god doesn't seems to be love me anymore. I'm scared and petrified. i want to get out of this loop. i want to see light. i want to live life to the fullest. I don't want to be the reason for my own end.",@vnnieslam,2025-04-21T00:02:27Z,2
"its so annoying that her ""basic white girl anthem"" songs are the most viewed!!!!!  literally the best songs have like no views, tf wrong with yall???????  god white women are so cringe and basic.",@hoordeyah,2025-04-25T16:25:06Z,1
Bro why dose billie have to put SO MUCH emotions in a song like she never fails to make me cry,@maxine6.9,2024-12-24T04:11:15Z,1
VOCALLSS,@Bez.02,2024-12-23T07:33:22Z,1
Nostalgic voice Billie ❤,@NikitaSingh-ne2ow,2025-01-13T11:33:04Z,1
valetines day crying in the hotel should be a chorus to a song,@Robzabest25,2025-05-12T10:32:17Z,1
"Não sei oque tá acontecendo, as coisas estão normais tudo está normal estou conseguindo ir para escola aos poucos estou treinando estou conseguindo comer consigo rir, Zuo , faço brincadeiras estranhas consigo fazer dever estou conseguindo conversar com as pessoas, Tainá e Grazy estou conseguindo ficar com elas sem brigar graças a Deus pois elas são incríveis meus amor, porém tem algo errado eu estou completamente normal mais ao mesmo tempo tem algo de errado comigo e eu não faço ideia do que er, meus sentimentos emoções estão estranhas eu não consigo entender e algo assustador",@larysislima,2024-11-24T01:49:17Z,1
Há muito tempo que uma musica não tocava no meu coração. É linda.,@Margarida24,2025-08-07T20:57:19Z,1
This is so sad are the lyrics in her real life😢,@ClarisaNakabuye,2025-04-03T21:28:34Z,1
this song is so deep....,@lach-c5k,2025-06-04T13:34:41Z,1
This song is emotional as fuck,@bearwolf4367,2025-03-22T12:37:07Z,1
"This song is stunning; the lyrics are so raw and honest, and the simple production really lets Billie's voice shine through. Finneas really knocked it out of the park with this one!",@kassidihartfield,2025-04-13T08:35:13Z,1
Omg soooo deep moving🥹🥹,@shirinayodgorova3303,2025-03-28T18:19:14Z,1
The backing vocals for this is crazy,@Ipeemypants-r8c,2025-01-01T18:32:13Z,1
"Billie Eilish's songs have a deep meaning in itself,",@FannyxClaude,2025-04-08T08:30:55Z,1
2024 was the worst year,@Melan-i8u,2024-12-15T01:20:52Z,1
0:39 so catchy,@debbiepascoe4128,2025-07-30T16:14:22Z,1
Song of the year. Artist of the year. Lyrics are so relatable,@Lexilovesobx-x2x,2025-04-27T03:17:31Z,1
Billie you are Soo special you Touch our soul Soo deep🥹,@JoaoAlves-rt4rk,2025-01-08T01:04:29Z,1
"we were high school best friends, well she always talked about him, like everyday and every second when he passes by. in the next school year, me and him was in the same class, and she was in another. i avoided him a million times, but he always had a way. he knew she’s my friend and he knew that she like him. but guess what? as much as i don’t want drama, i don’t want to break my friendship with her. he liked me. he isn’t vocal about it though. he wanted to peruse me, but whenever I look at him, she was in his eyes, just like what Billie stated in this song. I told him, “she’s into you!” even though I knew he knew that. to make this story short, they started dating, in fact they both agreed a relationship.",@vullvikiww,2024-12-23T09:44:46Z,1
The back vocal was just chef's kiss 🙏🤌🤌🤧✨️,@chel-i9c,2025-01-06T04:52:34Z,1
"Here I am for the first time listen this song and is so deep, my eyes are dripping...",@thegochila3104,2025-07-19T12:17:11Z,1
Is this a good time to say my Sister who does not show emotion or have emotion said this song is the only song that made her heart race?,@Gachavids-dc3mo,2025-05-07T01:10:06Z,1
A vibe que essa música traz é tão boa ❤🥹,@armindojunior6059,2025-06-28T12:35:12Z,1
This song is Billie eylish vibe 🎵🎶🎶 1:23 1:27 1:28 1:28 1:28 1:28 1:29 1:29,@khatera4821,2025-04-06T00:06:30Z,1
Deep shyt,@X11CHASE,2024-11-04T19:13:27Z,1
Need good headphones….the build up at end is fantastic and clear….as good as Beatles….what a great voice.,@romanpernal7397,2024-11-05T05:17:34Z,1
1:47 backing vocals challenge 😌,@j4zm1n_be4n,2024-11-09T10:07:01Z,1
I be screaming this song feeling the emotions 😭❤️‍🩹,@MaybeitsAshleybutstoned,2025-02-07T15:06:44Z,1
I wonder if my so called best friend from the past had felt the same emotions and thinking when she dated the boy I really liked from high school.,@Noemie-by6zu,2025-06-23T11:59:55Z,1
2:53 is my fav part literally so many emotions,@mariagabrielle2038,2024-12-20T11:00:23Z,1
I beat all the PR's with this song!,@carloss.3655,2025-01-31T12:02:24Z,1
This one hits so deep,@user-qx2qv9no5g,2025-05-22T21:21:00Z,1
"Beyoncé is the worst person on earth, Billie was the one who deserved to win",@Lolo-cj2uh,2025-05-30T00:06:33Z,1
This makes me feel like I am the most powerful person on earth ☺️,@Treymusic404,2024-11-28T19:26:25Z,1
This is too deep,@IlhamSaybani,2025-08-02T03:42:02Z,1
"Billie’s voice in Wildflower is like a gentle breeze through a field of emotions — soft, raw, and absolutely stunning 🌸🍃💖",@IndieSoulBeats,2025-05-05T05:00:37Z,1
I m continuously shedding tears bro the lyrics hit so hard ❤️,@silkypardhiaxd3512,2025-05-13T11:53:12Z,1
"The composition at 2:55 is truly genius. The main line, “Did I cross the line,” accompanied by the background voices, deeply resonates with reality—mirroring the voices in our head that overthink and eventually spiral down to a single thought.",@ashigour4331,2025-05-03T09:48:11Z,1
Billie Eilish I love your videos I subscribe to you I also follow you on TikTok in the back of my mind I love this song it makes me so emotional,@KeishaMatambo,2025-01-12T14:25:41Z,1
Lyrics.,@kingsteve101,2025-05-22T19:04:12Z,1
The amount of people who totally misinterpreted the lyrics is insane,@cheryllang98,2024-11-23T19:59:07Z,1
Gives me piggy vibes,@Shannaxx123,2025-07-25T18:10:13Z,1
she should won album of the year with hitz like wildflower and birds of a feather are just powerful.,@adibakram94,2025-02-07T03:14:05Z,1
Best  lyrics ever ❤,@jannatulnoha2498,2025-04-09T14:44:38Z,1
"Essa musica faz me lembra momentos que eu era feliz d verdade,porem não sou mais o mesmo   perdi tantas pessoas especias,meu cachorro e as vezes me pergunto porque  eu sofro tanto🥲🥲🥲🥲 oq eu fiz pra merecer isso,porque tira essa felicidade de  mim porqueeee,quem merece morrer sou eu e não essas pessoas que fez parte da vida,eu  não entendo porque😓😓😓🥲🥲🥲🥲🥲🥲 eu choro o tempo todo quanto escuto essa musica e as vezes fico pesando porque eu  ainda estou vivo...... eu   não mereco viver ja sofrir demais nesse mundo,pfv Deus me leve eu  não estou suportando mais viver..........🥲🥲🥲enfim quem aee tem  uma feliz e completa desejo tudo de bom,eu perdi muitos parentes da minha familia e espero que vcs aproventem esse momentos antes que seja tarde demais pfv.....APROVEITEM.",@EvenMrShadow090,2025-06-06T21:01:46Z,1
why is this song sooooo sad !!! like i like sad music but this one hits so hard ! not the lyrics but the music,@vizitarchitecturedz9564,2025-01-10T20:29:51Z,1
The tune and the lyrics  is amazing  ❤️,@bushramahnaz31,2025-01-12T06:24:06Z,1
I get goosebumps every time I listen to this song. So emotionally powerful. ❤,@VideoProjectMiGenteJBalvinWill,2025-02-24T23:29:01Z,1
Rich and deep words 😢,@RAHA-1213,2025-02-23T00:25:57Z,1
I love my sister i hope she sees this sis im sorry if im annoying i wish that u where always with me i love u 😭,@haliunb5079,2025-04-05T02:04:57Z,1
This gives me radiohead vibes ❤,@ashleyalvarado393,2025-05-31T09:02:07Z,1
Essa musica gera um sentimento tão suave e ao mesmo tempo um dor,@yasmimvitoria9129,2025-01-15T18:40:07Z,1
"Es tan triste pero hermoso, es tan nostalgico! :(",@taela_3064,2025-03-21T17:49:05Z,1
Billie you deserved that award all your songs are so close to my heart because not only is it a mussical journey but the effort and love you put into perfectly describing the feelings of a teenager makes us seen and i thank you ffor all your hard work and beatiful work even tho others struggle to see it. Thank you so much for making art you didnt need a grammy to define that❤ 2:27,@itsyo-boiean,2025-02-03T19:02:12Z,1
One of the best vocalist 💯💙,@only_Maelis,2025-03-21T14:30:17Z,1
I don't understand the lyrics. What does it mean can someone summarize it thanks ❤,@strawberryraspberry2163,2025-06-26T08:08:16Z,1
"This song makes me sink in so deep, it never gets out of my head, I'm obsessed with this song",@zh_tk,2024-12-16T23:07:04Z,1
"This song gets me so emotional. This is my favorite song. It gets me all the time, I be pouring my heart out 😭 this song is a piece of me and will always be a big part of me.",@jcgang5092,2025-01-16T03:10:52Z,1
Anybody write full lyrics down for me😭🌷,@Fdhhee,2025-02-15T08:18:28Z,1
This is literally made me and my cousin and my cousin from my uncles side bitch all of us cry oh my gosh that is so sweet and also so quiet like where do I cry like I feel the lyrics OMG this late this song is the most song I ever loved Drop a like if you like this song like drop like into my comments,@ImgoingonmyfirsttripIhaveafeel,2025-06-11T05:37:51Z,1
ive never know a artist that can sing the words i have deeply buried in my heart that hurts so badly that i could never say till billie...,@jaidencolasanti2634,2025-05-01T20:46:21Z,1
But bruh!!! I actually loved it and it's vibe gonna be in my head for a long time ✨✨,@Ritasha-jw5nm,2025-03-01T11:33:34Z,1
not me trying the back vocals,@kaylaxx83,2024-12-13T12:25:13Z,1
"I love billie so much and yes shes so hot n all but Holly shit. She's so beyond talented her music touches many hearts and she really is the voice of our generation in my opinion. She's got this enchanting voice that just makes me wanna listen to everything she says it's crazy. I love how honest she is when she speaks and sings. She is kind with her words even when their aggressive it's so weird. I love this song and many of her other ones. She is the moment! She's so relatable and is perfect for any age I'm only 17 and I might not always relate to all her songs but I feel the emotion and the passion. I feel the message she sends to people and it's so impactful, i can only hope she sees this comment and know how loved she is  not by just me but by many others. I love you Billie",@its_laniig,2024-11-08T17:12:12Z,1
Ngl you did cross the line with your vocals Jessica,@Tiki_vibes,2024-12-12T17:15:48Z,1
I listened to this song and it feels like it is killing me because of the beautiful voice and lyrics. I already think i have  100 relationships but i am only 7. Btw i watched this on my own and my mom didn't show me this. The song just pulls me back to my dad that i separated a few days ago.,@justynaloou2211,2025-07-17T06:43:44Z,1
From 2:14 hit the spot in my heart deepest 💔,@slay_play,2025-06-26T04:11:18Z,1
This is vibe music babe Billie love you're music😭💗🥹💕,@Y0ur_nabiy,2025-08-05T14:31:32Z,1
0:21 I love the vibe,@DuskiDuski-u1r,2025-04-04T22:41:10Z,1
Once you hear this song it keeps coming back to you ..idk if it's the music or the vocals that's just mesmerizing,@RiseandShineTV-o2n,2025-01-20T16:36:21Z,1
I can't reason when I hear Billie Eilish's voice my heart beats and especially this song my heart starts beating fast💔,@رقيةحسين-ف8خ,2025-07-29T17:30:39Z,1
"I once had a boyfriend who cheated with my then best friend..they actually dated for a year until he beat the living shit out of her ..her mom called me when they were trying to find him.this song reminds me of when I saw her in the hospital almost lifeless,I cried so much that day because 1,she didn't tell her mom the truth of what happened 2,she was once someone I loved for 5 years 3,she was someone's child and a man did that to her 4,I hadn't realized how much I hated her ,she betrayed me 5,I was torn maybe it was karma so many emotions",@raisingsunsets,2024-11-17T18:34:41Z,1
I'm 114 years old and this is deep,@sunday8422,2025-03-31T14:03:02Z,1
The best song ever. I can't explain how much emotions this holds🥺,@CloudGirl-qq4vf,2025-02-09T18:22:53Z,1
"I don’t know in details the events about her divorce and new lover, but I feel the first part of the song is a message to her partner’s ex girlfriend, the second part is to her ex husband, and the chorus is to both of them. While the last sentences are for her boyfriend 🥰 like “I’d rather be tired due to swimming with you only than feeling alone in a palce full of people who don’t really love me”. I think this is the sweetest and smartest response to all the sh*t she went through",@elyjily,2025-04-26T09:16:33Z,1
"This song goes deep into your soul, embraces it and says, ""If your pain is leading you to your death, you need someone to hug you and help you"", what a wonderful and touching song.",@gabrielsilva4988,2024-11-26T23:09:56Z,1
this song is one of my fave these days. it's full of emotions,@zyrusgreygilboy9129,2025-06-16T22:35:58Z,1
"So apparently, my bf in the military cheated on me. I am mentioning the word military because in that short amount of his free time he still managed to cheat (I found some heartbreaking Texts). I used to give him all of my time, leave everything just to text him back instantly. I did everything i could for him, be it being understanding, supportive, patient. But he still managed to cheat when i was having a hard time. Well i decided to give him second chance because i love him deeply and that fact can't be changed but then again ""But I see her in the back of my mind all the time........""",@KimChi-wi3vq,2025-07-03T16:48:42Z,1
The vocallss,@Bez.02,2024-12-23T07:32:51Z,1
"Billie, this song is so deep for me😭",@NayaaZee,2025-05-10T08:50:18Z,1
I wish the lyrics were something,@aliena426,2024-12-26T11:39:52Z,1
"I've been single for my entire life. I've never met a guy who would even dare shed an eye in my direction, sometimes I wonder if my heart is invisible. To be fair, it's not I've been around much places with any options. I'm okay being single, I try to love myself. I do enough to keep safe, but sometimes when I see couples in the store, or online, or really anywhere I'll feel this sickening lovesick heartbreak that can't be described in a way that would make sense. It makes my heart ache, wondering where my guy walking with me down the sidewalk is, or the soft smile in the darkness. I try not to get jealous, it feels more closer to grief. Each year gets a little harder, the older I get, the worse I tend to feel. The deeper the pain gets. I hope I find him.",@byersxxkarate5177,2024-12-06T23:14:15Z,1
Totally 100x time already listening this very deeply 😢 emotional how to ignore true facts,@shayfulryan,2024-11-07T16:12:31Z,1
Sabrina Claudio vibes ❤❤❤,@bminnie2233,2025-01-19T05:22:12Z,1
2:54 give me Outer Banks JJ death vibe🥺🥺,@gularxalafova,2024-11-12T08:56:45Z,1
"Friendship breakups are the worst, especially if you were close😢",@VusumuziFakude-bf5fu,2024-11-20T17:29:06Z,1
Bro this song is in another universe,@hediiiS.A,2024-11-07T19:25:49Z,1
Lyrics let me cry😭❤️,@LukeZeBoy,2025-02-07T01:39:41Z,0
She makes emotional sound great.,@rubychew6535,2025-07-10T02:57:19Z,0
Iyer was super annoying,@elvira779,2025-07-05T19:42:36Z,0
Some one tell me the deep meaning of the song,@mariammm9832,2025-04-24T16:46:14Z,0
This song feels like it belongs in a movie — actually made a little La La Land-style edit to another heartbreak song that gave me the same vibe. Music like this just hits differently. 💖,@heridioticfool,2025-07-18T04:29:11Z,0
sad vibes,@azmyjohananantha7055,2025-05-20T19:48:45Z,0
3:07  vocal 😮😮😮😮,@PawanRai-o5p,2025-02-08T20:52:16Z,0
I made it my phone tone ❤❤,@basmaalnzal-d5n,2025-05-11T20:26:11Z,0
2:15 the beat tho❤,@zokikojdovski,2025-04-27T19:35:05Z,0
This song beats the Beyonce album,@Jason81818,2025-03-20T12:15:03Z,0
Kept hearing this shit on the radio the flow is too catchy crazy how she was only known for the bad guy and now she makes art like this,@nichsster,2025-05-05T01:56:58Z,0
Madame and her stunning vocals 😂🥰,@arielsterling2614,2025-03-22T10:54:02Z,0
This song literally feels like drowning in deep ocean even tho u dont relate to the lyrics.,@Rumikhan.11,2025-05-15T18:27:37Z,0
"This song cuts deep—Billie’s voice feels like a quiet confession, raw and heartbreakingly honest. Absolutely stunning 🌸🖤",@IndieRhythms22,2025-05-05T09:28:28Z,0
Eu amava ela demais acordei agora as 4 da manhã porque sonhei com ela droga já faz tanto tempo e eu não consigo esquecer 😢,@Tribo_alpha,2025-05-24T07:20:37Z,0
The Chorus literally reminds me of some other song which similar flow. Does anyone else feel so?,@Sid_Traveller21,2025-01-31T05:56:16Z,0
I'm from uzbekistan . Song's beatifulll ❤,@LegandaLegandaryo,2025-04-12T17:10:16Z,0
"Wow, this lyric video is really impressive! I love the visuals and how they match Billie’s vibe. However, I can't help but feel that her newer stuff lacks the raw emotion that her earlier songs had. Maybe it’s just me, but I miss that depth in her lyrics.",@janyerdiaz,2025-05-04T17:07:03Z,0
This song was beautifully made almost unreal …Pisces energy how  artistically deep,@rosecoldasf,2025-01-04T09:55:50Z,0
Beat song shes ever made🩷,@DEADBEATDAUGHTER28,2025-06-15T04:27:10Z,0
"I'm on the toilet listening to your music. I work as a security guard, I make money — but don’t get me wrong, your music relaxes me and it’s the best. Because of it, I’m quitting alcohol and drugs… Maybe it sounds like a generic comment, but your music truly changed me. You’re the besttttt...",@AnibalRivera-ls5do,2025-07-01T00:29:21Z,0
People see lyric because they want to see words before song but here lyrics are late,@Kronix01-0,2025-07-09T15:02:54Z,0
"This song is so beautiful! I love its melody between sad and depressed, it's exciting. ❤",@mikelliluz2346,2025-08-09T17:25:10Z,0
Anyone doing the background vocals ❤,@Thebaddie-123,2025-04-03T19:45:50Z,0
giving vibess,@olgagloup,2025-03-22T14:32:08Z,0
Beautiful lyrics and heartfelt words and soothing music.  I had a best friend of the opposite sex and after 15 years our friendship just ended.  I miss our friendship and hobbies.  This song made me think about him.  No we didn’t cross that line.,@FlamingokGeorgia,2025-07-26T16:40:47Z,0
"Billie always has a unique way of capturing deep emotions through her music, and WILDFLOWER is no exception. The blend of her soft voice and atmospheric production creates such an introspective and immersive vibe. It's amazing how she can convey so much with so little. Truly a piece of art that makes you feel and think at the same time🌸✨",@krhis13,2025-01-26T16:35:48Z,0
"""Love"" is such a stupid thing and it's just an illusion, and the worst part is, I can't avoid myslef to crave for ""love"".",@SignoraMon1,2025-03-31T15:12:25Z,0
I’m so late I slept on this song untill I got heart broken and heard this song fully. The melody itself it’s hunting and sad really the only way that make me feel hopeless,@syukurabdullah9404,2025-06-21T20:28:46Z,0
3:09 you can hear her crying in the backing vocals,@Madscares03,2025-07-07T05:39:10Z,0
"Everytime i hear my daughter listening to this song, she says ""Timebomb Arcane vibes"". Does anyone know what that is?",@moewin8733,2025-05-01T00:54:55Z,0
The vibe is mellow 3:36,@SavalasMack,2024-12-31T21:17:28Z,0
love this vibe!,@BaoNgocNguyenTrong,2025-02-13T14:44:47Z,0
people emotions is crazy,@areej2240,2025-06-07T08:13:18Z,0
"This is November 2024 & this lyrics video : WILD FLOWER, by the rising star on the horizon of POP songs, BILLIE EILISH, is exceedingly emotional, exceptionally enthralling and exquisitely expressive. The singing is sentimental, spellbinding, soulful, sincere, sweet and simply spectacular. ❤❤❤❤❤❤",@kesharisuthar3268,2024-11-04T07:57:24Z,0
not me trying the back vocals 😔🤚🏽,@meysa760,2024-11-04T17:38:39Z,0
MY BIGGEST RED FLAG IS THINKING I HIT THESE NOTES,@zozo.zozo-3,2024-11-05T16:50:10Z,0
"This song is wonderful, it has a wonderful rhythm and it It has an incredible vibe, I love the singer too",@RayssaCoelho-k9w,2025-05-19T23:06:21Z,0
This song is heartfelt sad she’s having self love for her self lyrics deep she’s a good singer voice angelic and beautiful and heavenly she sings beautiful on here definitely just flowing nice,@ladeziumhall4032,2025-01-17T04:08:58Z,0
"i dont like the lyrics honestly , coz it doesnt match with my life but the voiceeee~~~~ I d like to see her singing worship songs",@tagadamian1584,2025-03-26T04:56:48Z,0
I'm not over it 😩❤ her voice and lyrics 🔥,@TheJaesh-jh8zi,2024-12-01T11:35:51Z,0
The lyrics is giving me a goosebumps❤😢,@Krisonsoraisham,2025-01-31T13:57:17Z,0
This beautiful but sorrowful song is powerful and packs quite an emotional punch. Brava Billie another hit well done.,@frankholt4325,2025-07-01T02:24:56Z,0
I love have Billie's old songs are like so hard and like not rlly emotional but her new songs r so calming and emotional and relatable i love them all smm ,@lm2-g2u,2025-01-31T08:41:22Z,0
the lyrics is a little to late,@flexadislilbro699,2025-06-27T06:30:06Z,0
This girls is something else..... The melody is so mmmmmmm.... Is a sex melody to enjoy the person you love...,@Stoicism-25,2025-07-01T23:00:24Z,0
"This has become my favorite song. I love everything about this song her voice, the lyrics and the melody",@mustafakemal7320,2025-02-16T16:29:20Z,0
"Everytime i lesten her song,I dive deep into my melancholy and slient phase",@samsunnahar1020,2025-02-11T14:38:29Z,0
"I love this song, it's has so much emotion in it.",@RasEclare,2025-05-19T10:04:56Z,0
The song is in my heart And I feel something deep in my heart 😿😿😿,@jkjk1730,2024-11-13T12:38:31Z,0
This song is genuinely one of my favorites of the album and it's because of the genuine EMOTION in it ❤ the emotion that you feel like you can vent to or just sing to if you don't want to vent mentally inside your head 😭❤,@Gracemarie4281,2025-02-20T04:56:02Z,0
What i notice from billie eilish songs is The quality of audio mastering. It's sounds really good even with YouTube 128kbps bitrate.,@ahmadfarizhidayat8945,2025-07-04T20:47:16Z,0
"This song is absolutely amazing❤. Story, Lyrics, Melody, Voice are brilliant. 🎉 You are amazing musician...❤",@dniechamidd_5121,2025-03-09T09:01:21Z,0
guys you should try listening this song in 1.25x speed fully different vibe specially at the end part,@sumitadebnath,2025-05-26T14:36:29Z,0
"The girl singing about the version of herself that you were once deeply in love with who was too happy and free to be bound by committment but now it's like a fever burning inside her of how things could have turned out but she'll never know, so she asks if you can still see the girl you once loved in the back of her eyes. But you've moved on now even though she still occupies most of your heart",@joelpaul7682,2025-01-16T16:19:34Z,0
Every lyrics of this song dive me deep into dark....,@sajminkhanam3946,2025-02-18T16:16:15Z,0
guys what are the chords for guitar im desperate please,@angxlkxssxs,2025-02-18T02:15:32Z,0
The wound from the father is deep,@hams16055,2025-06-27T19:28:49Z,0
1:07 the lyrics hit deep😢,@saurabshrestha4375,2025-03-10T11:22:04Z,0
"I’m acc so mad she didn’t get any Grammys.every single song had sm emotion,nd this is the only yr she acc felt like she deserved a Grammy..",@Lixiesdeadhair29,2025-02-17T16:22:22Z,0
can anyone tell me the deepest meaning of “did i cross the line” from this song lyric?,@ChieyelyahAK,2024-12-29T07:52:43Z,0
This song is so beautiful and the lyrics are extremely emotional. It makes me feel something i can't explain. I love it so much!!!!!!,@DuMpLiNg_GORL,2025-01-29T02:37:07Z,0
Wow this song cuts deep 😢,@Tom-l5o9q,2024-12-23T16:55:43Z,0
"every time i play this song, i always cry and go into a depressed state. it hurt's me so much physically, mentally and emotional just listening to this song. 100000000000/10. beautiful song that touches your heart really😔",@jakeblackwood-u1i7j,2025-06-19T10:24:40Z,0
She was crying on my shoulder finish lyrics,@AveryVanover-c5x,2024-12-26T01:10:41Z,0
"Ngl, I’m a kpop Stan. The thing is that Billie is the only artist I can listen to. She got the vibe I need.",@Kpopinadiffpace,2025-01-04T18:55:49Z,0
Your videos and voice is so beautiful and your voice is so deep and  I love uuuu😊😊❤❤❤❤❤❤❤❤❤,@amandafloyd1361,2025-04-08T04:04:08Z,0
Am i the only one hearing back vocals,@masahancic8957,2025-01-10T18:49:22Z,0
The fact that I never been in the same situation as this song but somehow cry every time I listen to this song should tell you how perfectly emotional this song is,@khatreh3735,2025-02-09T11:47:35Z,0
Deep ❤,@akmala8215,2024-12-31T01:07:27Z,0
It is talking about a story btw with her and her friend but the vibe just calms me,@ChloeManus,2025-03-17T11:17:52Z,0
crying because she’s changing the lyrics at her concerts to 'I CROSSED THE LINE' 😭,@nathaliecalderonmarin1644,2025-03-19T03:45:07Z,0
Cruise song vibes,@xochilmoreno3472,2025-04-03T04:17:43Z,0
"This song is giving me frank sinatra vibes, and idk why",@somegirl5293,2025-04-30T19:42:20Z,0
if she does make songs with lyrics that contains a story it's more enjoyable than regular songs,@snowman320,2025-02-22T01:11:15Z,0
"This song is hauntingly beautiful, capturing the complex emotions of guilt and regret with such raw honesty. It's amazing how Billie can turn personal struggles into something so universally relatable. Finneas' production is perfect for this kind of",@micielastraub,2025-04-16T12:20:24Z,0
My lyrics,@MelániNagy-z8q,2025-04-07T11:46:45Z,0
"The song is psychologically deep. I feel like I'm falling down to the bottom of the ocean when I listen. Along the way down, the fish that are swimming nearby are calling out to me and singing the song. Eilish really has a unique sound to her voice and her whispering quality makes me want to listen further. Or at least, listen more closely than I would for other songs. I read some context about the song, and I suppose there are some fan theories about how she is referring to both an ex-boyfriend and another ex-girlfriend of her ex-boyfriend. It seems to be a song where she is comforting the ex-girlfriend, but then also speaking directly to the ex-boyfriend about her own experiences having dated him. That really is a rich and provocative love triangle, especially how now some people think that she is friends with the ex-girlfriend. I'd give this song over all the very solid rating. I'm just not necessarily a big fan of Eilish's whispering and lulling me to sleep tonality. The song has a really rich meaning that I appreciate.",@Purple_Cat_97,2024-12-19T15:56:05Z,0
This song is so powerful❤ at 2:25 i see my younger self and it makes me wish i could go back and protect her from everything that happened to her i hope shes okay with the person i have become,@urbansprinkles1914,2025-03-11T23:06:56Z,0
"i advise all of you , don't visit egypte , because egypte is the worst country in the world 🛑🛑🛑🛑🛑Don't buy egyptian products because the egyptian products cause health problems 🛑🛑🛑🛑",@ibrahemsaeed-x1j,2025-08-09T19:33:18Z,0
"How can a song hurt so much and be beautiful at the same time? I like the part where the lyrics are  ""did i crossed the line?""",@AthenaCabillaje,2025-04-29T07:53:39Z,0
This song is literally my emotional downfall …❤️‍🩹,@Binsiya-o6h,2025-03-19T15:14:42Z,0
I do not even need the lyrics,@MiaMunoz-n9r,2025-06-21T02:47:05Z,0
She's so amazing the way she expresses her emotions by singing   1:44,@Lifeis-n8m,2025-01-25T22:48:12Z,0
Can you translate the lyrics into Khmer?,@likemusic208,2024-12-21T15:27:00Z,0
The most beautiful thing and the most beautiful feeling in the universe 😢,@Yamatch-d4d6o,2025-08-02T10:23:53Z,0
Billie songs are so emotional ❤,@Meriem003,2025-02-07T00:25:31Z,0
every step is painful when your intentions and heart is pure.people love to play with pure heart until it turn into coldstone.,@Mr.DeepukMeme,2025-02-06T16:57:35Z,0
"3:03 THIS THIS THIS ! Something super extraordinary sound effect whatever is that pure ART ! When she is do UUUUU this is where peak music. Its crazy that you can hear only good with bass effect. This part makes me thinking and inspiring. Idk how to express my emotions but this is really good. She is super cool but she really doesn’t know or not enough to be good for her. Billie wish I could meet you one day. You don’t know how lovely you are. You think is not enough maybe but you are already cross the finish line. You are too far away and you can even see anything. Anyway you are good too be true ( for me at least) I truly love u no matter what you said or gonna say. This words not even bacteria for you but maybe you can see in front of you, then realized how lovely you are…",@DDXIII,2025-08-07T00:55:40Z,0
This song gives emotional vibes,@EllaMcEwensuperchannel,2025-07-28T11:28:48Z,0
the high notes 😮❤,@herwrath999,2025-03-15T06:40:48Z,0
A song that makes you feel mixed emotions,@Yusuftunce,2025-05-11T17:42:53Z,0
Her vocals,@zaya9365,2025-06-02T19:34:10Z,0
The way every Billie fans know all the lyrics 😢 0:48,@Welcome.girlies,2025-06-03T06:37:12Z,0
"The lyrics are so amazing, heartfelt, sad.    Makes me think of my ex..  miss her Everday",@ToddJumper,2025-06-17T10:53:38Z,0
"as a old billie fan (From the SoundCloud days) this is one of the only modern songs form her that I enjoy. Not because the other songs are bad, they're not. Theyre just not my type. I really like the raw vocals in this song and how it reminds me of her old songs that are a reflection of her songs in the past",@chaeripie888,2025-05-15T00:50:07Z,0
The back vocals🥶,@sunlight638,2025-01-20T09:07:24Z,0
I don’t fucking understand the lyrics can someone tell me,@KageKso,2024-12-12T01:12:51Z,0
You guys need to go listen to the track of just her background vocals of this song and then relisten to this. The depth and emotion elevates to an insane level.,@all_I_see_is_green,2025-01-08T04:02:25Z,0
Too hard to tolerate this song for those who understand the lyrics :'),@othoyyyyy2659,2025-03-24T15:12:29Z,0
I love songs that hurt even if i haven't been  through the same thing or emotions THE BEAUTY OF ART,@zey8952,2025-08-02T18:35:39Z,0
Moving from listening to phonk to sad melody like this type,@Smashpedal,2025-05-21T19:34:08Z,0
My fav song the beat 😢,@JenniferMitchell-l3c,2025-07-18T17:58:17Z,0
Beatful,@naziraYuldashovna0405,2025-07-15T16:45:32Z,0
"When life is kinda not smooth and full of hitches and pain, lyrics like these were born",@Aueesha,2025-03-24T08:27:03Z,0
Damn that’s deep,@pancake_bananaz,2025-08-09T11:45:25Z,0
Guys I'm looking for 1 of her songs but I forgot the name can U help me? One of the lyrics is *İn a hospital bed I remember u said.* I forgot the rest,@mberry77,2025-04-13T18:39:33Z,0
"A masterpiece like this truly deserves more recognition. Billie poured so much emotion and beauty into Wildflower, yet sometimes the Grammys overlook gems like this. But the real award comes from us, the listeners who feel every lyric and melody. Who else thinks this song should have won?",@reynaldiXXX,2025-03-04T14:47:34Z,0
This song is one of the worst ive ever seen im dying laughing 😂😂,@Leeec_1,2025-02-21T13:04:42Z,0
"Joined 4ra’s VIP club, the perks are just unbeatable! 💎👑",@DARRONHayes-i2e,2025-02-15T04:51:32Z,0
This song is just so nostalgic...😢❤️‍🩹🥀a masterpiece...~,@El...e..n,2025-03-23T18:52:33Z,0
"I still listen to this song every day. The worst part is that I can relate to it because my ex cheated his new girlfriend with me. I couldn't stop thinking about her while I was with him because she was so nice, so sweet and young. I know I should put it all behind me, but I still think about it every time I listen to this song.",@fouyer,2025-02-01T00:17:39Z,0
I feel the lyrics,@Ellaeslaniña,2025-05-21T01:54:14Z,0
Her voice hurts my feelings more than lyrics,@Third_eyye,2025-07-02T14:24:57Z,0
I'm going to be honest - I used to not like Billie Eilish as a kid but now that I'm a teenager I understand her music more and it speaks to me in such unexplainable ways.Her music is melancholic and sad - but I like that about her - she expresses all the emotions and feelings through her writing without caring if it's too sad or depressing to some people.And that is true art and true talent in my opinion - the expression of true emotions without fear or judgement.Just being sad and understanding that sadness is sometimes better than happiness.Sadness teaches us so many things happiness can't.And many famous people have gone through so much trauma only to come back stronger.I finally understand Billie and her music and I'm really grateful that her songs are sincere and truthful without faking happiness or optimism - just pure melancholy and grief that is slowly teaching us some lessons.,@zoranmiskic9406,2024-12-25T21:46:51Z,0
Temporal,@Ly-Anne-h9w,2025-01-23T23:45:55Z,0
3:55 I feel like myself in a deep ocean at night under the moon light alone and that song listen to it from my heart,@Sissi-t3e,2025-01-09T22:43:13Z,0
"I'M HERE FROM TIK TOK, THERE THEY CHANGED THE LYRICS ""DID I CROSS THE LINE?"" TO ""I CROSS THE LINE"" AND I DON'T UNDERSTAND WHY!!!!",@AdelinaPăduraru-d2f,2025-01-04T11:37:12Z,0
The vibe is like smooth,@Sophia_ate,2025-01-01T23:23:19Z,0
"This sound, like ...o dont know....like heaven....a deeplest and blue heaven ,🥺",@feliciaperez989,2024-12-12T16:06:09Z,0
1:49  the beat part ....!💔,@جيني-ش8ت,2025-03-11T09:07:03Z,0
"This music has a calm and relaxing vibe. The lyrics are really deep, talking about finding freedom and peace. She has a soft and soothing voice, wich makes the song even more emotional. It's one my favorite song because it helps feel calm and think about life in a simpler way ! :p",@userrahma,2024-12-08T20:39:27Z,0
Lyrics kills...,@sakeebmalik,2025-04-23T17:24:30Z,0
My fav melody❤❤Love you Billie,@wonderful.iuly___,2025-01-10T12:09:00Z,0
"Am I the only one who hears the back vocals,only if u listen closely",@24hofKauja-Zoey,2024-11-30T14:37:44Z,0
So deep😢,@ILhamBoy-c2z,2025-05-09T06:55:08Z,0
Love the song 🎶 and the lyrics,@stevina653,2024-11-22T20:21:19Z,0
THE VOCALS,@x_i.love.tim.burton_x,2024-11-20T10:11:23Z,0
I can't reason when I hear Billie Eilish's voice my heart beats and especially this song my heart starts beating fast💔,@رقيةحسين-ف8خ,2025-07-29T17:29:36Z,0
The  vocals are from another world album of the year,@vasilispigis7541,2024-11-12T22:39:18Z,0
This is gonna be my ringtone idk how but it is,@Imnot_dria,2024-11-04T05:18:18Z,0
