comment,user_name,date,likes
This beat is absolutely insane,@PTClipsYT,2024-02-28T01:41:05Z,4197
Whoever made this beat…👌💪🏽,@marissachapman1022,2024-03-29T23:18:10Z,821
Tiller is chill as fuck.. I saw him deep in the comments of a BMW video on IG reels just talking to people about his E30… Just a normal dude with a talent that brings along fans,@BMWF30-416,2024-02-23T02:41:19Z,771
This song doesn't give thug attire. It gives rich sugar daddy in high fashion vibes.,@rabthamyad8702,2024-02-25T17:23:34Z,532
The beat is addicting as hell 🔥 one of my fav tiller joints rn,@spooku5495,2024-04-24T02:52:18Z,321
0:20  as soon as I heard the beat drop I was like oh hell yeah,@Heartz_shalisa11,2024-04-19T19:40:20Z,175
"I don’t know what it is about this beat, but it’s so intoxicating",@Chesterfield99,2024-03-22T02:15:01Z,65
This song goes so HARD🔥 99.99%  of every sexy females will vibe to this joint !✅,@jafetcedeno1929,2024-02-18T22:24:10Z,58
The beat different af 😤🔥,@djalbo,2024-02-18T13:54:36Z,41
"this song hard asl. Directly into my rotation playlist, nd i love this beat",@ealvarado11,2024-02-18T23:03:57Z,28
Vegas…. 2023 after hours vibes,@JussRuss,2024-02-16T14:30:06Z,27
Bryson tiller is so diverse. This is what we been waiting for. That true to self vibe. Singing and rapping.,@ItsNUTTIE.B,2024-03-04T05:05:04Z,17
This beat go crazy 🔥🔥🔥,@XKLOSANGELES,2024-02-17T11:11:56Z,17
This beat so 🔥🔥🔥🔥🔥🔥🔥🔥,@yerskrt7252,2024-03-07T05:20:06Z,17
This beat deserves more than 2:45 🔥🔥🔥🔥,@HarlemsFinest85,2024-07-27T04:15:56Z,15
THE FLOW 🔥💯🎼🔊 and Beat 🔥🎼💯🔊,@deangeneral7640,2024-06-12T20:16:37Z,14
Tiller on a flint beat is cold 🔥,@ArodMadeThat,2024-02-17T17:58:34Z,13
The Beat Slappin!,@garyjackson7755,2024-08-08T17:37:56Z,13
This beat is sick 🔥🔥. 2025 ❤🤞🏽,@michaelasmalls6489,2025-01-09T01:54:54Z,11
"Love the song but I wish the video could have matched the vibe of it. Like instead of having random fashion nova women twerking in a studio why not put some video vixens in with them driving nice cars, getting their money, shots of them walking in the city, etc like how they did in the early 2000s. Idk I feel like the video had potential and could have had more thought put into it.",@jtwinny4105FE2,2024-03-08T09:08:49Z,9
This beat is crazy.,@jltt2203,2024-03-31T19:13:28Z,9
This song been on repeat omfggg😫. & the beat so hard,@fendiitati,2024-02-21T00:57:08Z,8
Ain’t this the same guy who had a verse on wild thoughts?,@Lukas.eoa3,2024-12-18T00:48:32Z,7
Beat is IMMACULATE,@erickwilliam6795,2024-05-17T17:10:08Z,7
The.  Beat.  Is.      Sickkkk,@bridgetgales7743,2025-05-10T18:14:33Z,6
"Bryson know how to make music that touch my soul , music I could vibe",@Iam_uz,2024-10-23T00:03:54Z,6
"@BrysonTiller…Aye, @OfficialWunTaykTimmy SMOKED YOUR AZZ ON THIS BEAT!!! 🤣😮‍💨🤣😮‍💨🤣😮‍💨🤣😮‍💨    🤗🤗🤗🤗🤗🤗🤗🤗🤗🤗🤗🤗🤗🤗🤗🤗🤗🤗🤗🤗🤗!!!🫵🏻 SUCK BIG DONKEY BALLS 🤗🫵🏻!!!🤗🤗🤗🤗🤗🤗🤗🤗🤗🤗           💯🤷🏻‍♀️💯🤷🏻‍♀️💯",@GetAGripRecords2,2024-10-27T17:00:46Z,5
Beat is neeasssttttyyyy ✨,@Oshunn17,2024-10-08T01:49:10Z,3
2024 Simp Anthem. Beat is straight 🔥.,@timwood5518,2024-03-05T16:35:18Z,3
"Aint gonna lie this song is forgettable,  but breezy made it dope and saved this song",@superman4ever101,2024-07-04T00:13:45Z,3
Bro got a crazy flow wit this beat should have been longer 🔥✌🏽,@skiharris2164,2024-04-15T19:06:19Z,3
This beat goes crazy🔥🔥🔥🔥,@danicewray5187,2024-06-28T21:58:02Z,3
This that vibe man,@beastlaser9611,2024-10-19T14:28:32Z,3
who made that beatttt!!!!👌🔥🔥🔥,@rayden_xx4006,2024-03-25T03:38:50Z,2
"Sad to see someone go from someone who made a career off being so deeply in love w someone, to a dude that's bitter asl and wearing a balaclava cosplaying a man he clearly isn't.",@MrBeastknows,2024-03-01T04:52:55Z,2
J classic beat?,@yungnicc127,2025-01-26T14:48:37Z,2
"Beat nice but, this the most simp music of the year 😂",@shawnjackson7407,2024-06-04T14:28:48Z,2
I love this song but lyrics are some simp nigha shit.,@laughtherapey,2024-05-04T12:40:04Z,2
It's the beat for me 🔥,@Baedae954,2024-04-23T15:02:35Z,2
Bryson on a detroit type beat = perfection fr💯👌,@nickherrera577,2024-05-24T02:43:27Z,2
The beat & hook on this is fire 🔥....this is dope as f**ck 😊,@deebknyc0985,2024-07-24T04:45:30Z,2
Der Anfang …..dieser Beat 🔥🔥🔥🔥,@Diljan77,2025-05-22T12:12:24Z,2
2005 vibes 🔥,@alancampos8906,2024-07-04T23:41:35Z,2
Still ❤vibe,@4theniteBeats,2024-03-20T04:35:12Z,2
Something for all the simps and gold diggers to vibe to.,@JordanLove-hc1ul,2024-02-20T03:00:05Z,2
Play this driving with your girl vibes,@Dannie92YES100,2024-09-25T04:07:00Z,2
12:12 highway vibe,@EverettLofton-y6c,2025-04-28T17:12:40Z,2
He demolished this beat 🎉🔥 bring the fucking fire extinguisher,@williamchandler6099,2024-04-18T19:25:42Z,2
Beat 🔥🔥🔥🔥🔥🔥🔥🔥🔥🔥🔥🔥🔥,@pedromelo5299,2025-01-08T07:01:35Z,2
The hardest beat I heard in awhile,@AndreDevereaux,2024-06-17T07:15:57Z,2
"This is catchy enough for you to keep replaying this song even if it's just at the back of your mind. Not heard much from this artist, but from what I could tell, this is a vibe from start to finish. Maybe it's because of the beat. Like you just can't listen to it one time.",@sophiaisabelle0,2024-06-17T10:00:26Z,2
Bryson can't rap for shit. This song is annoying,@RoxannaReyes-y6s,2024-10-08T22:06:13Z,2
That Beat damn 🥵,@g_hoody_g417,2024-10-18T10:50:58Z,2
This beat is hard AF,@Omar-iy3il,2024-04-27T19:43:18Z,1
Son sound mad stupid with double  ad lib on every vocal rookie. What do you expect though even catch me outside how about that is a rich rapper shit I might come out with a hit tomorrow this shit is too easy. It ain’t nothing to dumb it down forya.,@ALLNBAGOLDSTANDERD,2025-01-13T17:40:32Z,1
This song is proof that Bryson in a different bag then Brent faiyaz bc I’m so sorry Brent wouldn’t know what to do with this beat 😅,@adrondickerson4695,2024-05-24T20:49:01Z,1
This beat is so serious.  I love it.,@kojenwa,2024-06-24T16:27:57Z,1
"The beat , the lyrics , the ass all good🔥",@darrellbrown633,2024-03-23T10:22:21Z,1
I can feel some Canserbero’s vibes in this song’s intro. Bryson Tiller killing it again🔥✨,@Williamvlogs97,2024-03-24T19:03:13Z,1
Just wanted to let you know I’m finna remix this cold ass beat and murder this shit like a episode of happy tree friends💯💯🔥,@thirteentv5324,2024-03-25T22:45:32Z,1
"the beat kinda feels like flashing lights, IM NOT CRAZY",@feljemuro,2025-01-13T20:33:57Z,1
The beat is 🔥🔥🔥 The rest is 💩,@great159,2024-05-13T15:09:12Z,1
"This song made me want to go buy my bitches some stones, gold and diamonds lmao this shit a vibe",@Ryanbarryplaylist,2024-08-20T07:50:08Z,1
Imagine a remix with all the RnB niggas on this beat like 7 mins long,@MontelHouston,2024-07-25T05:57:37Z,1
This giving me Babyface ray vibes,@marvinwilson2953,2024-03-16T02:07:18Z,1
The dream I love yo girl vibes if yk yk,@GrandKash,2024-03-15T03:37:11Z,1
Beat is hard AF. Lyrics weak,@vasquca1,2024-03-08T19:51:53Z,1
This song is in my head all day Jesus Bryson is surfing on that beat,@efthimisb34,2025-05-16T21:02:38Z,1
The beat rattles my house,@Ben-rx2du,2024-05-05T13:14:33Z,1
I like this new vibe from Bryson,@SilverSinclair-fy1cn,2024-03-07T07:49:06Z,1
I am praying for Bryson. His songs are usually based off deep feelings. This seems like everyone moving off pain. And masking it with whor3 of Babylon and jazzebel. Money. And drugs. Even if you say you not tired. This gets old. Your spirit craves father and christ. I pray for you to come home. AMEN 🙏🏼❤️🙌🏼🙌🏼✝️,@alexistaylor7483,2024-03-21T22:08:43Z,1
Been a while since I listened to American music it has been Afrobeats all through but this is a vibe!,@kelvinkamau6856,2024-04-07T21:02:27Z,1
That beat and I love his accent 🔥💜💜💜,@Tremaineswife,2024-02-16T20:30:58Z,1
That's my dude he can do any beat 🔥,@mekesaalexander8333,2024-03-24T21:57:38Z,1
Oh 🤯💥He still snow 🏂 skiing over beats #sorryIeverDoubtedyou 🎧💥🎶,@CMARIEAND,2024-02-16T22:42:14Z,1
Detroit beat go hard! Need babyface ray on thsi,@Calhune,2024-02-29T18:51:51Z,1
Bro tell me why this give dream and jeezy vibe from that one song 🎵 🤔,@GrandKash,2024-03-15T03:34:54Z,1
🔥🔥🎶vibes is up ..🔥,@priorityradiotvpxtra1296,2024-02-19T00:01:16Z,1
Damn dat beat 😅got me hype as fuk at 4am for work,@300money4,2024-06-25T08:16:34Z,1
RNB artist on Detroit🔥🙏😂beats,@mxmillo1303,2024-02-19T11:20:31Z,1
Nigga Bryson tiller rapping on a lil bucks beat 😂😂 no way,@KayGrimmzDaG,2025-07-04T00:45:09Z,1
this beat is hard asf,@amar-ks7989,2024-03-02T00:19:40Z,1
"The way he comes on the beat😮‍💨😮‍💨 Lovee tiller, been waiting for a new single🥰",@secretchanel4003,2024-02-17T19:44:13Z,1
Damn man...where can we send our beats  Bryson? 😭 I promise you that you want regret it.  Fuck the money I just want to put in work man and get this child support taking care of. Feeling like a failure right now and this 9to5 just isn't enough.,@DaChillSpot-MacMechi,2024-04-07T21:17:21Z,1
This beat knock like POLICE at 6am 🙋🏾‍♂️🚔🚓,@gunnarstorm,2024-03-03T15:22:54Z,1
That nail verse ❤🎉,@opinionsfromoutwest,2024-03-25T06:46:13Z,1
I like this beat the melody but not this Bryson Tiller,@RR-dh4jh,2024-02-15T22:58:34Z,1
This beat sounds like my song lol I like it tho🎉,@prettyriott,2024-03-29T03:45:24Z,1
Sounds like….. soft rap music… like r&b and rap mixed together. Like a soft aggression type of rap and R&B. Not bad! Like is a different vibe low key! O k Tiller!,@breanac3305,2024-03-31T05:04:22Z,1
"Love it, she brought back that old school beat and vibe",@adrianwalker6514,2025-01-17T17:49:17Z,1
This beat GO SO HARD but you know tiller 🔥,@brend3887,2025-01-27T02:02:14Z,1
This that simp music.. can't vibe with this 👎🏽,@BigMain,2024-03-23T00:35:43Z,1
This beat is hot 🔥,@brittthecancerqueenempress9137,2024-09-15T00:18:40Z,1
Beat go crazy 😮,@Jordan-r3g6i,2024-03-17T19:39:14Z,1
"I love what they did with this beat ... I bet a lot of people didn't even notice the sample! That's ""doin it well"" - lol cool j!!!!!!!",@Mypod2cast,2024-05-08T15:02:54Z,1
What instrument what used for the beat ?,@jakxjakdiesel,2024-04-10T01:36:24Z,1
Tiller goes insane on this detroit beat 💯🔥,@erenskii,2024-02-17T00:17:14Z,1
This the vibe drake supposed to be kickin.. not beefing with kendrick .,@BrandNewHipHop-h8k,2024-09-11T02:17:07Z,1
"This is a good beat, wonderful job.",@matthewrivas8753,2024-05-08T01:24:41Z,1
Since Body in motion and his verse in wild thought I became a fan of his music ❤,@_zee_2.0,2024-03-20T09:42:50Z,1
Fucking beat crazy,@blk7012E,2024-03-13T02:46:49Z,1
Beat hits hard ❤,@mithun_perera,2024-07-12T14:27:34Z,1
This is giving me first album vibes🔥🔥🔥🔥  love that album and this song is definitely it,@jackievybz1527,2024-02-19T23:29:53Z,1
The beat so hard 😭🙏🏽,@gliz4y760,2024-04-26T09:20:24Z,1
Beat is awesome something about the intro,@adamburnham1311,2025-01-07T12:41:35Z,1
"Liked the best first b4 the lyrics , it's littttt❤❤❤😂",@londimadlala4141,2025-05-29T11:55:35Z,1
Giving me real Nipsy Hustle flow and vibe here.,@nursejoeyluc,2024-03-12T04:36:08Z,1
"I love the song, the video, the theme, the vibe. I love it",@kaytsaeso,2024-02-17T12:55:20Z,1
Need more music like this in 2024. Straight vibe.,@rodneycarr2972,2024-05-24T04:25:19Z,1
Beat go superrrrr crazy 🔥🔥🔥,@ak47buckshot,2024-02-18T11:55:43Z,1
This sounds similar to another beat I’ve heard before I can’t think of the song. But this shit cold,@ImStarRose,2024-04-17T23:19:11Z,1
i love this vibe,@CantLetYouGo-m1v,2024-11-13T23:14:05Z,1
This beat 🔥🔥🔥,@itsaprilmichelle,2024-03-10T21:23:07Z,1
Bryson in a detroit beat it's crazy,@ultrxlxser,2024-02-17T07:19:59Z,1
Yo this is the beat from lil bucks- perc 10 🤨🤨,@9inetap,2024-03-11T01:38:03Z,1
I love Bryson tiller and this song deep. He’s talented.,@daphniebritton7926,2024-03-20T06:10:44Z,1
This song and beat is fire,@nasirlSteptoe,2024-05-10T21:08:15Z,1
Beat hard ASF 🔥🔥💯,@JVipper14,2024-10-03T01:59:05Z,1
Dean blunt type beat,@punt2263,2025-01-24T04:15:01Z,1
Detroit type beat🔥🫨,@traphousemike1882,2024-02-18T19:29:45Z,1
"Cadillac don , inside peanut butter outside jelly vibes",@albertogoicoechea8606,2025-02-25T06:55:05Z,0
Trash . Wasted beat,@allensingleton9162,2024-05-22T18:34:55Z,0
"bryson tiller back at it with another one, this is a summer vibe fasholy 🔥🎯💫",@saucyallenn,2024-02-25T02:40:58Z,0
This has like 2016 vibes,@swahzi,2024-08-11T07:45:02Z,0
Most repetitive chorus ever. So annoying 🤦‍♂️😂,@kevmk2,2024-05-21T15:07:16Z,0
Give this beat back to Rio Da Yung OG,@Masculineforcedaily,2024-05-14T11:38:21Z,0
Niggas stole  this beat from lil bucks,@brycegreene755,2024-05-25T15:17:38Z,0
Sing the same verse twice....Kendrick make this man look like a beginner.😅😅😅,@johnsims2293,2024-05-14T17:37:21Z,0
Dats a Miami beat no flex idgaf what any one says lol what all hear are my Zoe’s in the back drilling they story,@JaimeAlex-c9d,2024-02-22T19:30:20Z,0
this beat is fire as fuck and brysons like a mailman the way that guy delivers 💯,@jdub4hunnid,2024-02-25T06:21:34Z,0
Glorilla's verse go hard lol,@elliannasmith3763,2024-12-16T22:06:16Z,0
I love this beat,@ronnybeny4284,2024-05-17T16:33:41Z,0
Breezy vibes,@brent5618,2024-03-01T03:36:37Z,0
Nothing like violins on a hip hop beat. Always a smash! 🔥🔥🔥,@onmyshyt247,2024-06-05T17:02:47Z,0
This is the most unfair truth. Why is vagina so powerful and why are men so drawn to it? What if we had strength to deny it?🤔🧐,@Blakeness-x3t,2024-09-10T10:11:16Z,0
not enough beat,@charles5697,2024-03-16T12:08:55Z,0
He should’ve used the “whatever you want by Tony toni and tone” instrumental 🔥🔥 🔥,@herwaybackup,2024-09-06T01:08:05Z,0
"I'm sorry, I know the song is called Whatever She Want, the 2nd verse was hard and the video visuals are dope but carrying 6 big ass bags full of shit u bought her, opening the door 4 her and this bih cant even carry 1 bag is crazy 2 me. He look goofy af at that part.",@TheGhostVillain,2024-02-17T19:57:49Z,0
"Awful, awful video. Bordering on shameful.",@user-zf9en2lt4m,2024-05-02T03:09:14Z,0
R&b nikka wit rapper vibes,@brandonstanley2777,2024-07-04T15:06:14Z,0
This beat hard af,@korruptnovellst4751,2024-02-21T18:05:53Z,0
I love your song it's a whole vibe ❤,@victoriawilliams4506,2024-07-25T16:39:02Z,0
I fux with the song just not the lyrics,@nickperez7652,2024-03-02T17:35:00Z,0
The beat definitely go off,@pussyfairy2057,2024-04-09T13:18:51Z,0
We need another 1! Singing flow with a harder beat. 🤘,@raymondtr23,2024-07-04T03:54:24Z,0
This beat hard AF!,@MatsobaneKekana-we6su,2024-07-30T16:37:11Z,0
This a Summer vibe 🪡🧵,@TableBook,2024-03-08T21:21:09Z,0
nah this song is so bad i dont even get the vibe,@HaalandThunder,2024-08-11T07:36:45Z,0
1:48 😍😍😍😍 When The Beat Finna Drop W Da Assss,@MiahMillz,2024-09-19T00:24:44Z,0
My man tiller on a flint /yn jay type beat,@murrellanderson156,2024-02-19T02:27:38Z,0
This beat is nuts!!!,@VictoriaHilton43,2024-06-06T00:22:33Z,0
This song was stolen by me I been had this beat and song,@Realvictoriaj,2024-03-02T12:25:03Z,0
I had to pull it up 😂😂 … French verse weak asf 🤮,@broadieentertainment4405,2025-07-16T22:08:10Z,0
Vocally my soulmate possess that same sunlight,@DavyonJenkins-k3f,2025-07-29T02:34:36Z,0
WHY IS YN JAY NOT ON THIS BEAT DAMMIT,@purrp96,2025-03-30T21:07:44Z,0
I need another verse on here it's to short,@harleighterry5685,2024-06-04T16:15:29Z,0
The song is catchy but he sounds wimpy complaining about her but he still buying her whatever she wants these lyrics better so he didn't sound like a CHUMP SUCKAA!,@jay-quinthunder7967,2024-06-30T20:56:22Z,0
Tiller on a Flint beat 🔥🔥🔥🔥,@icebeatz269,2024-05-16T20:53:24Z,0
This beat is legendary,@ft_veer,2024-09-01T17:13:39Z,0
Is it me or does Weezy voice sound younger on this remix?! If you listen to Wayne now or in 2024 his voice is much deeper. Idk Weezy delivered as always. I'm ready for Carter 6.😱✌🏾💪🏾,@MannyTooStrong,2025-02-24T15:18:50Z,0
The beat go crazy 🔥🔥,@manitv3436,2024-03-04T00:32:41Z,0
Lil bucks used this beat before you goofy,@fuckupsomecommas,2024-09-09T20:10:42Z,0
This beat so 🔥🔥🔥 the lyrics makes it even more 🔥,@coonboi24,2025-08-02T21:44:32Z,0
Pharrell beat?,@wtyree103,2024-03-13T22:40:53Z,0
A vibe 🔥🔥,@swaggerdagod,2024-02-26T16:09:45Z,0
One of the worst songs in this century. Idk how the plays are coming in 2024 still,@johnalmighty,2024-06-06T12:47:37Z,0
Bryson Tiller on a Enrgy type beat is not what I expected in 2024,@orewayasuke888,2024-02-25T21:40:47Z,0
IMA BE BUMPIN THIS BEAT 10 YEARS LATER,@nadir2K11,2024-06-02T13:57:09Z,0
This beat is so generic. Like I hear it on almost every other song. Like the rhythm and everything. Does anybody know what type of 808 is this?,@tylersortia292,2024-02-18T07:58:46Z,0
I was here for it then i seen NO DARK TONE WOMEN,@MONEYYYNT,2024-02-17T23:35:59Z,0
"Nahhhhh I'm mad as FUCK bc if he would've added that slow + reverb ""whatever she want"" at the end of this song like he did the audio version before the song ended would've been PERFECT!! It's the cherry on top of the song.",@dymondbabyyy2625,2024-02-17T20:58:23Z,0
This is a beat from YouTube … illegal killed this shit 🔥,@christiandiaz2423,2024-02-17T19:21:16Z,0
This shit so fire idk if anyone remember way back i swear casey veggies sampled this same beat but i cant find it,@jgreen6142,2024-08-17T07:25:31Z,0
My boii Neva miss a beat .. been fire 🔥 since sounder days 💪🏽💯,@vyronicaevans1801,2024-02-19T09:57:41Z,0
Yb got this beat from a philly rapper 🤦🏾‍♂️,@Yxngaj167,2024-02-21T15:19:51Z,0
I cannot stop listen to the song and Bryson Tiller this song is mad fire 🔥 like where you get this beat from it’s hard 🔥🔥🔥🔥🔥🔥💓,@naryed,2024-05-17T00:32:24Z,0
I’m about to go eat this beat up real quick,@RNBKINGOFOHIO,2024-02-16T23:45:05Z,0
Beat go harddddd thooo,@thecmadld9245,2024-02-16T22:53:00Z,0
this song so catchy,@jwverse,2024-02-16T18:06:46Z,0
Who would’ve thought that Pen Griffey on a DETROIT beat would be 🔥🔥🔥🔥🔥🔥🔥🧯🧯🧯🧯🧯🧯🧯,@ShawnGhanz,2024-02-16T16:33:11Z,0
Bro killed it..beat is sick but I think someone need to freestyle this beat,@KaidenGovender,2024-08-30T18:51:36Z,0
What type beat is this,@abgmo21,2024-02-19T03:32:23Z,0
bro...the beat fire...not to mention you skated on it,@swiggageovanni.,2024-02-16T05:55:08Z,0
Soundcloud rapper ahh beat 😂,@cena7894,2024-02-16T02:30:49Z,0
Drake vibes but I ain’t mad at it!!! I love this,@Keviekev115,2024-02-16T02:27:27Z,0
This song is legendary. Its an art work of excellence Tiller is fully goated now he always been like this and now he even raping with vocals 😭😭🔥🔥🔥🔥,@thabomarate1656,2024-02-25T07:51:14Z,0
damn im in loooooeve ....vibes💥💥💥💥,@tinahnyambs1863,2024-02-19T08:30:46Z,0
Who beat,@TRIMiloveyou,2024-02-26T11:31:46Z,0
Any other songs like this? The beat is remind of Detroit 🔥🔥🔥,@Fonzy97,2024-02-27T05:37:21Z,0
Is this Valentinos Slow Down but in reverse in the beat sample?,@trafalgar47official66,2024-05-06T09:26:36Z,0
This beat go hard whoever don’t like this is on crack,@Rizzler-qb9ow,2024-05-15T02:25:54Z,0
It’s giving me sorry not sorry vibes,@signingoffbye,2024-02-25T16:55:39Z,0
So he didnt steal lil bucks beat😂🤣🤣🤣,@TymunnaMunna,2024-05-04T19:38:39Z,0
"Everytime I hear the beat come in that shit make me wanna dance and ont dance, Boahhh Boahhh Boahhh!!!!!",@daniellekirkland3899,2024-04-22T03:21:28Z,0
🔥🔥🔥🔥🔥 SO MUCH LUV 4 LUCCI POSTIVE VIBES,@londonstar7763,2025-05-27T04:07:57Z,0
so this beat dont sound similar to pretty face by tory ?,@BrettLou,2024-02-19T14:38:50Z,0
"just dropped a song , made the beats , wrote the lyrics , let me know what yall think https://youtu.be/HCK8pXcnRiY?si=yz_lNfHekb6GXM2t thanks in advance 😊😊",@beatboxcing,2024-03-16T18:28:13Z,0
Here for the beat❤,@ladyhaireffect,2024-05-18T20:18:07Z,0
"I just won tickets on the radio to his concert, now I’m rethinking? Excited to see how he sounds live.Autotune orrrrr..",@Heyo_Lameo,2024-06-18T08:06:36Z,0
Beat hypnotizing reminds me of Mario - Somebody else ft. Nicki n J Cole (Hunger On Hill Side). .i could hear Bobby Valentino on a beat like dis..song 🔥 but sum reason playin on a speaker n out loud its missin sumn,@Noemyskillz,2024-02-26T07:42:02Z,0
Bryson Tiller on a Michigan beat is crazyyyyy,@thehairplug811,2024-03-17T04:47:49Z,0
Nice melody...Vanity Music.... The MOST HIGH WILL BE DOING ALOT OF KILLING  SUMMER 24'.... JUST LIKE 2020💀🔥💯      DONT BELIEVE  ME?....JUST WATCH 🙌🏾!    BABYLON THE GREAT 🇺🇸 WILL BE DESTROYED  ISAIAH CHAPTER 24 KJV 🔥🔥🔥🔥🔥🔥🔥🔥🔥🔥🔥 - @YAHAWAHCHILD,@the7miledoggboss444,2024-03-22T08:24:12Z,0
Everything bout this song is so catchy.  I play it on loop every day when I'm getting ready for work. Keep up the good work Bryson. This song is on 🔥 🔥 🔥,@SteveHolley-kf4rj,2024-06-05T19:37:56Z,0
This beat gives out the  same vibes as Pizza- Blodia,@adolftrump3195,2024-03-26T14:43:16Z,0
Still here 2025. Slightly loyal and nostalgic,@sureshotjeff,2025-01-02T06:30:56Z,0
WHO MADE THE BEAT THO!?!?!?!?!?!!,@mylesmikieal,2024-02-25T01:25:45Z,0
This screams detroit beat,@mrkanaan313,2024-06-08T02:33:31Z,0
"My man played this song for me the other day after me asking him for a compliment 😂 he’s really bad at expressing his emotions but, this song definitely describes my bougie spoiled ass 🤣🤣 and I definitely get whatever I want, so I guess it’s valid 🤷🏽‍♀️",@MindTheBusinessThatPaysYou,2025-04-15T04:58:50Z,0
Whoever made that beat 🐐🐐,@MrKillsAlot12,2024-10-17T03:31:57Z,0
He beat Boston snitchy when it comes to tricking 😂😂😂,@djreggieduffleduffle3488,2024-05-17T16:42:42Z,0
THE JACKA VIBES IN THE BEGINNING. 🤍,@ehndaaz,2024-03-08T06:05:02Z,0
I like this beat!,@moonlightspecial1861,2024-02-28T05:43:28Z,0
We need a remix or another verse on god get Chris brown on thiy,@JamesJohnson-jj2pk,2024-06-01T03:12:14Z,0
This my beat even if bro bought same thing I bought first I got contract bihh,@babyfinxsse801,2024-03-30T15:42:34Z,0
"I LOVE Bryson’s music; however, this is pretty disgusting and obscene. He is much too talented to stoop this low. This is straight-up trash…the lyrics and video.",@user-ng8eq8ew8n,2024-04-01T02:56:57Z,0
This beat is 🔥🔥🔥,@Bladesboyz_30,2024-04-13T01:25:07Z,0
My new ringtone,@WHD个MAREO,2024-03-12T17:52:50Z,0
This beat deserve a verse from Nicki Minaj..it lit 🔥,@yusufinuwa1482,2024-02-28T22:17:33Z,0
Super addicting beat,@hippygirlfriend4937,2024-06-21T07:40:47Z,0
This vocal sample from the second part is sick 🔥🔥,@josephjaysteez,2025-07-05T06:00:19Z,0
❤😂 love the vibes,@zhanecumberbatch7563,2024-02-27T17:45:09Z,0
What the fuck beat 😮 killed it,@SangamLimbi,2024-10-16T19:18:18Z,0
another one using autotune 🤮 it sounds sh!t!!!,@AudialDreams,2024-05-31T13:00:07Z,0
Man this go in. That beat,@geeblack472,2025-06-11T23:35:58Z,0
his beat selection is insane!,@Trife2xsYT,2024-09-12T16:16:39Z,0
Song was too lit! Straight vibes everytime I hear it!,@martellreed934,2024-09-08T15:17:36Z,0
Who made this beat🎉,@K3vin-n6r,2024-10-01T23:48:51Z,0
This got that jumbo sh*t poppin vibe,@ShakeCounselling-ev7zq,2024-03-13T05:08:58Z,0
"Bro nigga did not use this beat right, yn Jay or any of the Michigan nights would have killed this",@hershelmilton4163,2024-06-17T04:42:07Z,0
@lloyd banks….. banks would murder this beat 😤😤😤,@jigs4w_885,2024-03-04T05:40:23Z,0
Why cuz steal my yb beat 😂,@MellTrap5150,2024-09-08T17:22:40Z,0
This sound like a Kanye type beat.,@rodneycarr2972,2024-05-24T04:23:33Z,0
Terrible gay simp lyrics!,@gu7mv6,2024-10-18T22:21:20Z,0
Dead song and some b!tch ass lyrics,@jacobadam4127,2024-06-02T21:26:57Z,0
"U know people hot 97.1 don't leave you behind,need new vibe go listen hot 97.1 so u don't miss songs like these.Stay blessed New York 🙏🙏🙏",@nanyalvi3683,2024-08-06T22:48:51Z,0
That beat bruh !!! 💯,@KorBenDaLLaSGreeN,2024-09-13T04:02:35Z,0
"This is my catchy ,Lil creative jam right now , Terri..MK Gold spoiled as Hell  He,s pissed  lol",@TerriFisher-p1i,2024-05-26T11:37:15Z,0
Vibey song bro! That beat is insane just a 3 sec melody of Yuji Ohno does this ❤,@nicolasjara7436,2025-06-12T19:48:43Z,0
Beat is fire 🔥🔥🔥,@Flyasscanbe,2024-06-17T13:12:27Z,0
1:37 vocals😩,@kyleandrew83,2024-02-29T00:56:41Z,0
He lame af I own a form of rights to this beat I dropped first,@babyfinxsse801,2024-03-30T15:40:37Z,0
Imma bump tha song 🚗  just because it's a VIBE  not because I'm  a $ponsor🥳🥳🥳🥳🥳🥳🥳🥳🥳,@the7miledoggboss444,2024-09-06T17:12:59Z,0
Keep this tempo 🎉🎉🎉,@jermaineclark9474,2024-02-27T19:35:34Z,0
Catchy af song,@weirdoxo,2024-09-04T05:43:26Z,0
Simp lyrics smh,@jc323socal3,2024-02-24T21:45:47Z,0
They even got r&b niggas rapping on michigan beats now😂 we can't have shit without outta towners stealing,@4resh_,2024-03-20T16:01:43Z,0
I never leave comments but this is the absolute worst song I’ve ever heard so I felt I needed to speak up haha.   This is absolute trash.  Bring back real music and real hip hop please.  Basura,@grahamjones2223,2024-07-28T18:25:56Z,0
Beat slaps HARD 🔥,@Rolexau750,2024-09-24T20:08:28Z,0
This beat sick🔥,@Pocahontas25811,2024-04-16T16:45:08Z,0
This shit hit  heavy 'B!!   👑💥💫✨️🔥👊🏾  Summer vibes,@718dre,2024-08-01T19:35:09Z,0
"Song go hard AF, but can we talk about him stacking the dollar bill bricks 🧱 lol 😅😂 bout ta pull out 10k in singles and shoot a video vibez",@blackphoenix123,2024-04-09T15:14:10Z,0
Hard beats for sugar daddy,@shaqattack469,2024-03-21T14:23:35Z,0
This beat is 🔥🔥🔥🔥. The flow is 🔥🔥🔥,@TheAccessFoundation,2024-06-05T02:44:38Z,0
I swear Im so hard when the beat drop. Can’t tell me shit. Y’all gonna be sicka me! This is getting played all summer!,@sheenawilkins1499,2024-07-11T16:20:59Z,0
We need some more of these upbeat songs this 🔥,@2iLLxxx,2024-03-08T04:27:25Z,0
Beat is crazy,@ILLmana92,2024-02-23T20:56:44Z,0
i like the first beat from  0:01,@gracecandy1,2024-11-15T23:48:45Z,0
The beat reminds me of Bobby Valentino- slow down reimagined,@eddiesanchez2293,2024-07-31T23:19:55Z,0
"This beat reminds me of a older 2000 song any1 reminder🤔 also a Asian hook, and not Jay Sean ride it but something like it",@sebastianpafpaf,2024-06-01T17:58:07Z,0
Great Beats!!❤❤❤❤❤,@stephaniepink9060,2025-03-01T21:05:26Z,0
Great Vibes 👍,@ZinhoJean-mc2so,2024-07-17T23:47:35Z,0
Some how that melody clicks back 💪💪💪,@MrLugo978,2025-08-10T05:59:45Z,0
This Gotta Be A Energy Beat,@tsquando6577,2024-06-16T04:12:20Z,0
I love the beat mixed with his voice💯,@candacegreer8864,2024-07-08T12:28:47Z,0
Bryson Tiller Type Beat | https://www.youtube.com/watch?v=DZZ5PKPP39c,@MattOnTheTrackBeats,2024-05-26T17:31:49Z,0
If you listen to the beat closely and him saying “Huh Huh” it’s going in and out. It’s really catchy.,@willyp_ET,2024-09-10T00:30:11Z,0
Chris brown vibes 😂,@maliyah.C_11,2024-06-07T19:38:26Z,0
This is getting annoying hear this on every radio. Industry privileged,@DeadlyTyper42,2024-05-11T14:14:31Z,0
Need Beats? Toplines?,@sunnygobmanasse,2024-02-28T08:55:31Z,0
Me and all my freind friends and my mom love this song this beat is fire,@martitasanchez7799,2024-07-31T23:25:44Z,0
Beat sounds similar to the one from Sliming by Felly,@Nondualitty,2024-04-15T00:22:36Z,0
Coldplay vibes,@danicamerrill4313,2024-05-11T05:09:34Z,0
the voice and beat just made for each other,@Bailey1738,2024-03-13T13:43:43Z,0
I can’t support this simping but beat go cray,@l.p.8298,2024-02-28T11:45:16Z,0
"Listen to Philly rapper lil bucks song ""Perc 10"" same beat year later wonder why Bryson didn't give him flowers",@tashzirwoods,2024-07-10T19:52:03Z,0
Beat hard af my bread sitting out all night,@MontanaMontana-fq9qx,2024-04-10T10:51:56Z,0
Whos here after lil bucks released a song on this beat,@madeithappen24,2024-08-31T15:39:05Z,0
Guy’s check out my beats 🔥 and tell me what you think,@ceekayprod,2024-05-09T17:53:55Z,0
beat good shit lyrrics,@maurice1004,2024-03-17T05:09:39Z,0
check my beats !,@Mitenberg,2024-02-28T22:35:03Z,0
Why this wasn't filmed to a BELLY vibe???? Beyond me. Cool track though. That's undeniable.,@bluehalo8604,2024-12-03T03:46:54Z,0
The beat before Bry drops... this could be history !!,@mattsheppard9096,2024-09-04T21:06:30Z,0
Bryson on a Detroit beat is crazy 🔥,@youngnwavy7255,2024-02-18T16:54:48Z,0
they could have made this beat more aggressive,@mariarodgers5387,2024-07-18T22:37:14Z,0
Literally perc 10 by lil bucks beat lol,@DamnHeim,2024-02-18T08:23:38Z,0
"Am one of your day one’s from the Jump type of fan...Get back on that pen Griffey vibe bro, miss them jams from way back.",@kasondemulalami5931,2024-03-18T15:16:58Z,0
It’s giving me the-dream vibes,@dangerousclever,2024-02-24T19:06:59Z,0
Carti on this beat would be crazy,@tonkachronicles7256,2024-04-15T20:34:53Z,0
42 dugg would go crazy on this beat,@bazzigaming9264,2024-04-14T23:49:06Z,0
I can’t unhear bucks on this beat😂😂,@Prophhh,2024-02-17T06:47:59Z,0
The beginning is hardddd dat beat fyeeeee,@anthonysanabria2655,2024-03-04T18:20:57Z,0
The Beat is top notch!,@NooodleBaby,2024-02-17T05:54:33Z,0
lol buckss beat????,@Thebullwetrust,2024-02-23T10:05:20Z,0
If y’all remember Sorry Not Sorry - it’s giving vibes,@TheOGfest,2024-02-24T01:52:32Z,0
A & S maybe if he wants God the universe will make it happen idk he gotta ask me out other than say it will it would be fun idk ❤️‍🔥🙏🏻,@selenagarcia1995,2024-06-10T12:08:38Z,0
Lilbuckss beat lol,@darealCash,2024-02-16T16:27:31Z,0
Tiller on a Detroit beat? The influence those guys get with no props is insane,@zz7917,2024-02-16T08:13:41Z,0
YO IS THIS BRYSON⁉️ I fuck with the vibe 💯👌🏾,@SaiyanRaikage,2024-02-16T06:38:34Z,0
That beat tho pfff,@guardiguard,2025-07-05T16:27:48Z,0
"Am I wrong for missing the ""DONT"" and ""EXCHANGE"" sad vibe Tiller? 😩🤦🏻‍♀️",@Save_Chrisean_Junior,2024-03-22T18:57:58Z,0
