comment,user_name,date,likes
"I'm 56, grew up here and still live here (Chicago, north side). This song gives me a pit in my stomach and such a sense of longing and nostalgia. I love it so much. A soundtrack to my adult life,  as I look back on times I did not know I would miss. Thank you for giving us such a deep connection to.a song ❣️",@monicavolini5416,2024-07-12T03:43:55Z,556
"The chorus of this song is so goddamn good man, could listen to that shit forever and love it every time.",@puppetmaster8551,2024-01-11T06:12:08Z,531
"Gotta say after listening through Decide several times that this is my favourite track. There are some real stellar songs on the album, but this one seems simple on first listen, but it’s got a lot of layers, I feel like it really gets deep into my head after a couple of listens. It’s got this wistfulness to it. I really dig it. It reminded me of the musical outro to Personal Lies, not musically, but the way it made me feel transported, outside myself. Awash in someone else’s feelings. Really amazing feats man.",@Ryanookami,2022-09-17T06:36:09Z,358
"I'm moving out of my college town when summer is over. This song already sums up the ending of a timeline, rich in memories and experiences. It's getting me emotional",@Aixatem,2024-03-23T13:13:39Z,94
Never been to Chicago but now I'll get a nostalgic vibe when visiting,@Arbitraritorian,2022-10-08T06:01:44Z,88
"""Your song has such a timeless vibe that my mom, a big fan of classics, thought it was an Elvis Presley track! She loved it, and so did I—it’s rare to find modern music that feels so beautifully vintage yet fresh. Truly amazing!""❤️",@Rijuta_18,2025-01-02T10:01:04Z,76
This track tickles so many emotions. I was taken to a journey of a lifetime with just one song. Amazing.,@musicandtrends,2024-02-24T15:12:14Z,43
Worst thing about this song is that it’s too short. This is definitely as song for replay over and over,@Ramblinrem1992,2024-03-27T21:31:34Z,41
Finding this song was the biggest accident and it’s found me in a vibe that I didn’t know could be literally expressed. I left Chicago when i was 24 years old to experience a whole new life. Every time I come back  I remember how 24 compares to now and it will never be the same as those days. thank you so much for writing this.,@Dizzle-PDX,2024-03-12T03:35:41Z,37
It gives me such a nostalgic feeling and it's so sad but happy at the same time,@AngelRivas-vh7fz,2024-03-16T21:05:35Z,30
Idk why im crying but it brings some nostalgic moments and memories from when i was happy,@noirangel1119,2024-02-23T18:19:55Z,30
"Makes me think of revisiting the past and remembering all the emotions of a great time of change, brilliant song",@peytonsmith6196,2024-06-29T02:23:04Z,23
"This entire album is a complete masterpiece but End of The Beginning is always on repeat for me, I genuinely can say this song has saved me on so many occasions. I’ve sobbed to this song feeling the music and the pure emotion in his voice. It makes me feel less alone, this song is always playing in my subconscious when I’m walking the streets of San Francisco. Thank you Joe for this creating something that’s saved me and most likely others",@ysabellapalomares5504,2023-04-10T06:35:57Z,17
This is one of the most soulful songs I’ve ever heard in my life -and I’ve heard a lot- 💙,@youtubejunkie_,2022-09-17T10:53:26Z,15
This song is excellent! Such a great vibe!,@CyrusShameliOfficial,2025-06-01T19:53:16Z,14
"Gotta admit this made me cry in my car cause actually having lived in chicago my entire life only to move to a much smaller town on the other side of the country; there are alot of adjustments, emotions, and sacrifices to process. And having trouble with crying, I'm glad this song struck a chord with me.",@jakelong4295,2024-02-20T21:49:09Z,12
I was just out in PDX and heard this song over the speakers of an ice cream shop and I shazamed it to know the name of the song and I come to find his marvelous vocals are from non other than Joe Keery!!! on repeat for the rest of the night and the rest of my life.,@AlexxxSaladBar777,2024-01-29T04:25:39Z,12
"this is my favorite track, the emotion is unmatched. thank you djo y'all have done it once again :)",@sophiaoliver,2022-11-14T21:17:29Z,11
"This song is a bit like ""Africa"" by Toto, ""Don't Stop Believin'"" by Journey, and ""Carry On My Wayward Son"" all rolled into one, but this one may be my favorite of all of those great songs. This just...hits different. And boy, does it hit hard. It makes me inexplicably sad, and it also makes me want to jam. It makes me nostalgic for a place I didn't grow up in and long for something I'm not sure I ever had. And my God, those harmonies melt me like butter on a hot summer day. Those harmonies are out of thus world, they're so good. And EVERTHING in the song--the lyrics, the synth, and the drums, just to name a few--compliment them so f*cking well. Listening to this almost makes me want to cry.",@tenpiano1920,2025-01-23T20:46:32Z,11
you guys gotta play this song at 11:59:24 so the beat will hit when its jan 1st 🔥🔥,@starmixCookie,2024-12-28T19:06:41Z,10
I love this song it just gives good vibes. I will miss 2023-2024 school year.,@Davehacker,2024-08-01T21:49:32Z,9
this song feels nostalgic for some reason 😻,@autiic,2024-03-02T03:18:26Z,9
Those lyrics give me 90s vibe.,@MariaUmbra,2024-04-01T17:06:45Z,8
This is one of those songs that’s  going to continue to age gracefully. A true modern day classic that will cause nostalgic memories for generations,@jdrose4363,2025-07-22T04:04:40Z,8
Jeez this song is a vibe! Like the whole album is perfection but specifically this song. You could tell exactly what Joe wanted it to say through it and mmmmm its so amazing,@lydiapierson3660,2022-09-27T02:14:03Z,6
"I’ve been having a really hard week this week and this song made me finally sit with my emotions and cry. I connected so well with every lyric, I truly was meant to find this song ❤️",@nicoleolinger2566,2022-09-24T09:34:31Z,6
2:09 ur nostalgic ready to knock in because of this,@takumaso2,2025-01-10T06:36:03Z,5
So nostalgic! Love it!,@DarrenCampbellmusic,2024-09-17T14:17:18Z,4
"The flow, the lyrics, the vibe. Well Done Djo 😭💙😭",@MakoaThrw,2024-04-08T14:06:05Z,4
I started humming/singing this song after not hearing it for two days. Catchy tune.,@idlehands1111111111,2022-10-07T14:20:12Z,3
Play this at new years 11:59:24 and get the best beat drop.,@Hapidrea,2024-12-27T05:25:50Z,3
"This song is so beautiful, touch me deeply in my heart.",@cynthianjos,2024-05-10T23:17:41Z,3
This song gives such August vibes.,@reel_,2024-08-13T20:22:37Z,3
"if you play ""End Of Beginning"" by Djo at 11:59:24 on New Year's Eve, Djo will scream ""REMEMBER 24?"" and the beat will drop as soon as you hit 2025.",@sountht4997,2024-12-31T12:59:44Z,3
going to play this at 11:59:24 and then when the beat drops boom 2025😭,@hiti721,2024-12-31T18:21:18Z,3
The vibe is the beginning of a new love,@jeanrene25,2024-05-04T17:31:59Z,3
"Gonna play this st exactly 11:59:32, and when the lyrics ""remember 24"" is sang itll turn 2025..",@IkeAii72,2024-12-31T15:46:21Z,3
"Essa música tem uma Vibe tão boa,eu amo ela",@juliasantosamorim9223,2024-04-05T00:37:44Z,3
Fun fact for yall on 31 Dec: If you turn on this song today at 11:59:24PM it will say remember 24 and the beat will drop right when it hits 2025.,@mrmystergaming,2024-12-31T14:29:13Z,3
"On December 31st, play this song at exactly 11:59:24 so just right before New Years, Joe Keery will say ""Remember 24?"" and then the beat drops at 2025.",@theoneandonlysushii,2024-12-29T15:18:21Z,3
This gives Tears for Fears vibes in the best way,@mary.mnre21,2024-02-25T15:43:35Z,3
"I watched the live video of you performing, been waiting ever since for the original version. I feel like this song was made for me, my number is 24 and my long lost father is somewhere in Chicago. Makes me feel nostalgic and somehow infinite 💙",@madisonerichsen8924,2022-09-16T05:10:46Z,3
"This song is beautiful, nostalgic and will remain timeless.",@neldormiveglia1312,2024-04-05T15:12:42Z,3
The beat is crazy 👍🤩,@ßrøokie,2025-04-22T02:36:54Z,2
Songs are the best therapy ...this song is the pill 💊 🎶  that i take ....the lyrics hit me so hard ....and the fact Caroline is her sister ....so touching,@maxigamandossi9107,2024-04-13T07:45:55Z,2
"Idk how to explain it, this song gives me late August vibes, I’mma come back here next month",@ImTheRealKingJB,2024-07-02T23:18:17Z,2
Vibes SNBP 2024 apalagi pas masa ramadhannya :(,@jsjshkan,2025-02-26T16:32:47Z,2
0:36 bro this part is so annoying in tik tok,@monkeyeas,2024-03-13T13:39:45Z,2
Beautiful song!! DJO is such a great singer the song just makes me feel nostalgic in the best way! :D,@OpheliaMoonelle,2025-04-15T02:29:19Z,2
This kinda gives me sad but happy vibes 😢😊,@I_love_RHEA_99,2024-12-20T00:54:24Z,2
That's my sister's nostalgic song😊,@AlifAffan-b2i,2024-11-27T22:18:46Z,2
"although this was the song that i listened in the worst moment of my life, it still haves that nostalgic vibe. I just love this song so much",@imnotgaia,2024-02-14T03:32:46Z,2
Can y'all recommend other songs with this kind of vibe? Got hooked with this kind of genre lately.,@FayeMarieTejada,2024-04-05T17:52:20Z,2
The beats reminded me of Bad Habit by Steve Lacy 😫❤️,@Non-Tea,2024-02-22T06:21:00Z,2
JEEZZ that 1.25 tempo is amazing,@MuSiCBoYaS,2024-06-20T10:37:19Z,2
If you play this at 11:59:24 djo will say remeber 24' and the beat will drop at new years.,@smritiparihar3322,2024-12-31T18:25:45Z,2
PLAY THIS AT 11:59.24 AND THE BEAT WILL DROP AS ITS 2025 ❤❤❤,@Defiant-LlamaFN,2024-12-31T08:58:18Z,2
"I feel like they should play this at the end of Stranger Things, bc Its a perfect song for there vibe.",@TAYLORLOVESYOU-3,2025-04-04T15:08:15Z,2
Emotion 😭 with Steve Joe kerry,@ABDULRAUFs1,2024-11-26T18:06:57Z,2
this song is surely gonna be NOSTALGIC AF in the future. goodbye 2024 :<,@Exolexterie,2024-12-31T15:15:43Z,2
"a old vibes, treasur",@psychodepth4636,2024-03-26T04:54:56Z,2
this song makes so emotional I CANTTT,@rafa.014,2024-02-26T03:55:00Z,2
"I never understand a thing about the lyrics, but atleast the beats are fire🔥",@vhynekervinrepato7117,2024-04-07T11:41:02Z,2
This song is so good especially when you're in your car and just played this. It's just heavenly. The vibe is just so good,@Fw.nameless,2024-12-20T11:17:09Z,2
"I will not hide that I heard it in tiktok when I open this app for the first time in a long time and after a nervous breakdown and the decision to finally quit a terrible job. Like a breath of air, while I was listening only to sad songs. Well, this one is like the sun has finally touched me after months in the dark and cold. It's so warm in my soul, and the chorus is just something from a rhythmic point of view.",@wonderwoman409,2024-03-18T07:21:10Z,2
Yo I know it’s annoying when people say this but damn I knew of this song before it blew up on TikTok (I know it doesn’t matter let me have this lil moment) congrats on your popularity Joe! Let’s all be happy for his commercial success ⭐️💗,@60sbabydoll777,2024-03-12T03:40:22Z,2
REMEMBER 24????????  NAHHHHHH... WORST YEAR EVER,@saymyname3780,2024-12-01T19:06:56Z,2
Bringing stranger things vibes to music this sound like something they would have had,@HildaRodriguez-tv6ul,2024-04-10T18:58:39Z,1
"As someone who was born in chicago, this song makes me feel nostalgic",@rubinmaballs9055,2024-09-02T12:08:58Z,1
"This song gives me such a pit in my stomach and a sense of longing and loneliness. My mother ripped my life away in Chicago and every time I think about it or am in the city, I get so emotional and never want to leave. I wish she never did what she did, maybe I wouldn't be like what I am. I miss the city so much. I miss my childhood and the fact I never really got to have one.",@mynxii,2024-09-20T15:21:32Z,1
I’m about to finish the university and turning 21. This song makes me feel like I’m going to have nostalgic memories some years latter. I’m gonna miss my current friends and all the moments I’m living in my 20’s (Love Stranger Things),@andygutierrez2995,2024-05-11T00:05:52Z,1
80s vibes,@user-eb4uu8my6j,2025-04-26T08:59:17Z,1
This song makes me feel nostalgic for my middle school graduation in 2023! I can't believe it's already getting nostalgic! 😞,@plexistellar,2024-07-15T08:01:16Z,1
"I read somewhere djo wrote this song about his feelings of moving from Chicago when he was pushing so hard to achieve some goal in his acting career and move away, then he realized what he got in Chicago. Same kind of feeling here, after living abroad and coming back to my home country I was pushing so hard to stay abroad when I had everything home, friends, girldfriend, family, special places... After clueless sacrifices I lost almost everything, girldfriend I thought was ""that girl"", few friends, and no job at that time, which I though was the most important thing, find a great job... Now I can feel that other version of me... I had to go through hell to start again, the end of beginning. People who's going through hard times, everything is temporary, don't give up!",@JoseManuelCastaño-z1x,2025-05-08T10:32:56Z,1
"I always got frustrated whenever I heard this song on reels and stuff because this song was so much overused that I started hating it..after so many days, today I felt like listening to this song just to check out the lyrics and oh my god, is this what I've been missing all these days ?? Silly me",@IshtiyaqRahman-hr4rh,2025-01-29T17:41:05Z,1
"I genuinely hate this song. Not because of the artist, the tune, or the lyrics. _It's because it ends._",@Bread403,2025-01-22T05:31:32Z,1
"a masterpiece in the form of music, you are from another universe I feel this good vibe forever...🪐🌌✨️✌️",@Dreamerleandpeter,2025-03-19T19:12:28Z,1
I GOT THE BEAT DROP PERFECTLY TIMED🔥🔥🔥🔥,@Rangytangyvr,2025-01-01T08:03:58Z,1
Fun fact: if you play this song at 23:59:24/2024 the beat of “remember 24” will drop as soon as you in the new year 2025,@truchuynh9658,2024-12-31T16:36:57Z,1
steve just shut up you are annoying enough in season 4,@Cinarz22,2025-06-23T16:01:57Z,1
This song has a summer vibe,@_cherrys_,2024-12-09T18:27:10Z,1
"I feel nostalgic, I love this song",@maheshmengade1604,2024-06-19T19:38:40Z,1
"""remember 24"" That's lyrics make me back to early 2024",@didyy-d9k,2024-11-17T11:28:43Z,1
90's vibes ❤❤❤❤❤,@safeenabbasi,2024-06-24T21:11:47Z,1
This feels so Nostalgic 😢,@CarlosRiveranunez,2025-06-28T01:38:55Z,1
the beats are giving bad habbit,@a1el0,2024-04-13T00:09:21Z,1
HARRY POTTER VIBE!!,@miahlo8487,2024-03-05T22:58:16Z,1
Start this music at 11p.m. 59min. and 25 seconds on the new year eve the beat will drop at 00:00am. on new year💕,@a0._.0a-d1e,2024-12-31T15:10:05Z,1
Different lyrics ❤,@RamjanAlimiah-y8o,2025-05-06T13:59:22Z,1
I’m loving the 80s vibe. Brings me back.,@joebaby1975,2024-03-23T19:56:55Z,1
"Play this song at 25th second of a minute and watch it say ""remember 24?"" And the beat will time correctly and hit the next minute at (00:35 ) of the song, happy new year!",@tiwoledits1010,2024-12-29T04:37:18Z,1
I hope they use this song in The Bear. It would fit their vibe so well.,@Dreamingdenise97,2024-02-26T04:56:53Z,1
Kinda take me to the nostalgic feeling,@hisam1110,2024-04-03T00:07:13Z,1
Such a vibe 😊,@JoshyOsborne,2024-06-01T02:11:57Z,1
"I first heard the line When I’m back in Chicago I feel it from one of Sam Fricker’s diving videos. Saw that the title was End of Beginning so I looked it up on YouTube. This is a pretty cool song! And yes I am from the Chicago area and still live in the vicinity. In fact, I was in Chicago recently to see The Rolling Stones in concert. Yes there is something about Chicago that gets me!",@theshermer,2024-07-02T07:44:50Z,1
"This songs brings me back to one of the best memories I had this year, we were drunk at night and I started singing this song then my bf started singing along and we litterly were screaming the lyrics and people were looking at us like we are crazy, but we were just happy to exist and to be young. Even tho now we broken up I always remember this moment while listening to this song.",@lisaraa23,2024-12-15T20:34:12Z,1
Can’t be the only one that hears Teenage dirt bag a little bit in the chorus idk,@mygreatchaos,2024-03-05T16:18:49Z,1
"This song feels like when you meet him again and talk but you just see in him the old version of yourself in love with him and think about every thing that could have happened between you two, then you see him with a nostalgic sight but whit a smile in your face and say goodbye with a kiss in his face",@alejandrarivera4567,2024-03-04T03:47:01Z,1
You have a new fan!! Perfect for the start of autumn and long nights and feeling lots of things during late night drives. Such a beautiful vibe.,@matahari0403,2022-09-24T01:26:21Z,1
And people say 2020s music is awful obviously haven’t heard a full song from the decade yet,@JamesK7911,2024-05-08T06:16:29Z,1
If you play this song on 11:59:24 Djo will say remember 24? And then after the beat drop 2025 hits,@Chicken-bone1,2024-12-29T19:39:19Z,1
"It sound so nostalgic, love it so much. ❤",@imnotshiroo,2024-06-26T13:42:36Z,1
"Its my first time hearing this and i’m having an entire flashback of memories of this year as I’m  listening ,  that ‘remember 24’ line hits so deep.",@kotasquest,2024-12-30T14:20:00Z,1
Gonna play this at 11:59:24 to hear the remember 24? And the beat drop hits when it strikes 12:00,@r_ya1312,2024-12-31T17:44:52Z,1
Tame impala vibes,@Xdekanatil,2024-08-21T21:07:16Z,1
vibes 80,@angelaww6948,2024-10-02T14:23:19Z,1
Does anyone know any similar songs to this? I need an entire playlist of this vibe,@MrBubbles276,2024-02-23T14:13:04Z,1
"He writes this while preparing for his math exam on January 1, 2025. The sentence 'Remember the 24th' touched me. We prepared for the mathematics exam for 1 year. This made me emotional (I've been working since yesterday)",@Mlines.s,2025-01-01T14:48:07Z,1
"Man, this song has never fit so well into the context of my life as it does now, I played and finished Watch Dogs, the first one, which is obviously in Chicago, I remember that when I played it for the first time it was in 2014 when the game was released and now 10 years later, I find myself playing it again and realizing that maybe I judged it a little too much or it's just nostalgia kicking in, I was young at the time so when the part of said song comes ""And when I'm back in Chicago, I feel it"" It's incredible and then comes the emotional bomb of remembering that I'm getting old, ""Another version of me, I was in it"" this part represents very well how our tastes change and what I thought was shit in my youth I see with nostalgia really I still think it's bad, especially the part of the game having the same small freezing problems at high speed, but I can say ""I wave goodbye to the end of beginning""",@TownerHijet,2024-04-13T08:52:13Z,1
damn this already feels nostalgic,@raptor_ffx,2025-03-28T12:12:39Z,1
"conheci essa música através de alguns vídeos e foi literalmente uma das melhores coisas, a vibe que essa música me passa é surreal, ouço com atenção cada letra da música e é como se eu não estivesse aqui, e sim em outra parte do mundo.🤍",@samara-eliass,2024-04-06T23:55:16Z,1
Play this song on 31st of December at exactly 23:59:24 and the beat will drop when it is new year❤,@SeaOfUrchins,2024-12-29T18:37:21Z,1
Major '80s vibes with this one.,@s0me_gUy_from_the_streets,2024-06-14T15:03:34Z,1
23:59:24 dec 31 for perfect beat,@Jonibayern_14,2024-12-31T22:48:31Z,1
I dont know why i got those nostalgic childhood memories its so sad💔 AND  i also thought that this song was like from the 80s but still love this song LOVE FROM  FIJI🇫🇯 AND ALL OVER THE WORLD❤❤❤❤❤❤❤❤,@EliteXanvita,2024-03-19T04:10:53Z,1
the beats sound exactly like Dark Red by steve lacy,@AditiKarthikeyan,2024-10-07T00:42:12Z,1
Bro Steve got vocals man Istg,@LouiseDee1317,2024-06-26T23:50:52Z,1
2024 is almost ending and this song is already nostalgic. It is really the End of Beginning,@Mrdab5000,2024-12-24T13:16:58Z,1
That guitar solo on chorus hits so sad...,@RaventraMSP,2024-05-24T06:50:34Z,1
vibes Ramadhan 2024😢,@nopalkcil,2025-01-27T03:04:23Z,1
"Stranger things had a choke hold on this man cause 80,s vibes in this song is immaculate",@xoxoxoxo3870,2024-03-19T05:50:09Z,1
"Remember when you went to go film stranger things I believe you were Steve, and I'm pretty sure you went to Chicago for school and that is so deep because when you think about it the song actually makes sense",@coffee-chan_2015,2025-08-01T09:05:12Z,1
Hit the beat drop at exactly midnight,@Kacper_Sobczyk,2025-01-01T00:00:42Z,1
"What  a beautiful song end what a beautiful melody, it's wonderful. ❤🥰",@juandiego15872,2024-03-26T00:34:04Z,1
Omar Apollo vibes frrrrr,@fiction66,2024-02-27T05:06:49Z,1
To the person who made a  FOB edit to this song: I keep going back to this you have ruined my life I keep geting emotional,@Povlennebo,2024-02-21T07:49:23Z,1
This has road trip and memory flashback vibes from me and my gf. Still getting over her.,@platapoi7208,2024-11-09T11:29:44Z,1
Defo stranger things vibes,@willcromack8079,2024-03-26T17:05:15Z,1
I think the song sounds so familiar because it uses a very similar beat to “Bad Habit” by Steve Lacy.,@wallist_2,2025-03-22T06:28:27Z,1
loa unico que da esta cancion son buenas vibes,@iaraabdeselam,2024-06-11T15:02:46Z,1
"This song is amazing as the synths, the guitar rift, the vape and the melancholy of the song actually want me to go to Chicago ❤❤❤❤",@ambroseasylum9777,2024-05-22T21:20:48Z,1
"Listening to this song brings both comfort and a flood of emotions. This was my wife's favorite song, and every note feels like a gentle reminder of the beautiful moments we shared. She passed away recently, and I find solace in knowing that she found so much joy in this melody. Thank you for creating such a timeless piece that will forever hold a special place in our hearts. 🌹",@JettawutEauchai,2025-07-01T14:22:57Z,1
We wen from dabbing and bottle flipping with annoying orange to rizzing and edging with fanum kai while baby gronk rizz up livvy dunn,@melodypangan9104,2025-05-08T13:21:48Z,1
Shameless vibes,@Amy-ky4bc,2024-02-27T07:18:18Z,1
this give me stranger things season 3 vibes,@Shortydude4200,2024-03-27T12:33:41Z,1
"As someone who spent a lot of my 20s running off to Chicago every other weekend just soaking up life and the city, this song hits so hard. Joe really struck something deep here. ❤",@GavrielAbrahams,2024-03-25T22:22:00Z,1
Play this at 11:59:24 and he’ll say remember 24 and the beat drop exactly as you enter 2025,@CosmosGTOfficial,2024-12-31T23:00:48Z,1
"this would be so cool if they used this in stranger things, it kinda fits the vibe i love it!",@tillymae107,2024-03-16T10:36:05Z,1
this is one of those songs i will listen to on accident in 7 years and get really sad and nostalgic when i see it is 8 years old,@EQ2877,2024-07-21T05:30:23Z,1
The vibe gives off is incredible.,@AlexisRainRoby,2024-03-11T15:44:42Z,1
This song makes me nostalgic for things i haven’t even experienced,@k_s4r,2024-06-23T20:00:53Z,1
Se essa música não estiver na quinta temporada eu não assisto.,@Glauber_mota,2025-01-24T00:05:53Z,0
play this on 11 59 24 pm december 31 and the beat drop will line up with new year second,@IvanRich-oj1lx,2024-12-31T10:17:26Z,0
I kinda get a Prince vibe with this song.,@JLhort1,2024-06-10T07:12:57Z,0
not the best year but its also not the worst atleast we survived through it happy new year,@jamzedjadonservando9079,2024-12-31T16:12:17Z,0
this song was what i put on my story when i rang the cancer bell after i finished the beginning of my treatments. this song has a deep meaning to me i cry every time i listen to it,@madison.bodorrr,2024-05-15T03:35:35Z,0
I'm why. The beat and the song has n general makes me feel old,@Marcelo-juc,2025-02-10T02:46:38Z,0
"I am sorry, but this song makes me want to cry. Like. For. No. Reason. I just want to crawl into a small dark and comfortable space, cuddle in with a massive plushy and bawl my eyes out. That's how deep the song is for me.",@bettyjonathan4138,2024-09-14T23:23:45Z,0
Scott Pilgrim vs the world vibes,@Multitalented_D,2024-06-21T09:25:41Z,0
Steve Harrington sang it very well . Wait for 5 season Stranger things . This song gives me vibe of the straanger thing until 5 season,@Topflight_2008,2024-07-05T06:23:46Z,0
The nostalgia comes from our parents. When we were babies and toddlers they listened to music that had the vibe that I can only describe as City Pop even though City pop was definitely inspired by the 70's and 80's music from The US.,@jonathangonza,2024-07-30T22:34:12Z,0
Stranger Things vibes🎉❤,@Rileyjackson-z130,2025-01-06T06:31:58Z,0
This song makes me miss the 90’s for some reason and I don’t know why. Has a very nostalgic gloomy feel to it that is so addicting.,@TheVirgo91,2024-07-28T07:05:05Z,0
"24' was a major recovery from 2023, thanks for everything universe! Forever grateful for this year.",@girlgenius444,2024-12-12T06:42:31Z,0
DRose vibes man,@ceTROO,2024-03-20T05:02:18Z,0
Vibes fr🤟,@sativa3819,2024-04-28T21:32:55Z,0
I DID THE BEAT DROP LETS GO,@plexion1,2025-01-01T00:15:39Z,0
"I have no idea why, considering that I’ve only been watching hockey for 2 years, and that I don’t even like the Blackhawks, but this video makes me really nostalgic for the early 2010’s NHL. Odd.",@oogleyboogley302,2025-01-30T09:12:34Z,0
Worst thing about this song is when i say this is my favorite song people think i have tiktok music taste,@Roope_Leht,2024-06-27T10:15:21Z,0
Anyone recommend songs with the same vibes please?,@dhawalray9131,2024-04-17T07:20:09Z,0
"Love this song, the chorus sounds like how it feels visiting your home-town after leaving for college.",@lilahh776,2024-03-05T04:04:56Z,0
Anyone else think the beat is so much like in “bad habit”,@Август-т3у,2024-02-26T23:19:00Z,0
"bro when you feel this music, is other vibe.",@yHelow.,2024-03-24T23:45:44Z,0
Shameless vibe,@Jani7779,2024-06-07T22:46:50Z,0
"play this at 11:59:24 pm at new year, beat will drop at 12 am midnight",@Clydeexc,2024-12-31T03:53:12Z,0
I timed this song with the beat drop on 0:36. Absolutely a masterpiece of a start,@GoldenAthens,2025-01-01T05:12:12Z,0
i played this song 36 seconds before the ball dropped. the beat drop hit perfectly on 2025!,@LeonS.Kennedy-zi2mh,2025-01-01T05:04:11Z,0
Hi all!  could you rate my composition?  on my channel,@googlesyes5167,2024-07-17T18:33:28Z,0
tame impala vibe,@jacobdavidcunningham1440,2024-06-22T05:36:40Z,0
"Played it at 11:59:24 seconds so that beat drops at exact 12 am after he said ""remember 24"" BTW happy new year to you all❤",@Armanch1b,2024-12-31T18:31:19Z,0
As a late Gen X'er I thank Gen Z for helping to bring synth & digital media back again. You are the best generation. <3,@aseaofemotions,2024-05-23T17:04:57Z,0
an alternate universe where steve harrington is a member of a band,@srikarvetcha8894,2024-04-20T11:47:58Z,0
This is actually one of the worst songs i’ve heard in my life,@coinmichael1366,2024-03-22T21:04:12Z,0
"the main lyrics its ''end of begining'' but i fell the main lyrics its ''remember 24?'' should i hear this music at new year 2025 , i miss it :,(",@rachmawan,2025-01-09T04:51:18Z,0
"if you play this song in 11.29 : 24 djo will scream ""remember 24?"" and the beat will drop as soon you hit 2025😢",@VictorSaidi16,2024-12-31T02:31:55Z,0
"May-july 2024 was the worst time for me (till date) i suffered a from a lot of taunts, hate, due to some problem. My school principal taunted me and I did my best to not to cry but I ended up crying. I still remember the scene, it was horrible. Sleepless nights, trauma, tension, overthinking, studies and many more haunted me. I remember just before a little time ago before healing myself I used to listen to this song. I have a lot of happy-sad memories with it. I even celebrate new year beginning with this song. So if you read the whole para, i love you so much🎀 and i promise, whatever pain you're going through will eventually come to an end,not quickly but slowly. Just love yourself.",@gunjani7,2025-07-02T18:29:08Z,0
"i love this song so much, the melody makes me so nostalgic omg",@christinasrgnh,2024-03-06T20:12:09Z,0
esa musica tiene que tocar en la 5ta temporada de Stranger Things,@nataamllz,2024-11-09T11:06:46Z,0
This song is repetitive,@UMITAYDIN-qt8hw,2025-01-23T10:56:05Z,0
"I once dated a girl and it was going well.. i really liked her and the vibe was there i thought.. one day she send me a message where she thanked me for the 2 dates but the spark wasn‘t there for her. She said she never met a men that was that nice to her.. always listened to her, waked her up by a phone call when she had to get up early, was funny, made her compliments, always a gentlemen… thing is a friend of her said she always had dates with idiots and macho mans and she thinks she tought she didn‘t deserved me and didn‘t know how to handle my behaviour.. that was my end of the beginning",@voicesinmyheadrko,2024-04-08T19:25:39Z,0
The name of this song should appear when looking at the definition of ‘Vibes’,@sansirohenry5477,2024-03-05T17:20:35Z,0
They should put this in stranger things for the last episode omg ☹️ the vibes are so end of story and 80’s,@whitneywilson3610,2024-03-06T17:37:16Z,0
Im in love with this song. It gave me so much emotions.,@joyous-s2b,2024-03-10T18:56:46Z,0
Adriana brought me here lol sweet beat,@jamesgrant4880,2024-02-16T22:23:34Z,0
This song makes me feel nostalgic idk why,@minhoswife4179,2024-03-14T01:39:29Z,0
"my mom used to play a lot of old songs that sounded very similar to this one when i was a kid. every time i hear these lyrics i think of being in canada with her and my grandma and i just kinda break inside. my grandma has dementia now, my moms hair is going gray and shes moved to take care of her, it hurts to think about how quickly childhood passed and how little time i spent enjoying it. Now its too late to have what we used to have. And i just kinda mourn that change. i know life goes on and ill have happy memories to make, but i cant help but cry. This song means a lot to me.",@AetherialAvenger,2024-03-24T01:12:34Z,0
"I LOOVE THIS SONG BUT Pleaseeee someone tell me the song that sounds like the part ""another version of me"" like, the down notes or whatever it was called lol",@maelacabarles6969,2024-02-19T02:00:22Z,0
This song feels like an unforgettable summer night ❤,@TyB211,2024-03-24T06:47:14Z,0
Guys play this at 11:59:24(sec) pm on new years eve he will say remember 24 and the beat will drop right as the ball goes down,@cookiegacha_00,2024-12-31T05:07:30Z,0
Best vibe,@Monkeypig_vr,2025-01-06T11:28:23Z,0
okay but the vocals at the end? you are amazing.,@angie.eilish,2022-09-16T04:39:56Z,0
THE VOCALS IN THIS OMG>>>>>>>>>,@laylacecconello13,2022-09-16T04:27:32Z,0
"whenever i hear this song, it makes me emotional.",@lemuelparao3962,2024-04-09T08:06:21Z,0
Idc if found this song on tiktok this song is so BEAUTIFUL AND THE VIBE IS INSANE WTHHH,@darbjuggfalt3585,2024-02-20T19:00:37Z,0
I love the chorus. So immersive and transporting :36,@MichaelMerenda,2024-05-24T05:45:01Z,0
Play this song at 11:59:24 on new years eve and at the beat drop it will be 2025.,@Razblox_YT,2024-12-29T12:00:41Z,0
Lisa Frankenstein vibes,@carolinanardin987,2024-08-11T08:56:42Z,0
One of those songs that makes you feel the entire spectrum of human emotion while you sit there with a 1000 mile stare.,@lorie2188,2024-09-01T08:38:26Z,0
Definitely giving me such full of emotions. Don’t know if this is kinda regrets from the past and a little bit slowness from the present. It’s giving a vibe,@PabloEscobar-uc6oh,2024-04-17T07:07:29Z,0
Ok Steve has vocals,@Meganerd-13777,2025-07-06T18:21:41Z,0
This is an awesome song with the best vibe EVER! ❤️‍🔥,@funwithbabydollsasmrandbar1652,2024-07-02T13:59:08Z,0
"Amo escutar essa música no ônibus enquanto estou indo para a escola, é um período corrido, que reclamo as vezes, mas sei que vou sentir falta, das amizades, dos momentos divertidos com a turma, do ar, da época, de tudo! Ouvir essa música me lembra da importância de aproveitar, de viver, sentir, ela tem essa vibe. Por que nos lembra que um dia vamos sentir falta disso, e que tudo vai ficar bem, a vida é feita de momentos!❤",@Sa10624,2024-09-01T17:21:31Z,0
Dirilis tahun 2022 tapi vibes lagu nya kek lagu jadul gitu yakk kek kadi mengenang masa lalu...,@onatdolby6652,2025-02-10T09:37:49Z,0
Love howbthis has 80s vibes,@nxtKK26,2024-03-25T02:15:18Z,0
Getting major Nunya - Reptaliens vibes,@barksdaleballa,2022-09-17T19:16:30Z,0
this is so nostalgic it makes me wanna think abt my life,@OPMANDJJK,2024-06-16T13:35:15Z,0
This is such a nostalgic time....,@mlparsons3624,2024-07-19T15:57:36Z,0
"Listening to this song brings both comfort and a flood of emotions. This was my wife's favorite song, and every note feels like a gentle reminder of the beautiful moments we shared. She passed away recently, and I find solace in knowing that she found so much joy in this melody. Thank you for creating such a timeless piece that will forever hold a special place in our hearts. 🌹",@JettawutEauchai,2025-07-01T14:22:54Z,0
"I didn't know that Djo was Joe Keery, but I don't care I love the music and the vibes. The beat, the synth is ""hypnotic"" I can feel it.",@ash1277-c2l,2024-04-23T06:57:52Z,0
Me here taking vibes of 80s in 2024 of 2022 song,@azimli4634,2024-05-13T23:49:05Z,0
Perfect soundtrack for everything ❤❤❤ gives vibe of stranger things 😌😌,@harmanarts625,2025-03-12T08:54:42Z,0
"Bruh I was googling tf out of “to the end” cause I only heard the last 30 seconds, but I realized it and couldn’t Shazam it in time! I’m glad I found ts it’s a mf banger fr. Got like a 70s 80s vibe forsure… I was born in the wrong era 🤣🤣🤦🏽‍♂️",@jordooo8770,2024-06-04T17:21:51Z,0
I'm from Russia but for some reason I really get the vibe of this song),@Vitolis-x3r,2025-07-06T21:56:50Z,0
✏️Describe the Vibe,@KandeenVerano,2025-04-08T13:01:13Z,0
perfectly timed the beatdrop to New Years,@cynicaldweller4925,2024-12-31T17:03:02Z,0
Tame Impala vibes,@navreenkaur1305,2024-07-28T09:42:27Z,0
The instrumentals literally giving vibes of Miley Cyrus song Rose Colored Lenses 🫠,@Czmcblues-zt6wg,2024-03-11T14:00:43Z,0
Coming for only Vibe ❤,@ariyansaikia9053,2025-01-15T04:35:04Z,0
"Love this vibe, even more bc of the “Chicago” reference. Go cubs. ❤💙",@JCPatrick,2024-03-30T05:36:24Z,0
If u play this at 11:59:24 on Dec 31 2024 the beat will drop at midnight.,@Tortdidit,2024-12-31T20:34:45Z,0
"If you start it on december 31, 11:59:24 it goes remember 24 and the beat comes at 00:00",@Mossie0351,2024-12-31T11:21:50Z,0
I love this song♡. It makes me feel idk? Comfortable? And relaxed but also anxious it's a mix of many emotions for me,@Asuma-x6d,2024-12-02T16:01:47Z,0
this song annoying asf idc what these comments say,@caleb8397,2024-08-23T01:48:13Z,0
"Listening to this song brings both comfort and a flood of emotions. This was my wife's favorite song, and every note feels like a gentle reminder of the beautiful moments we shared. She passed away recently, and I find solace in knowing that she found so much joy in this melody. Thank you for creating such a timeless piece that will forever hold a special place in our hearts. 🌹",@JettawutEauchai,2025-07-01T14:23:00Z,0
Deffo gives 80s stranger things vibes 😮,@Chatta-B,2024-12-21T00:50:14Z,0
"This song is one of the greatest and my favorite song of the 2020's, because of its revival of 80's synth pop combined with some pop rock elements. I'm a synthesizer and 80's guy myself, and I've heard multiple synth pop bands, and I can hear striking similarities to Tears for Fears and a-ha, both being pop rock and synth pop bands. I can compare this song with ""Everybody Wants To Rule The World"" because they sound a little similar. I feel like End of Beginning is so well-composed, well-structured, and well-written in every way, that I just want to listen to it as many as I want, because it just sounds *_too good._* Everyone has their own interpretations of this song, either a final sendoff to 2024 (primarily because of the lyric, ""Remember '24?""), or a nostalgic feeling. For me, I would go something like one of the usuals, a nostalgic feeling, like looking back to your childhood years.",@tto0508,2025-01-25T14:16:14Z,0
Such a vibe,@Moyaridesraces,2024-05-20T22:14:44Z,0
"This + rethinking life... Such a vibe, i feel it",@Human-j9l,2025-01-17T20:43:45Z,0
Love the vibes,@Haruckio,2024-03-16T19:59:33Z,0
"the instruments in the background give me kind of boneworks/ bonelab vibes, wouldve been great for the ending",@Jonklebonkle,2024-07-29T06:43:53Z,0
"00:35 i remember when it was less than a minute to 2025 and i played this, crazy but funny/nostalgic 😢😂",@Kaii-_-,2025-08-09T13:03:36Z,0
This song outvibe the vibe.,@kriday4574,2024-04-19T15:41:26Z,0
Listening to this song fills me with so many damn emotions. It makes me happy because it’s such a powerful and wonderful song. It makes me nostalgic for the time I lived in Chicago. It makes me sad that I can’t live there again.,@mrhoeft,2024-08-07T02:17:07Z,0
"The lyrics are interesting to me. The devastation, mourning and anger I felt leaving Chicago at age 13 to live in San Diego. My family arrived in November, and it was 80 degrees. I was so mad. Everyone talked funny. They were pretty laidback. Imagine my surprise when 10 years later, fellow Californians tell me when I move to the virgina countryside that people were even more laidback there. They were, but in a different way. SD wasn't, and still isn't imo, a real city. I was never the same. I am happy to have lived in SD and I love Southern California. But Chicago is such an iconic place. Chicago me was different, for real. It feels like me, in a time capsule? You really can't take Chicago out of a person; Chicago is stuck inside there",@estherahn1513,2025-04-25T20:58:50Z,0
It had so much Queen type of vibe when I heard it first on tiktok,@seandizon662,2024-02-20T21:21:49Z,0
This gave me Fleetwood Mac and Electric Light Orchestra meets Coldplay vibes...it has a magical feel. It's catchy ASF,@StormRider93,2024-05-08T15:37:59Z,0
Love it for some reason I get the cars vibes from it,@kyleschmidt2598,2024-06-28T13:17:41Z,0
Steve Harrington's vibe 1:25,@БекарысКарибай,2024-06-28T18:46:43Z,0
vibes kenal dia😢,@hallandsalah-jy9pe,2024-05-27T13:07:17Z,0
on repeat over and over... so fucking deep!,@alexandraazevedo6433,2024-05-27T15:54:30Z,0
"This gives me 2018 vibes, don’t know why",@Vitusjkaa,2024-03-03T02:48:23Z,0
"The vibe is good walking around your friends in school, and plus wassup Steve Harrington do t die this season😢",@AngelBartos-k2w8k,2025-06-09T15:56:18Z,0
I love this song is very nostalgic,@cpchfeqi2646,2024-03-01T06:04:29Z,0
"Just listened for the first time to the whole song, when it said 24 my heart skipped a beat, it was on that date that we went on our “first date”",@gaiasellitto947,2024-05-20T00:02:33Z,0
vibes puasa 2022/2023 😢🥹,@07RFKA,2024-09-20T12:59:16Z,0
I thought this is an old song 😅 the lyrics just hits so much.,@yam_bautista,2024-04-04T05:35:43Z,0
please list me a song that have a same vibe as this song pleaseee 🥺,@karinangelina1584,2024-03-11T12:47:59Z,0
"i searched ""the song about chicago"" cause i heard the chorus in tiktok lmao",@kanyebarber,2024-07-08T10:49:11Z,0
"I wish similar songs were still composed. Using regular instruments and with a fairly calm rythm and lyrics. Just perfect. If anyone sees this, can you reply with some similar songs that you know of?",@svatoplukbenesch2805,2024-06-04T14:39:28Z,0
Now it is heavly raining outside i'm just sitting listening_raining inside of heart. Vibe💭,@dilshoda_yuldasheva,2024-03-21T20:16:25Z,0
No lie I also thought this was an 80s song hidden in the archives to be uncovered and allowed to bless us 😂 I love the vibe seems like something I’d cruise along the coast too on a bright evening,@dreadyynm1398,2024-05-16T03:07:23Z,0
The vibe is very sad but meaningful,@Mrvallumraptorelder,2024-05-21T10:49:22Z,0
When the lyrics and instrumentals elicit such nostalgia- brings that single tear to my eye ❤,@lanayanong,2024-09-23T00:55:40Z,0
Guys play this song on 11:59:24 and joe says remeber 24 and when the beat drops down as soon as we hit 2025,@modlisza3189,2024-12-29T22:36:26Z,0
"this song literally sounds like a 80s-90s song, this song would fit the stranger things vibe literally so much.",@ADOREDうぉれ,2025-06-17T21:13:44Z,0
And when im in back of chicago i feel it worst line he sounds from naperville,@dannyphantoom69,2024-07-30T04:03:48Z,0
"When you play the song at 11:59:24 from the beginning, the beat drop after ""remember 24..."" is gonna play the second we'll be in 2025.",@ItzNekkoBeats,2024-12-29T11:07:19Z,0
"""Emotional""",@RYZEN794,2025-01-04T06:56:52Z,0
"I’m gonna listen this now, before I write it off as an annoying tik tok sound.",@madisonsnellings8501,2024-03-21T14:33:27Z,0
where is the person who puts lyrics of the songs in the comment section?,@zahin_the_alien,2024-11-02T13:15:20Z,0
I miss the comment lyrics people,@eddiejackson1566,2024-10-28T01:13:12Z,0
"I used to come to the comment to learned how people interpret the the song, how they found it or what they felt during the first time they heard it.. Now its only dates 😑 this trend is annoying",@BuggyBuddy93,2025-05-09T00:10:47Z,0
nice lyrics man,@ashishyadav-y7h,2025-06-10T11:17:46Z,0
"All these likes and positive comments, had me thinking it might be a decent song. Sounds like someone got ahold of their parent’s casio keyboard and forgot to beef up the rest of the song. It feels empty. That being said, it’s not the worst turd in the toilet bowl that is considered music today.",@o7habits124,2025-07-15T23:56:23Z,0
Its givin tears of fears vibes and im here for it!,@taylorangel7700,2024-04-08T12:59:34Z,0
"As a 80s kid, this song rocks. It's nostalgic for sure",@carriebuckley1914,2024-04-06T01:39:25Z,0
It feels so nostalgic 🥺,@mariannalemos2018,2024-04-04T13:22:56Z,0
Vibes ramadhan 2024😌,@YusrilXoxo,2024-05-31T07:54:46Z,0
Midwest vibes we feel it and love it brother . 314 lives for ya,@LilSaintLouis,2024-03-19T01:56:08Z,0
Prince vibes,@kimmiko84,2024-05-06T04:15:52Z,0
guys play this song on 11:54:26 of today and start playing this song on that second. hell say remember 24 and it'll hit the beat drop in 2025,@zzeditzzyt,2024-12-31T21:53:50Z,0
"Sigh, I mean I like it, but all I hear is Steve Lacy's I Wish I Knew You Wanted Me, which reminds me of that awful Paul McCartney song, Wonderful Christmastime.",@FakeChannel4,2024-05-23T02:01:18Z,0
Love it for some reason I get the cars vibes from it,@kyleschmidt2598,2024-06-28T13:17:41Z,0
Remember '24 0:24 beat drops at 0:35,@a0._.0a-d1e,2024-12-31T15:06:31Z,0
I started a new channel and make songs like this in slowed and reverb. It would be amazing if check it out ❤,@young_aura,2024-10-11T16:06:00Z,0
Chicago is an awful city,@chowner,2024-02-22T21:14:37Z,0
"Man I miss home, I miss the old version of me... different vibes back then.",@precarioassistentedimiura,2024-05-01T01:19:01Z,0
"I don't know why, but this feels like a song you'd hear at the end of a movie, or in a scene where the protagonist is driving at night, emerging from a tunnel, just as the chorus hits perfectly.",@npc123-f6s,2024-12-05T08:37:09Z,0
Ply this song in new year eve at 11:59:24 the beat will drop when its 2025!,@mazdaamini-j9v,2024-12-31T17:42:43Z,0
"It make me feel the old vibes,what i use to do in 2024,my friends,mu old school,my old basketball team,my old coach,it was so magneficent it make makes me feel the ""nostalgic"" for 2024",@erikasoegiarto9135,2025-04-23T15:27:15Z,0
almost the same synth from mac demarco for the first time?,@pl4sty,2022-09-16T18:13:28Z,0
why the beat alone makes me wanna cry my eyes out it’s such a good song 😫,@aimee1634,2022-09-16T14:59:28Z,0
"Thank you, Joe. I can't describe your musical vibe. It is just.. amazing?.. Ur ""Keeps your head up"" helps me a lot of time and now new album makes me smile. Love u so much. It's Djo time, baby!",@k.blisterrr,2022-09-16T06:25:22Z,0
This vibe----😞❤,@_l4arii,2022-09-16T04:10:56Z,0
