comment,user_name,date,likes
god the harmony in this is gorgeous. i could listen to this for hours.,@iwonderwhyyouwantmyname,2025-05-21T15:16:01Z,358
The blend of their voices and the depth of the lyrics make this an instant classic. This track is what music should aspire to be—honest and moving.,@wanjiru-v6m,2025-04-08T23:40:56Z,340
"When the flow switch and he get that “it’s a vibe, do your dance, let em watch..” that shit cold af",@itseasytolearn,2025-03-01T18:09:01Z,270
"Luther is the first vocal you hear,  but the last vocal is the legendary miss Cheryl Lynn. Just like to give that woman her flowers. 🌹🌷🌹🌷",@jvthekiing,2025-03-01T23:18:48Z,231
"SZA’s voice is something special—so rich, soulful, and effortlessly smooth. Every note she sings carries so much emotion, and ‘Luther’ is another masterpiece that showcases her incredible talent. Her lyrics always feel deeply personal yet so relatable, like she’s speaking straight to the soul. The way she blends vulnerability with confidence in her music is unmatched. She keeps proving why she’s one of the best artists of our generation. Pure artistry!",@noshubhstitute,2025-02-17T15:18:29Z,204
"The Luther Vamdross interpolation,combined with SZA's brilliant vocals made it such a beautiful listening experience!",@ACTheMusicLover,2025-03-10T17:41:03Z,192
"The blend of Kendrick's rawness and SZA's soulful voice creates a timeless sound—this is going straight to my classics playlist. A tribute to Luther Vandross while still being uniquely them, pure genius. Makes you want to fall in love and fight for it at the same damn time.",@arnclaytor,2025-04-17T01:57:42Z,163
This better be in Spiderverse 3,@yamitronznova1,2025-02-18T00:53:30Z,149
I kept hearing this song randomly on my R&B shuffle and absolutely love it! They don’t make R&B with the male + female vocalists like this anymore 🥰,@SC0291,2025-02-10T22:01:56Z,114
"This song is pure magic, their voices blend so seamlessly, creating a vibe that's both intimate and powerful. ""If this world were mine..."" hits different.",@gvozden-j3d,2025-04-11T13:22:48Z,68
The harmony of Kendrick and the melody of SZA just work together so much,@LaurenHunter-q3e,2024-12-21T13:41:33Z,37
Here from Ni-ki's weverse post,@arianajungwon,2025-02-17T15:39:05Z,30
"it's been 4 months and I still can't listen to this song without crying because it's so beautiful. the sample, the vocal harmonies, the lyrics, the whole vibe",@leebird9023,2025-04-12T00:06:55Z,21
"This is my favorite song from GNX and the music video was absolute perfection, especially when he let Mr. Vandross and Ms. Lynn's vocals play out. I cried. Like many others, I grew up listening to Luther and I'm so glad that Kendrick and SZA shared a beautiful tribute to him and his work, as well as the loving tenderness within a relationship that folks dream of experiencing or have the joy of experiencing now. I cannot wait to hear this during their Tour! ❤",@MusiciansRule07,2025-04-15T21:47:37Z,13
Man Kendrick is really killing it with those fire words 😢 this songs is beautiful it has beautiful beats also ❤,@dutpeter6191,2025-03-08T14:55:10Z,12
"That melody at ""it go in out"" is super enchanting.",@letsgetitback,2025-02-26T11:53:58Z,11
I HATE how short this song is. I want 3 more versus so I can fall deeper into this❤❤,@starshineOnme,2025-05-10T22:25:58Z,9
"From En tok, Ni-ki's weverse post, collab when?",@thewonieverse,2025-02-17T15:40:54Z,9
The rhythm of this song gets me moving every time.,@RubyMoore-b7n,2025-03-13T17:50:55Z,8
"My life sucks, I'm seriously thinking about ending this... But Kendrick Lamar exists and that makes me happy, this song gives me courage, it's beautiful and gives off very good vibes",@01k4w4_ssj,2025-03-17T00:52:50Z,7
A whole vibe,@77mpickett,2025-02-27T02:43:45Z,7
"Kendrick and SZA really poured their souls into Luther  and when i tell you I felt every word. This song has been a lifeline for me during one of the hardest breakups of my life. The emotions, the pain, the hope it all hits so deep. It reminds me that healing takes time and that someday, I’ll find the one who truly sees me. Until then, I’ll keep this song on repeat, letting it guide me through <33",@Haerinlovemyfavv,2025-02-21T12:41:28Z,7
Man kdots verse in the beginning is so good it’s crazy lol could listen to it on repeat forever,@Bhlunted,2025-03-10T04:51:13Z,6
Does anyone else get Nas vibes from this if I ruled the world,@alexjoens5014,2025-02-21T14:08:44Z,6
Their vocals pair so well with each other😁😁,@taliyacassamajor7562,2025-03-31T17:17:55Z,6
"On repeat, everyday 🤌🏻🔥❤️ Kendrick you’re killing it 💕😭 love, love sza’s vocals good god!!! 💯💯💯",@gourisuresh7414,2025-06-14T02:26:11Z,6
"The combination of RnB and Hip Hop is really what makes this song such a vibe, SZA has and angelic tone",@eddyespinoza6619,2025-02-10T17:02:33Z,6
"This is absolute magic right here, Beautiful blend of vocals😭😭✨️",@angeliquism,2025-03-15T17:46:28Z,5
"Between the Luther Vandross sample, the hopeful lyrics, and the SZA feature, this song is healing on so many levels.",@JulieNelson-q4i,2025-04-05T04:19:17Z,5
"The beat,melody,and lyrics are perfect. Kendrick and SZA are very talented singers. Kendrick raps but that doesn’t stop his angelic voice from coming out. And don’t get me started on SZA’s voice. Absolutely perfect 👌. And that “Roman numeral seven bae drop it like it’s hot if this world was mine I’d take your dreams and make them multiply” Was so good Kendrick. I keep listening to this on replay i mean what can I say it’s perfection especially this duo on the same song. This is my favorite song by them 30 for 30 is my second. Love the song.❤️❤️",@MsSlim3026,2025-04-11T00:45:48Z,5
"Man, people been sleeping on this man's lyrics and meaning",@yaazzyy8410,2025-02-16T07:07:04Z,5
"IT'S NOT ABOUT THE FLOW, IT'S THE KNOWLEDGE THIS MAN TRYING TO PRESENT TO THE PEOPLE. EVERYTHING ISN'T ABOUT ""murder, drugs, ass. killing"" THE SELF DESTRUCTION ISN'T IN HIS LYRICS SO I GUESS THE PEOPLE NOT GETTING IT. MILLIONS VEIWED YET HALF STILL LACK THE KNOWLEDGE OF THIS MESSAGE. MR. LAMAR YOU'VE MADE ME LOOK...",@jackielynch8237,2024-12-22T01:09:52Z,5
I love the beat,@marlonamikie8783,2025-02-20T18:11:27Z,4
"Kendrick + SZA snapped with this song it is phenomenal.  The Lyrics are amazing, the best R&B and Hip Hop vibe this year. Thank you for this AWESOME song‼️💯🙌🏾💜💣🧨🔥🔥",@AliceChapman-j9q,2025-02-27T22:37:55Z,4
"There is not a lot of geminis with birthdays that fall on the 17th. You make me feel empowered , I'm so happy to discover an artist to share the same birthday as me. You make me really PROUD to be born on that day. You make me feel like I made it big in another timeline and event in life through a different set of eyes and experience😅. I won't get deep, lol, but I am absolutely PROUD of you, man! Keep letting ppl know about these weirdos out here! 😅 We don't stand for that ish over here in CONSCIOUNS  AMERICA stone em is what I always say! Fym😐",@june2110,2025-02-26T23:14:16Z,4
OK but SZA’s  vocals were amazing at the Super Bowl!!,@meme.duck.official,2025-02-15T17:45:31Z,4
dont go breaking my heart vibes,@BenBeard12,2025-02-21T10:34:49Z,4
The Vibes are something else ✨️  Kendrick and Suza definitely put the world 🌎 on notice ❤,@jackiewynter,2025-04-13T20:35:54Z,3
This goes too hard…..the chemistry and harmony on this track straight fire!!!!,@jasonsimms1571,2025-02-10T15:48:51Z,3
This song every lyrics touches my heart ❤,@shankhasaha9,2025-02-03T04:16:55Z,3
Vibe goes hard af,@Julian.castelo,2025-05-29T02:34:04Z,3
Love the vibe,@jessejulies4010,2025-04-25T17:54:13Z,3
It’s giving into the spider verse,@AlexChubb-hj9zq,2025-01-16T05:09:12Z,3
"Man the more I listen to this? I understand more. He they said “ if it was up to me? I wouldn’t give the nobody’s no sympathy”. At first I was thinking like that was a shot at ,somebody whoever and they lied that they are saying is nobody like ignore him, etc. But as I listen more ? That’s not what they was saying. They were saying “if it was up to me I wouldn’t give these nobodies no sympathy .I will take away the pain and give them everything”.Powerful. Meaning? Everybody is feeling like they nobody’s? Make them feel seen make them feel equal. Show them that they are just important in this world as everybody else. They goats in my eyes.💯💯💯",@RoderickGarrett-x7h,2025-02-24T05:55:42Z,3
"Hearing this song is being performed at the Superbowl, which was beautiful 😍 🤩 👌 I'm glad I got the chance to enjoy this beautiful melody 💙 💜 ❤️ ♥️",@naomiking4159,2025-02-20T03:35:00Z,3
This song hits tha beat like i was vibing,@Malka_1890,2025-04-09T16:27:34Z,3
"His songs mean something deeper and deeper to me everytime I listen to them, consider me inspired imma meet bro one day n imma share my story the same mf way on my soul.",@mr_fuzzo1431,2025-03-20T03:42:48Z,3
"this duet, so official...the harmony!",@trish4905,2025-03-27T03:42:14Z,3
This should be in the next spideverse movie. Just sayin,@sneakyfox_33,2025-04-05T21:26:53Z,3
This is a vibe!!!!,@preciousloveslopez,2025-02-10T10:20:17Z,3
This song is so good like this album is such a vibe I can’t get this out of my head and I love it🥰,@MohammedalshehriAlshehri,2025-01-03T17:56:40Z,3
Song + singing with lyrics =🔥🔥🔥🔥🔥🔥🔥🔥🔥🔥🔥🔥🔥🔥🔥🔥🔥🔥🔥🔥🔥🔥🔥🔥🔥🔥🔥🔥🔥🔥🔥🔥🔥🔥🔥🔥🔥🔥🔥🗿🗿🗿🗿🗿🗿🗿🗿🗿🗿🗿🗿🗿🗿🗿🗿🗿🗿🗿🗿🗿🗿🗿🗿🗿🗿💎,@Endershadow72-078,2025-05-27T10:57:40Z,3
This vibe 🤩,@AllenDiese3,2025-02-14T20:36:02Z,3
There's something nostalgic about SZA's voice,@salahoulkaid9800,2025-04-07T02:08:02Z,3
I adore this vibe....,@aimeewilliams6825,2025-03-29T15:40:37Z,2
Is this real this is a vibe,@RasheesWorld-ui8oi,2025-03-26T15:52:16Z,2
It’s just so relaxing such a vibe🥰🌹,@Betty44123,2025-04-30T00:02:01Z,2
Love the harmony and expression of love. Music has been missing that. ❤,@frenikssipz-n-eatz8582,2025-02-19T05:04:48Z,2
Such a vibeee.❤❤,@anniekielas6443,2025-01-17T22:26:56Z,2
This is what VIBES IM LOOKING FOR! 😭😩,@Jaysmami3011,2025-01-16T07:13:49Z,2
This should be in spider man across the spider verse,@Cadegaming-1,2025-02-19T17:36:51Z,2
It's so peaceful just the right vibe to relax to 😊,@AICapGod,2025-03-27T01:47:28Z,2
The beats flows through my hearts 🎶❤,@Giyuumlbbh,2025-06-06T08:18:40Z,2
What a vibe man👏,@merkymerks3954,2025-02-23T06:29:59Z,2
Vibe❤❤,@farah_arekeko,2025-02-10T00:26:18Z,2
"SZA, you are absolutely phenomenal! Your vocals are pure magic, and every note you sing feels like a soulful embrace. I could listen to you a hundred times over and still crave more. Your voice isn’t just music; it’s an experience—one that touches my soul in ways I can’t even put into words. You’re on loop, and I never want it to stop! 🎶✨🔥",@VinayaUikey-o1v,2025-02-13T12:55:14Z,2
"the flow, the beat! better than nokia",@marlonsuelto6922,2025-04-11T00:54:21Z,2
This vibe is fire🔥🔥🔥🔥🔥🔥 from the Philippines Kendrick Lamar I need you to my wedding,@rogiebalagbagan3764,2025-02-23T04:28:45Z,2
I heard this at the Superbowl I better hear it in Beyond The Spider Verse!!,@ThatGuy-vi6cj,2025-02-11T13:20:49Z,2
Mariah Carey vibes,@danielvega3127,2025-03-14T18:22:38Z,2
Feels like a track off of DAMN. so vibey 💜✨✨🥺,@playpalvinti,2025-02-15T20:36:05Z,2
Spiderverse vibes ❤,@Thispotatoissleeping007,2025-02-27T17:42:46Z,2
Kota needs a verse!!!,@zerculese,2025-03-24T04:42:16Z,2
I came here because of Enhypen JayWon Weverse live. Good song,@mrsstyles1324,2025-03-05T01:33:04Z,2
Honestly vibes,@Dragon-yt-777,2025-02-09T06:31:41Z,2
Tear inducing lyrics.,@hollywoodsfinest399,2025-02-22T18:25:48Z,2
"This is a vibe and a half, definitely a favourite",@itsDeaner,2025-03-14T03:40:30Z,2
"I wish they made SZA's verse into hook/chorus, it's Soo good.",@Cleanyourearsbro,2025-02-16T10:12:07Z,2
My wife's new ringtone 🔥,@gunnmauricemdg,2025-03-25T11:16:15Z,2
I heard this song for the first time at the superbowl half time show and it’s already got me feeling nostalgic 😭😭,@profeitbabidi7523,2025-03-11T22:30:17Z,2
This is such a fucking vibe and beautiful,@FilipinoWeeb,2025-03-03T10:10:36Z,2
the only downside is how short this song is. Could vibe to it all day,@linah1998,2025-02-06T20:53:03Z,2
This song 🎵 is a vibe ✨️ 😌,@GoddessQueen-,2025-05-30T20:44:04Z,2
"How to use SZA abilities right, other arrists should take notes",@Sickzerrrt,2024-12-23T02:54:12Z,2
The vibe is perfect 👌 they cooked,@LetyGudino-d9r,2025-03-22T01:42:09Z,2
🤚😏🎤 :in this world is the beat sond,@GojoPurple575,2025-02-27T03:38:20Z,1
I don't if any Indian will notice if or not but the beat of luka chippi by SEEDHE MAUT is kinda same as this😢,@Myst_echo,2025-04-07T11:51:30Z,1
This what the kissing the universe feel like💯💫🌬️☄️🌠,@LiveAfterLife,2025-02-03T08:38:42Z,1
This song is just not long enough.   I want another verse or two.  ❤,@NJ05-c6p,2025-02-22T01:40:11Z,1
Best and dopest song he ever did hella melody,@Itss_Harper333,2025-07-30T00:58:34Z,1
idk why this song is just so vibesss.,@darkopps6413,2025-03-02T10:25:41Z,1
Cruise 'n the car vibes,@iamvenom1342,2025-02-10T01:47:13Z,1
This gives 6lack vibes,@Phdoc632,2025-03-03T03:06:49Z,1
Love the vibe❤,@jay45669,2025-03-15T02:56:34Z,1
"Why is it just so freaking good, tha beat n sza n kl part😂",@MaggieAiken-t2y,2025-05-08T05:24:00Z,1
its beautiful the melody,@Justinziggy,2025-04-23T09:31:56Z,1
the verses is from damn. album from the song xxx,@dianerosas,2025-01-13T11:07:40Z,1
"Until I read the lyrics, I thought he said Raman Noodles, 7 days, drop it like it's hot. Now I know he said Roman numeral seven.",@LeslieSox,2025-05-25T18:13:38Z,1
1:24 Anyone trynna match my freak ahh lyrics,@Connorsclips,2025-03-22T14:02:46Z,1
It has such a good vibe best song to me.,@BrittneySellsAtl,2025-03-01T23:35:39Z,1
Gnx type beats on my channel,@FirstOne1One,2025-04-08T21:46:35Z,1
"Kendrick you are the best I love you and my new biggest fans because when I was six my mom played the song and now I’m seven years old but yeah so I like your new soundtrack or album but yeah so that’s it so I’ll see you later you can tell me later what you think If it was up to me, that’s one of the lyrics❤",@MargieJohnson-q3v,2025-03-01T00:49:07Z,1
This junt fye 🔥 should’ve brought that first chorus back at the end,@goldmouthtakenoshit,2025-01-06T15:34:40Z,1
Can anybody see what the “tombstone” says?,@PeacepleaseP,2025-03-11T06:22:58Z,1
good kid / mad city vibes,@dattykun,2024-12-22T23:09:43Z,1
Reminds me of the 80 & 90 I’m 55 and this is a walk back into the future 😮 yes I said walk back into the future… so yesterday for today pure genius…. 10 10 10 10 10 allllllll across the universe!!!,@CharlesNewman-i9h,2025-01-28T00:55:42Z,1
WE NEED THIS IN SPIDER VERSE 3!,@wesleybatten8336,2025-03-29T08:21:02Z,1
1:08 the perfect beat drop,@barcodedingus-dk4us,2025-02-27T12:20:03Z,1
0:55 that melody switch😮‍💨,@HenzelEchevarria,2025-05-27T03:26:06Z,1
This is such a classic vibe!!!,@DashonBlount-kr5pb,2024-12-22T01:23:22Z,1
Songs a vibe,@AmberGarcia-ro9pj,2025-01-06T00:59:26Z,1
No one can do this type of beat in hip hop history,@ahunter1963,2025-03-11T22:58:39Z,1
This song got me emotional for no reason.,@ngonianesu1159,2025-02-04T06:11:31Z,1
"Esse som tem uma vibe anos 2000 muito boa, a voz da Sza é perfeita.",@BiGdosdog,2025-03-22T01:07:15Z,1
"I looked up the lyrics, this song make an old girl wanna dance and remember younger dazes ❤",@Ann-y4e,2025-02-20T18:10:12Z,1
Vibe,@mohdasyraf6560,2025-02-17T03:39:52Z,1
That first Luther vocal drop could not be more perfect 🙌🏿🤌🏿🕺🏿,@tpg1830,2025-02-17T23:55:12Z,1
THANK GOD FOR KENDRICK! NO FAKE HE IS A REAL SOUL! REAL CARING FOR ALL OF US! HIS MIND AND LYRICS ARE MORE HIGH THAN ALL RAPPERS OF THIS TIME ( MY OPINION),@everythingneedstime,2025-02-17T21:01:04Z,1
"kendrick is just a better human and rapper because he does like to choose easy beats or songs so he can connect with souls, now picture Kendrick on loud trap beats and metro loud beats it will suit the general sims",@DELLAGIOHOTEL,2025-04-16T13:07:39Z,1
"Man this song not that great to me , he sound monotoned and off, he farting or queffing on the record w dat fart fart fart  fart cmon man this shid done already",@coreysmith624,2025-04-11T12:21:47Z,1
ksi be taking notes💀,@fahweem,2025-04-13T14:18:59Z,1
This a vibe💥,@SpiceWrld27,2025-01-27T16:56:40Z,1
Love the beat so catchy  love this song 🫶🎊,@nicholecarr2386,2025-04-12T16:12:30Z,1
Here because you kno good music...this song is so smooth i love it💯 definitely a vibe,@dionmarshall2077,2025-05-25T15:04:58Z,1
Love this song and Kendrick it’s my ringtone on my iPhone I ain’t playing ❤❤❤🔥🔥🔥🔥🔥🔥🔥 Kendrick you gotta make not like us a ringtone asap 😂💯💯💯,@mspeaches2,2025-02-17T14:55:55Z,1
I love the vibe of this song my new fav song now❤❤ love you SZA❤❤❤❤,@mahvishsardar9207,2025-02-27T11:18:11Z,1
Can everyone be quiet about Super Bowl and TikTok I just wanna see comments about how this song is such a vibe,@Rayis_bored,2025-04-15T17:27:56Z,1
"Wow, what a powerful voice! This artist's vocal range is incredible, and the emotion they convey is just captivating",@AddisonMorgan-d3n,2025-03-13T18:05:42Z,1
This song so beautiful I get emotional listening to it,@KitaKita419,2025-03-29T22:42:03Z,1
So nice of my Goat Lebron to let them use his beat from his hit song,@davidibalio7217,2025-03-24T21:45:32Z,1
"Some of y'all wouldn't know good music if you heard it, so use to dat ish that U can't even understand. Kendrick is a lyricses, poet, story teller, artistic genius, etc. Kendrick and SZA don't MISS🔥🔥",@pamelajohnson9508,2025-01-18T07:25:24Z,1
Chill vibes type,@markuswatson8770,2025-03-20T21:14:40Z,1
Whomever said Kendrick don't make soulful music hell my this is only album i heard on the radio 📻 they paid from head to toe,@Crippin45th,2024-12-25T06:39:50Z,1
Idky why this shit so catchy and groovy but fuck it fye fye,@travoglizo,2025-02-16T15:43:48Z,1
Well at least it's better than that old annoying they not like us song,@TahranGrant,2025-02-23T00:19:53Z,1
Kendricks good but Chris brown should cover the vocals  lol,@myle-gv1no,2025-06-27T20:48:26Z,1
This song is so catchy,@UrfavCourtney,2025-03-17T20:49:20Z,1
inlove wit dat vibe💖,@taboygenz,2025-02-13T14:24:42Z,1
"This song is overrated and super mid in my opinion. The Luther sample was mediocre, Kendrick and Sza created a nice vibe but it’s not all that. It was pretty much just good timing for both. They had a great year in 2024 and so far this year as well.",@quez4themoney,2025-02-25T13:18:22Z,1
I’m here cause Niki post on Weverse,@Enhacamfann,2025-03-23T14:31:22Z,1
"I'm In love, with you're voices, with the song, with the vibe with everything! ❤",@tofealwerfaly3498,2025-07-23T19:37:52Z,1
Woman beater,@xcaloux23,2025-03-18T18:46:36Z,1
the only song where we vibe every single lyric,@nikienhypen4200,2025-03-08T09:12:51Z,1
SZA vibes hits different,@roang1234,2024-12-30T15:29:46Z,1
"Kendrick is not a rapper the man is an artist"" my daddy vibes so hard he asked me to rewind it😂🎉 spectacular.",@MilesMwale-i8m,2025-02-14T18:25:50Z,1
The vibe,@SotoBison3000,2025-03-03T01:33:58Z,1
Is the high pitch man also kendrick? The in this world *?,@ylagranada,2025-04-11T23:51:32Z,1
Vibe,@dianesanchez3576,2025-02-17T22:29:06Z,1
if u listen closely it has the same chord progression as Golden hour by JVKE,@Techno_911,2025-02-18T16:08:01Z,1
It's a whole vibe!,@tracyvenice4815,2024-12-21T12:45:09Z,1
"Luther’s got that smooth vibe, but Kendrick’s bars still hit hard.",@itskeithwright,2025-01-24T18:28:54Z,1
The vibe is awesome there ass cooked,@Austyn-l3m,2025-04-06T00:31:05Z,1
Emotional,@dirtbikeride5882,2025-03-11T16:44:02Z,1
this song is such a vibe 🔥,@johna-sofficialytchannel,2025-01-07T20:25:44Z,1
SZA and Ken have great harmonies together and the addition of the Luther Vandross/Cheryl Lynn samples with the strings beautifully mixed in just adds an extra layer of romance to this song that’s already a bop because of the beat. Don’t be surprised if this hits #1 next week.,@dadgonegamer2654,2025-02-21T01:53:22Z,1
Does Kendrick have any other songs with this vibe? Love this one.,@appyslice,2025-04-13T05:48:52Z,1
This is the best song I've ever heard the beat is bad ass,@CynthiaDavis-y4c,2025-04-01T16:56:45Z,1
Lyrics understanding 0% vibing 100%,@ayushff9349,2025-03-29T09:59:03Z,1
"Tapped into nostalgia...by using the vocal sample from the Luther Vandross ( RIP)  song that was featured in the beloved modern cult classic  movie "" The Wood""  and Luther ( RIP) himself is a underrated icon of Adult  Urban Contemporary radio station Playlists worldwide....everytime K-Dot & SZA link up...they make Black Love sound magical and epic...they have great chemistry...I noticed that since "" All The Stars"" ...they always tour together too!",@BigDapPacino,2025-02-11T12:17:58Z,1
The whole damn vibe is 🔥🔥🔥🔥🔥🔥🔥❤️😎,@alisiapoole1385,2025-01-08T19:41:59Z,1
When they are singing seems like theie verses are dancing each other,@LuisSxndoval,2025-01-18T07:42:08Z,1
Please I need this as a ringtone..any one??,@debora316,2025-01-07T08:09:51Z,1
Idk what kind of spell Sza put me under but her vocals makes me meltttttt 🥰🫠,@P.KHADEE,2025-01-02T02:01:51Z,1
Sexy ass vibe 🎙️💫,@hellvader4838,2025-03-11T16:04:16Z,1
SZA is sp chill.  I love her voice and her lyrics touch my soul,@MusicMan_2000,2025-02-15T03:15:59Z,1
BRO WHY THIS A VIBE,@YEETISBEANIS,2024-12-29T08:23:58Z,1
W vibes,@JalilShields,2024-12-28T22:56:43Z,1
I want a version with SZA lyrics only.  I just cant get into Kendrick.  He ruins the song.  Her part makes the song and anybody reading this knows it!!,@ccan8,2025-02-28T15:43:53Z,1
This is music that reaches into the deepest corners.,@achillpill9700,2025-02-21T09:16:07Z,1
This should be a 21 Savage song. He would own this beat. Kendrick stealing his flow even.,@buffalo.blackk,2025-04-19T10:07:00Z,1
"That fire part is beyond annoying omg🙄 I can’t believe anyone listened to that, and thought it would be a good idea. Totally ruins the song.",@kellycuckoo3143,2025-02-14T02:48:48Z,1
Best night time melody..especially with SZA,@SinetisoMaziya,2025-03-03T14:54:47Z,0
"Kendrick, Lamar I am a boy is this that my mom’s this is my mom’s Apple phone so I love your music your new album on the ringtone thing. It’s so good can check Lamar.",@TianaAshley-o2u,2025-06-25T19:35:59Z,0
Lyrics,@DaliaGonzalez-n3t,2025-03-22T00:53:42Z,0
catchy song,@ピーターパーカー-j3i,2025-07-11T05:29:27Z,0
"Damn! These two. 🫣. Somewhere in the Multiverse, they took over from Jay Z and Beyonce. Their souls literally mate every time they get on a song together...🤭",@lwando88,2025-02-18T18:11:54Z,0
sunflower vibe🔥🔥🔥,@khunanonhrimpraporn3053,2025-03-16T18:00:54Z,0
Had this song on repeat all day today at work shit is a vibe!!,@oh_its_dizz,2025-02-20T00:26:27Z,0
lyrics hit difff😶‍🌫️❤,@ukauchral9723,2025-03-22T05:00:06Z,0
2:13 verse 3🔥🔥🔥oh my god,@eyezag,2025-02-25T15:29:49Z,0
Tamang tama yung blending nung chorus ni manggi!!! Grabe  Haring manggi💯,@MARCKEYBLAZE25,2025-02-26T18:37:21Z,0
Beat is 🔥 🔥,@derekhairston684,2025-02-25T20:13:34Z,0
I'm digging the vibe maestro.,@chall7172,2025-03-10T12:32:17Z,0
"Describe the vibe, it says...Well, I don't care about rap beef and Drake made this one of his best R&B songs regardless of hate. Smoother than butter this song will be. Young Padawan of r&b he will be 🤣🤧",@AdamMcdaniel-ff7gd,2025-03-04T21:13:09Z,0
Gives the same vibes as LOVE from his DAMN album 😮‍💨😮‍💨,@a.p.304,2025-02-24T02:57:02Z,0
I like Kendrick lamar and Sza i love this song i love the lyrics ❤❤❤❤❤,@NatashaWorkman-i9z,2025-02-23T07:47:02Z,0
Seriously they are like keystone artists to my complex music tastes! It's literally perfect. Please don't change anything!,@lovethN0T,2025-06-04T15:59:17Z,0
Love this beat just got introduce to this song today love this❤❤,@rachelpulido6885,2025-01-10T01:10:51Z,0
Roman Numerals 7 days rap it like it's Hot is the first lyrics for thee illiterate,@shawnberry3352,2025-04-27T11:26:56Z,0
First time I see The flow and beat👏👏👏👏👌👌👌,@jahmeilbelfon4569,2025-04-08T01:53:24Z,0
The song❤     the beat❤ the album❤ the music❤,@bridgetteyates4034,2025-05-10T14:45:11Z,0
The vibe is good,@JdoreMardi,2025-05-22T21:42:50Z,0
"My dumbass js now understands the lyrics, bro😂😂😂😂😂",@BentleyDeeznuts-u2l,2025-03-04T00:09:40Z,0
"You know, nowadays people use it. Old school beats They're not giving the message when they sing it. They singing the same s***. Did everybody else see just because she got a voice? You see not singing nothing different. He's not singing nothing different. I won't say anything different. From any other people that I've been saying right relationship days, I'm going down. Know all that listen, we need a new world. Error We got men that think like a female. We got femos, I think like a man. We got women's that have low mosqui. There's self-respect about themselves, so they just f*** everything. We got men with the big d****. Dude, you f****** woman and men. We're women out there, lusting off of big d****. You see how the world is now the world's f***** u*. Because people do don't have a self conscience. No more, you know who won't, you know who the only one to have the self before? Write write his country conscious. The nation is low righteous people that Christians that promises not that fake religion. Well, you got homosex, result up in it. No, you won't file no homosexuals. In Islam, at all, and if you do show me one cause he would die, she or eat There's a difference, but the fact is, you know, wait a new world f***** u* error with the demons, the devil. The devils angels, the devil's doubts. Babies, they took over people forgot about God, and those people I did that, quote, God, every day you're not helping you only helping yourself. God, I gave you the will to help others, not yourself. No more when you follow God, your job is to help everybody, not yourself, no more. What everybody? But they don't, they don't need help. What they think they could help me. The fact is good, our world, our society. It's f***** u*. And the people, then, when maya",@amairTruth,2025-07-01T17:51:44Z,0
"Yall please listen to szas new album Lana Deluxe ❤❤❤ its amazing, lyrics are perfect. Every song is a bop",@chloecox7715,2025-02-19T00:59:31Z,0
I feel like I've heard a melody like this before,@isyura,2025-03-04T02:18:33Z,0
Playing this at 1.2x speed is lowkey a vibe.,@TheMrCarterShow,2025-02-25T17:12:10Z,0
beautiful ass beat,@9thLife11,2025-02-27T22:54:59Z,0
Some annoying part,@nabilfitz,2025-06-03T02:16:18Z,0
The only thing I like is the woman singing and the beat,@Tupacthesecond,2025-05-26T20:58:49Z,0
Luther should be your next single in my opinion lamar its a whole a vibe,@MartPoter,2025-02-04T12:47:43Z,0
Continue with the real lyrics if this world was mine😊,@Animitonix0501,2025-07-11T06:17:54Z,0
who heard titi if you guys know tagalog good it means a deeper meaning,@fortcraft1000,2025-03-14T10:57:17Z,0
I'm deeply in love with this song <3,@LifebyJiJi,2025-03-12T08:51:05Z,0
In Love such a vibe ❤❤❤❤,@shawnlove23,2024-12-28T02:58:18Z,0
What happened to comments with the lyrics?,@morganbreezylemonsqueezy436,2025-01-11T02:19:28Z,0
A couples vibe,@delottZn15,2025-03-09T02:36:49Z,0
His backup vocals though 😍 I love when Kenny sings,@EdwinRodriguez-pl1jc,2025-01-18T07:21:41Z,0
"🎉🎉🎉to the 33,333,333 viewer...beat me to it by 1😅😅😅",@jayjaynee1,2025-01-23T04:48:23Z,0
"🎉🎉❤ serious dope lyrics, beautifully human, ❤❤",@wilhelminairis6675,2025-01-26T10:27:37Z,0
This a vibe❤,@kingg8732,2025-01-28T20:41:41Z,0
"Before I googled the lyrics, I was loudly and confidently singing “Ramen noodles seven days rapid like its hot”…did I mention I was singing this in public spaces…confidently?",@zoya3696,2025-01-31T02:21:19Z,0
beat!🔥🔥🔥,@KpopStan05302,2025-07-12T05:38:27Z,0
"Makes me think of Keyshia Cole music in the early 2000's, especially the chorus.",@royalrachy2027,2025-02-11T06:52:07Z,0
sounds like any other generic song,@Manwitheplan2206,2025-02-16T06:27:05Z,0
The music is SoOoO RECYCLED smh like the beat isn't even nsyc with the harmony auto tunes telling you can't perform live and it's saturated over time...... No disrespect but potential doing better  within it's reach   please reach.... Same applies to Ken,@718King,2025-04-15T13:54:51Z,0
Spiderman vibes,@bootsnikuts9578,2025-03-13T16:18:40Z,0
THE VIBE!!!😎,@TheOnepieceisrealInc,2025-01-01T15:58:50Z,0
The Sza part catchy now after 5 listens,@PacmanLit-e4w,2025-04-12T05:47:48Z,0
"This mix is cool. You did not destroy the old song, you just rapped your feelings into it rather smoothly. Tupac would be impressed. There are some powerful messages in music that the world needs to hear. Listen to the 70's songs and find some that you can jam more with. Marvin Gaye, Smokey Robinson, Diana Ross, Todd Rungdren, James Taylor and many more will catch your ear, I am sure. Good luck in your music career young man.",@RhythmWalker1,2025-04-09T16:06:27Z,0
Nah worst song ever,@Karamabonabout,2025-03-03T21:39:09Z,0
Please let this be on Spider-man Beyond the Spider-verse!🥺🙏🙌,@jurassicdomination,2025-06-20T14:48:26Z,0
Boring.... another boring apple trap beat with zero soul or groove.,@Aeravela,2025-03-25T20:29:11Z,0
This sounds like Ulquiorra Cifer theme from bleach and Steven Universe together 0:01,@greenpanda.k8337,2025-06-19T15:48:58Z,0
Absolutely loving the vibes from this music—it’s just what we need to energize our day! The visuals are also incredibly beautiful. Wishing everyone watching a day full of joy and overflowing happiness. Enjoy and let the good energy lift you up!,@HeatWaves987,2025-05-21T08:24:59Z,0
This is the worst song ever made,@ozone8897,2025-05-12T21:43:00Z,0
1:10 is the perfect vocals and the whole song!,@SamanthaFalk-v8u,2025-02-19T01:49:25Z,0
"The worst halftime show of all time. Bring back the oldskwl G-shit, hiphop, rnb and not todays garbage trap 🤮🤮🤮",@JohnBest84,2025-02-10T12:23:56Z,0
Can someone copy the lyrics and paste it here for me😢,@IluvkimJiWonsomuch,2025-02-15T11:15:00Z,0
The-Dream vibes,@JeffreyGlenn,2025-02-28T23:13:35Z,0
Can you please do a acoustic version of this song PLEASE 🙂‍↔️😭😭😭😭😭😭😭😭,@cesiahlozada8012,2025-02-15T12:25:53Z,0
I LOVE THIS SONG! THE VIBE IS SO CHILL. SZA AND KENDRICK MESH WELL.,@kiyanasimmons,2025-02-12T16:11:24Z,0
The best duo🔥🗣AND VIBES..,@lilianabaza1725,2025-06-04T22:30:40Z,0
Music has really fallen. This is just annoying to listen to.,@wikihow5413,2025-03-19T00:52:47Z,0
✏️Describe the vibe,@KingDude95,2025-03-02T02:17:12Z,0
Bruh I’m sick of lady Gaga’s whole cigarette in mouth with dumbass old school hairdo. In The joker 2 she had the same vibe the whole movie 🤦🏽‍♂️,@lugo007_,2025-01-08T09:07:50Z,0
"If you like synthpop like The Weeknd, check out also Starlight by Summer Dance Project: https://youtu.be/GpVPM4GdnhU?si=ah4fTFf5zfG5gXtg",@summerdanceproject,2025-07-24T13:05:10Z,0
Perfect harmony 🎼🎶🎶🎤,@truisreal,2025-06-21T04:45:56Z,0
Just heard this for the first time today. I love the melody.,@kazkay_lc2678,2025-02-01T22:35:08Z,0
This has to be the WORST song ever created 🥴😂,@shanicesparks4848,2025-06-30T01:40:24Z,0
Kendrick done fave SZA the sauce to Making the Audience Nod & Vibe,@AndreCarter-b2t,2025-02-23T17:31:58Z,0
Please give the job to back to jesd hilarious because she stayed on the beat and in tune... 👏🏾🫶🏾🫶🏾🫶🏾Yea jess,@ashleycarmon9030,2025-04-02T21:25:08Z,0
you know who would be really great over this beat is Drake,@5w8t,2025-07-09T18:05:18Z,0
"Hella bots in here, hilarious anyone thot this could ever beat Drake. Drake the goat",@elementnfg,2025-04-15T20:53:14Z,0
nice beat nice vibe good for studying sleeping your officially approved!you deserved a sub and a like,@Rip_shadow0522,2025-03-31T12:42:16Z,0
It’s getting annoying now. Hearing this song everywhere.,@lIlIlIlIlIlIllIlIlIlIlIlIllIlI,2025-03-17T03:05:27Z,0
"I love this song, love the vibe",@Frutillita.122,2025-04-01T21:42:24Z,0
Oh this is what the memes were talking about if thick of it had a different beat different melody different artist and a different feature (I am not new to the meme I was just sayin this is the definition),@abrahamc7731,2025-07-07T23:10:07Z,0
Bro I’m so tired of seeing this song on my fyp it’s getting too annoying💀💀💀💀💀💀💀💀💀💀💀💀💀💀💀💀💀💀💀💀💀💀💀💀💀💀💀💀💀💀💀💀💀💀💀💀💀💀💀💀💀💀💀💀💀💀💀💀💀💀💀💀💀💀💀💀💀💀💀💀💀💀💀💀💀💀💀💀💀💀💀💀💀💀💀💀💀💀💀💀💀💀💀💀💀💀☠️☠️💀💀☠️☠️☠️☠️☠️☠️☠️💀☠️💀💀💀💀💀💀💀💀💀💀💀💀☠️💀☠️☠️💀☠️💀☠️☠️💀☠️💀☠️💀☠️💀☠️☠️💀💀💀💀💀💀💀💀💀💀💀💀💀💀💀💀💀💀💀💀💀💀💀💀💀💀💀💀💀💀💀💀💀💀💀💀💀💀💀💀💀💀💀💀💀💀💀💀💀💀💀💀💀💀💀💀💀💀💀💀💀💀💀💀💀💀💀💀💀💀💀💀💀💀💀💀💀💀💀💀💀💀💀💀💀💀💀💀💀💀💀💀💀💀💀💀💀💀💀💀💀💀💀💀💀💀💀💀💀💀💀💀💀💀💀💀💀💀💀💀💀💀💀💀💀💀💀💀💀💀💀💀💀💀💀💀💀💀💀💀💀💀💀💀💀💀💀💀💀💀💀💀💀💀💀💀💀💀💀💀💀💀💀💀💀💀💀💀💀💀💀💀💀💀💀💀💀💀💀💀💀💀💀💀💀💀💀💀💀💀💀💀💀💀💀💀💀💀💀💀💀💀💀💀💀💀💀💀💀💀💀💀💀💀💀💀💀💀💀💀💀💀💀💀💀💀💀💀💀💀💀💀💀💀💀💀💀☠️☠️💀☠️💀☠️💀☠️💀💀☠️💀☠️💀☠️💀☠️💀☠️💀☠️☠️💀💀☠️💀☠️💀☠️💀☠️💀☠️💀☠️☠️☠️☠️☠️💀💀💀💀💀💀💀💀💀💀💀💀💀💀💀💀💀💀💀💀💀💀💀💀💀💀💀💀💀💀💀💀💀💀💀💀💀💀💀💀💀💀💀💀💀💀💀💀💀💀💀💀💀💀💀💀💀💀💀💀💀💀💀💀💀💀💀💀💀💀💀💀💀💀💀💀💀💀💀💀💀💀💀💀💀💀💀💀💀💀💀💀💀💀💀💀💀💀💀💀💀💀💀💀💀💀💀💀💀💀💀💀💀💀💀💀💀💀💀💀💀💀💀💀💀💀💀💀💀💀💀💀💀💀💀💀💀💀💀💀💀💀💀💀💀💀💀💀💀💀💀💀💀💀💀💀💀💀💀💀💀💀💀💀💀💀💀💀💀💀💀💀💀💀💀💀💀💀💀💀💀💀💀💀💀☠️☠️💀☠️💀☠️☠️☠️💀💀💀💀💀💀💀💀💀💀💀💀💀💀💀💀💀💀💀💀💀💀💀💀💀💀💀💀💀💀💀💀💀💀💀💀💀💀💀💀💀💀💀💀💀💀💀💀💀💀💀💀💀💀💀💀💀💀💀💀💀💀💀💀💀💀💀💀💀💀💀💀💀💀💀💀💀💀💀💀💀💀💀💀💀💀💀💀💀💀💀💀💀💀💀💀💀💀💀💀💀💀💀💀💀💀💀💀💀💀💀💀💀💀💀💀💀💀💀💀💀💀💀💀💀💀💀💀💀💀💀💀💀💀💀💀💀💀💀💀💀💀💀💀💀💀💀💀💀💀💀💀💀💀💀💀💀💀💀💀💀💀💀💀💀💀💀💀💀💀💀💀💀💀💀💀💀💀💀💀💀💀💀💀💀💀💀💀💀💀💀💀💀💀💀💀💀💀💀💀💀💀💀💀💀💀💀💀💀💀💀💀💀💀💀💀💀💀💀💀💀💀💀💀💀💀💀💀💀💀💀💀💀💀💀💀💀💀💀💀💀💀💀💀💀💀💀💀💀💀💀💀💀💀💀💀💀💀💀💀💀💀💀💀💀💀💀💀💀💀💀💀💀💀💀💀💀💀💀💀,@Cookiegamerdti,2025-03-12T16:40:12Z,0
The vocals…😍,@IEatColdFriesWithIceCream,2025-02-11T15:53:45Z,0
This hit hard the back up vocal sza 👌2:22,@United-national-us,2025-03-04T05:29:33Z,0
"Came for the thumbnail, stayed for the vibes",@pusparaja-u8y,2025-07-29T17:51:15Z,0
So good vibes,@pepitoyatusabe7707,2025-03-16T14:43:38Z,0
"This, if you call it a song, is awful and dreadful. It sounds like the result of someone mashed up three totally different songs in a really bad way. The verses, chorus and then that voice in your head......yuck!",@ElonGates-e1c,2025-05-18T14:43:03Z,0
"Kendrick and SZA my second favourite duo, only beaten by Tyler and Kali",@AbhiK1408,2025-01-26T09:27:54Z,0
How is this stupid ass shit number 1 ? Lol maybe top 10 buf to be sitting at #1 ? No its monotone bullshit,@trentleboeuf2174,2025-03-29T23:58:43Z,0
Can you make this song for Grandma to grandbabies? Love the song and beat but I would like a video with my boys and now my grandbabies,@rosemaryramirez7153,2025-06-01T22:08:32Z,0
drake and sza would be perfect for this beat,@jjiri8305,2025-03-06T09:36:54Z,0
Kinda sounds like Justin Beiber when they both sing thr chorus,@MericaVRgame,2025-04-26T23:13:33Z,0
the beat 🎶🎶 the vibe 🎶🎶,@VivenJiwane,2025-05-16T11:27:50Z,0
I don’t dislike Kendrick at all I think he’s great but this is literally one of the worst songs I’ve ever heard and idk how you people all thinks it’s 🔥 😅,@DankMonstrosity,2025-05-15T23:17:34Z,0
Worst song ever,@GGWP-m6j,2025-03-20T03:36:30Z,0
Ok this verse ate up they left no Crumbs go SZA and Kendrick,@ladiibiggahlowe310,2025-02-15T00:28:58Z,0
Perfect Beat 0:35,@Ahmil2015,2025-04-06T05:57:31Z,0
Kendrick Fan since bitch don’t kill my vibe 🎉❤,@lilostitch8586,2025-03-01T21:57:05Z,0
Kendrick drop beat like hell.. its sooo damnnn goodddd,@PokeGangMaster,2025-03-09T12:11:31Z,0
i love the beat... ,@ArunachalBroadcast,2025-05-26T05:51:00Z,0
Back after the soulful video about the love for Gloria his pen and hate for people who play with this thing called hip hop 🎤🗣💐🙌🏾👏🏾🤎🔥 kenny 🐐,@QueenVL1,2025-04-13T00:33:30Z,0
This song is a vibeeee 🫶 make me feel inlove even thou i don’t have nobody’s 😂,@Prgeneva,2025-03-09T18:34:37Z,0
Wow forward it x2 and feel the vibe 🔥,@miltonjoaquim8743,2024-12-24T06:49:57Z,0
Hmm I wonder what this song is about looking at the lyrics🤔,@Technonito,2025-03-24T13:48:47Z,0
The only best parts of this song is the medley/beat and SZA.,@bassboosted9708,2025-02-26T07:08:59Z,0
Had to search for the other vocals which made this track perfect. Sam Dew???,@victoria0783,2025-03-20T04:18:10Z,0
Good vibes❤❤🎉,@RosseNgolibii,2025-05-28T14:14:29Z,0
"I just noticed one of Kendrick's adlibs is ""Stay - ready"" and it definitely has the same vibe as Jhene Aiko Stay Ready feat Kendrick",@4namolly,2025-04-16T16:47:25Z,0
I love the vibe 1:16,@Giegod,2025-03-16T00:19:44Z,0
Hi dear I want to use your video in my video I will want to make it slow and reverb edition can you allow me . I will give you credit for that and the music owner too. Thanks,@UzairShahidpk,2025-04-17T21:32:03Z,0
"this is such a fantastic track! Kendrick always knows how to strike a chord. i feel like while a lot of people might praise the production, some might overlook the deeper messages in his lyrics. it's like, is he really the voice of our generation, or do we just hype him because of his unique style? just curious what others think!",@NateZhang-z3w,2025-05-31T22:52:43Z,0
W vibe 😂,@kaitrahan,2025-07-05T01:32:33Z,0
This shit took my soul I'm 😢 but yet🎉 😊do this get anyone emotional?,@geishagawdmusic,2025-07-24T22:07:20Z,0
"Intro  🔥  lyrics 🔥 song 🔥  R.i.p to the late , great Luther V. 🕊 🕊 🕊",@tamarastewart1278,2025-03-20T10:36:57Z,0
diss song should be in spider in to the spider verse,@samuriags,2025-01-19T00:26:15Z,0
Kendrick is the og goat of rap and flow and vibe🥶💯,@ChrisPounds-pu7gv,2025-04-25T23:56:00Z,0
Not describe the vibe.😒,@gemdiagram,2025-07-27T04:52:29Z,0
"Unpopular opinion: SZA is overrated. Lazy, tired sounding vocals. Over her.",@MrDJCue,2025-03-02T14:54:33Z,0
The melody is perfect 💯💪,@SEÑOR_GRIMM,2025-05-27T17:23:55Z,0
Love this vibe & sound!! #GOLDEN☮️,@carlamartin9889,2025-07-18T17:56:00Z,0
The beat drops are beautiful,@Twoscopes-1744,2025-01-21T05:07:40Z,0
this song is a vibe mann,@ishandeep2079,2025-03-15T15:34:04Z,0
A whole vibe 🔥🔥,@Skywalker29,2025-01-09T20:06:16Z,0
this tiktok ahh song so annoying bru,@Eight40,2025-01-09T06:53:34Z,0
❤❤❤. SZA is a great vocalist. The Luther sample is wild. I'm at peace,@willdavis3951,2025-01-04T02:28:19Z,0
Who's here from 8 Bit Universe,@fnafplayer6447,2025-01-03T16:54:05Z,0
Ooh wee! I like this! Amazing beats! Easy listening flow is nice!❤,@jennifermccullough9705,2025-01-03T02:31:33Z,0
this gives me slight 2018 vibes haha :DD,@finestbemmi,2025-01-01T21:04:57Z,0
Chill vibes and late nights up,@DAGOOFYGOOBER-t8i,2025-02-12T04:04:43Z,0
🗣️It’s a vibe do yo dance let em watch”,@TeckTonix_,2025-02-15T01:13:19Z,0
Kendrick can we get song lyrics your song is getting me crazy 🤪  on fire 🔥 😫,@NobuhleMngcongco-s7i,2025-04-13T07:25:09Z,0
Great music 🎶 can’t beat it,@dmalik9577,2024-12-24T07:58:00Z,0
"Kendrick Lamar this song got me smiling ☺ from within, the beat got my heart ♥ dancing.",@debrarobbins7881,2025-01-25T02:13:07Z,0
