comment,user_name,date,likes
"The first chorus with the crowd screaming ""they not like us"" is pure goosebumps",@richiwillemse1481,2025-03-21T20:32:16Z,411
"I am a 59 year old woman and when I tell u that Kendrick has me turning this up EVERY SINGLE time. Dont know why it resonated with me waaaaaaaaaaaayyyyyyyyy before I knew there was a beef. I just loved the beat and lyrics. But baebeeeeeeeeee, the SuperBowl performance had me with such great pride!!!!! As one of soldiers on the frontline of the movement from 60's to now, I must say I was so impressed and loved it. It got me into the rest of his music. Im highly impressed and proud of K-Dot. For the first time I feel like this young man brought generations together. Me my kids, grandkids and great grand vibe out to this anthem. Yes I SAID ANTHEM !!! Also with wats going on in our nation in 2025, baby we need this and so much more!!! I know I can speak for our nation when I say. THEY NOT LIKE US!!!!",@deevamartin7413,2025-03-22T23:29:08Z,98
"When Kendrick drops, the world listens. this isn’t just a song, it’s a warning; every bar is surgical, every beat is heavy, and “They not like us” became a national anthem overnight legendary energy.🎉1 year of release already",@Yvanclario,2025-07-17T17:06:36Z,89
Bro the beat alone is legendary,@spvc4696,2025-04-23T15:14:15Z,47
"""once upon a time, all of us was in chains, homie still doubled down callin' us some slaves. atlanta was the mecca, building railroads and trains. bear with me for a second, let me put y'all on game. the settlers was using town folk to make them richer. fast-forward, 2024, you got the same agenda. you run to atlanta when you need a check balance."" was my FAVORITE VERSE omg",@nezukoshairribbon,2025-05-24T03:44:35Z,41
4:08 This part of the video and the song has got to be the best response to the allegation that Kendrick is a wifebeater. Whitney wearing a wifebeater and dancing to not like us.,@klaidikamberi786,2025-04-25T08:32:30Z,35
I will never get tired of this song lol. The beat is 🔥,@kjwdeuce88,2025-04-25T15:15:07Z,34
This BEAT… Mustard for Prez!!!,@markcosby7129,2025-05-10T17:16:59Z,31
"""Beat your ass and hide the Bible if God watchin"". 😂😂😂😂😂",@Doxiemama16,2025-03-21T21:21:44Z,31
"I'm making a shout out to Kendrick Lamar. He killed it, give this man his awards. He is the king 👑  and people can stay hatting but Kendrick Lamar nailed it, he beat Drake down so hard with this song and the other song to called euphoria. I'm a huge fan of this man work and I love how he is working with sza they are both know for r&b and rap. I love their voices together and I hope that they make more and they are probably on tour. I love you Kendrick Lamar keep up the amazing work 🎉🎉🎉🎉🎉🎉🎉",@Edward-z7l,2025-07-10T18:24:37Z,27
Playing this at max volume so even my neighbors can vibe too.😂,@SM_MusicVibe,2025-04-28T18:54:03Z,26
Humble and this was first thing I played through my new studio Beats!!!,@dridge10way,2025-04-12T15:48:01Z,23
Ten years from now this will still b a vibe,@karenwilson6139,2025-05-26T22:00:38Z,22
This song is still undeniably catchy.,@JMD_XIV,2025-08-04T14:55:02Z,19
Amazing beat ❤,@KiriDeth-t3z,2025-04-02T02:06:45Z,17
"I've been listening to Kendrick since he was K. Dot. (After listening to ""Spiteful Chant"" & ""A.D.H.D"" I knew he was gonna blow up)I have no idea why Drake thought beefing with one of the best Lyricists ever and one of the few that was able to go MAINSTREAM without selling out would b a good idea. Who else would make a beef song the biggest hit of the year AND play it at the Superbowl with drakes ex serena. Even when Drake was at his best he still would have gotten completely destroyed. And props to kendrick for the last verse",@nateb9054,2025-04-23T19:23:56Z,16
The scale of annihilation this song is systemic..and deep..and danceable! I love it!,@kingLanos,2025-03-21T15:13:04Z,15
"Lyrics genius on so many different levels and I don’t listen to rap, but I was ALL in! Lamar, you did this!!",@shawndaj4156,2025-05-08T18:49:12Z,14
We coming back to where Drake took notes,@thatkevboy,2025-04-01T11:18:35Z,12
The fact that bro made a viral diss track about drake and has this many views just shows he know exactly how to make proper beats,@Toniforever,2025-03-27T20:08:54Z,11
Man idk how this is still such a vibe,@Chibwe-j1i,2025-07-13T21:05:04Z,11
"In the 3rd verse, when tommy the clown blows the first whistle , kendrick and the dancers froze in the corner. So dope 🔥🔥🔥",@NotWhoIAMButWhatIAM,2025-04-13T11:46:07Z,10
"The fact that this song is copy right free, is a bop AND a drake diss!.. No wonder everyone learnt the lyrics fast lol",@Just_a_dott,2025-04-19T08:05:31Z,10
"The beat is insane, simple but effective, as always Mustard on the Beat never dissapoint, not to mention Kendrick Lamar. Kind regards.",@LaVerdaderaEscencia,2025-03-26T05:46:24Z,6
My ex used to talk so much crap about Kendrick lol and on days when we would drive he would sing his lyrics and I would said “I thought you hated the man” it just shows how men hate men who are successful lol😮 I died😂,@Spanishkandy,2025-04-14T07:25:02Z,5
thinking back of all the times I said Kendrick was the greatest alive without skipping a beat and I was right,@itsMalma,2025-05-14T14:21:31Z,4
"Drake is dead meat ,his comeback will never be powerful like this song",@EdithMangena,2025-03-24T10:44:08Z,4
"Too busy trying to learn the lyrics, I didn't even notice Demar Derozan, twice, smh...",@AnjanetteDukes,2025-06-06T22:08:04Z,3
I have dementia and i still memorized the lyrics to this song,@VicioustheWise,2025-06-17T23:52:40Z,3
"At school, I guess this song by the first beat",@Zone-BOT,2025-06-23T19:32:11Z,3
"This is not music, nor is it singing .The guy is just talking  against the background of the shitty annoying beat.  Why would anybody listen to this crap 😂",@davitdavit87,2025-03-27T11:50:55Z,3
The vibe is so good,@Bryson-xi4tc,2025-06-14T03:08:55Z,3
Drake took THE WORST L in hip hop hop history 😂😂,@TirsitGezahegn-k9l,2025-08-04T15:01:48Z,3
"Does anyone wanna talk that in God’s Plan, There is a chorus with fans and there is a chorus with fans in this😮😮😮😮",@Odenhitsdingers,2025-04-17T03:26:52Z,3
"Dear Kendrick, I hope you read  this  comment. You make good  music  but your superbowl performance was terrible and what you did  was awful  i hope you  get canceled  for what you did trying to  start a revolution is just plain out  stupid that  war and revolution stuff ended years ago",@TammyPowell-x5o,2025-06-12T22:33:13Z,3
Say OV-Hoe 😂😂 that’s an emotional damage,@joeyyahya,2025-04-07T23:47:24Z,3
This song is trash. The cadence and voice he is using is fucking annoying.  Wack shit.,@justice5088,2025-04-07T23:13:38Z,3
Kendrick gave a Master Class on a lyrical beatdown. He's the Lex Luther of Hip Hop!,@RAM6165,2025-03-21T19:21:53Z,3
This is such a vibe,@Viper.afk9,2025-03-26T17:12:38Z,3
Kendrick is a Temporary club hitta Drakes music will always play at the Club 🔉🔉🔉,@edwardrivera206,2025-04-02T17:20:57Z,2
Kendrick is one of the worst artists i ever heard,@00pium_HXGCartiKenLoneVAMPMAN,2025-07-01T16:43:19Z,2
Mustard on the beat hoe 🎉,@yourfavoriteaudience7460,2025-06-22T05:03:32Z,2
"Beat that halftime show...... anywhere..... He didn't even rap my favorite of his..... But Serena, I had to stop and rewind 🥰 who won the game?",@Mr.Wade-i8l,2025-07-12T17:41:16Z,2
"Kendrick Lamar Duckworth (born June 17, 1987) is an American rapper, singer, songwriter and record producer. Regarded as one of the greatest rappers of all time, he was awarded the 2018 Pulitzer Prize for Music, becoming the first musician outside of the classical and jazz genres to receive the award. Lamar's music, rooted in West Coast hip-hop, features conscious, introspective lyrics, with political criticism and social commentary concerning African-American culture.",@KendrickLamarwebsite,2025-08-08T12:57:46Z,2
🎉❤I like this vibe 🚬☠️🔥,@DuliepreMarkens,2025-03-28T02:56:58Z,2
Something catchy about this B 😂,@IGlowIFlow,2025-04-06T00:52:45Z,2
Mustard on the beat hoe 😂,@PACKGODJr12,2025-03-22T03:16:18Z,2
Killer lyrics!!,@ludovisian5063,2025-04-08T23:08:33Z,2
"""Sweet Chin Music"" in Kendrick Lamar's music refers to a metaphor taken from professional wrestling, specifically the finishing move of WWE Hall of Famer Shawn Michaels. In the wrestling world, Sweet Chin Music is a superkick—an iconic move that knocks out an opponent with a quick kick to the chin. -ChatGPT This shit is SOOO deep.",@brendolbreadwar2671,2025-04-02T01:33:34Z,2
One of the worst songs I have ever heard. He sounds like a hillbilly 😂😂😂 you call this trash music ? Lol,@YogsG007,2025-05-23T12:37:56Z,2
I luv the beat I luv when he said   since 09 he had it. Jumping,@MMkk-h3x,2025-06-28T16:14:34Z,2
"Not Like Us is not a future and you know why because it's not changing the negativity of Hip Hop Music and it's also suppoting the negativity because it mocks God,and I can prove it to by this line in the song ''Beat your a** and hide the bible if Gods watching.",@Rosariotejada-bd4up,2025-06-06T01:36:52Z,2
Bro is rapping like he ain't breathing like not even a deep breath 🎉😂,@OagengKhoarane,2025-04-10T03:56:41Z,2
Boring Beats get a guitar and learn some R'n'r,@canislupus2146,2025-04-07T15:39:19Z,2
mustard on the beat,@Nhânquảluânhồi-b2c,2025-05-12T11:27:13Z,2
"Dr6ke: ""if you can beat 'em, just copy 'em""",@spvc4696,2025-04-03T14:31:26Z,2
Drake worst nightmare,@KaidenHaygood-i7b,2025-04-23T02:20:59Z,2
"5:06 LOVE THIS BEAT FIRE🔥 SHAKEN FATASS! THE RHYMES ARE FIRE 🔥 TOO. OMG I HAD THE PART OF THE SONG THAT SAYS ""THEY NOT LIKE US!"" (REPEATEDLY) ALL WRONG! I WAS SAYING ""THEY LIKE  EM YOUNG"" (REPEATEDLY)! I'M SORRY! I'M DEAD😆🤣",@DesireeMYoung,2025-03-30T18:26:39Z,2
Damn the chorus is catchy,@spvc4696,2025-07-03T01:37:14Z,2
I’m bout to pass on this beat like John Stockton,@RealSunSean,2025-05-06T18:39:59Z,2
Yo Kendrick Lamar you a straight-up genius! This is now my ringtone this is now my new favorite song of all times! Get it Biotch you are a badass! I'll say it again FLATOUT GENIUS! EPIC SONG! HOPE IT GETS SONG OF THE YEAR Blessing's~ Pixie 🙏🏼🥰❣️🔥✌🏿🎶🎤🕺🏾☝🏿,@ThePrivers241fan,2025-05-19T02:35:19Z,2
Mustard on The Beat,@jefethugn6348,2025-05-27T21:51:33Z,2
"I grew up in Compton/L.A and Tommy tha Clown used to ride through the city beating and would jump out his car, and we'd all dance with him in the street. That was back in the 90s, and he's still going strong after all these years.",@mrsnlewis82,2025-03-24T08:04:27Z,2
This is boring annoying and complete garbage,@army3585,2025-05-15T20:34:40Z,2
The Vibe? Ghetto trash sreggin.,@jimwilliams14,2025-07-13T08:39:54Z,2
Give it 6 months before Maga uses the beat.,@stevenholmes5099,2025-04-04T07:24:46Z,2
"I personally think this song is awful and you can barely understand what the so-called rapper is saying. I miss ""real"" music.",@terence4427,2025-03-21T15:32:13Z,2
"I'm not Black, but my skin tone is dark. after this song. i don't feel the difference anymore.",@arjunislive7909,2025-05-02T13:08:58Z,2
I don't know why they played with that man he been showed niggas can't nobody fwh when he dropped that Control verse years ago I think only wayne in his prime & eminem can give him a run for his money & possibly jcole but Cole backed out so that says alot,@BigMeechoBands,2025-04-27T22:14:39Z,2
Maki from andteam post in weverse got me here😂 👍🏼🔥,@xcviaa,2025-03-22T15:15:28Z,2
It never was more clear who won a battle. True definition of beating someone.,@Temen-RL,2025-06-13T15:13:47Z,1
other vaginal option one of the worst bars in the battle,@gregh_777,2025-05-05T22:32:33Z,1
GIVES SNOOP DOG VIBE,@Dank_varshiya,2025-04-19T20:07:13Z,1
Mess with the wrong guy with Mustard on the beat Ho !!!!😂❤,@Handleitornot,2025-05-09T21:10:34Z,1
I love this vibe,@JackNoel-g2m,2025-04-29T22:04:41Z,1
"Never heard this song. Not a bad song, but how did this win Grammys? There is no way for the average person to understand even 20% of the song's lyrics",@yellybeam2869,2025-06-02T18:47:55Z,1
Stupid ass song. Stupid ass beat.,@King-IbnDragon,2025-04-08T05:46:57Z,1
❝ Mustard on the beat ho- ❞,@Zæhîň,2025-03-25T23:58:15Z,1
This has a much deeper meaning than Drake and I'm here for it 😂😂😂😂 I'm dyin laughing about it,@samanthanicole2993,2025-04-21T22:47:24Z,1
"stop doin that goofy shit, go back to doing untiteld 05 ahh beats",@danico6377,2025-04-12T22:09:56Z,1
2000s vibe,@arponborah1944,2025-03-25T07:39:08Z,1
I can't talk to nobody else.... Keep 💯.. I'm not trying to get life because my guns license in the law forcement illegally an my gun promit in the streets illegally to kill us an my name on the military 🪖 in USA probably the whole world 🌎🌍 for the trick like my favorite rapper told me Prodigy from Mob Deep... Illuminati wants my mine soul an my body 🕵🏻,@CurtisBland-t8v,2025-04-04T02:13:53Z,1
The tempo of this song is the same as gas stove trying to light.,@rememberthefuture944,2025-06-13T12:47:14Z,1
😤IM NOT INVISIBLE I see ASW PEOPLE MY DAD’s a Numerologist I’m a intergalactic SOUL Mariyam;Purity of a bright whiteness Madina;One who Judges MUHAMMAD SWS❤❤❤❤❤❤NAAILAHs 6th Daughter FORMALLY KNOWN AS AALIYAH CARTRR -LETTHEBEATBUILD …..they slept on his lyrics to DARKSIDEOFTHEMOON.Mirrors his painting I’m there THE PUBLIC EYE 👁️ KNOWS NOW 2:33pm FRIDAY,@Kxummer,2025-06-13T18:33:55Z,1
Quanto mais o tempo passa mais dá pra ter noção do quanto foi um esculacho do caralho kkkkkkkkkkkkkk,@luizfernandocard9535,2025-07-21T00:00:41Z,1
1:10 fun fact this shot doesn't use special effects kendrick just used his powers,@CoolGuyMcgeez,2025-05-23T00:30:11Z,1
Probably my favorite kendrick verse ever 😂 I spilt blood on my apron cooking this shii up…. I FEEL LIKE SOME OF YALL IS HATING,@JZC00KIE5,2025-06-26T19:00:34Z,1
<3 love this vibe <3 so true 100%,@cherannthompson,2025-06-05T21:38:28Z,1
"This song is thrash! No flow , nothing , no rhyming ! Wow ! This piece of shit is a hit song. Horrible voice lyrics and all !",@Osiris619yahoo,2025-07-25T19:29:50Z,1
Mandem we can use this as the new cpr beat let’s use this sick beat to good use research online if u need,@user-q19tz8lw5c,2025-08-02T08:03:00Z,1
Why’s he beating up a fucking owl ???? What did the owl do to you Kendrick. I bet it ate your cat. Meow,@JeremyYoung-x3p,2025-04-04T18:19:24Z,1
Should I use this beat  for a song,@Emoboy20-d2t,2025-04-24T22:29:47Z,1
"Whack beats, whack lyrics. I've never bumped a kl song. Been bumping Drake for almost 20 years. This dude will be forgotten in 5 years. Calling Drake a popstar, only know who this clown is because he's all over the pop station. Keep it real, Drake always has.",@aaronschneider5041,2025-05-20T20:12:46Z,1
"I know musis , lyrics was on point but the message was the end THE OWL",@josephsonnier3594,2025-06-24T03:03:01Z,1
Is Taylor your little sister gangbanger what’s the vibe I can’t keep up it’s getting too personal hahahaha someone of us LIVE IN THESE STATES fl and Georgia and Texas and Tennessee I love all colors ❤😅🖤,@tanvipatel77,2025-06-12T21:20:32Z,1
"He dis'n more than drake .... Read the transcript, he talking about several. I didnt catch it until i saw lyrics, and he is pretty clever the way he weaves their names in the lyrics",@sheilahawkinsdavis9536,2025-07-09T19:43:49Z,1
Kendrick has the smoothest vibe game......i stg.....moves so perfect......f Drake all day.....XXX Tentacion 4 lyfe,@stephaniewade,2025-04-30T14:40:17Z,1
"Maybe it's just me, but this song isn't very good.  Pronouciation is horrible, timing and rhythm is bad and the rymes are like 3/10",@sabacone,2025-06-22T16:03:43Z,1
your over 50 your making fun of my voice your voice has deep voicecrack in it can make sissisisi,@themonkeyboy202,2025-03-22T02:53:01Z,1
"Bro drake is cooked, deep fried boiled, smoked, grilled, roasted, baked, sauted, steamed, broiled, seared, stir fried.",@OrionSromek,2025-07-02T02:44:54Z,1
"Bro drake music carrer is cooked, deep fried and burned",@Fish01177,2025-03-31T11:16:16Z,1
What is this shit ??? And voice is like beated by yr dad Drake 😂😂,@OmJadhev-m,2025-03-31T11:11:23Z,1
This is what passes as art these days? The lyrics sound like  a middle school mean girl diary entry run through a ghetto/poor grammar filter,@snakebiteserenade9079,2025-04-10T02:38:01Z,1
Really cool lyrics❤,@EmekaOkeke-n4o,2025-04-18T00:30:25Z,1
His style of rap sucks really can’t stay with the beat at all,@davidbeauvais1364,2025-04-17T15:40:55Z,1
"Updated verse for 2025: We not like Trump, we not like Trump!",@KarlLind,2025-07-24T16:46:07Z,1
Bro I’m not gunna lie this might be the worst diss of all time… how do people like this?,@slipjones302,2025-05-19T20:26:47Z,1
0:20 if you knock at a mexicans door with that same rhythm it means go eff your mother lol i didnt realize that until I did it to my uncle 😂,@christianvazquez1979,2025-05-28T15:14:51Z,1
His voice is so annoying ngl,@_MC529,2025-03-22T01:01:35Z,1
Can't beat Antonio Tate I see dead people,@jaybulo202,2025-05-22T03:01:47Z,1
happy anniversery ,@BluesMinorSwing,2025-03-22T22:05:47Z,1
Love the lyrics so real and genuine you are the goat ❤just had to give it to Kendrick ❤,@JasmineHartogh,2025-06-20T09:09:17Z,1
"That verse ""with money coming out the anus"" starting to make scenes right about now playboi",@xxshheeeshhxx8559,2025-04-04T23:29:56Z,1
"Some people be forgetting how deep this is “what is the owl, bird 🥷s and burnt bitches” real rap",@NeuroDot7,2025-05-11T02:30:53Z,1
To be so deep into your feelings being hurt isn't a good look in hip hop smh that's probably what you missed,@jimmycollier3144,2025-07-07T15:10:57Z,1
What good music is very catchy,@AntonioLopez-kj5ou,2025-06-14T21:18:21Z,1
1:17 Kendrick said Drake im going to beat you up like a little boy.,@jessicaesau9116,2025-04-23T19:21:08Z,1
GOOFY VIBE!,@Rom-1045,2025-07-09T14:48:15Z,1
Yo dis is da worst shit I've ever heard,@taenaedoe3566,2025-06-01T01:00:20Z,1
Quem aqui procurou a música por muito tempo ?,@NiwameFernando,2025-06-26T20:16:36Z,1
That drake verse was funny as hell,@justingaddis4154,2025-04-05T03:01:50Z,1
This is soke of the worst hip hop I’ve ever heard,@JayFrancis-i1n,2025-05-07T05:43:12Z,1
beat your a** and hide bible if god watching... tf.. 😂,@osamathakur8544,2025-04-07T09:30:21Z,1
"Can someone explain to me the chorus ""they not like us"" who is 'they'?",@ninabradshaw2267,2025-04-04T11:51:05Z,1
This beat is sick,@martalutostanska4470,2025-06-07T16:47:10Z,1
Dang nice beat and they not like us,@MasJul-h7l8h,2025-06-21T12:24:25Z,1
😂😂😂beating a yada,@BobSmith-do4zp,2025-06-13T16:07:54Z,1
"I first heard this song from the SuperBowl LIX, as he performed for the Half-time. Now I repeatedly hearing this beat on Sister Leveling (Solo Leveling Parody) 😭😭😭😭😭 Song-yi winning on Jail Route.",@emmanueldevera167,2025-04-24T15:23:36Z,1
Vibe only,@nompilomvusi2010,2025-03-23T12:48:14Z,1
Nah I fuck with Drake but Kendrick absolutely shit on him.  Kendrick Lamar is the best rapper of era and of possibly all time. He won fair and square and beat Drake at his own game,@ARECO01,2025-07-19T02:41:24Z,1
"Pure nas, 90's beat, message heard and sent",@jvsden4573,2025-05-10T02:27:50Z,1
Mustard on the beat ho,@angi81dance,2025-04-13T17:54:42Z,1
"Dr6ke: if you can beat 'em, just copy 'em",@spvc4696,2025-04-03T14:02:47Z,1
0:40 the beat drops,@Noooo72,2025-04-13T13:53:29Z,1
"This ""song"" has TWO notes ONLY  Although this song is in fact awful its banality does capture the time we are living in. They have dumbed us down to the point where we are bragging about not being pedofiles to a song that has 2 notes. Doo Doo Da Doo. 1 Doo 3 times with 1 Da in between.",@DavidSoria-n5i,2025-05-24T17:34:04Z,1
"I feel like Kendrick would not stand a chance if Eminem was on his beat, he would probably make that shit viral",@Nachopes03,2025-03-21T09:01:51Z,1
"Fast forward, and now this song could be about our elected officials- THEY NOT LIKE US, striking all them A-minor chords.",@MichaelBarrington-w8v,2025-07-28T00:36:57Z,1
Do people really like this song? The beat is not good. The raps are okay. I don’t get it. I think people just wanted to side with Kendrick. And thought drake should take the L. But drake had better songs in this battle.,@AllieRogers-mq1kf,2025-07-10T15:48:08Z,1
"Dr6ke: ""if you can beat them, just copy them""",@spvc4696,2025-04-03T14:31:42Z,1
"It seems like im the only one who thinks song is whack as hell. Nothing like the Tupac, Nas, the lox, DMX,Jayz, Queens bridge, Rocafella, Eminem, D12, 50 cent , G-Unit diss tracks . It’s so confusing. Drake , lil Wayne era songs were so much better no ? I admit I may be missing something but why did this song get so much clout ? Seems like it was because a rapper went after another rapper and the generation never was alive to witness a rap beef. That was the regular back in the day and it ranks at the bottom as one of the worst diss tracks I ever heard in my life and I’ve heard them all. Real talk",@emmanuelvelazquez3197,2025-05-02T06:37:09Z,1
This song blows dick. Seriously the worst rap i ever heard.,@WAHOOWA,2025-08-05T01:46:47Z,1
The sad thing is Kendrick Lamar doesn’t know that deep Down there’s a bunch of ten year olds of have a crush on him,@JohnsonFamily-c7k,2025-04-15T02:51:27Z,1
2:55 what if pac actually wrote this verse and gave it to him to rap... 🤔( yeah I wish he was alive),@miaubella,2025-05-20T08:12:02Z,1
Worst black music. Dj Mustard!🖕Why you give your gold to this boy?,@Drockaddis,2025-04-03T00:51:01Z,1
Sounds like a generic Suga free rapper on this song,@rodneyw975,2025-03-25T10:59:22Z,1
Bro . . . . The beat is mixed *SO* well.,@darkniit,2025-03-23T05:39:52Z,1
Very Vibeeeeeeeeeeeeeeeeeeee🤩,@MureedhHabib,2025-06-24T13:31:48Z,1
Dis song îs like synthetic weed 1st You dont like after You cant stop,@MriuOprita,2025-05-05T10:34:57Z,1
so gotta get dance lessions from DA MAN Misure Ken MAn -secy deep er da berry CoCO!!!,@TheEstateOfHarriettWashington,2025-06-13T19:07:29Z,1
Lot gonna lie i get 3rd verse.yay.,@stevencusworth7219,2025-07-07T11:20:55Z,1
So good the music bruh i love this song i can't stop looking this bruh is so good and Drake is so fuck up bruh no one can beat Kendrick,@jocelynmontanez,2025-05-05T16:27:16Z,1
"i cant believe this is hip hop and everybody is eating it up. so petty to “beef” with someone. thats not creative, its just talking bad about someone over a beat…stupid",@MeltTheGuns-g8p,2025-07-07T01:01:17Z,1
"Dr6ke: ""If you can beat them, just copy them""",@spvc4696,2025-04-03T14:31:55Z,1
Not the best beat but Kendrick killed it,@kgbnksdbgkjd,2025-05-10T01:11:54Z,1
"1:36 ""no ovhoes were harmed during the making of this videos"" he harmed one. Emotionally.",@gianlucaportella2409,2025-04-30T01:56:54Z,1
Drake can't beat this i mean this song won grammys,@EverythingEva_wb,2025-03-21T22:48:33Z,1
"i just noticed, the black and white owl dropping candy after kendrick beats it basically saying drake sweet as candy, or im just delusional 😭",@pianoprofitonal,2025-04-16T22:21:47Z,0
Nostalgic 🎉🎉2025,@taylorstoneham7239,2025-04-27T23:10:13Z,0
Jay Rock's verse is soo fireer,@vamp-z4b,2025-06-02T21:01:08Z,0
Foarte penali off beat in mortii vostrii si vai de mortii ascultatorilor vostrii!🙄🙄🙄🙄🙄🙄,@nick-i-am1990,2025-07-31T20:45:57Z,0
This song gives a dancing mood vibe😂,@GraB_Point,2025-04-14T15:03:14Z,0
"Awful music, awful culture",@brycecharles3856,2025-07-14T01:25:33Z,0
0:43 MUSTARD ON THE BEAT YO 🗣️,@anjaliarsha,2025-06-07T12:32:06Z,0
"I have to know what a 3:35 a 69 god is? A pervert devil/sex god worshipper?. If so you can add Celine Dion to that list. The publicity campaign for the children's clothing line she did a few years ago is disturbing. And he is just kicking back chill because he's one of fewer and fewer people with their eyes actually open. He sparked some creative energy in me. Don't just sit by and assume anyone else is going to save the world, you have to do your part and then we'll have hope. That's a call to action. I'm working on a bill to submit to congress focused on not overwhelm the system by taking 86% of children away from the family for drug addiction, then turn around and drug all of those children and put them in homes where they are raped and beaten while the kids who are suffering physical abuse are often looked over or given back. I know all too well. I was exposed to sexual explicit hand made dolls @DFS interview at the principal office at school. They looked like cloth African American cabbage patch dolls will adult parts and they isolated me and showed them to me trying to get me to say something had happened to me. There's only one black student in my entire school DISTRICT! So why not regular dolls? It's a super disturbing moment from my life. And I was kidnapped from school in Kindergarten! What school just lets a pervert pick a kid up from kindergarten?! JL Mudd in OFallon Mo.",@sinistersistercreative,2025-05-09T04:46:45Z,0
"Who still don’t know what this is about even after all the arrests, cover ups, and sra survivor stories? They should all pay dearly for what they have been doing to those children. The elevator goes down. 50 deep. The tunnels still run underground all beneath the city.  The owl they truly revere is in bohemian grove. Freaky sickos.",@SamanthaRich-w7e,2025-04-06T02:41:10Z,0
None of that sex sacrifice get out hand fast women be worst ones after all this men evil ones will stick together did this and hurt women fast,@LexiBond-y8q,2025-06-02T12:29:17Z,0
u know what? this is the WORST RAP/ SONGH ON EARTH.,@johnsonchan3284,2025-06-17T21:24:22Z,0
Whats funny is you wont get the lyrics when you watch it haha,@lonelyguy5799,2025-04-17T19:26:18Z,0
Want to hear Lil Wayne @lil_wayne on this beats,@Hermitgreengh,2025-03-30T00:12:39Z,0
Hub beat 0:20,@Nicolas-yg8jv,2025-04-02T23:36:19Z,0
Nice beat,@Sonnym-1990,2025-04-17T06:56:01Z,0
yup just  repeat half the lyrics over and over again wow so  good IM LYING TS IS SO UNBELIEVABLY ASS LMAO,@3zuza372,2025-04-02T19:28:21Z,0
"Music and lyrics good, vocals, eh so so. He really aint got a singing voice 😅",@allysonwonderland1992,2025-06-05T09:05:05Z,0
"I believe the lyrics are ""freaking ass ninja = he will 69 God""  ---- ""he"" the sense the individual hes referring to is disordered and seeks please for perpetuating his service. IYKYK 👁",@LuxuryBrandsDirect,2025-07-04T13:38:57Z,0
This beat is soooooo good bro . Eternal Damnation to Drake.,@spvc4696,2025-03-27T15:45:54Z,0
At mustard on da beat ho,@check4848mx,2025-04-06T01:49:44Z,0
Mustard on the hoe mustard on beat hoe,@builderman8544,2025-05-03T13:18:29Z,0
Love the beat,@Ma3hub_ke,2025-03-26T14:18:17Z,0
"F*** it, Donald Trump. Yeah, Viber.",@farhandhere,2025-03-26T03:43:19Z,0
"Also…having an American artist go onto the Super Bowl stage…the world stage…the BIGGEST world stage and; a. Make an unfounded accusation of a fellow artist being a C3PDOH and B. To use this world stage to so heavily promote so much gang culture/Crip/Crip walking/Pro-gang material is genuinely beyond irresponsible. It’s a rap beef & one of the best/most savage/entertaining/hard fought in hip-hop/rap history, it deserves every accolade within its particular genre that’s available, but to have this disrespectful, pro-gang culture, otherworldly disrespectful track repeat blasted into every television across the world that tuned in to watch my Birds beat KC into a bloody slurry…that’s just wrong…and on every level. Keep that shit where it belongs…and where it belongs is not on the front page-representing our entire country to the world in such a… “manner”. No one has to agree with me, but that doesn’t change the fact that what I’m saying is true. We need to stop promoting this gang worship that’s been going on, too many young kids are watching this shit, taking up a flag and dyin in the streets across the country & now the world over this fake ass culture that in & of itself manages to be hypocritical of itself in representing the culture as being the result of systemic oppression while simultaneously glorifying the life style of its OWN accord and inspiring millions of youth to emulate what they are seeing. Shits gotta stop & people need to start bein held accountable for it and stop hiding behind “taboo subjects” within our society to blame shift its perpetuation. Again, disagree all day, but I’m still right. ✌️😖",@DrewJersey2024,2025-04-11T02:15:35Z,0
Mustard on the beat ho,@MelxYT2000,2025-05-01T08:17:34Z,0
The fact that Drake is still alive and can visit his own headstone is crazy.,@antrave,2025-05-16T11:11:25Z,0
who wrote this?.. hektik lyrics,@kevinkevinsen,2025-03-28T04:16:04Z,0
Non of his songs can beat emtee...maybe his drunk song can stand against some but 1 on 1 Wala..,@reececiaga,2025-04-17T17:29:16Z,0
"3:30 oh my this is still my favorite verse, basically A ""How to Guide for building a Dr6ke""",@spvc4696,2025-05-06T13:48:50Z,0
One day i will be biggest rapper of the world 🌎🙏🏼 . And love song. This song vibe is awesome 💯,@Bikashdey32145,2025-05-18T05:36:34Z,0
I spit out my drink when I saw them beating the owl pinata 😂,@82stuntman,2025-05-05T03:16:14Z,0
Broooooo love from panjab 🕊️⛳️⛳️ @sidhumoosewala vibes 👈🏻,@HarmanToor-b2x,2025-04-07T06:54:42Z,0
In the beginning i though he meant hoe instead of horn without the lyrics! 😂😂,@sonicfan-x6,2025-07-16T15:20:51Z,0
This player got me thinking you can use hopscotch to see who got rhythm.,@Daves-Channel-YT,2025-05-18T18:37:20Z,0
He fucked him up. Buried him 6 deep. Then moved the rest to Houstalangasvegas,@marcusaurelias399,2025-03-27T12:09:57Z,0
Understanding 0% vibe 10000%,@gurwinsidhu,2025-04-03T05:28:37Z,0
That intro beat 🗿🔥🔥,@rishabsinghrathore9142,2025-06-05T10:59:33Z,0
Love this vibe from Afriqua 🔥🔥,@Alpha_Twenty,2025-03-31T15:39:02Z,0
This is terrible. The lyrics to his muppet voice are creepy and goofy.,@LPH-11,2025-06-10T03:48:56Z,0
De la chicane ente eux ... pas fort dommage car le beat et meaning aurait pu valoir et transmettre de véritables valeurs plus profondes. C'est d'un vide extrême ! Son nombril ....,@carolinest-louis5571,2025-03-29T13:24:44Z,0
KENDRICK IS BOTTA BEAT DRAKES A**,@bscfamw7,2025-06-03T21:18:33Z,0
The beginning was the lyrics to squabble up,@ClixJRYT9,2025-04-10T21:03:36Z,0
"Cramp dancing is my favorite dancing of all time. If I ever got to make it in the music business, my number one single will be, ""Why?"". I like to wrap over you, Kendrick you got that type of vibe. Let me stop showing off I know you can feel my spirit here and inside. 🎉",@livinlovely2420,2025-08-07T21:25:43Z,0
Was wondering what was that annoying trending music,@melroydsilva,2025-07-27T12:25:42Z,0
1 year later I still know the lyrics to this song,@Natedogg533,2025-08-01T04:30:27Z,0
Bro . . . . The beat is mixed SO well,@darkniit,2025-03-23T05:39:21Z,0
Why people wears Converse shoes ????      ❤,@uzbekid,2025-04-10T12:53:35Z,0
I  quited blox fruits bc it soo boring and ngl blox fruits suck I used to love so sos much but know I hate it bc it repetitive boring and all my friends quit blox fruits,@mubasshirnazar1773,2025-03-22T12:45:38Z,0
Beat 🔥🔥🔥,@user-Haider07,2025-05-21T10:42:17Z,0
"🎉I memorize  the  lyrics  of  his songs,  because  they  sow  true  and deep  meaning  in my  mind, soul,  heart. They  always spark  to nurture  unforgettable  reflections  and  emotions.🎉❤KDOT❤🎉",@PatriziaMoro-f5i,2025-08-08T14:34:16Z,0
Passed the vibe check,@SehrishShamoon,2025-07-11T09:08:30Z,0
The last verse🔥,@nanakorang3482,2025-07-08T15:28:04Z,0
"Hi Kendrick, I've been a fan since 2023. Great job on taking down Drake btw (by the way!). The next time you drop I think it would be a great idea if you include this verse, it's from a Hong Kong diss track that my gf showed me! I think it will really bring Drake to his grave (if you know what I mean). It's a Taoist chant to break open the gates of h*ll. I'm not sure if you speak Cantonese, but if you google 破地獄 on Spotify, you can find it. Looking forward to the next time you drop!! (my bell notification is ON).",@DungNguyen-iz3sd,2025-05-09T21:43:54Z,0
"thanks 4 standing up to a majorly powerful predator, Kendrick.",@MJWATZ,2025-05-21T18:29:36Z,0
I’m convinced rap/hip hop literally targets low iq/people in poverty  (same way toddlers love colorful tv and nursery rhymes) to perpetuate an ugly culture that was invested/invented by elite corporations (that probably have adverse feelings about black people).,@galaxyknuckles9000,2025-06-01T19:14:06Z,0
"This is gonna be a banger FOREVER and how and when he released this was so strategic 💯💪 Love Me Some Kendrick ❤❤❤ Had this bish Jumpin for 16 years now...and to the people saying Drake beat Kendrick, Y'all must be like him cuz y'all definitely NOT LIKE US 😂",@shanagentry3235,2025-06-08T19:29:54Z,0
Every Kendrick verse sound like he tryna warn you about something that already happened.,@TheFlawlessSicko,2025-05-03T16:28:12Z,0
"""BEAT YOUR ASS AND HOP THE BIBLE IF GOD WATCHING""",@KAISER332-G,2025-07-07T20:18:18Z,0
I hate Kendrick Lamar hardly any words rhyme!! Overrated. I thought Drake was bad this guy worst,@MarkPeckham-x3b,2025-05-19T06:52:18Z,0
Wife beater?,@nqobiledladla-yo2db,2025-04-17T07:15:34Z,0
"Japanese submarine slammed two torpedoes into our side, Chief. We was comin' back from the island of Tinian to Leyte, just delivered the bomb. Hiroshima bomb. Eleven hundred men went into the water. Vessel went down in twelve minutes. Didn't see the first shark for about a half an hour. Tiger. Thirteen-footer. You know how you know that when you're in the water, Chief? You tell by lookin' from the dorsal to the tail. What we didn't know... was our bomb mission had been so secret, no distress signal had been sent. Heh. They didn't even list us overdue for a week. Very first light, Chief, sharks come cruisin'. So we formed ourselves into tight groups. Y'know, it's... kinda like ol' squares in a battle like, uh, you see in a calendar, like the Battle of Waterloo, and the idea was, shark comes to the nearest man and that man, he'd start poundin' and hollerin' and screamin', and sometimes the shark'd go away... sometimes he wouldn't go away. Sometimes that shark, he looks right into ya. Right into your eyes. Y'know the thing about a shark, he's got... lifeless eyes, black eyes, like a doll's eyes. When he comes at ya, doesn't seem to be livin'... until he bites ya. And those black eyes roll over white, and then... oh, then you hear that terrible high-pitch screamin', the ocean turns red, in spite of all the poundin' and the hollerin', they all come in and they rip you to pieces. Cage goes in the water? You go in the water. Shark is in the water. Our shark. Y'know, by the end of that first dawn... lost a hundred men. I dunno how many sharks. Maybe a thousand. I dunno how many men, they averaged six an hour. On Thursday mornin', Chief, I bumped into a friend of mine, Herbie Robinson from Cleveland- baseball player, boatswain's mate. I thought he was asleep, reached over to wake him up... bobbed up and down in the water just like a kinda top. Upended. Well... he'd been bitten in half below the waist. Noon the fifth day, Mr. Hooper, a Lockheed Ventura saw us, he swung in low and he saw us. Young pilot, a lot younger than Mr. Hooper. Anyway, he saw us and come in low and three hours later, a big fat PBY comes down and start to pick us up. Y'know, that was the time I was most frightened, waitin' for my turn. I'll never put on a life jacket again. So, eleven hundred men went into the water, three hundred sixteen men come out, and the sharks took the rest. Anyway... we delivered the bomb.",@yourrtrustyreviewer1692,2025-06-21T19:00:15Z,0
This is awesome 👌 but no one can beat PAC diss track for his homey BIGGIE,@SalmaKhan-rv1xj,2025-05-25T05:07:26Z,0
"Kendrick Lamar always hits differently when he speaks truths no one dares to say. 'Not Like Us' feels like a raw mirror reflecting the chaos and contradictions of our world. I tried to channel that same fearless honesty and bold energy into my latest track — a sound for those who refuse to fit the mold. If you’re tired of the same old, come vibe with something real.",@tuanLe-sq8bm,2025-06-08T06:47:18Z,0
0:27 love the beat,@Ma3hub_ke,2025-03-26T14:18:32Z,0
Dre beat with a pac diss. Best mixture.,@roberthernandez559,2025-04-17T08:23:29Z,0
This is the worst superbowl I have ever seen. You set a precedent to say pedo over and over again on the radio for a generation of children that were already messed up; now they will grow up to be rapists. I will never listen to Kendrick ever again and why didn’t anyone kill Drake yet? I hate them for doing this to our society and culture. The song sounds like shit too and never deserved a Grammy for promoting child abuse and having awful production.,@SageSuede,2025-07-09T06:52:12Z,0
Mustard on the beat ho 😂❤,@NunyaBiz-l5h,2025-05-02T09:12:55Z,0
Dope song that beat  go hard af 05-06-2025 who else still here in 2025 vibing with this doplify song ???❤❤❤❤,@khanhle7917,2025-06-06T07:23:47Z,0
"Pure beauty, its text, choreography, theme, I love it. In France, we put it as a ringtone on our cell phones so that in the street it spreads 💥💥💥 everywhere, this powerful, perfect sound. 😅",@JycCohenSolalBenHayoun,2025-03-24T20:14:09Z,0
Dude this song is repetitive. Just annoying,@leonardoterrazas8094,2025-04-18T02:45:57Z,0
😭He is telling Abt X in his lyrics read them carefully and sync them with his incidents,@Berry-Boy2,2025-08-03T04:36:00Z,0
Honestly 💗 money be the happiest but evil be in the way 😔 beautiful beat to be standing in the area tho,@OfficialAestheticIces2025,2025-06-04T00:48:18Z,0
Dem lyrics means alot,@ShezadiaPillay,2025-06-21T18:42:40Z,0
Not me not listening this for 1 month then still knowing all the lyrics by heart,@Kellendaman69,2025-03-28T17:40:41Z,0
I am sorry as an educated interracial woman I can’t comprehend this video much less his lyrics do to lack of enunciation. What is he trying to convey to the public? He looks dirty and scruffy much like his dancers too. Maybe I am missing something; being I lean more towards jazz and classical music. I am a highly educated woman in finance and I get that I am not suppose to understand these type of people! (Smh),@lieuthompson886,2025-04-07T06:55:38Z,0
Mustard on the beat hoe🎶...,@Buzzceleb,2025-06-25T06:26:16Z,0
He’s 5’5” WTF. Drake would beat the shit out of him.,@cludolph83,2025-06-25T03:00:27Z,0
Worst song of all time,@rastaclartttt,2025-04-21T00:15:48Z,0
Third verse is really the ONE,@soloquakez7441,2025-04-10T15:29:46Z,0
Worst song ever,@RichardS-c5p,2025-06-21T15:01:00Z,0
worst shit ive ever heard,@FUCKYOUTUBE123,2025-04-12T15:08:54Z,0
Drake been awfully quiet since this dropped,@Reaper-3000,2025-04-07T05:08:18Z,0
"1:10 ""I'm gonna beat this guy u- AAAHHHHH!!!"" -Random guy that got pulled into the void probably",@Henry-n2r3j,2025-07-30T17:12:08Z,0
Here lies Drake tombstone 🪦  2009-2024,@thechildwithin,2025-04-10T17:55:54Z,0
Horrible vibez,@brentjustus-d8b,2025-06-09T20:56:37Z,0
literally one of the worst songs of all time,@mf15thed3mon,2025-06-29T12:05:34Z,0
Grammy vibe,@tomatopotato5744,2025-03-31T09:05:55Z,0
That main theme is so catchy,@darcydejoux3614,2025-06-19T16:27:05Z,0
More beats please 🎉,@isaiaszefaniasgove4083,2025-05-18T17:40:41Z,0
Bro the beat it just **BANGS**,@spvc4696,2025-04-06T15:50:59Z,0
"I am not a rap fan mostly becuz i don't really listen to it nor do I understand.  However, this song packs a punch.  KL really has a lot to say.  I don't know what everything in the song means but the words seem purposeful and powerful.   I'm a school librarian that likes to do research... I'm about to dig deeper for my own understanding.  BTW... i really like this song!  💜",@valagal,2025-04-26T19:18:59Z,0
Not like us were all human and don't want to die second or third rank citizen but some of us our stories of our ancestors and empires good behavior honestly do you like death bye the machete how many Africans died that way in few cases Africans have done well in government not being tribal so you know how many years of slavery the beat out fellow white people and then dark ages more learning curves face it collonastist came with culture and taut it it's universal pull up your pants help out at a soup kitchen help the disabled the trie third class citizens or your going to looking self when your time comes as an old geuser and time comes in the pearly gates your be turned away wanting in purgatory.,@JamesIrvine-u9m,2025-05-24T12:39:37Z,0
I cannot beleive how this track gone through the roof like this. Thats one of the worst songs i have ever heard,@Rick-ou7dk,2025-08-10T12:13:26Z,0
-mustard on the beat ho beat bro ni*** he a freak throw man down tell em everlamps tell em breath bro-,@6eckham,2025-06-14T16:30:15Z,0
lmao sht retarded lyrics but the instrumental is good,@jewsjews-c9k,2025-06-09T16:13:53Z,0
First beat is fire🎉🎉🎉,@ICe07layA,2025-04-26T01:41:39Z,0
"I hate hip hop. Boooooooring repetitive, unimaginative crap",@paulyt5159,2025-06-29T17:30:28Z,0
I like the beat but calling someone a pedo because he kissd a 17 year old at a concer is ridiculous. Especially when people the U.S in certain states re allowed to get married at 16.,@tamaramtl2024,2025-04-09T17:38:00Z,0
"If he knew it was a disstrack why would he post it as a music video and perform that song in public,cuz this song is the worst to people who like this song can get outta here cuz Drake is still better than Kendrick because in Nokia Drake copied Kendrick’s move from not like us and superbowl",@gamingkaidensmith1766,2025-06-14T03:01:21Z,0
This Song hits Deep right now. The people of the 🌎 are different.  OG SARGE,@curtishodges7529,2025-04-12T20:20:35Z,0
This song is repetitive AF!  Can’t stand it.,@19tank81,2025-06-06T04:57:50Z,0
Worst song I've ever put ears to.,@johnniesmoke,2025-04-18T03:11:23Z,0
mustard on the beat ho hits hard,@yousif7460,2025-05-13T07:06:46Z,0
Bro the beat is soooooo good,@spvc4696,2025-04-06T15:51:32Z,0
This song is deep oon so many levels,@THESTRONGESTVV,2025-05-01T23:33:26Z,0
"Did i just notice that kenny copied the lyrics on euphoria, but said Aye 9 times, whilst on euphoria said Huh 6 times?😂",@ITZYODUDE,2025-04-21T10:42:17Z,0
"I need this young man to step for God with Us..... He is Chosen and I felt God's Energy flowing through the vibration and tone in his voice 💞💞💞🎉❤🎉❤🎉❤🎉😊😊😊😊 Heavenly Father, Please Unite Us, In Jesus Mighty Name Amen ❤❤🎉❤😊😊😊",@EnergizerBunniforChrist,2025-04-13T16:01:04Z,0
I don't know what's wrong the fact that this was one of the most horrible beats I've ever heard or the fact that people are sheep on that over hype pretending to like bs. This beat is fxcking horrible. I hate this sh1t.,@BobbyMercer-r8i,2025-07-30T17:39:15Z,0
"Dr6ke: ""If you can beat them, just copy them"" 🤷🤷🤷🤷🤷🤷",@spvc4696,2025-04-03T14:32:16Z,0
EAZY E - REAL MF G VIBES!,@extrajudicialrecords2964,2025-05-21T07:54:09Z,0
I don’t get why people love this song. The beat is ok but the diss track is mid vs like Ether.,@GenerationXennial,2025-04-16T05:21:15Z,0
what is the original tone from?,@borisyanev4632,2025-06-15T20:02:58Z,0
Kendric wife/Fiancé showing up in video Like he don’t beat me cause we dancing is Like Tina Showing Up For Ike,@dirty4andahalf,2025-07-28T21:49:17Z,0
Big moldi a beat mosic ❤❤❤❤❤tank youuu.,@sanazkian-jb9zt,2025-05-03T06:25:15Z,0
This is the only song I play in Beat Saber 😂😂😂😂,@andrelewis5172,2025-04-18T12:21:17Z,0
Worst,@jberg31,2025-04-11T18:46:46Z,0
Mustard On That Beat yo,@ADsurprise19,2025-04-05T17:06:55Z,0
3:31 aye that whole verse fire,@demetriussouthers8043,2025-03-26T20:49:49Z,0
Bro you need to watch some 90s MTV your shit don't even match the rhythm,@adamshorf3755,2025-06-30T07:28:47Z,0
after 3 min that flow go to no sense and no rhythm,@tchelobac,2025-08-07T00:25:49Z,0
The blood dnt spill like Nas pac dmx or biggie. Also a stale deliverance that's his only downfall very m ok mono tone tho.shit hits needs more deliverence,@Mike-v7r8u,2025-07-26T03:19:17Z,0
Played this song so many times my son knows the lyrics 😅,@shaunrikhotso4158,2025-08-02T06:14:56Z,0
"Bro got roasted, fried, stir-fried, cooked, sautéed, sous vide, broiled, boiled, deep-fried baked, al dente, and bbq'd!",@AllThingsFun415,2025-05-29T18:13:56Z,0
I just read the lyrics to this and I thank you kind sir! 😊👍👍✌️❤,@Danielle-d3f,2025-07-07T19:15:09Z,0
I'm not into Hip hop but this song is really good and catchy.,@theronomys,2025-05-07T17:24:47Z,0
"Drake & PARTYNEXTDOOR's ""Some Sexy Songs 4 U"" Surpasses Staggering Sales Milestone",@Darthvader-ub5ff,2025-05-21T10:35:36Z,0
It would have been a go without Lefty Gunplay the whole verse was trash,@terrellfluckes2959,2025-06-08T22:58:36Z,0
Bro . . . . The beat is mixed SO well.,@darkniit,2025-03-23T05:39:36Z,0
Bro . . . . The beat is mixed *SO* well,@darkniit,2025-03-23T05:39:27Z,0
Check out our latest song titled OVERSEAS on this same channel it's dope you won't regret checking it out.....if you like the song don't forget to subscribe,@Ramsey_NK,2025-03-27T05:37:12Z,0
"Easily, one of the ACTUAL worst ""songs"" I have ever heard. If you like this, you have zero intelligence.",@benmckee3524,2025-03-26T21:11:18Z,0
He dropped some good stuff but damn this one corny asf. The lyrics don’t work right and the dumb monologue at the end gives anime nerd fedora vibes. What the fuck happened lol,@casscarranza5032,2025-07-18T07:41:43Z,0
Remind me of world beat Kendrick lamar ❤,@bobmarley235-m4e,2025-03-25T13:20:56Z,0
Everyone is talking about pedophiles but his verse at 3.31 killed it.,@toniyellowcloud6326,2025-06-14T03:47:21Z,0
"Nahhhh drake got cooked,fried,Deep fried,barbequed,burned and toasted",@joyeshdeb3969,2025-04-14T19:24:24Z,0
Kodak Black's verse in Drowning by A Boogie wit da Hoodie is kinda legendary at this point.,@venweasel,2025-06-10T22:08:01Z,0
The driver got her own gun licenses situation now I not going to late her get beat up are disrespected so in walked off he been back are he got a job,@CurtisBland-t8v,2025-03-25T13:15:33Z,0
Thats what this fucking annoying song is keep hearing everywhere,@fish43547,2025-06-28T11:50:44Z,0
Didn't know he dissed him so bad until I saw the lyrics😅😂😂,@Isa_22_44,2025-07-11T22:57:36Z,0
This beat up to 0:10 ❤,@cb2402,2025-03-22T15:18:11Z,0
the beats,@DevidPoz,2025-06-16T10:55:08Z,0
"Reminds me of an 1/4 of Missy Elliott. ADRS. Art, Dance, Rhythm and Soul.",@deanna2112001,2025-06-19T02:13:03Z,0
The verse referring to DeMar DeRozan leaving the Raptors/Canada hits different now.,@TonyF-e1c,2025-03-28T14:49:36Z,0
"I think Kendrick did really good on this, i wish the beat was different tho 😢😂",@atlantiathegreat,2025-07-10T03:16:29Z,0
