comment,user_name,date,likes
Genuinely thought this was an old song I'd somehow missed. She really caught the old vibe so well!,@gokuxsephiroth4505,2024-12-09T23:50:54Z,1162
This might be one of the best industrial-synth-pop EDM tracks she's ever done.... She's clearly in her prime as a vocalist. This track shows a level of maturity as an artist... Very catchy.,@WahkeenaSitka,2024-10-25T20:14:07Z,573
"I love how she glides through different styles and still kills it every time, from Harlequin's jazz vibes to a full-on POP banger... LADY GAGA, YOU'RE A GENIUS!",@poczdarva,2024-10-26T20:35:37Z,224
The vocal layering is 🔥🔥🔥,@kevvvex,2024-10-25T22:25:32Z,98
I love how amazing this is. Her vocals are fire and how she slowly builds the song to explosion in the end.,@ofjdaz,2024-10-28T03:00:43Z,93
"Last album for a long time just for her true fans who loves her dark vibes. She doesn't need to top charts, win awards or earn millions. She did all of this in past. Now, she is free.",@rogerkallo6483,2024-10-28T16:53:41Z,88
There is so much originality to this song in every possible way from the beat to the tone to what Gaga does with her voice.  And the lyrics have so much force.  A perfect score on this one.,@tonymechcatie2792,2024-10-28T17:18:05Z,71
This song is unbelievably catchy. I learned every word already.,@FanOfVacuums2,2024-10-27T03:11:25Z,70
Im so emotional right now... This is pure dark industrial pop!!! Thanks mother for this cure to my Disease🖤🖤🖤,@vandozacarias8625,2024-10-25T19:34:21Z,50
I LOVE THE FACT THAT YOU WENT FOR AN OLD STYLE OLD SYNTH .,@BVBGAGAA,2024-10-26T09:19:44Z,43
I can't stop listening to it! The vocal lines she creates amplify the powerful feeling of this song. Lady Gaga isn’t just a singer; she’s a multi-instrumentalist and songwriter. No one else can move from jazz to this genre with such results. I really wish I could sing like her!!! I just hope I don’t ruin this song when I make my cover...,@veronicashovel7099,2024-10-26T16:34:05Z,39
"This song instantly gives me that late 2000s and early 2010s vibe especially during the chorus where gaga says ""oh oh oh oh oh"" that part was fucking gorgeous",@Gyyghhhhjjjkk,2025-02-24T17:17:32Z,32
This song is a lot more harmonically sophisticated than it seems at first.  The modal shifts and dissonant chords really get under your skin... in the best possible way.,@MaximusNYC,2024-10-28T00:28:06Z,17
"This is thrilling. Everything we could have wanted from her new era - it feels like all previous eras of Gaga are present on this record - we hear the virtuoso pianist, the rock star, the pop star, the jazz vocalist taking risks, the dark synth queen … and a totally unique artistic voice - one that can look at the whole of humanity good and bad and deliver something of beauty - with depth and emotional range and yet the same time - also still, to put simply - a catchy hook laden pop song! No one can touch her! Thrilling!",@st3vi3,2024-10-26T19:53:42Z,15
A true masterpiece of art and creativity.  The vocals are impeccable. The passion of music is life. Thank you Gaga for your time and works.,@geraldburns2328,2025-03-23T01:45:16Z,11
"This song is a mixture, of the cure, judas and the fame vibes with some dark metal vibes. loving it.",@OdricLaflamme,2024-10-27T12:06:45Z,11
The vibe of this song is so good...,@GameboySennin,2025-05-04T02:45:00Z,9
synth pop gaga has returned,@vicentepablomanuel97,2024-10-27T16:34:14Z,9
"The vocals at the end are legit! I luv it!! It’s metal, it’s haunting. IT SERVES!! 💉🩸",@xorrior4438,2024-10-26T02:39:22Z,9
"Like the Born This Way single, this took me a while to get into but after each listen I liked this song more and more. The explosive chorus is my favourite part and when the beat intensifies near the end 3:06 🖤 It’s been stuck in my head for the past few days! 🎧 LG7 is going to be promising if this is the first taste🩸",@BDTTK9,2024-10-29T04:53:12Z,9
"The lyrics are so good. We all got the cure, I promise",@PositiveRaincloud,2024-11-05T00:38:35Z,7
"This is SOOO GOOOD, Gaga always delivers, production and vocals are incredible!!!! 😍",@lovelessxxsky,2024-10-28T10:00:24Z,7
Sounding like the fame monster part 2 and I'm here for it....finally been waiting for more of that vibe,@travfrank6465,2024-10-27T04:50:10Z,7
Dark synth pop mother giving us what we need 🖤,@garethjones9280,2024-10-25T22:39:18Z,7
I’m late but wow Congratulations Lady Gaga on your comeback . Well freaking done . Wow this is amazing - I heard 10 seconds and the melody is insane . That bridge is killer !,@phoenixbriggs8423,2024-10-29T08:32:05Z,7
Katy better take notes from gaga on how to make a comeback without losing your original sound.,@Sonar_125,2024-10-26T20:05:13Z,6
"It's giving Lady Gaga songs back in 2010's and I LOVE IT! I was a kid back then so I couldn't enjoy her songs as much as a teen could, so it's good to listen to something with this vibe in my era",@myown2730,2024-10-26T19:47:24Z,6
"It's fascinating how music manages to convey such a profound message, while maintaining a contagious energy. The songwriting and production are impeccable, creating a unique atmosphere that resonates with the listener in an emotional and authentic way. The ability to merge different influences and create something innovative demonstrates a true mastery of the musical art.",@InteligenciaMusical-k9x,2025-01-21T01:07:43Z,5
the vibe of this song is so good,@day-sv6bb,2025-07-26T18:31:37Z,5
This song kinda gives me Ancient Egypt vibes for some reason ❤,@FrancieBurns,2025-02-17T04:55:37Z,5
"Amazing !! Vocals , lyrics , beat , those chords and scales ! Blown away !!!!!! Go GAGA !!!!!!",@BigEd2612,2024-10-26T14:17:12Z,5
"I GOTTA ADMIT...I DIDN'T LIKE THIS WHEN I FIRST HEARD IT. BUT AFTER HEARING IT A FEW TIMES, IT'S DEFINITELY GROWING ON ME. I THINK THIS IS BETTER THAN ANYTHING SHE'S COME OUT WITH FOR A VERY LONG TIME SINCE THE FAME. IF SHE STAYS IN THIS LANE, THEN SHE'LL DO WELL. BUT THAT BRUNO MARS SONG WAS AWFUL SO HOPEFULLY, THAT WAS A ONE-OFF.",@2Bdiscovered,2024-10-28T03:15:50Z,5
"I love the beat, the vocals, the play to old eras and the Lyrics.",@channingx,2024-10-29T04:07:33Z,5
I feel this song is gonna  be a strong nostalgia vibe,@ahmedhouissi2938,2024-10-27T20:36:31Z,4
I love the Halloween vibes this gives 🕸️🕷️🦇🩸,@lewis8210,2024-10-28T04:31:51Z,4
"This is my favourite lyrics video of gaga, the aesthetic is so different for the other videos and resembled more to Harlequin aesthetic is so strange",@urbanxroshin,2025-07-09T10:29:49Z,4
Oh my god that beat it's giving me life ❤,@frankrodriguez9081,2024-10-25T23:00:11Z,4
this song is too noisy and shouty. it's boring with cliche and basic lyrics. Lady Gaga disappoints again,@nati_X777,2024-10-27T15:45:23Z,4
Who’s feeling the Halloween vibes with this song 🕸️🕷️🦇🩸,@lewis8210,2024-10-28T11:20:22Z,3
I was and still am so excited for Gaga’s comeback but this song isn’t hitting. I don’t like the vocals and it doesn’t have the strong melody factor that made Gaga so special in her early work,@22taylorsversion9,2024-10-25T22:37:07Z,3
Vocals are AMAZING! We are so back👹,@ruanmarcos1426,2024-10-26T21:47:32Z,3
Well damn…Mother Monster comes through once again! This is giving me Halloween vibes and I fucking love it.,@trfan18,2024-10-26T20:08:32Z,3
3:14 I love these notes she makes 😍,@francescodt,2024-10-26T10:57:49Z,3
"It's like a lost track from ""Born this Way"" album but darker and better produced. And her vocals in this song are amazing. Vocally she is better than ever. I'm so excited for #LG7!",@agelnocortes9158,2024-10-28T14:32:02Z,3
The correct song for Halloween vibes,@Lil_bit_chaotic_eh,2024-10-27T00:20:39Z,3
"How many times did anyyone listen to it the 1st time hearing it? For me, it was 8. Then had to work , then a few more before I started watching tic toks of fan hearing it for the 1st time. I know, I now know the lyrics & beat by heart. I'm so excited to hear the rest of her album. Love you GAGA, mama monster",@laurenmortimer1039,2024-10-26T07:55:44Z,3
no idea what the mv symbolises but shits catchy,@snoovian7951,2024-12-19T10:12:59Z,3
Feels a bit like an old NIN or Tool video vibe. Dig it.,@BobertNo-m5m,2024-10-27T19:36:51Z,3
"At first I was uh.... oh no, but by the second chorus I wad hooked",@ChetMichael,2024-10-26T00:44:36Z,3
I love that it reminds me of the bad Romance era. Also the beats match Kim Petra’s turn of the lights,@yirecastillo1992,2024-10-27T06:02:32Z,3
Bad romance vibes,@snehaphalke935,2024-12-28T10:00:47Z,3
pop+rock+techno industrial beats = THIS masterpiece,@littlemonster2719,2024-10-25T20:28:47Z,3
"The more I listen to this, the more I love it. It is so much more mature and deep than whatever she has done until now",@davidguilbert8741,2024-12-20T17:11:06Z,3
This beat is insane wtf,@leebccredit8258,2024-10-27T15:03:45Z,3
"It has Arab vibes, I love this song. 😊😊",@camilolopez2606,2024-10-26T00:11:51Z,3
Loving this! It's giving late '00s or early '10s vibes!,@christine2453,2024-10-25T20:38:29Z,3
NIN vibes,@andrescamiloh182,2024-11-03T23:38:21Z,3
Not feeliin’ the Halloween vibe 👎🏽,@MCMAGIC.,2024-10-29T03:15:22Z,3
Only Lady Gaga could fuse Bonjovi style lyrics with  Aphex Twin visuals  and make it work.,@andrespratley2347,2024-10-26T08:17:41Z,3
Hell Yeah Old Gaga Vibes,@rik4640,2024-10-26T21:15:20Z,3
Just patiently waiting for the video of this song.. gaga is back again after having a coffee and tea drink with bruno.. now back to usual business 😊 another thing ive noticed she is “singing” indeed.. she is using her power vocals unlike the early gaga albums..,@darrenpetilla8174,2024-10-30T00:35:41Z,2
Bad romance Born this way vibes ❤,@FSportuguese,2024-10-26T03:37:42Z,2
"This give me Bjork ""Post"" mixed with Depeche Mode ""Only When I Lose Myself"" mixed synthwave horror.",@otsemra81,2024-10-29T01:21:45Z,2
The plauge doctors gonna vibe to this 😎,@batterylife3172,2024-11-17T20:02:07Z,2
"This song has some serious NIN vibes, and I kinda love it.",@chrismcmeekin9943,2024-11-04T08:54:07Z,2
Why is this has SAW vibes? That style for all era?,@evgeniiromanov764,2024-10-26T10:53:03Z,2
"It's giving me NIN ""Closer"" vibes",@Starfighter817,2024-10-26T06:16:01Z,2
Watching PENGUIN this song has a Sofia Falcone's Vibes... Gaga stuck in DC universe and I Fuc*ing love it ❤,@july9575,2024-10-27T03:20:54Z,2
These lyrics sound very Marilyn Manson like I could hear him singing this in his style and it would work gaga is a bloody musical genius great track,@mcbitchhqueefaaronhunter5725,2024-10-26T11:01:46Z,2
That 2nd verse goes way too hard. Never thought id end up a lady gaga fan lmao,@SirTootsAlot,2025-04-02T04:56:40Z,2
BTW VIBES <3,@angelicafarias4349,2024-10-26T15:28:41Z,2
the beat remembers me heavy metal lover and i’m here for it!!!!!!,@shlomorfs,2024-10-27T15:43:22Z,2
This song SLAPS! And I LOVE the synth sound! It's kind of like a cross of the best parts of Chromatica and ARTPOP.  LADY GAGA IS BAAAAAAAAAACK BABYYYYYYY,@HoldMyPoopKnife,2024-10-26T00:37:02Z,2
Gives me 2000s vibes,@Diorellaxxx,2024-10-26T21:51:52Z,2
"We love SYNTHPOPGA, save us SYNTHPOPGA ❤",@tonyrosamusic,2024-10-25T23:48:56Z,2
"Instrumental is 🔥Not too happy with the lyrics, vocals or melody 😢",@Anonymous-xm8ir,2024-10-26T11:24:57Z,2
"I guess I'm in the minority when I say this was boring. It's gonna flop. It literally sounds like background music. I don't remember any of the lyrics after listening to it. Sorry Gaga, I wanted to love it. Gonna flop just like Joker 2. Like Katy Perry. I guess it's time for the young pop girlies to shine.",@YourAsianSensation,2024-10-26T18:59:35Z,2
That intro with that beat.... goddamn from these first seconds i knew this song was gonna be a bop 😳,@arn_otarie,2024-10-25T21:00:24Z,2
😮😮😮😮😮 the Beat 😮😮😮😮😮,@MungKhaiKih,2024-10-30T13:43:58Z,2
Vocals??????? That's insane,@thrill1695,2024-10-25T20:23:22Z,2
it's giving ARTPOP vibes ❤️,@christiandelosreyes3508,2024-10-26T13:27:35Z,2
The chorus got me right there AAAAAAAAAAAAAAHHHHH,@niltonkorobinski1836,2024-10-27T22:35:28Z,2
Bloody Mary vibes🖤🖤🖤,@2k2marrb42,2024-11-06T20:27:28Z,2
"OMFG, GAGA, YEEEESS. Coming in clutch for Halloween 🖤🖤🖤 I adoreeed this. I feel so much passion in the vocals and the instrumental is so edgy and cool, I adored it, it's giving Government Hooker and the Born This Way album in general but in a new and more edgy way too 🤩🖤 I am so looking forward to the whole album and the video, I'm so excited 🖤",@andynaveda,2024-10-26T03:40:08Z,2
Reminds me a bit of NIN.....especially the chorus?,@blu_eyed_girl,2024-10-27T23:02:10Z,2
"Oh my goodness lol The refrain with that ""Aah, aah"" vocalizing sounds exactly identical to the refrain from The Red Ridinghood song from USSR movie The Red Ridinghood! (1977) :D",@EmeraldReynard,2024-10-26T15:21:39Z,2
For runnin out of medicine your worst then you ever been ahhhh screaming for me baby ahhhhhh like your gonna die ahhhhh poison on the inside I could be your antidote tonight I can cure your sickness I can cure your disease if you were a sinner I could make you believe you lay down like 1 2 3 I can smell your sickness I can cure ya cure your disease,@ziax215,2025-04-17T19:57:21Z,2
A vibe Saw 🔥💀,@Axl_77-x5m,2024-10-27T07:19:21Z,2
Omg LOVEE this dark pop era!!🥵😍😍 giving TOTL vibes 🖤,@plantjunkie69,2024-10-26T07:27:00Z,2
"I miss these hard beats from her like in ""Judas"" and raw vocals as well. Keep going ❤🤘",@Pokemon1231-c3q,2024-10-27T12:15:15Z,2
"""Disease"" song has a vibes of ""G.U.Y""",@KUYAFAITH,2024-10-27T00:57:32Z,2
Am I the only one that gets mad scientist vibes?,@C0spl4y3rr,2024-12-21T20:48:37Z,2
Bloody Mary and Perfect Illusion  vibes,@sebastianpettinari1848,2024-10-25T21:44:34Z,2
I'm here after hearing this at karaoke night and really loving the synth,@EternalDensity,2025-03-06T12:15:35Z,2
Its a good song.  If your gonna sing an NHS themed song could of made a chorus about better pay.,@justcheryl5568,2024-10-26T10:27:51Z,2
"This is an electro synth darkwave masterpiece. The range on her is just incredible - in the last few months alone we've had Die with a Smile, Harlequin, a whole ass movie and now this - just a pure artist who is constantly evolving and experimenting ❤",@ketchupkatsup9805,2024-10-27T19:05:57Z,2
My heartbeat says Andromeda,@edwardstephenson3885,2024-11-06T16:48:11Z,1
The background vocals are soooo sick ❤‍🔥❤‍🔥❤‍🔥,@niltonkorobinski1836,2024-10-27T22:35:08Z,1
Awful,@emanolov,2024-10-26T20:25:30Z,1
Dragula vibes,@dmcdan8,2024-10-30T09:38:11Z,1
That beat is dirtyyyy I love it,@dominiccobb6470,2024-10-26T06:53:39Z,1
Only legends and music lover will understand the real tone associated with Judas,@TeraAussu,2024-10-30T21:23:22Z,1
Kkkkk melhor música pra quando tu descobre que seu atual namorado goodvibes tá namorando outra pessoa e tu descobre que não tá mais namorando por postagem do Instagram (muito obrigado por existir Bea),@luisrespiro,2024-10-29T23:02:14Z,1
"I feel like this is a genuine mix of her best albums. The emotion of Born This Way, the uniqueness of Artpop, and the powerful edge of Chromatica. A perfect blend of all three",@dylanrayfurr,2024-10-29T04:27:29Z,1
Its giving fall out boy's century vibes 😒,@anthonyruiz-im7qp,2024-10-26T00:39:54Z,1
Her robotic vocals are back......,@SamWinchesterr,2024-10-29T09:41:30Z,1
"She's fully formed again, Gaga is unbeatable!!!!",@Mau5Trapp5,2024-10-27T14:46:49Z,1
The BTW vibes are VIBIN' 😍😭 I am so fkn ready for this era. LAY IT ON US GAGA 🤌🏻,@MsLadyGaga16,2024-10-31T14:55:59Z,1
And I'm willing to bet that end part was all her vocals too.,@darkwoodmovies,2024-11-20T18:26:42Z,1
the vocals were so good i almost started crying o-o,@kosplayingizkool,2024-11-23T23:46:26Z,1
Born This Way vibes,@zombiejudaz,2025-06-14T18:44:37Z,1
Wednesday vibes 🎉🎉,@blascastellanos3349,2024-10-26T01:15:22Z,1
que saudade que eu tava dessa vibe dela,@cainhramos,2024-10-26T02:30:55Z,1
"2:05 is my favourite part and ngl the beats the lyrics, the voice are perfect and fire",@giannis71122,2024-11-06T18:00:16Z,1
A gaga é ATEMPORAL,@mollanguinhoofc295,2024-10-27T03:16:46Z,1
"Monsters, you have to Make this song a fucking commercial hit !! And eatch of LG7 song in feb 2025 Gaga is back , already addicted this is more powerful than every dope ever 😈😈",@Gabbywhats2,2024-10-29T16:00:06Z,1
". I’m old, so some of you might not remember them…but to me it’s giving NIN vibes. And I love it so much.",@ambergooch8266,2024-10-27T22:00:12Z,1
are we in the year 2010? i mean this is so alejandro's vibe,@ghfr7895,2024-10-26T17:14:36Z,1
"""Bloody Mary"" vocals.",@gilx-i4l,2024-10-27T02:22:37Z,1
Born this way vibe 😍,@dcwocd8422,2024-10-26T15:11:09Z,1
"I was not prepared for Gaga to reintroduce her industrial pop, midtempo era: a Rezzmau5 remix of this would go crazy.",@sumurssno,2024-10-28T16:17:40Z,1
"Gotta give her credit, when alls said and done.. it comes down to the songs.. and her Melodie’s are always catchy, fair play",@DaveGray-l4r,2024-10-25T19:00:36Z,1
This reminds so much of Rezz with the industrial vibes,@VirtualDisaster00,2024-10-25T19:11:51Z,1
I just wish it was faster... Love the vocals!  The tempo is giving Woman's World tho,@Raylocktheonmaryi,2024-10-25T19:14:05Z,1
"2:08 dark synth music, the theme is amazing",@επαις,2024-10-25T19:19:26Z,1
"If only she could really do that in real life, it would be great but she can't ! She's herself sick : Depression-PTSD- Fibromyalgia. It's a lot for one person...If she can heal a soul temporarily, It's through her music, that's it. With all the due respect Gaga, just speaking the truth. ❤ Well, it's just a song after all nothing more, not a treatment but thank you for the entertainment Miss Gaga, pretty catchy pop/metal song.",@MadininaCarribean,2024-10-25T21:07:12Z,1
"Loved it but i hope the rest of the era to be less generic pop, we deserve that old testament gaga",@bubruno626,2024-10-26T00:59:53Z,1
OHHH  Y GOODDDDDDDDDD IM GETTING NOSTALGIC FEELINGS,@alexisaweirdo600,2024-10-25T20:02:50Z,1
Amazing vocal,@LaRapet1,2024-10-25T20:20:46Z,1
2012 vibes,@gavinspake4584,2024-10-25T22:30:46Z,1
American Horror Story vibes...LOVE IT,@matthewsteele7601,2024-11-14T00:08:06Z,1
Promising... Born This Way era vibes for this new album?! Lets hope so.,@V167OR,2024-10-25T20:59:21Z,1
"so Halloween vibes, in love 🍂🎃",@elleauerrea,2024-10-26T16:11:29Z,1
Queen of the Damned vibes,@TheSelene1984,2024-10-25T21:10:22Z,1
I looooove how much power she has in her vocals. I'm so glad she's back.,@juliawidmaier5334,2024-10-28T00:54:42Z,1
Best vocals ever ❤❤❤❤❤ Mother Monster is back!,@IMAN3NTE,2024-10-25T20:59:03Z,1
"I love how sexy it is as a result, those lyrics are so juicy, I love it and can listen to it all day as well, lol! 💯",@TheGoldenPlatoon757,2024-12-05T06:40:23Z,1
Morticia and Gomez vibes.,@cosmofpendragon,2024-10-30T22:07:37Z,1
"This is so fantastic. The raw, campy and passionate vocals, like a rock or metal song, the epicness of the adlibs and the harmonies, the heavy and hard as fuck synth pop or industrial rock instrumental(its giving me 2000s vibes, kinda like Marilyn Manson-esque, the spooky lyrics, the overall Halloween-ish vibe to it, the darkness of it all, it's so precious, it's giving Government Hooker, Heavy Metal Lover and BTW in general vibes, but in a more edgy and chaotic and thriller movie way, I love it. It's so Gaga🖤🤩✨",@andynaveda,2024-10-26T04:56:05Z,1
"500,000 of these views are from me alone. Promise. I CANT GET ENOUGH IT HASNT EVEN BEEN OUT 24 HOURS AND THIS SHIT IS INGRAINED IN MY BRAIN. I NEEDED THIS GAGA. Inject it into my veins now, I need more and more. Please and thank you. Like, this is giving me 2010 Gaga mixed with 2024 Gaga, and it’s giving me everything I’ve needed this year. Like. WOW. The Rob zombie vibes are KILLING ME.",@rymoats6460,2024-10-25T23:49:13Z,1
excellent bass synth sounds,@cbbhvjc,2024-11-22T03:40:59Z,1
It's just ok. I wish the lyrics were a little better. 🤷‍♂,@omek6,2024-10-25T21:28:03Z,1
"""The fame Monster Age"" Vibe",@LIONWRLDModder,2024-10-25T22:28:04Z,1
Judas vibes 😍😍😍😍😍,@MarsNeedsWomen,2024-10-28T01:14:13Z,1
This song literally brings me back to when I first heard Gaga. Nobody beating these hooks 🤩,@brada4554,2024-10-30T18:33:01Z,1
RedOne vibes..Love it!!!,@mrbigbosskojak,2024-10-28T01:28:01Z,1
Yeahhhh nice beat,@brunacosta928,2024-10-25T20:56:26Z,1
"Gaga's new Release »Disease« marks the start of her 7th Studio Album, known to her fans as LG7. This dark, theatrical track explores themes of illness and healing, contrasting with the energy of her previous Chromatica-Hits. Lyrics shared online hint at Gaga's role as a healer, featuring lines like »I can heal your disease« which have sparked excitement and theories among her fanbase. Fans have discovered cryptic hints and lyrics in Gaga's social media posts, inc. a countdown on her website and playlists alluding to her artistic focus on the themes of »illness« and »recovery« 😉",@meinsprachrohr.official,2024-10-28T16:52:40Z,1
Bloody marry vibes but darker,@ZackifiedStudio,2024-10-27T17:22:21Z,1
🎩 🪄 swallows the beats 🎩 🪄,@MrCBMarkAMU,2024-10-29T01:02:58Z,1
Getting very heavy Prince of Egypt vibes !!! Here for it !!!,@BigEd2612,2024-10-26T14:56:27Z,1
Song is brand new but feels nostalgic. Brings me back to 2011,@tinyky2598,2025-02-18T19:37:12Z,1
Vocals ❤❤,@AndersonSilva-yy3rn,2024-10-29T20:21:14Z,1
Silent hill vibes 😮 anyone?,@assassinka508,2024-10-28T11:52:18Z,1
Sounds like a deep cut off ArtPop or Fame Monster. Nothing innovative or special.,@yulianstarr,2024-10-28T07:36:00Z,1
"IT'S GIVING!!! The Cure"" vibe I'm so here for this mother monster",@celeryonmycoffee,2024-10-26T05:19:17Z,1
First album Gago vibes is a really good thing. This song could have easily BEEN on the first album. So rare that I hear actual good pop music.,@edisons.7637,2024-10-29T12:37:33Z,1
Love it!  It's got some great industrial tones to it... Reminds me of early NIN or Skinny Puppy.,@fred420,2024-10-27T14:00:16Z,1
The beat DROP… This song holy fuckkk she is so back!!!🔥🔥🔥,@raygreen4979,2024-10-25T22:10:18Z,1
That beginning scale is beautiful. I’m not sure what mode it’s in or key signature but I’m very much in love with her detail to music 🎶. That minor sound  really caught my attention immediately.. Also the lyrics and sound are so dark but very relevant to what’s happening. It has such eerie undertones. ❤ welcome back mother monster ❤️ 👺,@wisdomseeker0142,2024-10-27T19:53:48Z,1
It's a great song. But it somewhat kinda hurts me to listen to... Deeply... Like an open wound... 🃏,@Traina,2024-10-26T19:45:43Z,1
"The verses have a great melody; enjoying the new, deeper, darker vibe.",@roki6467,2024-10-25T23:16:02Z,1
"I'll create another Google account to like this video twice, cuz 1 is not enough. I know the live vocals for this will be DIVINE",@josegabrielsilva5221,2024-10-27T00:37:17Z,1
Anyone else get complete head to toe goosebumps from how powerful her voice is?,@j.m.221,2024-10-28T17:11:33Z,1
"This feels so witchy and dark...Like The Craft, the vibe I'm getting: Lydia meets Agatha and make friends with Delia",@FranDrakeS,2024-10-26T13:02:08Z,1
"Listen to it through some buds or headphones, the vocal and instrumental layering is insane! Gaga just understands music!",@zackjohnson_yo,2024-10-26T05:28:10Z,1
This Song is reminding me of Michael Jackson's Morphine don't know why it's just in my mind giving same vibe and the powerful effect drugs give.,@AngelCosplayProductions,2025-04-26T17:38:55Z,1
the beat is so artpop...,@444nth,2024-10-26T14:07:50Z,1
Anyone else getting Nine Inch Nails vibes in the best way?,@Heliopolis013,2025-02-21T21:26:49Z,1
Love the Nine Inch Nails vibes,@LimboPop,2024-10-25T20:30:21Z,1
I love this song but im christian and some of these lyrics are convicting 😔,@StephCuzWhyNot,2024-12-06T00:19:13Z,1
It’s giving me The Fame energy era vibes and I’m here for it,@slumberingsoundzzz,2024-10-28T00:26:05Z,1
Monster mama is back where she belongs🎉❤😊 this may have trace beats of all the previous  hits but i am not complaining 😂😅,@dimphoofficial9769,2024-10-28T07:59:40Z,1
"i can't believe i finally entered the new era of Mother Monster again, this is so emotional for me 😢 thank you for put such an incredible song, love, LM ❤",@zizyroshe,2024-10-26T00:09:20Z,1
SAW vibe?,@evgeniiromanov764,2024-10-26T10:51:22Z,1
"The song itself gives me ""Björk's 'Army of Me'"" vibes",@HarryPotter87,2024-11-14T08:12:24Z,1
"Her music is always so fun and upbeat!!! Her vocals are really good here, I like the Dark Metal Vibez",@arturoruiz8078,2024-10-28T14:48:25Z,1
This kinda giving bloody marry vibe,@Rajat071,2024-10-26T13:30:36Z,1
its giving the fame vibes and born this way i love itttttt GAGAAAa xo,@yvandaniels5590,2024-10-28T09:11:35Z,1
Its awful literally,@imranriaz4953,2024-10-25T23:12:56Z,1
worst song of the year,@Kaykiie,2024-10-26T01:22:59Z,1
MEH. Forgettable music.,@zZAD,2024-10-26T01:24:44Z,1
I just got the judas nostalgia ! Sick song sick beats 🥶,@rainbow6571,2024-10-26T01:15:22Z,1
"ok loving the music, but those lyrics are very very very coming from evil... literly its like: come on! im the devil and beg for what you want me to give you... daamn gaga, this is very diabolic, you cant deny.",@hashysinger988,2024-10-29T21:29:30Z,1
Vibesss,@JRR-u6s,2024-10-26T16:39:17Z,1
GAGA that fucking vocal on the bridge!!!! I LIVEEEEEE,@gregcondones,2024-10-27T20:28:54Z,1
Anybody getting Nine Inch Nails Closer vibes here?,@lerumtify,2024-10-25T21:29:14Z,1
2024 was such a nostalgic year for music. I loved this year 100% 100%,@LisetteMahoganyxo,2024-12-20T04:19:39Z,0
I’m gonna dieeeeeeeee😭😭😭😭😭😭😭😭😭😭😭😭😭😭😭 die with happy emotional,@pommalorsomo2767,2024-10-26T16:54:34Z,0
"How synthwave of her, now this is right in my lane!",@AlexOrozco-Social-Pariah,2024-10-26T02:43:23Z,0
Very forgettable track.,@thelee_mundsson,2024-10-25T22:12:48Z,0
It's like my prescribed benzodiazepines are singing to me😔 Lyrics hit hard and the song is just marvellous ❤ Go Gaga,@beatrizzaragoza7598,2024-11-02T19:00:18Z,0
Her lyrics are Stupid Gaga this is a JOJO SIWA type song.  Sad she tried to sing loud at end like song was banging,@mannier12G,2024-10-26T03:17:11Z,0
BORN THIS WAY x THE FAME MONSTER vibes and i’m here for it,@cherishils,2024-10-29T11:11:54Z,0
This is so Born This Way vibes and I'm here for it!!!,@Lulumusic2021,2024-10-26T18:38:00Z,0
❤🔥💥Chorus Disease = Chorus P!nk’s Try 💥🔥❤,@ERIKCLARKK,2024-10-28T21:49:20Z,0
I am so glad its almost 4 minutes long. Its very catchy as well. I love it. Welcome Back Gaga!,@chadenglish4169,2024-10-27T12:27:13Z,0
"I hear a lot of influence from the Nine Inch Nails song ""Closer"". Has the downed tones of a lot of 90's grunge.",@tyson3577,2024-10-25T21:06:03Z,0
"No soy muy fan de gaga pero el beat es la osti*, el tema se repite mucho, pero el beat, GG al productor",@shirasworld_,2024-10-27T22:36:27Z,0
"This song is so SCORPIO MOON, love its dark vibes, Gaga is back, can’t wait to listen to the album 🖤♏️🌙🦂",@andersippoliti4167,2024-10-31T07:44:08Z,0
The instrumental is interesting. The lyrics -not sure if it is mine.,@Iwan-j3g,2024-11-04T19:41:32Z,0
"The song has a dark pop vibe to it and similarities to ""you should see me in a crown"" by Billie Eilish.",@SusannaMunonye,2024-12-26T13:18:14Z,0
"Scale from 1 to 10. The song deserve 4 points.  So boring, the lyrics are silly",@gustavopuga1990,2024-10-25T23:23:00Z,0
"I'm sure someone else has mentioned this but these beats are totally reminiscent of ""Bloody Mary""",@louisgrassimedium,2024-10-29T13:36:36Z,0
"Só sou eu ou mais alguém achou uma vibe dos discos da Demi Lovato, holy fuck  e o revamped?",@fernandabastos2680,2024-10-27T04:07:13Z,0
Not a fan of the lyrics but overall it's 👌🤌,@Daggerjam,2024-10-26T20:32:50Z,0
0:11 THE BEAT DROP IS SICKENING,@britaniaspears8250,2024-10-26T06:20:44Z,0
"LOVE GAGA!  ESPECIALLY HER HAIR TUNE!  LYRICS SPEAK OF SOMEONE WHO IS   MIGHTY ARROGANT AND COCK-SURE OF HIM/HERSELF, YES?   YOUR EGO NEEDS SOME REALITY THERAPY, I BELIEVE. YOUR DISEASE INCLUDES DELUSIONS OF GRANDURE . . . PERHAPS A PSYCHIATRIC REFERRAL?  JUDGE NOT LEST YE BE JUDGED. READ YO BIBLE MORE CLOSELY.",@shariblack4128,2024-10-27T18:13:34Z,0
❤ I am the biggest fan of Lady Gaga and my in love  with  this song I am so happy that Lady Gaga is back and I hope she will do a tour I really love the disease. The lyrics of just amazing Lady Gaga has done a good job on disease and I can’t believe it’s her new single coming of her new album. I’m just so happy and excited and what Lady Gaga is going to do next and I like Lady Gaga in the new Joker film two Lady Gaga is so amazing. I just love her,@AngieGibbs-n5y,2024-10-26T16:56:31Z,0
damn the OG gaga is back. That crazy powerful voice! omg goosebumps!,@MSI2k,2024-11-13T05:11:45Z,0
Too much 2014-2017 vibes 🥹😭,@momu4731,2024-10-28T19:35:47Z,0
No melody..no tune..this is utter crud LMAO,@Transformer-x6t,2024-10-25T22:30:38Z,0
This is so perfect illusion with The fame beats,@wallacetorrieri6435,2024-10-29T00:50:40Z,0
The beginning gives Rezz vibes and for some reason she sounds like Miley in this song...,@emberkoko8699,2024-12-12T10:27:34Z,0
"Seems like someone's been listening to ""Un Millón de Años Luz"" and ""Juegos de Seducción"" by Soda Stereo, isn't it? Nonetheless it's a brilliant song, Stefani. Keep it up: if your album's playing on the key of Latin American early synthpop and new wave, you're gonna hit a home run girl. Easily your best first single in more than a decade.",@mikhurtado320,2024-10-26T03:09:02Z,0
LOVE IT!!!!!!!!!!  Total  born this way vibes which i love. She is speaking to the nurse in me!,@danielle4910,2024-10-26T22:38:19Z,0
"It's giving me ""Bad Romance"" era vibes, and I'm here for it!!❤",@MissLizzy882,2024-10-25T18:54:51Z,0
"The cure vibes, i love it!",@totallyatriel,2024-10-25T19:17:09Z,0
A.I lyrics,@chriscross7454,2024-10-26T00:03:31Z,0
"Isso é TAO the fame monster,  mas ao mesmo tempo parece ser bem diferente dele. Gaga lenda",@naofacoaminimaideia2082,2024-10-25T19:58:42Z,0
Excellent. The song´s progression it´s so exciting that the running time seems too short. You just want more. Cannot wait the album.,@endtyme1345,2024-10-26T05:37:23Z,0
There is literally NO MELODY,@Transformer-x6t,2024-10-25T22:31:23Z,0
This beat reminds me of Britney's Blackout era. :),@evertonhoffelder6985,2024-10-25T22:50:09Z,0
"Que perfeição de clipe  ❤ vibe meio alienígena  , ela mesmo se mata ❤❤❤",@lucaslascurain4867,2024-10-30T01:25:46Z,0
gives matrix club vibes,@OraJeter,2024-10-25T23:53:32Z,0
"Crlh me senti em 2010 novamente, que saudade desse tempo ❤️",@fabiomarques7672,2024-10-27T10:37:34Z,0
Such an awesome song! I love the vocals 😍😍😍,@johnnyitalia418,2024-10-29T02:30:57Z,0
How come the lyrics and the beat and even the voice sounds like Jann?The beat and the lyrics is almost exactly like Jann's song Charisma.Gags voice even sounds like Jann's voice!How come Gags music is like this now?,@keanamiller-wood4101,2024-10-26T18:53:48Z,0
Lol this was the most divisive song in fantano's weekly track review for putting it in worst track. He was 100% correct 😭,@anoisano275,2024-10-28T18:54:02Z,0
"This is giving me serious Trent Reznor vibes.  I don't know if he was involved in the production, but a Gaga/Trent collaboration would be mind-blowing! 🖤🖤🖤",@aar8n955,2024-10-29T01:47:28Z,0
"I thought that the lyrics at the beginning ""I heard you're begging for life"" were ""I heard you play give a life"". I think i play too much fnaf...",@filipk.5151,2024-12-20T17:41:17Z,0
"What a song, I'm dancing with it's every beat, perfect song after a very long time, ❤❤❤❤❤❤️❤❤❤❤",@mrityumjoyghosh,2024-11-07T20:47:40Z,0
I listened to this song on 1.25x on accident for the first listen a few days ago and so when I watched the MV just now I was SHOCKED at how slow it was… I HIGHLY recommend listening to this song at 1.25x song it becomes so much more upbeat and actually could be a good clubbing song while maintaining the originality of the production!,@STKTSTKT,2024-10-30T01:16:10Z,0
Sorry gaga but tho chorus is boring and lyrivcs are pretty bad. There is no deep in this song. Same as Katy Peery was deceiving this is little bit less but still deceiving,@DanielMolina-o6z,2024-10-27T16:47:09Z,0
"Lady Gaga, this beat is sick ❤ 🌠 🌟",@Nen-o9x,2025-01-24T14:26:32Z,0
Love it. Has a Judas vibe. ❤❤❤,@PaulS-RVA,2024-10-27T13:39:56Z,0
The backing vocal scream at 1:36 and 1:46 GIVES ME CHILLS EVERY TIME god this is so peak,@immunetoneurotoxin5733,2024-10-29T21:35:45Z,0
"Stupid lyrics, stupid tune. Poorly made all around. Bad choice for the 1st single",@jaimemarshall2439,2024-10-28T17:29:03Z,0
"This gotta be my most favourite release from main pop girlies of 2010s in recent time. The musical arrangement, the vocals and THE EMOTIONS, our queen GAGA is back.",@tinlinnko3233,2024-10-31T13:26:51Z,0
"I like  this vibe and lyrics more for a Joker-story than the actual script. (It's not about the acting, twas excellent)",@Sianara01,2025-02-20T17:10:55Z,0
"this dark vibe of gaga I LIKEEEE most 😍, and her voiceeeeee",@MsLEMO,2024-12-27T10:16:14Z,0
"Everyone is saying they're getting ""Born This Way"" vibes, but I'm getting ""GUY"" vibes more",@rs_nightshade,2024-12-16T20:34:08Z,0
"Well...not that great tbh (sorry for sharing opinion). Melody is to broken (chorus is ok), voice as always is good, lyrics a bit... juvenile (and give me cure vibe) - just not what I was expecting tbh",@tomaszpalucki6283,2024-10-28T18:50:51Z,0
Been covering this song for debuts in events and for music projects. As a metal head those gritty belts at the last section GO HARD w double bass. Perfect blend of Rigid staccatos and vocal patterns,@mr.stickz1357,2024-12-18T01:28:01Z,0
This sound have vibes for next valorant act and new agent. ❤❤❤❤,@ABCDEFARR,2024-10-27T01:00:47Z,0
These lyrics are basic af and it's nothing like Born This Way -_-,@martolomeosimpson2020,2024-10-25T20:37:13Z,0
The best intro beat this year,@justinjustin52,2024-10-26T05:14:23Z,0
Can’t lie the verses are good but the chorus not so much for me,@NoteImLeft,2024-10-26T14:27:27Z,0
Yahhwee the God the ultimate God of this universe 🌍 salute king 👑🦁🤔☝️🔥🔥🔥🔥🪔🙌🙌🕯️🕯️🕊️🕊️❤️💋💔💔💔🧎🧎,@ThomasDodsonJr,2024-11-13T01:42:32Z,0
"That bridge, final chorus and outro is laced with crack.",@emboar7247,2025-02-19T14:36:28Z,0
what happened to her songwriting lol usually the sound makes up for it but this is generically good,@amyfalls,2024-10-26T05:22:29Z,0
Chorus is catchy but overall sounds dated. Don't think this'll chart well. Hope I'm wrong - excited for the album.,@quittalkingpish,2024-10-26T15:59:49Z,0
"Old Gaga vibes, Fame and Born this way",@noahpierson6437,2025-05-15T01:54:12Z,0
"It's December 2024, it is time to start becoming nostalgic for the early 2010s. No- is nobody doing that at the moment? Either way, this is a Dark Era brewing and it reminds me lots of The Fame Monster album.",@tctt185_dg,2024-12-17T09:47:48Z,0
Girlfriend is my new 90’s booty jam. Dancin in the Shadow sounds like it could be great. Notorious Being is giving me Swine/ScheiBe vibes. Endless is unfinished but could be epic.,@I_Quit_This_Bitch,2024-10-26T13:53:42Z,0
Is this SAW inspired? it's giving the vibes,@pablo5890,2024-10-26T14:06:00Z,0
3:15 vocals 👌🏻,@CUMZZY,2024-11-14T23:20:30Z,0
"there is so much emotion in the voice, the lyrics, the theme. you can tell it's on a way higher level than Perry's shitty AI fueled album",@nath4n308,2024-11-01T18:52:24Z,0
"The bridge is cool , I like the synth pop vibe to it , is it something I’d put on repeat hmm probably not, is it memorable hmm not as much , it’s okay , hopefully her album will be 🔥",@dkkssss,2024-10-26T01:48:28Z,0
lyrics are triggering. too soon!,@bachelorofstuff,2024-10-26T08:51:13Z,0
"Lady Gaga stole pre-chorus from old Soviet cartoon about Little Red Riding Hood, find video ""esli dolgo dolgo dolgo""(0:35 second)",@СексуальныйОлень,2024-10-29T17:14:14Z,0
Awfull & ugh.,@asmir-ls4tn,2024-11-14T13:03:30Z,0
"I play this x 1.25 and that beat sounds really good, what a nice song 🥷",@axlnawirose,2024-10-26T02:40:19Z,0
Sauron vibes 🖤,@pedrorrr,2024-10-27T13:14:36Z,0
James Bond movie's song vibes.,@cosmodrome9478,2025-07-08T14:40:08Z,0
Very generic. Sounds like an Artpop leftover.,@WhiteBear2024,2024-10-26T00:05:23Z,0
"I like the synth chords, it has a nice vibe",@ElOsoMarino,2024-10-25T21:33:21Z,0
now that gaga has released a midtempo song we need a collab with rezz immediately!!,@xfigi,2024-10-26T00:08:08Z,0
Very born this way vibes,@bethhradecky7765,2024-10-26T22:04:11Z,0
She is ! I tried to post this video with this comment on my Facebook wall & I was restricted for 2 days ! The elite are done ! I’m your worst nightmares Meta ! 😊,@michelleblanding6814,2024-10-26T20:15:00Z,0
"La cancion me da vibes de agujas, jeringas y un hospital psiquiatrico, creo que de eso se tratara el video.",@tokiomafia614,2024-10-25T20:41:21Z,0
the ahahahah in the chorus is synth pop like 2010s and it is so good,@happyegg09,2024-10-25T23:20:54Z,0
The lyrics and music are very mid,@goodemorning8967,2024-10-25T19:58:25Z,0
Queen of universe ❤,@jordanvasquezsanchez2496,2024-10-25T20:47:51Z,0
I’m getting slight In This Moment vibes lol I love it,@Maiden_to_mother,2024-11-03T23:36:54Z,0
Samo mi se spava vibes,@LelandRedline,2024-11-14T18:54:53Z,0
👍Very powerful track!!!,@ariesconstellation5771,2025-02-18T09:07:42Z,0
"They nailed this production. Needs new lyrics, but the music and melody and vocals are It.",@digthewarmth,2025-01-03T21:55:21Z,0
The chorus is truly incredible!,@elricthorean5235,2024-11-08T19:57:13Z,0
i havent heard i liked from her in a while this id pretty catchy,@fawadmalik5904,2024-10-27T00:45:00Z,0
Catchy song but laziest music video ever,@zechsmerquise5105,2024-10-27T14:45:32Z,0
"IT TAKES ME TO THE VIBES OF 2009, 2009 GOING BACK! Bring the old TIMES!   -BRASILLLLLL",@celsoprado1635,2024-10-29T20:34:55Z,0
The rest of the album better be like this. Because that Bruno Mars duet is fucking awful.,@dannypatrick9361,2024-10-26T16:01:23Z,0
"NO STFU I'M OBSESSED, I LOVE THE DARK WAVE SYNTHINESS SO MUCH",@phoenixhbcsversion,2024-10-29T11:05:55Z,0
There's a part of this song that resembles to the sound of GUY (art pop)  of her song. But i would like to listen to her song Cure because it's kind of similar with the message of the lyrics,@bryandeitherluza2962,2024-10-26T06:23:55Z,0
Vocals reminiscent of Bloody Mary Cirkut rocked with Gaga #OHGOD,@DicYout,2024-10-27T02:16:47Z,0
"It's not just the vocals and sounds in the song, but the piano is also very nin sounding. Nin's piano has a very distinct sound that feels uniquely theirs.",@tnetennba725_3,2024-11-04T09:28:39Z,0
REZZ VIBES🔥🔥🔥🔥,@elmoy271,2024-10-27T17:25:48Z,0
It gives me Bloody Mary vibes 🖤,@creepergirl7610,2024-10-25T21:38:30Z,0
"I smell a born this way vibe, and I’m loving it ✊🏻🖤",@Helena_Gmrs,2024-10-26T18:36:55Z,0
Vibes le sserafim The Great Mermaid i love this song,@Aespink09,2024-10-26T14:04:12Z,0
0:40 1:47 i love these part it's beautiful and amazing tone,@chokicheung5609,2025-05-13T20:06:53Z,0
Btw vibes 🔥,@kristelabm_95,2024-10-26T02:16:36Z,0
Keep doing edm beats this shits 🔥,@kyle12367,2024-11-15T17:28:02Z,0
What is this base synth at the refrain? How can it have so much volume? It hits way too hard.,@markushorlemann,2024-10-27T12:53:07Z,0
#VibesBornThisWay,@ManuLeguizaOk,2024-10-26T00:08:23Z,0
I’m getting Fnaf vibes 🖤🖤❤️,@Нѕѕмєя,2024-10-27T17:18:23Z,0
This is about to be LIT on Beat Saber,@ReelRevival-r9b,2024-10-25T21:38:30Z,0
A TEMPORAL,@AlerrandraBruna,2024-10-30T17:11:51Z,0
Its giving born this way album vibes,@Merybari,2024-10-25T18:54:43Z,0
