comment,user_name,date,likes
Laufey has the most unique music i've ever heard like it has this fresh yet nostalgic feel I can't describe- It's like the calmest thing i've ever heard and I can't stop replaying her songs. I'm so happy I've discovered her music !,@gefmongoose,2023-05-12T20:59:44Z,2601
I CAN FEEL THE LYRICS COMING INSIDE OF ME 🗣️🗣️🗣️🗣️🔥🔥🔥🔥,@hebo7477,2023-08-22T21:54:56Z,527
WE BEATING THE INDIFFERENT CRUELTY OF THE UNIVERSE WITH THIS ONE 🔥🔥🔥🔥🔥🔥,@srgmedia.agency,2023-08-09T21:58:34Z,185
"the bossa undertones with the main beat and your jazz and classical touch is always my favorite of your mixes, this and falling behind make me feel like im floating over the beach in dream-like bliss. I rlly love your work <3",@Mochi_doesnt_know,2023-05-11T21:13:42Z,72
WE BEATING THAT COSMIC HORROR THAT LEAVES US EMPTY INSIDE WITH THIS ONE 💫💫💪🗣🗣🗣🔥🔥🔥🔥🔥🔥,@montopunk,2023-09-23T00:34:03Z,40
WE TURNING TO THE INDOMITABLE HUMAN SPIRIT AND AWAY FROM THE INDIFFERENT CRUELTY OF THE UNIVERSE WITH THIS ONE🔥🔥🔥🔥🔥🔥🔥🗣🗣,@cozyblanket3704,2023-08-18T05:12:00Z,35
"Her songs are always a vibe from a breeze, so relaxing and classical ❤",@oldhollywood_fanatic,2023-07-29T14:42:17Z,29
this song is so vibey and her voice is so beautiful and soothing <3,@eliana5900,2023-06-12T23:33:31Z,20
"It's probably commonplace, but Laufey finds the precise words to describe this feeling (of which I feel part of right now). Your incredible voice and Bossa Nova rhythm ... thank you for continuing to make music 😌",@72_a,2023-05-16T21:43:07Z,17
"Laufey, I am physically unable to express in words how much joy I am feeling right now. I love… how you sing… the words?? I’m sorry I can’t talk right now but the way you pronounce the words with so much emotion feels like I’m actually in your shoes-in love with someone that doesn’t share the same feelings. Thank you for always calming me down and cheering me up with your music. 💕💕💕 ALSO my friends and I are planning to learn how to play “Let you Break my Hear Again” on the violin and cello!",@mlaiggie,2023-05-11T04:24:15Z,14
WE GOING IN A DEEPER STATE OF DEPRESSION WITH THIS ONE  🔥🔥🔥🔥🔥🔥🔥🔥🔥🔥,@manionduty1,2023-08-05T07:23:17Z,13
The bossa vibes in this are absolute perfection 😭,@InstrumentManiac,2023-06-08T03:32:23Z,12
"Não importa quanto tempo passe, o Gênero Bossa Nova continua influenciando artistas de todo o mundo. Atemporal.",@riqueluv,2023-10-06T17:30:39Z,11
I won’t lie this has been on loop for a few days now and it’s still a vibe 🫶🫶,@saltymagicbear9289,2023-07-18T02:14:38Z,9
Her songs are always so catchy 😭,@gradientofdepths,2023-06-28T22:56:07Z,9
"I love this entire song to bits—it’s a sway-in-my-room, all-is-well kind of song—but what REALLY gets me with this release is your voice, specifically right at the end. On my first listen I just kept replaying that little ending piece over and over again—your voice is so sweet and gentle, and you somehow managed to put so much raw YEARNING into those final notes that it brought tears to my eyes (and still does, dozens of listens later!). Those last few seconds packed to the brim with emotion really are my favorite part of the song.",@lightavii,2023-05-15T03:45:00Z,8
"She's very musical and the lyrics are very clever, very classy. A good feeling for the bossa, too.",@justDave3453,2023-05-11T21:23:15Z,8
"I just love the message and the vibes that this musical piece gives me, it always sounds and feels like I have loved someone from a previous life and that I have to meet her again.",@valorwarrior7628,2023-07-23T16:07:40Z,7
1:23 the cheat sheet has other lyrics,@danzap3844,2023-05-14T14:32:27Z,6
"I am currently crying so hard right now. This is seriously the most beautiful, well put together story ever. I can’t believe how magical it was 1:12. That part truly made me shed a tear. And especially at 6:34 that part was just so truly heart touching words can not describe the series of emotions I felt. I absolutely loved the climax it had insanely excellent detail. Oh and we can’t forget the conclusion. The conclusion was the greatest and saddest conclusion I have ever seen better than any of the books I have read. Thank you so much for creating this absolute masterpiece. This is essentially the most important masterpiece of film history. It is a tragedy that this, it can’t be called a film, but a transcendent emotional experience, will be inaccessible for most. It beautifully encapsulates the human struggle to its basics; suffering, pleasure, faith, despair. It connects with the characters within the viewers, individuals suppressed within our own subconscious. It stays vibrant, fresh, and revolutionizes the art of storytelling and filmmaking while making a damn of statement on what it means to be human. Entertaining, gripping, and simply exhilarating. This might be the most impactful piece of art I’ve come across in my life, and I’m definitely coming back to it in the near future to study it more deeply. this is an absolute masterpiece , I was brought to tears listening to this and seeing the bacon go whirly swirly in a circle countless times. it absolutely moved my soul , and I don't think I can ever be the same. this bacon has changed my entire mental state , I am now at peace with who I am and what I will be doing later in my life. i have forgiven all my enemies and now I am a man of a pacifist life. I will move on , gotta move on , as the song says. the bacon is so inspirational , it shares it vast wisdom with all of us , and we are all so lucky that it would bestow it's great words with us. we are all children on bacon. hail bacon. hail bacon. The spinning bacon, rotating in one direction with this music... This made me tear up. How could such a bacon do such a thing? I'm struck by awe by this masterpiece. Especially when the bacon spins, showing its lightly salt covered tan skin. I can hear the crunch just from here, and so as the beautiful sound of the bacon scraping the dark, smooth velvet floor.  The flavor, music and everything can be heard, tasted, seen and felt from a screen. You can really hear the breaths between the music artist, empathizing her love for this rotating bacon. Truly what I call modern art. This was the most legendary performance by any piece of bacon I have ever watched. The acting was top tier and very life changing. This is one of the greatest work from a piece of bacon I have ever seen especially on 57:42.I am currently crying so hard right now. This is seriously the most beautiful, well put together story ever. I can’t believe how magical it was at 1:12. That part truly made me shed a tear. And especially at 6:34 that part was just so truly heart touching words can not describe the series of emotions I felt. I absolutely loved the climax it had insanely excellent detail. Oh and we can’t forget the conclusion. The conclusion was the greatest and saddest conclusion I have ever seen better than any of the books I have read. Thank you so much for creating this absolute masterpiece. This is essentially the most important masterpiece of film history. It is a tragedy that this, it can’t be called a film, but a transcendent emotional experience, will be inaccessible for most. It beautifully encapsulates the human struggle to its basics; suffering, pleasure, faith, despair.  It connects with the characters within the viewers, individuals suppressed within our own subconscious. It stays vibrant, fresh, and revolutionizes the art of storytelling and filmmaking while making a damn of statement on what it means to be human. Entertaining, gripping, and simply exhilarating. This might be the most impactful piece of art I’ve come across in my life, and I’m definitely coming back to it in the near future to study it more deeply. this is an absolute masterpiece , I was brought to tears listening to this and seeing the bacon go whirly swirly in a circle countless times. Tt absolutely moved my soul , and i don't think I can ever be the same. this bacon has changed my entire mental state , I am now at peace with who I am and what I will be doing later in my life. i have forgiven all my enemies and now I am a man of a pacifist life. I will move on , gotta move on , as the song says. the bacon is so inspirational , it shares it vast wisdom with all of us , and we are all so lucky that it would bestow it's great words with us. we are all children on cat. hail cat. hail cat. The dancing cat, This made me tear up. How could such a cat do such a thing? I'm struck by awe by this masterpiece. Especially when the bacon spins, showing its lightly salt covered tan skin. I can hear the crunch just from here, and so as the beautiful sound of the bacon scraping the dark, smooth velvet floor.  The flavor, music and everything can be heard, tasted, seen and felt from a screen. You can really hear the breaths between the music artist, empathizing her love for this dancing cat. Truly what I call modern art. This was the most legendary performance by any bacon I have ever watched. The acting was top tier and very life changing. This is one of the greatest work from a bacon I have ever seen especially on 17:24. I am currently crying so hard right now. This is seriously the most beautiful, well put together story ever. I can’t believe how magical it was 1:12. That part truly made me shed a tear. And especially at 6:34 that part was just so truly heart touching words can not describe the series of emotions I felt. I absolutely loved the climax it had insanely excellent detail. Oh and we can’t forget the conclusion. The conclusion was the greatest and saddest conclusion I have ever seen better than any of the books I have read. Thank you so much for creating this absolute masterpiece. This is essentially the most important masterpiece of film history. It is a tragedy that this, it can’t be called a film, but a transcendent emotional experience, will be inaccessible for most. It beautifully encapsulates the human struggle to its basics; suffering, pleasure, faith, despair. The work put in to this is incredibly inspiring. The graphics, the animation, the music, so much thought was put into it. This has remined me that you can do anything you put your mind to. Not even mentioning the memories, this makes me feel like an infant again, just laying my eyes on this beautiful masterpiece gives me all the good feelings in life. I also understand what happiness is again from this. Not even to mention the most incredible part that is 2:10. Cat dancing has changed my life for the better. It connects with the characters within the viewers, individuals suppressed within our own subconscious. It stays vibrant, fresh, and revolutionizes the art of storytelling and filmmaking while making a damn of statement on what it means to be human. Entertaining, gripping, and simply exhilarating. This might be the most impactful piece of art I’ve come across in my life, and I’m definitely coming back to it in the near future to study it more deeply. this is an absolute masterpiece, I was brought to tears listening to this and seeing the bacon go whirly swirly in a circle countless times. it absolutely moved my soul , and I don't think I can ever be the same. this bacon has changed my entire mental state , I am now at peace with who I am and what I will be doing later in my life. So much great graphic design, so much suspense, so much greatness in this one video. i have forgiven all my enemies and now I am a man of a pacifist life. I will move on , gotta move on , as the song says. the bacon is so inspirational , it shares it vast wisdom with all of us , and we are all so lucky that it would bestow it's great words with us. we are all children on bacon. hail bacon. hail bacon. The spinning bacon, rotating in one direction with this music... This made me tear up. How could a cat do such a thing? I'm struck by awe by this masterpiece. Especially when the cat dances, showing its lightly salt covered tan skin. I can hear the crunch just from here, and so as the beautiful sound of the bacon scraping the dark, smooth velvet floor.  The flavor, music and everything can be heard, tasted, seen and felt from a screen. You can really hear the breaths between the music artist, empathizing her love for this rotating bacon. Truly what I call modern art. This was the most legendary performance by any bacon I have ever watched. The acting was top tier and very life changing. This is one of the greatest work from a piece of bacon I have ever seen especially on 57:42. I am crying. This has made me go through an emotional rollercoaster. I cried, beat off, and also watched a movie while watching this premiere. This has made me go through so much. I passed depression because of this. It really inspired me to become an outstanding young man. Thank you.",@Xxyour_MommyxX,2023-07-30T11:46:11Z,5
This song is so steven universe coded,@Good_luck_.,2023-11-10T18:11:47Z,5
Good Kid brought me here via their cover of this song. Both are an awesome vibe.,@mrjdavidt,2023-11-10T20:01:45Z,5
I love you Laufey! Just such aspiring singer and such a vibey person,@mariam17380,2023-05-27T01:09:49Z,4
This song is so good! Absolutely amazing instrumental and your vocals are unbelievable?,@Luceshoe13,2023-05-11T04:03:25Z,4
Porque a vibe dos clássicos Brasileiros são tão bons? Kkkkk What an incredible sound,@nathanslv,2023-10-08T14:44:39Z,4
This has the same vibe to me as a Studio Ghibli song i love it,@monric5730,2023-10-02T18:43:03Z,3
WHAT IS THAT MELODY 🔥⁉️,@emiko_sa,2023-07-18T19:14:42Z,3
The jazzy lofi flow with her vocals are insane,@NotRlyCrizpy,2023-07-19T23:39:58Z,3
I hummed this into Google and it brought me here. This tune is indeed catchy.,@TimeWizard727,2024-07-05T15:30:20Z,3
WE IMAGINING THE GOOD VIBES WITH THIS ONE 🔥🔥🔥🔥🔥🔥🔥🔥🔥🔥😩😩😎😎😎😎🥲🥲😙😙😘😘😅😅😀😀😂😂😉😉😋😋,@SeanFL84,2023-08-07T20:10:52Z,3
Steven Universe needs you 🥶💯🔥🥰,@Monkey_GO.D._Usopp,2023-07-30T00:17:55Z,3
Bro she is like a real life version of lapis lazuli fro  Steven universe,@ARPHEDITs,2024-01-16T13:35:38Z,3
When you already know the lyrics for the song and cant help jamming,@akogarre,2023-05-11T20:02:57Z,3
This sounds like smth outta Steven Universe,@nm9672,2023-08-17T01:59:09Z,3
when laufey and mitski sing together will be powerfulll hahahha,@kiss_qis,2023-05-25T11:42:20Z,3
Brazilian bossa nova vibes 🔥,@luh_cris3412,2024-07-04T17:30:37Z,2
So nostalgic,@SoKaden,2025-01-30T08:07:03Z,2
this is giving me steven universe vibe bro so nostalgic,@ucleminh8300,2023-08-12T02:16:12Z,2
This gives me a nostalgic feeling,@GihonHon,2023-09-09T02:21:11Z,2
Why is this giving me ratatouille vibes 😂 fire 🔥,@SunWuJon,2023-08-07T02:53:51Z,2
"This song has helped me to find a courage to confess my feelings to my crush last night. He didn't like me back in a way that i wanted to but he still want me as a friend. I'm glad that he took it really well cause i was already expecting the worst. I decided to be just friend with him now. I'm just so proud of myself for doing something that i wouldn't have done before out of fear. Thank you, Laufey!",@kameswaradw,2023-07-11T23:30:08Z,2
This made me cry dawg. This is beatiful,@IdkIdc-p5u,2023-07-29T05:50:30Z,2
This song gives me Steven universe vibes,@zackariusgale3493,2023-08-08T12:57:05Z,2
steven universe sounding ahh 🔥,@FatFurick,2023-07-29T06:41:05Z,2
Adventure Time vibes.,@Synteczek,2025-08-02T03:28:48Z,2
"I love music that sounds from the heart. I don't mean deep mysterious lyrics that no one but the artist understands, or when it's so sad that you're crying with the singer. I love music that may be a common happening and extremely non-unique, but you make it unique to you. Having a crush on a friend and them not liking you back is something that has happened to me too many times to count, but I don't entirely relate to this song because this isn't mine, it's Laufeys. That's what is so special. If I wrote this song (it wouldn't be nearly as good because I don't make music) but it would be in a completely different tone. It would be chaotic and noisy, with old-timey wording or confusing references because that's who I am. This song is upbeat, jazzy, and elegant with a side of playfulness, love, and melancholy and all of its beauty because that's who she is. This situation may have happened a million times, and there might have been a million songs written about it, but it doesn't make this one any less good because this is her song.",@blued0rito194,2023-06-23T14:28:18Z,2
Steven universe vibes,@DRIP2MAX,2023-08-10T03:40:42Z,2
the chorus sounds like cloud 9 by beach bunny,@Shinshia.bading-ne9eo,2023-05-25T16:20:25Z,2
im just hooked to her like i only her two seconds of the song and it's just a vibe and im pretty sure she was on steven universe,@baddie963,2023-07-20T13:24:49Z,1
Why is this giving me Ratatouille vibes?,@manperh9120,2024-01-15T16:16:20Z,1
So nice to hear new bossa/jazzy styles songs emerging and finding popularity. I love this groove and melody.,@jazzturtle2508,2023-07-20T19:05:16Z,1
the brazzilian beat.. is so wonderfull..,@Magally_maga,2023-09-01T14:27:31Z,1
"I love this vibe, it's so relaxing",@helenkim6432,2023-10-16T09:14:45Z,1
"I'm actually not into Jazz music before but Laufey makes me want to listen to every Jazzy music around especially this oneee huhuu the bossa nova vibe😭 I'm so inlove! And Idk but I can really relate to her songs, I feel like my feelings are being interpreted through her songs",@vblessed-curseddubaddupink658,2023-08-22T15:23:03Z,1
I think I hear Pearl from the Steven universe 🥰,@aceeleazar90,2024-03-04T14:22:42Z,1
Mitski vibes,@dariab6689,2023-08-01T14:38:17Z,1
This song kinda gives Steven universe vibe to me but that's just me tho,@audikeefeanuta9030,2023-08-01T12:47:01Z,1
Esta canción debio aparecer en Steven Universe ❤,@lanai4046,2023-08-01T18:10:16Z,1
"I loved Laufey and her music from the start. It's been 3 years and she hasn't made one bad song, not even any ""meh"" songs. Every single song is a beautiful masterpiece that perfectly encapsulates a different emotion in a perfect way.",@levim24,2023-05-23T04:33:34Z,1
"i love this so much thank you for making this song so much i wil listen this everyday this is brilliant the voice and vibe is amazing thank you so much ❤laufey this is brilliant, good , amazing, vibey and exelent!! ❤😍❤‍🔥",@zacciiixi,2023-07-18T09:23:24Z,1
I don't know how and why  but this give me mario galaxy nostalgic vibe,@wahxo7459,2023-07-26T11:48:35Z,1
WHAT'S A MELODY???? LAUFEYYY,@Luci_gmr,2023-05-11T20:21:58Z,1
This gives me steven universe vibes 😂❤,@JustRepose,2023-08-01T13:41:28Z,1
I had that chorus on loop in my head since you dropped the preview Laufey!!! 😭 👏 the whole version is wonderful!!! Thank you for sharing your talent to the world ❤️,@vanishingmoon1,2023-05-11T04:07:23Z,1
"i aint even listen to this stuff half the time but god she's so pretty, and her vocals are genuinely amazing.",@tao6866,2023-09-14T03:44:11Z,1
acoustic rendition whennnn 😭😭😭❤,@10_4NguyenTranMinhThien-rb4ub,2023-05-13T00:21:06Z,1
This music reminds me of Steven Universe.,@jeromesands3773,2023-07-11T03:19:00Z,1
Idk but this song is so good and I realised that this is so if they used this song on steven universe (in my opinion only),@alkirraf.domagas4030,2023-08-01T07:15:49Z,1
Why this feel so... Nostalgic?,@Blehblehbot,2023-08-07T01:57:46Z,1
It's giving Steven Universe 🌌,@Cwenga_Matiwane,2023-07-26T17:35:32Z,1
its giving steven universe VIBESSSS😍😍😍😍😍😍😍😍😍😍,@Ruckus102,2023-06-08T18:50:17Z,1
Your voice sounds like you're from a steven universe song(which is a complement because your voice is so soothing),@mohammadyrfanzapanta6888,2023-05-24T03:13:16Z,1
tho this was steven universe type shi song,@Xcupcake18,2023-08-16T17:04:05Z,1
i thought this was steven universe,@J22_YT,2024-02-02T04:06:24Z,1
"I've got intrigued by this music when i first found this music it's so unique yet nostalgic, it has the originality and the voice is so heavenly it must be one of the most out standing music that I've ever heard its like a mother singing a lullaby to it's baby it's just extravagantly out of this would! Masterpiece i must say.",@nollorajeanette,2023-06-12T11:14:40Z,1
The beat and voice kinda reminds me of steven universe,@fernandoorellaneda6417,2023-07-31T11:02:34Z,1
a samba melody,@Naassom_xd,2023-08-01T20:32:19Z,1
It’s sounds like a song you’d hear in Steven Universe,@Nurakaza,2024-08-25T07:15:06Z,1
Tem uma vibe garota do rio,@larissesantiago4468,2024-02-17T22:47:35Z,1
This song sounds like it came straight from Steven Universe! I AM IN LOVE 🥹❤️,@p0leygt264,2023-05-26T20:45:38Z,1
this song be stuck in my head.makes me feel nostalgic for some reason..,@lash4572,2024-03-07T11:39:43Z,1
Steven universe-isk,@cyarain,2024-01-07T13:59:57Z,1
Bruh some how i can feel the steven universe's vibe in this song lol.,@andne6983,2023-08-23T16:56:01Z,1
I feel powerfull light in me,@khassisssanbatjargal3200,2024-02-16T12:21:20Z,1
Gives me Steven Universe vibes,@pikachugotchu578,2023-07-22T07:29:17Z,1
"I heard this song at work one day, and I couldn’t remember any lyrics… so unfortunately I couldn’t find it. I eventually found it, and I’m so happy that I did. This song is AMAZING 😍😍.",@Axaxri-,2023-08-14T00:43:49Z,1
Is it only me getting Steven Universe vibes from this??,@mallowss8336,2023-08-15T12:31:31Z,1
Laufey makes me have steven universe vibes for some reason,@yuyukimaru,2023-08-11T00:25:39Z,1
This would be soo cool in Steven universe 🌌🌟⭐,@MattePillgainz,2024-07-29T16:05:52Z,1
"This song is so relatable to many tweens and teens like me, the music,the lyrics....we can all relate",@ZEINzeSILLY,2024-11-16T14:57:55Z,1
Am I the only who feels like this song gives me steven universe vibes,@yungjetsu1905,2024-11-22T17:12:20Z,1
WE MAKING IT INTO STEVEN UNIVERSE WITH THIS ONE 🗣🗣💯💯💯🔥🔥🔥🔥🔥🔥,@Kizafv12,2023-09-09T22:15:06Z,1
If you like this song you might also like “Girl from Ipanema” by Frank Sinatra. They have a similar vibe.,@willburchett4667,2023-07-17T23:00:48Z,1
Vibe ☑️🌫️🌫️🌫️🌫️🌫️🌫️,@M.A.P.wonders,2023-12-28T03:02:44Z,1
Bruh the lyrics is so meeee. Can't talk to her when were alone fucc it.,@mango9429,2023-05-27T04:00:07Z,1
I LOVE THIS SONG SO MUCH THE LYRICS ARE LITERALLY ME,@holhorse4370,2023-05-13T19:18:35Z,1
"The song gives the brazilian samba vibes... I'm from Brazil, I really liked it!",@aeciogonzaga6112,2023-07-15T17:00:21Z,1
This reminds me of something that will be in steven universe,@alyssagoberdhan157,2023-08-19T13:47:28Z,1
"This song will be one of those nostalgic songs from the past in the distant future, this song is truly a masterpiece if we are being honest.",@Mashukai333,2023-08-10T02:04:17Z,1
if a song doesn’t use autotune it’s automatically better no matter what,@Fart_guy123,2023-08-09T04:41:58Z,1
So Danco Samba vibe ❤ love it so much!!! 🌴🇧🇷,@kri_ziiia,2023-05-11T05:51:09Z,1
"I LOVED IT, IT'S SO PERFECT, THE MELODY, YOUR MAGICAL VOICE, THAT KIND OF BOSSA NOVA, JUST PERFECTION ✨",@sofisace7674,2023-05-11T05:57:22Z,1
this song vibes like a kdrama,@evanderdumanon7168,2023-07-18T05:13:57Z,1
I googled the hold music lyrics cuz I loved the sound of this song!,@steventrejo7123,2023-12-04T21:34:14Z,0
Muito vibe de Garota de inpanema,@clece5877,2023-10-05T19:50:34Z,0
this sounded like it wouldve been in steven universe,@GOODVIBEZZ756,2023-09-09T20:20:11Z,0
"The lyrics is just the exact same meaning by cupid,but better",@dannyf1015,2023-07-23T07:08:45Z,0
Major breaking bad vibes,@ResentedButter,2023-08-12T22:38:32Z,0
"Can anyone tell me what genre this melody is, else i might tell my kids laufey invented it",@january5741,2023-06-16T01:39:45Z,0
This song reminds me of a famous tiktok song i dont know the name of can anyone help its a male singer with slow upbeat similar tone to this,@monkegamer_420,2023-08-20T19:17:08Z,0
I get jazzy disney princess vibes from this song that I've never tought I'd need one day. Thanks,@sebastienshalaj6429,2024-06-20T06:05:55Z,0
This song is so Steven universe,@montystayhigh1991,2023-08-20T11:58:24Z,0
steven universe ahh song,@head4806,2023-07-20T22:13:23Z,0
listen to this while ganking on deepwoken is top tier,@yoshikagekiradesssuuu9447,2023-09-16T22:59:28Z,0
THIS DEFINITELY DESERVES 1M LIKES! I MEAN 6M VEIWS?! AND 100K+ LIKES?!. ALSO I LOVE YOU LAUFEYYYY<33 LIVE LAUGH LAUFEY 4EVER. MEMORIZE THE LYRICS SINGING EVERYWHERE,@c1nna._rolli3,2023-08-21T14:50:03Z,0
This reminds me of Steven universe,@Boywithhat,2023-11-27T17:07:27Z,0
This gives me Steven universe vibes and i love it,@The_0ne_Finder,2023-07-21T01:36:38Z,0
WE PULLING OURSELVES OUT OF THE DEEP TRENCHES OF ETERNAL SADNESS WITH THIS ONE 🗣️🗣️🗣️🔥🔥🔥,@Nna-ef5bi,2024-02-15T01:51:35Z,0
wait doesnt cloud nine also kind of sound like the chorus?,@ashokdesai-g8w,2023-08-24T14:06:49Z,0
"It kind reminds me "" Pure Imagination "" from the Willy Wonka movie. The chord progression and the tone, yeah!",@Alesatorio,2025-07-21T02:50:55Z,0
WE BEATIN' THE F*CK OUT OF DEPRESSION WITH THIS ONE 🔥🔥🔥🔥🔥🔥🎵🎵🎵🎵🎵‼‼‼‼‼‼,@nwebh,2023-12-02T12:40:44Z,0
"Love this song, but question does anyone know where the chorus is sampled from cause it's on the tip of my tongue but it's just not coming to me?",@MrsAlmightyKey,2023-08-12T19:48:20Z,0
Noice voice good tone😊,@conniemason3953,2023-09-25T09:08:32Z,0
Anyone else think it's awfully similar to cloud 9- beach bunny or just me 😅,@bigfart5349,2023-08-08T03:43:34Z,0
"This song reminds me a lot about my situation right now with my crush, everything in the lyrics is what i feel.. Thank you Laufey for making this song! ❤",@laniibananii,2023-09-12T14:55:27Z,0
Lyrics       Don’t you notice how I get quiet when theres no one else around we and you and awkward silence don't you dare look at   me that way I don't need reminder of how you don't the same oh the burning pain listening to you harp on bout some new soulmate she so perfect blah blah blah oh how I wish you'll wake wake up one day run to me confess your love   At least just let me say that when I talk to you a Cupid walk right through and shoots a arrow through my my heart and I sound like a loon but don't you feel it to confess I loved you from the start whata girl to do lying on my bed starting into the blue unrequited terrifying love is driving me a bit insane have to get this off my chest I'm telling you today that when I talk to you oh Cupid walks right through and shoot an arrow through my heart and I sound like a loon but don't you feel it to confess I loved you from the start confess I loved you just thinking of you I know l've loved you from the start,@pox9978,2023-08-25T17:02:07Z,0
ur music vibe make me feel like im flying on the sky,@vybui6452,2023-08-19T03:58:25Z,0
Wow her voice is so soft and gentle with the beat we need more quality music like this these days rather than these stupid pop whores we hear,@952shadowman,2023-11-16T11:08:05Z,0
"Omgg, I recognized the bossa nova rhythm, love the song! Brazil Mentioned! s2 🇧🇷",@batatapalha2525,2023-05-21T15:27:30Z,0
Steven universe.,@levistionko157,2023-07-13T09:17:15Z,0
I thought this was a Steven Universe song... which is just about the biggest compliment I can give...,@KingofGeo,2023-08-14T01:24:01Z,0
I heard this song this on Sirius “coffee shop”. I loved it from the first beat and it was a feel good song.  It reminded me of “The girl from Ipanema” tone.  I couldn’t wait to search this song online!!,@donnarogers2369,2024-02-01T17:01:30Z,0
Ts hit different when your not even depressed it's js a vibe 😪,@dreworsttt,2023-08-29T01:59:47Z,0
Your songs reminds me of Steven universe,@noodle4507,2023-06-21T09:07:10Z,0
This version with band is even better than the acoustic one!,@timoteomeccanicatecnologia,2023-07-14T18:35:00Z,0
hopeless romantic with beautiful melody is legit my favorite genre now,@OddDuck9000,2023-07-27T11:13:36Z,0
these lyrics are relatable.(im actually in tears),@Joey9K69,2023-06-09T19:28:44Z,0
this sounds like steven universes songs so i like it till im ded,@theiwasnotgonnaman5160,2023-07-21T07:53:58Z,0
"Help... I'm probably looking into it too deep, but what does it mean if a friend that I rejected sent me this song 💀",@SpeckOfSunlight,2023-10-24T06:04:42Z,0
This rhythm is kinda similar to some Brazilian songs,@silveryt8157,2024-06-16T04:09:05Z,0
sounds like smtg out of steven universe,@stingburstyt7919,2023-07-15T05:54:22Z,0
Sound like something from Steven universe,@kalvinvinson,2023-07-31T13:12:40Z,0
"I hate to compare Laufey to another artist because her style is so clearly her own, but this really reminds me of Frank Sinatra's later music!  the girl from ipanema to be specific. such a great vibe. lovely work, laufey! keep it up",@eden8301,2023-05-12T01:21:06Z,0
Frank Sinatra type beat tbh  ( I love this song and ur voice 😭😭 ),@rocketteswag,2023-06-22T21:49:29Z,0
"laufey is the only person who can add the lyrics ""blah blah blah"" and make it sound amazing.",@chrynx1,2023-07-08T08:40:11Z,0
This sounds like something to go at the end/be sang in the middle of Steven universe,@ericnunez9968,2023-08-20T04:39:25Z,0
I love how you brought back the classical love vibes I'm all here for it❤,@troysgaming529,2023-05-23T10:19:05Z,0
Don't you noootice howww (finish the lyrics😊),@Kerropi33351,2023-09-05T20:32:25Z,0
reminds me of steven universe and i love it,@veeslash,2024-01-03T11:50:23Z,0
"The first time i heard this song, it really gives steven universe vibes that's why i love it more",@Kingoman0108,2023-07-30T05:27:57Z,0
This sounds like a Steven Universe song ❤,@lololol4987,2024-05-06T20:02:39Z,0
I love you so much Laufey. Your music every time get better and better!!! I love your lyrics your sounds everything!!! Everything is so perfect I LOVE YOUUUU ❤️,@Hola2014-o5q,2023-05-13T03:26:59Z,0
already memorize lyrics heh,@maria__9vv,2023-05-11T04:22:41Z,0
first Love vibe ❤🫠🥹💃,@Thviscominghome,2023-05-11T04:13:33Z,0
I just love how laufey makes music that sounds so unique and upbeat yet so beautiful,@deirdremcgrath1689,2025-01-09T21:44:28Z,0
"this reminded me so much of my countries love music i was surprised when i realized this was actually bossa nova, all love from brazil, the lyrics are on point!",@Tomzin20,2023-07-23T21:18:50Z,0
"WE MAKING OUT OF THE THOUGHTS OF DEATH, TRAUMA, PAIN, CRUSHING WIEGHT OF STRESS, THE EMPTY VOID OF LONELINESS, DEEP DEPRESSION, AND THE SUFFERING OF THE REAL WORLD🗣🗣🗣🗣🔥🔥🔥🔥🔥🔥🔥💯💯💯💯💯💯🔥🔥🔥🔥🤯🤯🤯🤯😮😮",@Redantted910,2023-09-28T13:28:37Z,0
Cant be the onlt one who gets Steven Universe vibes 💟,@Theoneandonly0_1,2023-08-13T05:57:49Z,0
love this vibe,@hungvu1944,2023-07-09T14:10:36Z,0
Sounds like Steven universe,@ricky_rich6945,2023-10-31T00:34:34Z,0
Wrd 2 my dead we makin it out of the motherfucking trenches with this fire ass melody🗣🔥🔥,@LostV4MP,2023-08-07T21:28:04Z,0
been looking for this song for HOURS! FINALLY!!! making this comment so that every like gives me back to this AMAZING VIBE!!!,@Fish_Queen,2023-12-17T09:16:27Z,0
"the ''we making out of the..."" comments are SO ANNOYING",@misspoppy-45,2024-06-18T01:13:40Z,0
This sounds like it should be In Steven universe and everyone knows Steven universe is the best kid show ever❤❤,@LittleFroggy-y7f,2023-08-08T16:36:44Z,0
"IM GOING CRAZY LOOKING FOR THIS SONG I KNOW HER NAME HAS THAT "" Fy Fi Fey"" at the end of her name my search now "" lufi songs"" ""lonfy songs"" ""that one song like old song vibes"" DANGGG FINALLY I FOUND IT",@Ningshrimp,2024-01-29T05:46:13Z,0
My vocals match yours just enough that i found this song with the new android find music feature thingie. Love it.,@i_cant_be_racist_im_a_pand5626,2025-07-01T02:59:22Z,0
"Really good song! But the video is terrible. Just a repeat of blah blah blah. At least if you’re going to do it with a scroll, have it mimic consistent with the lyrics that are being sung at the time. Very disappointing with the video, but very pleased with the song.",@lindarob4132,2023-08-05T03:18:40Z,0
The worst part about this song is that it ends,@binhnhy,2024-01-13T14:42:53Z,0
Laufey I love your music so much it bring such an upbeat and good vibe!,@shooboxes,2023-05-14T23:23:57Z,0
"Absolutely stunning! The aura you create with your music is so captivating. It's melancholic yet nostalgic, but also brimming with a zest for life - a true joie de vivre. Love the vibes you share 💛",@max.melodies,2023-05-13T11:47:34Z,0
Why this remind me of Steven universe I swear childhood was good 😭,@SIRPOINTKIDD,2024-01-06T00:51:02Z,0
this reminds me of steven universe,@hekgo,2023-07-13T03:44:27Z,0
Samurai champlo vibe,@Mhail0683,2023-08-27T02:58:12Z,0
"bossa nova vibes, i love it ❤",@mAriA-yt1pp,2023-11-24T14:30:08Z,0
laufey i absolutely love ur music !!! i’m such a sucker for jazz being in a jazz band myself (as a high schooler lol) i play flute which is kinda unconventional but wtv. i absolutely love the vocal break in the song and i cant wait to transcribe it to use in improv solos !!! ❤️,@izzy-bm8sz,2023-05-13T03:20:05Z,0
500 days of summer vibes,@ironwaffle8053,2023-07-13T08:47:50Z,0
This sounds like a Steven Universe song,@RadicalZR3X,2023-12-06T01:00:03Z,0
Love this song❤❤❤ it reminds me of steven universe.,@kris_lombard,2023-08-16T14:16:48Z,0
Starting new chapters in ya life type beat ❤,@SeanAlexanderThirtyEight,2023-08-04T05:02:11Z,0
It gives ratatouille vibes,@raeB_D_ahC,2023-08-24T15:24:25Z,0
"Laufey makes the music we need, but don’t deserve. Love this breath of human fresh air in a world suffocating in an atmosphere of autotune …",@jooyoonchung3593,2023-10-02T01:00:51Z,0
Steven universe escapism vibes,@iminyoshed5519,2023-07-25T07:20:57Z,0
"absolutely love this song! the chorus really reminds me of sunkissed from khai dreams in the best way possible, have you heard of him?",@maatsko,2023-06-23T20:24:55Z,0
*[ I hope you flourish. your lyrics and tranquility really reminds me of Steven Universe' multiple tracks. your voice sounds so dreamy. ]*,@Tr0lly,2023-09-05T05:29:19Z,0
the lyrics 🤌✨,@cybzer0774,2023-08-17T00:22:22Z,0
Laufey's lyrics always hit close to home😩💗,@Ursulaswargiary,2023-10-03T01:31:05Z,0
Does anybody remember this song being slightly faster and in a higher pitch…? Why do I remember it differently..,@schidius,2023-08-07T15:20:05Z,0
Reminds me of steven universe music❗🤑,@Duckerlazy,2023-06-06T12:37:38Z,0
Laufey Is if Mitski’s music had a happy tone 😭🩵,@Videosnoonehasuploaded,2023-07-04T05:39:29Z,0
The melody is so good,@AngelFlores-pw4ws,2024-09-23T00:19:24Z,0
I FEEL SO MUCH EMOTIONS FROM THIS SONG !!!,@hi-lq6qz,2023-05-14T04:51:08Z,0
This sounds like somthing pearl from steven universe would sing,@Historynerd-ku3uv,2023-08-19T03:57:10Z,0
The list shes holding has the most beautiful lyrics ❤,@DavidV_1269,2023-09-17T02:00:07Z,0
I love your voice and the melody of the song 💕 only it would be great to see also songs about other things and not love,@sevimyavuz2874,2023-12-27T21:53:13Z,0
Anyone knows a song similar like this? This and the other song have similar melody but the others is more energic :c i search that song from the start of the year and i can't find :(,@simplementelucho3466,2023-08-22T00:59:02Z,0
Reminds me of Rebecca Sugar (Steven Universe) songs,@arianavalentine3672,2023-08-03T22:58:58Z,0
Gives me a 1960s Paris vibe and I love it,@superkamikiller,2023-07-21T15:32:21Z,0
Only real men vibe with this song rn,@ronyeeto5068,2023-06-05T09:44:33Z,0
"Bossa nova rhythms are so nice, easy, and melancholic. I like it.",@rottingpotatoes2483,2023-12-25T05:44:04Z,0
I know all the lyrics frome tik tok,@anthonyhowell4923,2023-11-03T15:21:15Z,0
Rick Beato brought me here.....,@bored1ca,2024-12-21T13:53:37Z,0
1:19 Persona 5 Vibes,@lowinlofi,2023-07-31T03:27:52Z,0
i just like the vibes of the song,@justfire877,2023-11-28T02:40:53Z,0
"I love your voice, it's bringing the steven universe out of me. It's so soft and calming 10/10",@grimoiresmc,2023-05-27T04:10:11Z,0
THIS BRINGS SO MUCH MEMORIES AND IT GIVES ME THE CHILLS AND VIBES AAA!! ❤❤,@Manchester_Mapper,2023-05-28T20:41:48Z,0
Somebody like this comment when this is nostalgic.,@CareLessWasTaken,2023-07-22T15:41:09Z,0
lil disney love song vibe,@terrifictoni,2023-07-22T13:34:21Z,0
Bro why this remind me of a Steven universe song,@shiskuthereal2298,2023-07-17T05:09:53Z,0
laufey’s totally different from what i usually listen to but every one of her songs are so relatable and catchy <3,@thecornseller,2023-08-26T03:42:20Z,0
"Your music is so nostalgic, I’m in love with it",@aiyona111,2023-11-09T03:09:19Z,0
I feel the lyrics dude,@The_Lords_Fishermen,2023-10-20T02:31:45Z,0
Idk how people can like such a bad sounding song. It's just poorly sang vocals over a bad guitar and messy drums 🙄,@dmrmods,2024-12-30T16:07:14Z,0
why is it kind of reminding me of steven universe type of music,@jasminmadrid5153,2024-01-27T05:03:02Z,0
Bossa nove vibes be the best vibes,@LuckyNeko-o7d,2023-07-21T13:04:57Z,0
"laufey lyrics are so real, especially ""Promise""",@cdee04,2023-07-16T04:11:22Z,0
Grentperez vibe,@Some_Yellow_Guy,2023-06-30T17:16:01Z,0
beatifull,@Rhoadeschan,2023-08-09T22:32:50Z,0
the lyrics are so relatable 😓,@okbuddy1279,2023-05-11T05:52:46Z,0
is it more am i getting a steven universe type feel from this song,@Johnp145-w7u,2023-07-16T00:44:01Z,0
Is it me or does she kind of sounds like Pearl from Steven Universe?,@Acorn905,2024-04-11T14:11:13Z,0
Such beautiful Vibes :>,@everarchon,2023-07-21T22:31:57Z,0
sound like some heat i would hear at the end of a steven universe episode,@issaoddworld9542,2023-07-22T06:33:53Z,0
emotional😢,@TheEgyptYoshi,2023-08-06T11:42:31Z,0
best lyrics ...... laufy..💟💟💟💯,@jaspreet1,2023-05-11T17:53:39Z,0
"I don’t know to describe it, but in a way Laufey’s music feels so nostalgic in a way.",@khathi3183,2023-07-16T17:39:22Z,0
What is that melodyy ❤️‍🔥,@Sevaiduu,2023-07-12T17:21:13Z,0
Steven Universe Vibes- I dig it,@wolffang1060,2024-05-21T17:31:11Z,0
i love the vibe and the lyrics 😍,@himariena,2023-08-04T18:28:33Z,0
Bro I thought this was from steven universe with how chill it sounds💀,@tayshaunalexander7621,2023-08-02T16:18:44Z,0
"Shit sounds straight outta steven universe, and im all for it.",@Rock1fyy,2023-10-09T22:44:05Z,0
Only took two videos and I clicked that subscribe button immediately. Your voice is so good and the lyrics too!!,@Gal_V,2023-05-27T04:37:55Z,0
Really hit that nostalgic tone set by songs I used to sing with my grandparents. I love this so dearly. Thanks for reviving and enhancing the genre!,@TMillsYo,2023-05-20T06:36:49Z,0
"I legit thought it was Bossa Nova instead of Jazz, ngl. Lovely song, really nice vibes ❤",@viccantanhede,2023-05-20T10:02:07Z,0
"I'm going to have verses in this song stuck in my head and I won't know what will be the true lyrics or just ones I made to fill in the blanks. Aka, this is catchy.",@toning338,2023-07-26T17:18:35Z,0
this song gives french bossa nova vibes and I'm so here for it,@fuzzytae2464,2023-05-14T03:39:41Z,0
the melody of this song is a captivating manifestation of ineffable beauty♡,@slnkdy,2023-05-12T16:10:28Z,0
this song sounds so relaxing but it also gives a random nostalgic feeling i have no clue why i feel nostalgic from this song,@MOREMOREJUMPHIGH,2023-09-12T21:52:15Z,0
"this song is simply amazing, her voice is truly so touching. its smooth, its clear, it can express emotions so well. i also connect to this song so much it has the vibe of ""its hard to let you go but i shouldn't let this get to my head"" this is just an description of me and my guy friend's relationship, i liked him and he knew since i made it a bit obvious but turns out he actually liked my best friend and now we talk less and we're more awkward around each other, lots of the time it gets to my head making me feel like im not good enough for anyone but this song strongly represents that letting go of someone doesn't always have to be a sad thing and this time i've tried my best to be mature about the situation. this is an amazing song, i love what you're doing :)",@enmxi,2023-05-19T12:57:23Z,0
even if this is like not top teir this song holds a special place in my heart its like my childhood of watching cartoons and enjoying like and this song gives me that same vibes,@AzzyIG,2023-07-07T10:44:09Z,0
THIS US SO GOOD THE LYRICS THE BEAT THE END AHHHHH THIS IIS SO GOOD IT'S UNBELIEVABLE,@Zazoops,2023-05-11T14:17:47Z,0
Angelic Voice Heavenly Beat!!! CONGRATS..Cheers Laufey!,@raymondapacible3720,2023-05-11T05:58:04Z,0
"""blah blah blah"" most iconic lyrics of the year",@langello,2023-05-11T04:09:55Z,0
YAAWWPPPP WHAT IS THAT MELODY?!?!!!!!!!,@ksuyeon001,2023-06-01T19:18:55Z,0
"I don't know how to explain this, but this song fits May vibes so well?? It sounds like the cusp between spring and summer 🥰",@NakOut,2023-05-11T04:43:48Z,0
"Idk how to explain, this song gave me goosebumps. It's so nostalgic.",@savagecat570,2023-05-23T21:49:12Z,0
Laufey is the emotionally stable happy mitski,@sullifresitas6255,2023-05-28T16:39:03Z,0
this vibe....omg i love it,@elidionascimento6561,2023-07-22T00:56:18Z,0
i love so much laufey i love you so much this has changed my life the piano in the chorus makes me want to get up and dance ILOVEU,@maxinepistachio,2023-05-11T04:12:14Z,0
"Love the playful Bossa Nova vibes. When you explored them on Fragile, I loved it and hoped for more. I actually remember thinking, man I wish she'd explore these sounds on a more uptempo track. Mission accomplished. Thank you Laufey for sharing another great song.",@eddiegoofball,2023-05-11T04:05:39Z,0
Yass she ate this up omggg her vocals are too good like aghhh she’s too good 😖,@user-do8eo9fb2x,2023-05-11T04:03:56Z,0
It kinda reminds me of steven universe,@Xavier_monkeyvr,2023-07-15T03:52:12Z,0
THE LYRICS ??? AAAAAAA,@embersremembers,2023-05-11T01:13:31Z,0
