comment,user_name,date,likes
"Something about this is nostalgic, like making me reminisce about something that didn't even happen.",@ChristyRowman,2024-04-15T13:51:56Z,559
"Did i put this on loop for 20 minutes and dance around my kitchen making coffee and playing with my dogs. yes i did, am i now almost crying from just the overload of happy emotions and unconditional love i have for them? also yes.",@hjr3736,2024-08-19T13:45:59Z,357
"The vibes, the positivity this song holds, ohh my god I'm totally in love with this song❤️🌸",@mahak9178,2024-05-27T05:54:43Z,120
"The vocals, the lyrics, the video production. All perfection👌🏻Should be proud of this one 🫶🏻",@annabananan,2024-02-16T08:23:03Z,58
Summer vibes 🔥💯,@JasonQuinlivan,2024-04-22T21:37:56Z,45
"Easily, my new favorite song and new favorite artist. His vibe his voice his style. This is amazing you’re amazing keep going.",@SophieLoveOfficial,2024-03-23T04:19:34Z,17
I made my own friendship song from your song😢 it goes we belong together like lemonade on a hot summer day we belong together like all those beautiful things on those trees we belong together like cold I see the weather we will always be together forever even if we get away for a while😢 we know friends for Dancing Dolls we always know our death we belong together like flowers and water we belong together like blooming trees on Summer uh-oh oh oh oh oh you and me belong together like cold iced tea you all the wetlands baby lighthouse lyrics😊 you call and I said I'm on my way😊,@Lilyanna-j5c,2024-04-04T18:19:56Z,11
"Yeyyy, finally... Always have a beautiful melody. You've made a great and meaningful song💖🌟🤩",@fadenraden,2024-02-16T15:30:05Z,10
The song of 2024 🥰 we need MORE of this happy upbeat lighthearted genre ❤❤❤,@AdamsonePaulaTorres,2024-05-27T19:45:57Z,10
It's actually 2:44 pm here guss What vibes feeling 😌😌,@zak_mtk,2024-03-20T01:47:00Z,6
Can but help feel upbeat after listening to this song. I hope it inspires many more people.,@competitionfox,2024-05-21T11:23:43Z,5
This song gives me coastline vibes with your favorite people or your at a bond fire(winter or summer ones )  with your loved ones ❤ songs on repeat,@alexxisledesma3664,2024-04-20T21:57:04Z,4
"I've been eagerly awaiting the release of this song. It gives me such good vibes. Music was a big part of my life growing up, and this song just brings back those happy feelings of listening to music. I miss those times. Thank you, Mark, for this wonderful song. ❤",@jtaimeluc,2024-02-17T12:02:18Z,3
Full of emotion happy to listening oh my god,@artiprajapati1991,2024-05-02T15:34:14Z,3
This songs so good and catchy. My friend introduced me to this song and ever since I've been in ❤ with this song!!!,@OldMinecraftmemories,2024-06-15T08:03:22Z,3
Amazed to see im not the only one it reminds of ho hey and 2007-10 vibes.love it,@crispinmatoke7947,2024-10-12T20:04:45Z,2
i dislike this song but its so catchy that im back here against my will,@Ma-bx8bz,2024-06-08T16:20:44Z,2
I’m literally singing this song with my school but we’re changing the lyrics to let’s choose to be kind together,@TURBOMain,2024-12-15T16:00:54Z,2
I love the chorus most 💙💙💙,@Odenish,2024-06-02T11:25:48Z,2
Omg I love the video and the song!!!😍😍😍 Congrats!! Such a good vibes ✨✨🇮🇹,@veronica22222,2024-02-16T06:39:16Z,2
I like these guy's great lyrics and it makes ya wanna dance around the house❤,@Countrygirl-j6m,2024-10-16T21:09:35Z,1
"So much emotion in 1 music, it's incredible, it's my favorite music. You inspire happiness! We love you ❤",@Arix73,2024-05-20T22:07:22Z,1
This song is like the vibes of ‘Before We Were Strangers’ all the way,@Aubrey563,2024-03-25T19:59:20Z,1
Summer vibes 😊,@ELBAZZARCHAIMAA,2024-07-26T16:41:23Z,1
"Life may bring you down sometimes.. especially with relationship issues.. just know, music is key to the soul. Listen to the lyrics carefully to many songs, you’ll find out you may relate.. god bless you all❤ I hope you all get better",@cheryljohnson2314,2024-08-04T20:22:38Z,1
Like the vibe.🌊☀️,@onlineartnights9950,2025-05-19T20:26:53Z,1
Happy wholesome vibes.  uts a right smile on my face. 😀,@UkTruckerStu,2024-04-24T17:32:56Z,1
I'm thinking about play this song on my weeding day. Love this song and the happy melody,@fotobydebe,2024-02-16T14:21:52Z,1
AMAZING !!! ❤❤❤ waiting for this song !! I was in the live !! Amazing love your vibe and eyes ❤❤❤,@priscilasanabria2011,2024-02-16T05:12:47Z,1
Very catchy,@michaelbretz1321,2024-04-17T11:08:50Z,1
Good vibes 🫀,@ugaas,2024-07-15T21:51:48Z,1
"I so hope you rewrap this song in a winter version, I think you’d beat Mariah",@oscarwijkamp770,2024-06-02T11:27:09Z,1
"This song is so good that it makes me feel happy and grateful for this life. That's how songs should be. In this era, it's really rare to find music like this (with deep meanings). Thanks Mark for this masterpiece. This will blow up one day GUARANTEED",@rudetosociety,2024-05-07T11:05:59Z,1
"@markambor  my lil kid who's 5 byhearted the chorus, and now the songs stuck in my head. This was a big thing for us as parents as he's on the autism spectrum and picked the lines of these songs, and now he won't stop singing it. Officially, his first song. You can imagine the power of music. God bless you, Mark. may you touch more hearts with your soulful music. 🤗🙏😊",@anishdsouza17,2024-10-29T20:08:29Z,1
His voice so powerful 🎉🎉🎉🎉,@ningnutchanart6905,2024-07-15T20:12:14Z,1
The intro and first vocal notes remind me of another alt rock type of song and i cannnnnot think of it!! If anyone knows hmu 😅,@nicoleryder1168,2024-05-15T21:05:52Z,0
YOUTUBE: “Describe the Vibe” ME: “There are no words to describe how good this song is 😊😊”,@Dom_TheFeared21,2025-07-06T16:46:53Z,0
this song have a happy vibes,@marcusbregwreth6080,2024-08-24T15:18:11Z,0
What s great song! But get change the in playback to 1.25 faster!!! What a vibe it is!,@tonyburgess4935,2024-05-01T08:44:02Z,0
"Mr Ambor you are such a Summer vibe, and now that we are hitting a cold snap here in the UK are most welcome.",@Gazman011969,2024-09-13T11:07:13Z,0
I wish that mr .Mark lyrics of this song was You and i ..but not you and me ...,@willinzxgaming725,2024-05-05T07:57:21Z,0
Very beautiful and strong vibes,@MrYouctube,2024-06-17T11:29:47Z,0
Summer vibes 💗,@itssuma03,2024-04-24T05:10:57Z,0
This song makes me think of my nostalgic memories 😭,@jhonaaronsandigan6494,2024-04-30T17:49:02Z,0
I'm here because of reels from IG. I really like this song! Its giving such a positive vibes! Greetings from Philippines 🇵🇭,@KUYAFAITH,2024-08-14T05:42:37Z,0
"Que vibe massa, precisa viralizar no brazil ❤",@JonEryk,2024-07-10T03:35:42Z,0
"I kept thinking this song sounds super familiar, and then it hit me - the chorus sounds a lot like ‘Me without you’ by Havelin(?) Both great songs, but I wanted to see if anyone else saw the resemblance?",@aiswaryapadmanabhan2140,2024-04-30T21:17:12Z,0
Gives me greatest showman vibes,@TyroneEagles,2024-04-27T14:02:26Z,0
"I’m torn with this song. On the one hand, it makes me feel like I am setting out on a roadtrip with the windows down, sun hitting my face and friends readily anticipating the adventure. Yet on the other hand, it makes me feel nostalgic of times spent with love ones who are gone or have walked out of my life.",@typg9397,2024-05-03T22:13:49Z,0
It's giving me  one direction vibes😢,@monaassafiri7160,2024-04-20T23:10:22Z,0
This makes me think of sleep away camp in the summer when I was a kid. I’m gonna be honest the first time I heard this song I got teary eyed because of all the memories. The first thing I did was message my old camp friends and send them this song it’s so funny how emotional we all got. 😂,@LilacLove-gp6um,2024-04-13T18:01:33Z,0
Positive vibes ❤,@ekymanik2646,2024-05-07T12:55:00Z,0
This  is a very nice song it  have a good vibe ❤,@Malochers,2024-05-26T20:21:15Z,0
Lyrics ❤,@abdulmajid8817,2024-04-07T21:59:54Z,0
"Such a good, happy and amazing song! The vibes I get <3",@smartflexer,2024-04-07T16:43:32Z,0
Wowwww this song gives so good vibes and so peaceful also feels cozy travelling,@janhavidange9424,2024-04-07T07:42:51Z,0
This is the song that just gives you the happy vibes:),@OliViamac-tv1cl,2024-08-21T23:27:31Z,0
This song has been on loop since I first heard it!! 0:28 ❤ love the vibe and the beautiful lyrics!! It's sooo sooo lovely and addictive 😍😍  01:01  onwards!!🤌🏽💗 Will definitely be my love song!!,@snehapaul0325,2024-03-22T20:50:47Z,0
Petition Mark collaborating with Jason Mraz? He's such a vibe!,@the.middle.of.90s,2024-10-26T08:29:24Z,0
Good vibes and feelings.....😊,@y.z.1621,2024-08-12T20:30:34Z,0
Espero muito tempo 😭,@디에잇.17,2024-03-02T23:06:06Z,0
When are you going to upload the lyrics for us Latinos! 🙏,@kellysharett8486,2024-02-16T16:39:19Z,0
This song vibe feels like one direction miss u 1d members ❤❤❤,@koralmanidangshawa8064,2024-07-28T22:07:09Z,0
THE GOOD VIBES<3333333,@hibafidadi,2024-06-22T09:27:19Z,0
His vibes>>>>>>>>>,@sarakried,2024-03-27T17:49:31Z,0
It's giving summer and joy vibes 🌅,@raghadal_homsi7927,2024-05-01T07:40:03Z,0
The vibe of feeling alive in this song is amazing 👏🏻 🤩,@1901magie,2025-04-26T00:11:29Z,0
This will definitely be my next summer song. It takes me away in the joyful and bright vibe! <3,@serrasaurus,2024-04-19T17:29:24Z,0
"Only 11 months ago, but so nostalgic.",@Airsoftguyunofficial,2025-01-20T20:30:10Z,0
"Love that innocent, happy, lovely vibe ❤",@carolinam3053,2024-05-27T16:56:04Z,0
Amazing song and your voice is stunning 😩💙✨✨✨✨✨✨ lyrics 😩✨✨,@immanedits,2024-08-04T18:18:52Z,0
Thanks for this pretty emotion❤,@hammadtv6857,2024-04-28T17:16:46Z,0
beatiful song,@MarthaCarvajalBenavides,2024-10-19T02:22:40Z,0
I have to know the chords for this song😅❤plsss,@nikos_flrs,2024-03-22T08:31:44Z,0
Catchy tune,@LucasFruhriep,2024-06-08T21:11:05Z,0
I’m getting like American Mika vibes. Anyone else?,@LaceyPletcher,2024-05-05T22:00:46Z,0
This song definitely feels like a warm sunny day changing the moods to be happy and full of good vibes 😊,@Kathleen-1904,2024-05-05T17:20:37Z,0
i had a feeling...why this song feels nostalgic...even it is not....🤔🤔🤔..,@ankansaha4710,2024-05-06T18:11:26Z,0
Shawn mendes oh Cecilia vibes 🎉,@ryan.attiyeh,2024-05-18T06:47:57Z,0
Is that guitar a acoustic?,@virtual_Game,2024-06-01T14:34:51Z,0
Omg I love the chorus,@RIP_Sythe-RobloxGod,2024-07-13T17:34:37Z,0
You and me belong together give me vibe,@allinone7320,2024-06-29T09:29:51Z,0
I feel true emotions from him. This song is amazing,@DewminiNisansala-kr9wc,2024-05-28T05:49:14Z,0
So catchy 😂😂😂,@holliemiller8834,2025-04-21T23:01:47Z,0
I get a Mumford and Sons vibe ! :),@sannaolofsson277,2024-04-17T10:48:08Z,0
Cara essa musica tem uma vibe tão gostosa,@BTS_B-army_forever,2024-08-23T16:27:28Z,0
Summer vibes >>>>😭💗🍉,@Masa-dw7rr,2024-06-01T12:13:22Z,0
"This gives major Matthew Mole vibes!! Especially his song ,take yours",@LillianReynolds-lq3rq,2024-04-14T17:45:18Z,0
Can you please remove bad words? In belong together. On lyrics on Spotify and YouTube don’t place it with anyword,@adaml8762,2024-12-22T02:55:41Z,0
"The heir apparent of John Mayer, but somehow I like your vibe more.",@rostanTV,2024-09-13T08:58:54Z,0
Wear Converse!  You’re too cool not to.,@teriwest87,2024-07-05T03:26:09Z,0
"a simple acoustic guitar, a small apartment and a catchy song, thats all he needed to fetch him 26M views hit song",@fellowgoodie,2024-09-09T16:33:23Z,0
So catchy,@Tealjuedes,2025-07-24T14:20:38Z,0
This annoying song that keeps popping up on my reels,@jamespogi572,2024-05-05T14:29:25Z,0
Am I the only one who's catching gay vibes in this song? is he singing to a bloke? just asking...,@MrGiamma90,2024-04-29T09:04:00Z,0
gives me vibes of early 2000 animation movie like bolt,@shomthingmoon,2024-06-25T18:08:47Z,0
So beatiful! As all your songs. I love it❤,@candelasartarelli6672,2024-02-16T11:19:15Z,0
"Mark I love this music video, the vibes are so right! The vocals really came through again in this songg<4",@Jatpworks,2024-02-16T10:08:55Z,0
"The melody and rymth seems like song ""Good to be""",@quantrinh8039,2024-02-16T06:50:13Z,0
"this song is so bad, its just the melody if the melody was changed i would like it.",@therealxxghosty11,2024-04-16T22:15:05Z,0
Something about this song is so nostalgic I cant 😭,@basicgirl3680,2024-05-11T14:52:32Z,0
