comment,user_name,date,likes
"There's something on the vibe of this song, I don't know, makes me feel optimistic, a feeling I haven't felt in a while",@DrewR1311,2024-05-15T18:26:50Z,310
This has a 2013-15 vibe to it and I’m all for it,@virtue050,2024-11-25T19:02:12Z,101
This just gives me 2013/2014 vibes listening to this. My eyes and ears have been brightened 🤩,@saptieujobe9293,2024-07-23T23:34:11Z,101
This song has a beautiful and catchy tune as well as great lyrics.,@rainiercheewong,2025-05-22T02:03:59Z,68
I lost my mom when i was 13 and my dad and grandmother just a few months ago. I've been searching for a song to help me through this bc music has such a big meaning in my life. I love that i found a more upbeat song about losing someone.,@gwinpinkard7376,2025-01-05T19:29:57Z,53
"Those who deeply understand love often find it mixed with both joy and pain, as they feel its ups and downs very intensely.",@indanam1574,2024-05-19T13:07:59Z,41
I wish I could find an acoustic version of this song slowed down for my wedding song. It sums up our relationship so beautifully. ❤️❤️,@kellystahl3222,2024-05-25T14:03:48Z,28
"this piece of art is really made by true passion and  I feel it way down in my heart, I've truly been moved by your melody",@finalspoongaming9311,2024-11-30T22:06:17Z,22
"Beautiful! This song has such good vibes, optimistic and nostalgic at the same time!",@padmapriyapuppala5011,2024-11-24T02:47:01Z,17
Such a beautiful song! 🌟✨ The lyrics and melody create such a dreamy vibe. Absolutely in love with this! 💙🎶,@halilozel1903,2025-03-14T19:41:58Z,10
Just giving the AVICII vibes❤,@RAHISII,2024-06-13T22:54:36Z,8
This song brings me good vibes from 2014-2015💯. This is something I’ve been looking for quite a while. Songs that had melanin behind lyrics and just make you feel hopeful about life in general💫,@MrPandaOFICIAL,2024-08-28T22:43:10Z,8
this sounds like something i'd hear in a romance movie from 2014. it's so nostalgic!!!,@TheMaleSoprano,2025-01-01T19:42:56Z,7
Just discovered this song here on YouTube. It is great. Myles Smith is a very talented artist with an amazing voice. The lyrics are so good that I find myself listening to the song over and over again.,@lisaamarante7074,2024-07-16T00:18:39Z,6
"Idk how, but i was lucky enough to catch this song as i pulled into work. I searched it based on lyrics and found my new jam for the year.",@Shiny_Sean,2024-10-22T14:31:18Z,5
This song will be nostalgic one day ❤,@IshyJJ,2024-06-09T17:11:45Z,5
This one's pretty catchy.,@briang6815,2024-05-11T05:10:59Z,5
"Dude should have been longer first time I heard the full Version this song makes you feel something different. You have a look back through history, and some of the best songs ever recorded. Tell you a story. Push the limits man keep that verse going it’s actually crazy how much it pulls you in Your voice speaks volume.",@Blueysbbq,2024-05-12T14:49:48Z,4
Absolutely in love with this song 💯💪 Good Vibes,@RJSiciliano,2024-08-20T19:49:28Z,4
"You know he’s a true artist when one song (solo) can tear out your heart but keep it beating at the end of an ugly break up, only to find you again (stargazing) after an unexpected love comes back into your life.. Myles Smith is on another level.",@focuskiing6934,2024-09-16T00:42:05Z,3
This song gives off an Avicii vibe.🖤🍃,@zLzo10z,2024-10-22T20:32:33Z,3
I always feel the vibe whenever I listen to this song gat a great melody 😊😊,@AngelMalupande,2024-06-13T17:16:49Z,3
coldplay vibes,@SarahJones-jv2tt,2025-02-18T23:13:17Z,3
Finally! I was afraid listening to the chorus over and over would cause burn out but this has lived up to the hype ❤,@Calibanie,2024-05-10T08:35:18Z,3
vibe 2014-2015,@DarkNess-ix7eh,2024-10-28T17:43:12Z,2
Avicii vibe! Only the drop is missing for this song💖,@Milfish,2024-05-26T15:31:54Z,2
Same vibes as OneRepublic counting stars 🤩,@Doug-z4w,2025-02-21T05:29:29Z,2
"Good grief, can't anyone write something with more than 4 chords in the same pattern for the entire song..this song blows!",@anthonyharrison7034,2024-08-09T18:23:44Z,2
"This song seems so relatable and gives me the vibe of my crush who is a grade above me (but same age) is going to leave my school soon due to graduating 8th grade. idk why. but sadly this is gonna happen in 8 week days, i've known her since preschool but never talked to her till beginning of this yesr",@The_Axo_Official,2025-05-09T20:14:51Z,2
It gives of avicii and one republic vibes,@Itsonlyram,2025-01-21T00:00:51Z,2
This Stargazing (lyric video) by Myles Smith is very cheery and a one of a kind indie rock song. The music and lyrics have a mood elevating and highly artistic feel.,@stellacarrier8341,2025-03-13T04:48:03Z,2
Beautiful and lovely lyrics. The melody is heartwarming too. Great track 🫶🌻,@Oceangrace90,2024-09-10T19:30:49Z,2
"77 I am grateful universe, lord n angels 😇🙏💫💜",@Beauty-dt2fm,2025-01-03T22:42:38Z,2
Anyone getting any Hey Soul Sister vibes? 🤔🧐🤷🏻‍♀️😅,@jackies8021,2024-07-04T03:35:31Z,2
Superb catchy song only just come across it👏👏👏,@buzzabuzza3494,2024-06-11T12:14:05Z,2
2012 vibes here,@missangelpirateprincesspea7263,2025-05-14T14:57:31Z,2
I luv luv this song !!!  It gives u hope for luv & thru ups & downs !!!  It makes u realize that look up at the stars & wonders of this universe & almighty Divine God who created & gave life!!!❤,@Marge-x2e,2025-03-04T02:59:40Z,2
Generic Kygo,@trashew,2024-08-23T01:33:34Z,2
"What an amazing song, guy has a similar tone to james arthur but.....better imo.",@leegraham6822,2024-10-18T15:45:00Z,1
I get strong avicii vibes from this,@josesmith8569,2024-07-19T19:47:14Z,1
Avicci vibes,@fatejohnb0,2024-05-24T22:21:07Z,1
Avicci vibes,@Rogue_2B2,2024-06-13T10:37:06Z,1
"I cant believe im the first to say this nobody noticed just how obviously the same the piano melody is to ""how to save a life"" by the fray. way too obvious",@itschrispychips2012,2024-05-22T23:14:09Z,1
Song given 2017 vibes 🤭,@jaymatt3221,2025-03-08T19:59:25Z,1
just like James Arthur voice ft. avicii vibes,@gipxxx,2024-07-25T11:28:09Z,1
Vibe fortnite,@dbzmarco9961,2024-10-27T20:35:15Z,1
Why does this vibe remind me of Avicii,@nblanco_76,2025-03-11T23:10:40Z,1
GTA 6 vibes,@suhsah2937,2024-08-20T06:46:03Z,1
NCS Type Beat 🔥🔥🔥🗣️🗣️🗣️🥶🥶🥶,@howboutdattt,2024-08-01T02:24:20Z,1
"Somehow it reminds me of Avicii, it has a 2016 vibe! I haven't heard a song like this in ages",@souzarte_works,2025-02-15T21:13:04Z,1
Its giving fifa vibes,@hamzavlogs5385,2024-05-26T20:07:46Z,1
"I like the melody of this song, but I realized that it has a much deeper meaning…",@AydenPettit-z5u,2024-11-10T20:47:35Z,1
"The first verse is sang kind of like Train - Soul Sister first verse - ""Your lipstick stains..""""",@Paulina_at_Night,2025-05-20T16:19:13Z,1
"Vibes 2014/2013, ameeei",@eduardasilva5350,2024-05-21T22:26:09Z,1
🔥🔥🔥❤🎶this gets me in my deep thoughts frl 🤒🤒,@ExoticsweedTVpage,2025-01-18T03:23:52Z,1
This song gives me 2021 vibes 😢,@COLDLOVY,2025-01-22T20:16:05Z,1
This song sucks big time so annoying everytime it plays on the radio,@MarcoAndriani-yi6lk,2024-11-21T11:08:43Z,1
"I remember always hearing this on the radio, it reminds me so much of summer 2024, it’s so nostalgic.",@BenCor-h2y,2025-01-29T03:00:58Z,1
"I'm a sucker for this song. The voice, rhythm and lyrics are magnificent. Greetings from Argentina!",@joaquinvvvv785,2024-07-03T03:11:25Z,1
This gives me 2014-16 vibes,@NaiSkates,2025-02-17T22:19:14Z,1
Voice.lyrics 🎶 the world need music definitely,@peculiarnnedu7061,2024-11-17T06:40:51Z,1
Why the first lyrics rythm is same like Infinity by one direction. Am i the only one?,@R3Y22,2025-02-06T13:41:35Z,1
Bom diaaaaaaaaaaa com a melhor vibe de música 🥰,@julianeoliveira2043,2024-08-03T11:24:22Z,1
James arthur voice 🤝 Avicii vibes🤘,@gipxxx,2024-07-25T11:26:51Z,1
VIBE🔥 .. GOOD MUSIC 🎶,@adeelkhan3684,2024-10-24T07:37:05Z,1
Avicii vibes,@wallcover-s4j,2024-10-03T20:52:37Z,1
This song giving drive by or counting stars vibes,@reneemachuca3026,2024-11-25T22:27:30Z,1
"This song reminds me of a girl I fell in love with her name is Luna she's from Belgium, and I'm from Namibia so it was really long distance but we were happy, we went on calls for hours, sent each other little cute vlogs of how our day is I was happy and I'm pretty sure she was too but unfortunately her mom found out and she strongly disapproved, I just really miss her. Luna if by the mysterious ways of the universe you happen to read this I wanted you to know I miss you and I'll forever love you ❤️",@Zeldub-m3t,2024-11-24T17:24:16Z,1
This song gives me 2014 vibes,@gmaxus35,2025-05-13T20:13:02Z,1
"I heard your song on a Nashville Humane Society clip.  I fell in love with it instantly. It was absolutely perfect in showing the pictures of the dogs and getting people to adopt them.  After watching the video I went on a Google search. It led me to YouTube. That song actually made me cry...good tears. Then to put a face with the voice...it was magical! This is my new favorite song and I cannot stop listening to it. Thank you for the music, for the lyrics, and for your talents.  I can't wait to see, hear and learn more about you and your music.  I wish you much luck and love in all you do!  RMB, MISSOURI",@reneab5812,2025-03-08T15:16:24Z,1
The Greatest Showman vibe!!!,@questii69,2024-05-14T10:26:12Z,1
I think it would be impossible to explain to somebody how much I absolutely hate this song. The most generic thing I’ve ever heard,@garrethenderson9695,2024-09-09T22:44:33Z,1
"verse 1 kinda sounds like counting stars, no?",@greenheaven6004,2024-07-06T00:04:14Z,1
He has blocked this song on ultimate guitar... let that sink in. He has blocked a four chord song (A E C*m B). Literally a child's chord progression and he is protecting it like the Krabby patty formula,@bluebones1778,2024-09-28T00:03:17Z,1
Much of love and deep soul ❤,@AnfieldLFC_1892,2024-05-10T13:58:34Z,1
Une nouvelle jeunesse a la scène reggae made in France et surtout deux timbres de voix qui s'unissent à merveille yes papa longue route 'autour du monde'😊,@jfmontchal8429,2024-10-09T20:45:50Z,0
Essa música é tão 2014 vibes.❤,@SamuelJunior-n7u,2025-01-23T01:48:09Z,0
Worst song ever,@flylow260,2024-10-28T15:10:19Z,0
"The title ""Stargazing"" tries to sound deep, but it ends up feeling like it was chosen because “Looking at the Ceiling Crying” didn’t pass the market test. Dude sounds like he’s been softly crying into a pillow for six hours and decided to record the demo anyway.",@sidonymous,2025-05-12T04:41:34Z,0
resembles me of Kygo vibe :),@stefanhristov8115,2024-11-29T21:24:19Z,0
So the way that song goes and how his voice pitch goes totally can hear.Hey soul sister song in this especially the beginning,@lore3586,2024-12-20T14:04:28Z,0
I am a person with a very unique personality that allows me to feel someone’s emotional state and I cried when I first heard this master piece. Beautiful. I just want to know who the girl is cause she is lucky😊,@fargoairmuseum2947,2024-08-21T06:42:35Z,0
This guy either plays off the same melody or tries to steal Imagine Dragons songs. Wild,@davison415,2024-12-14T21:02:47Z,0
This song gives me an Avicii vibe aww miss his music. He was an icon in edm💙,@Crescentmystik,2025-04-12T00:42:56Z,0
"This song stinks. The verse melody is Hey Soul Sister, and good lord, what a pile of crap to interpolate",@raymanwithaplan,2025-04-18T23:03:19Z,0
Obsessed  with it so catchy,@shiree3282,2024-10-25T16:32:30Z,0
stomping with my feet to the beat of the music feels so good.,@Martin.Pols422,2024-11-28T21:47:25Z,0
"Wow... what a uplifting beat, the voice, the lyrics, I´m became instantly a fan...",@TheDaan4444,2024-06-15T22:38:47Z,0
"This song literally makes me want to skip down the street, Happy-Go-Lucky. It’s giving wedding vibes and I’m here for it! Adding to the Playlist. 🫶🏼☮️🤍✝️",@Deniselvegas,2025-01-22T00:12:21Z,0
this song gives such nostalgia vibes,@HollyPickering-l6y,2025-06-12T18:07:57Z,0
Got some Avicii vibes to this one.,@animehater1,2024-07-27T13:54:03Z,0
Bro it gives me Avicii vibes,@JohnnyPreston6699,2024-11-23T03:36:10Z,0
I find this song and hey soul sister the same vibe,@darwinagcaoili6318,2024-09-01T07:59:01Z,0
Your music brings me a very good vibe I love your songs💓,@MineAndYours_My,2025-01-19T22:59:32Z,0
"Great song, full of emotion",@WastelandSurvivor86,2025-04-19T22:03:29Z,0
"a very very very very very very amazing beatiful and wonderful song, i love it",@mircoadelfio9842,2024-08-18T09:33:40Z,0
How did he so perfectly capture the emotions I felt falling in love with my husband 16 years ago?😍,@kerrilhernandez,2025-04-10T20:22:23Z,0
This song reminds me of Xavier from love and deepspace idk why lol,@LtRizaHawkeye,2025-08-10T02:37:06Z,0
"This song reminds me of a vibe that Avicii's songs had.. i think this is the closest ive ever heard a song that remind me of how an avicii song feels, especially songs like Wake me up and such..",@aboodabulaban2867,2025-06-25T10:44:06Z,0
vibes of George Ezra ❤,@marietarnowski8761,2025-01-19T17:43:36Z,0
This gives me one direction vibes ngl❤,@SamanthaIzquierdocruz-r5r,2025-08-07T20:24:48Z,0
Love this song and the lyrics,@alexisreyes4179,2025-03-04T01:01:15Z,0
Shout out to the best melody ❤,@Mic_Yohan,2025-04-18T03:08:13Z,0
https://www.youtube.com/watch?v=MDzdHn-1ulQ                             Myles Smith - Stargazing Remix Deep House Phatflavas X Kaiya A.I,@djjammanphatflavas,2024-12-14T18:38:53Z,0
Finally!!! I love it so much. such a powerful song ❤❤❤❤❤,@เพลินปวีณชาติยิ่งเจริญ,2024-05-10T07:37:31Z,0
"The most incredible song, the lyrics are so beautiful❣️. If this doesn’t make it to number 1, then the music industry is rigged🤣",@emilycotton3188,2024-05-10T11:30:46Z,0
Soulfull,@marjolinequandus3943,2024-05-10T16:43:19Z,0
"rhythm, rhyme... MYLES GOT ME ROCKINNNN'!!   SEE YOU IN TORONTO OCT 15 <3",@nathangrossi4263,2024-05-10T20:33:10Z,0
Immediate Train vibes,@JuanRodriguez-tf7fh,2024-05-12T16:32:16Z,0
Please release an acoustic version?,@ScrewLooseLay,2024-05-13T13:27:46Z,0
Why this song has 2012 - 2016 vibes?,@fabian6758,2024-08-15T00:02:37Z,0
The song vibe lyrics just Woww❤🔥,@anoosh1209,2024-05-22T19:26:27Z,0
"Although the lyrics are meant for relationships, the rhythm is so damn good which makes it a perfect fit for all the good things that’s happening.",@yuka1015rio0823,2024-05-25T12:22:34Z,0
"love the vibe of this song, been waiting for the official version for months",@thu-huyennguyen8887,2024-06-03T06:34:31Z,0
"Please know you are unequivocally gorgeous beautiful and worth it, and mean something to someone else even if they don't know it yet!!!!",@Justforjay406,2024-06-15T16:16:01Z,0
Wow what special lyrics. Congrats 🎉,@mariafietta6864,2024-06-20T20:36:01Z,0
The vibe 🎉🎉🎉🎉🎉🎉🎉🎉🎉 summer song 🎵 and f the year,@fatemasalem3328,2024-05-10T14:27:39Z,0
Is it just me or does this have imagine dragon vibes?,@PatWilliams-x4u,2025-04-11T15:33:42Z,0
i m deaf thank you for subtitles lyrics please do it allways for your music 💝💝💝💝💝💝💝,@starskystars9493,2024-06-25T06:23:55Z,0
This song gets so annoying it plays way to often istg,@logank1234-b3e,2025-02-12T12:20:37Z,0
Como eu amo essa música!!!! Uma vibe sem igual. Brasil te escutou <3,@lorennabueno1850,2024-05-22T18:54:25Z,0
Vibe,@makevideotheguy3025,2024-06-13T08:55:38Z,0
This is giving James Arthur vibes and I am here for jt,@raineob4996,2024-09-25T04:58:43Z,0
"Letting you all know on a bit of science. The atoms that make us all up, they’re the atoms who made up planets, stars, who were made when the universe began. So you’re not just in universe, you ARE the universe, literally made of stardust. Take a moment and think about that… you’re way too amazing to let the troubles of life bring you down",@anarotnik4567,2024-09-19T18:33:32Z,0
"So brilliant and powerful,  thank u for the good vibes..helped me through tough times",@joymyers2525,2025-02-02T08:03:53Z,0
"Imagine the collab between AVICII and this guy, the vibe and voice are incredible",@bodyfuller,2024-12-04T03:25:21Z,0
"The beat sounds familiar, anyone know which song?",@Wiwislldm,2024-06-17T13:40:57Z,0
Beautiful soulful song 🥰,@PeggyLawrence-cn1jn,2024-10-30T02:51:32Z,0
Whoever can see the lyrics is sigma,@Azmirramirra,2025-01-13T04:52:51Z,0
1 like if you feels this music  vibe,@arigatomlbb,2024-10-03T04:12:29Z,0
A fr vibe for sure,@JWitDaFlow,2025-01-08T19:40:57Z,0
So annoying,@fireblademapping131,2024-09-05T05:52:59Z,0
Wow so no one in these comments remember hey soul sister and hears how the verse in this is exactly the same as that,@ad-sd-vids5332,2025-03-13T17:40:23Z,0
The vibe is amazing like it’s phenomenal,@Lilyxoxohehehe,2025-06-06T11:25:27Z,0
Im using splitter ai to split the song into vocals music drums bass,@Sonicman26marioman-l5p,2025-04-22T08:56:02Z,0
2015 vibes,@Floyd_Steel,2024-07-09T19:36:00Z,0
Not sure why this gives winter vibes but this song is outstanding and I love it❤❤❤,@Defnotkhadd2921,2025-06-07T22:48:10Z,0
This song has such a catchy beat,@RickyBrown-i4d,2025-02-03T00:49:35Z,0
"This song tells you that life is short, love everyone and appreciate all the little things because it wont last forever. Time is temporary but feeling are permanent.",@clridekabi3969,2025-07-03T05:16:19Z,0
"There is a boy, the love of my life. His name is Arthur and he wrote this song for me and myles sang it. Either im crazy and he doesnt exist or this universe is so beautiful that I should be perplexed, but how am I so lucky that I got someone like him. We have never met but maybe one day we will marry each other. I will write a reply to this song for him and maybe people will realise what he means to me. A legendary ancient love; I love you my Arth. Amazing song! Been likstening to it on repeat. :)",@NikitaSharma-mf9hd,2024-09-05T08:25:00Z,0
Awful,@Akibidiotpliet,2024-12-15T19:44:43Z,0
This song is so good just like the lyrics. The rhythm is catchy as I like ! It makes me want to ove all my body.,@Ines-ry3ez,2024-12-08T19:23:53Z,0
Anyone else get FIFA vibes from this song?,@grantmontgomery7190,2025-06-22T00:28:52Z,0
Mumford and sons kinda vibes. Cool!,@carcrazydixon,2024-05-14T19:37:09Z,0
beautiful lyrics!,@Dennzyl,2025-03-14T09:43:08Z,0
ITs so emotional ❤ andn8 love it it its my fav rigjt nowj8m making a caed for my teacher shes been away for more than a month i also have an expensive chocolate for her❤,@TahliaCassidy,2024-08-11T08:43:23Z,0
Love this song but does anyone get the vibe of George Ezra  Coldplay and Avicii ❤,@kayleighmcglynn-juggins5736,2025-07-18T19:40:22Z,0
Anyone else getting Avicii vibes too?,@joelterradesmeriel474,2025-01-12T12:28:30Z,0
2016 vibes,@TOSKA-c6b,2024-12-18T22:23:32Z,0
@rawibeat #rawibeat,@IjtihadGibran,2024-06-08T06:44:48Z,0
Beatifeuul,@ShannaDenys-v6n,2024-11-28T20:05:30Z,0
This is my contemporary recital song lolllll,@JuliaRosy-t8u,2025-05-07T04:02:55Z,0
Is it me or does he have a bit of a George Ezra vibe going on? Remember him? 🙂,@lizabbott3319,2024-11-22T11:52:05Z,0
I’m sorry but it is so hard to read the lyrics,@kelseyhamlin9359,2025-05-28T03:56:46Z,0
I uploaded a vocals only version of this song and a 3d audio version <33 feel free to check it out,@Lavendar_Ashes,2025-02-14T07:58:11Z,0
"I really like this song, but it has a little to much ""wake me up"" vibes in it IMHO.",@schewing,2024-07-30T15:54:06Z,0
Vibes avicii😢,@Porai238thc,2024-10-28T12:14:48Z,0
"Love the song, its so beautiful with amazing lyrics and music.",@kumari6004,2024-06-27T09:47:20Z,0
"I heard this song on the radio in the morning before I went to school, then I wrote down the lyrics and hoped to find it on youtube, this song is so free bro!",@Ibrhmxzo,2025-05-06T22:45:51Z,0
What melody...,@rogerskalende7962,2025-01-25T08:28:45Z,0
This song hasa lot of 2010's vibes <3,@estheratienzar9298,2025-04-25T11:55:28Z,0
Ik im not the only one who get avicii vibes?,@Fwaygo664,2025-05-26T15:36:11Z,0
The lyrics,@Jade.Wriolette,2024-11-27T20:50:16Z,0
Stay away from pitch corrections,@ChuckyJustice-z8q,2024-12-16T02:03:42Z,0
This song came up on my Spotify while twas on shuffle mode. Ddnt know it's a new release song. I really love the melody and tune. It sounds much better now with the lyrics. Keep it up 👍,@lunakodyiac,2024-05-15T05:21:34Z,0
Nostalgicc vibes,@Leonidamann,2024-10-08T02:00:10Z,0
This gives me those 2010’s avicii vibes I missed it,@cryptus24,2024-07-07T11:22:46Z,0
"This makes me realize..just how silly we can be..when we think we need things.. a bigger house, when you already have a peaceful home? More security in a relationship that was already perfect..we never know how much time we have on this earth..so to anyone reading this.. JUST TELL THEM.. say what you feel, appreciate what you have, don’t fall into the pit of needing something more, it’s an endless cycle of never being satisfied.. if you love someone, tell them, if you have something like the lyrics in this song..don’t let it go, work for it, try, life is too short ❤",@LizzieMarie1111,2025-01-04T05:47:35Z,0
que vibe meus amigos 😍🤗,@mateusmachadodossantos711,2025-01-08T03:56:23Z,0
Such a catchy song❤,@alislabel340,2024-10-01T19:57:13Z,0
Gives me the Chainsmoker's vibe❤❤❤,@positivevibes7127,2024-05-16T08:11:20Z,0
It's been a long time since a song managed to touch my deepest and most intimate fibers...,@farid1983,2024-05-15T15:52:53Z,0
wow. Whenever I listen random artist. I also read the lyrics and how the songs make me like it. ❤❤ Add to my playlist in Spotify. Thanks bro ❤,@enhypensunoovideoedits7832,2024-05-15T12:01:50Z,0
Givin me 2017 vibes ❤,@JudeJayNutor,2025-04-17T02:13:30Z,0
I thought there would be more substance to the verses. Kind of disappointing,@erikaashley9890,2024-05-11T11:19:22Z,0
"Ughhh finallyyyy!! Omggg barely 3 mins ??? Can I get an eternity with this song ??? I knew I was going to be obsessed but ufff my chest is swelling w emotions this is SO SO beautiful!!! The music, your voice, lyrics, in love with everything!! Thank you so much for blessing the world with this masterpiece<3333",@booksnsvt,2024-05-11T06:27:26Z,0
2016 vibes music,@aliarfa1178,2024-05-11T00:00:32Z,0
Absolutely LOVE this song!! Such a uplifting beat and words are so real!! <3,@fionarosec,2024-06-28T18:16:42Z,0
"Just came across this song today on the radio , it feels so ethereal and soulful. ✨⭐🫶🏽",@444ForTheSoul,2025-05-10T21:00:46Z,0
YEEEEEEEEEEEEEEEEAAAAHH!! Finally I can swim in this melody 🔥🔥❤️‍🔥♥️,@mellp.c892,2024-05-10T12:52:57Z,0
"Loveee this song, the vibe is just so amazing. 🔥❤🔥",@radioactivegaming4116,2024-05-10T12:44:51Z,0
"that have vibe❤ i though I will wait to hear it in Prague... but, I can't wait anylonger🫣🤩. But at least, I stop listening the ""old"" ones for better feeling on 26.5.🙌 I am looking for our meeting😁",@farmaruvpohlednasvet,2024-05-10T07:17:56Z,0
