comment,user_name,date,likes
"""So I thought that if I piled something good on all my bad That I could cancel out the darkness I inherited from dad"" just emotionally hit me harder than any lyric ever written",@amandagorbett1856,2022-08-15T16:24:22Z,8722
"You know, that set of lyrics ""And I’ll dream each night of some version of you that I might not have but I did not lose"" gave me a realization. Even if things went sour, even if things hurt now, you can always run around in your memories and spend time with them back when things were good. Because it was, and that's okay, and though it may have changed, you still experienced it. You still loved one another, in a safe space, and that person is still there! Just in your head. And that's not too bad, really.",@genuinelyjustJD,2023-09-04T07:19:03Z,1490
"There is a specific feeling I got when I hear Noah's song, I don't know what that is, maybe the feeling of being heard of some situations, or maybe some kind of nostalgic, or maybe comfortable, or maybe joy, I don't know, but his song is surely masterpiece.",@josephineclarissa,2022-07-08T04:46:42Z,837
"“And I’ll, dream each night of some version of you that I, might not have but I did not lose” that line cuts deep 😞😞",@Ot_flipz,2024-03-21T03:57:15Z,835
"it really wasn't what i was expecting, and i mean this in a good way. there's a hint of nostalgia to the lyrics that's juxtaposed with this youthful innocence that's forced to accept the bitter reality of life...it makes me sad and somewhat comforted at the same time because it tells me that i'm not the only one feeling this way",@mogadeet.,2022-07-08T04:32:08Z,764
Love this melody.,@Naiym,2024-01-31T18:56:05Z,473
"""I'm terrified of weather, cause I see u when it rains"" damn that's deep.",@joshsampson7329,2024-03-02T17:58:26Z,321
"I'm 54, I literally discovered this song 3 hours ago, I can't stop playing it, the lyrics are so poignant   '' and I'll dream each night of some version of you, that I might not have but I did not lose '' blew me away, and  '' you once called me forever now you still can't call me back '' hurt my soul ever so slightly lol, I think I'm gonna have to check out Noah Kahan's music",@mikeydigweed1545,2024-03-30T06:27:19Z,300
"Even if I don’t relate to the lyrics in this exact moment in life, his words bring me right back to a moment I felt exactly this way. He is so impressive and I’m so grateful we have this outlet thanks to him 🙌🏼",@Emlacina,2022-07-09T16:14:32Z,63
This song has a nostalgic sound and the chorus makes me feel like dancing around in circles lol. I love it,@reynaaxx,2022-07-14T07:04:37Z,37
Idk if i should cry to this song or vibe and smile.,@KaiRenz-zn1qh,2024-04-10T15:09:09Z,31
Our dude writes some of the most relatable songs about loss and heartbreak. The images his lyrics conjure up is impressive storytelling.,@dazem8,2024-05-30T03:21:58Z,30
"It feels like this is a song that my subconscious wrote.. I'm crying right now, but I so deeply appreciate that this song exists.",@hunternaas58,2022-08-22T04:18:05Z,24
"I am going to cry, what a beautiful and heartbreaking masterpiece. Noah, you always know how to express ineffable emotions so perfectly. Stunning.",@1SophieDEF1,2022-07-08T08:33:23Z,23
"""used to call me 'forever' but now you still cant call me back"" cuts deep",@Paperclips201y,2025-06-01T17:31:18Z,20
"cried smiled and absolutely screamed these lyrics. thank you for encapsulating the feelings most try to bury deep and ignore. the feels i am feeling are too much and absolutely breathtaking. thank you for this song, how incredible and how sad that so many can relate to such heartbreak, but incredible just the same that you can find solace in songs that make your heart hurt and heal at the very same time.",@TatumHaines,2024-05-13T11:55:46Z,20
Cool catchy song. Discovered after Olivia sang it❤,@kattttttttttttttt2141,2023-10-03T13:11:00Z,17
"Man ever since this song got released, I've been listening to it everyday. There's just something about it that pulls me in even though I have never been to america much less vermont. Noah has such a way with storytelling and interweaving it into the most fitting melody. I'm glad to have discovered him all those years ago because of that one choreography to one of his songs. 100/10, have been and always will be a fan of his music.",@randomopotato,2022-07-21T06:07:19Z,16
This is excellent song writing. There were a few absolutely gem lyrics and it definitely succeeded in making me cry.,@feelsrestricted8322,2022-07-23T01:38:01Z,15
I love this song so much the vibe is so aesthetic 🍂,@meldadundar5922,2023-10-23T14:56:25Z,13
"it's in sort of a way terrifying how many lyrics I related to. the feeling of loss, inheriting bad parts of my dad and wanting to go back to a time that the one important person in my life was there, but then left as soon as I told her my true feelings for her. I still see her most days, but it isn't the same. She forgot me while I couldn't forget what we had, and now I'm just half a person, acting like im whole. and all too soon, at the age of 15, while many people in these comments are adults. gotta love life",@s4xmi,2023-12-24T01:36:54Z,13
I love this song so much It’s defiantly not the kind of music I usually listen to but I never skip it it’s such a vibe,@Justanotherbrunnet,2023-11-17T01:27:37Z,12
"You found the right words to describe my inner feelings, words my soul could not formulate. This song and it`s lyrics are so relatable, it`s crazy. Every time I listen to this song, I feel like you`re singing about my life... what a master piece.",@husselmann,2023-12-11T18:39:21Z,11
"This is honestly a perfect song. Even the lyrics that dont apply to me directly induce empathy. ""I'll dream each night of some version of you that I might not have but I did not lose"" hits anyone thats had a past relationship (even if you've moved on and are happy).  ""I am no longer funny because I miss the way you laugh"" is accurate to after a breakup when you find yourself laughing but then get sad bc you think about how that happy moment could have been shared with your ex. The ""darkness inherited from dad"" doesnt apply to me but I've seen it in my friends, SOs, and family members.",@aydinsha,2023-05-31T04:15:10Z,11
“And I’ll dream each night of some version of you” might be one of the deepest quotes you’ll hear so hold onto it with your soul,@KDmadness18,2022-11-13T19:58:47Z,11
This is not the type of music I usually listen to but god this is so good! Beautiful melody and lyrics and I love how he played with the timing of the words.,@0whateverlike0,2023-12-17T13:50:36Z,10
I don’t care what the lyrics say I always hear “soccer mom” 😂,@kingschill23,2024-06-15T01:13:34Z,9
"Heard half of this while flipping through Sirius stations.  That half was enough to make me search up the whole song.  It brings me back to my introduction to Dashboard Confessional.  I had never felt so impacted and encompassed by current music until DC, and the connection that Chris had/has with his fans, both individually and as a crowd, was so powerful.  It was amazing to be a part of that, and this song just brought me back to those days and those feelings.",@quietdisasterasmr1488,2022-11-14T05:01:27Z,9
"I was divorced in February after 20 years together and 17 married. Happier now but many memories still. This one had me tearing up even though it was for the best. Another great song that helped me through it was"" I sat by the ocean"" BY QUEENS OF THE STONE AGE. Living in Waterbury VT now and couldn't be happier!",@timothymcdonald5765,2022-08-04T00:01:53Z,9
This song will stay on repeat for the rest of the day! Love it! Gives me Llewyn Davis vibes! So much soul!,@kinsmanknight4813,2022-07-28T16:43:44Z,9
"I absolutely love the pictures in the video. A little hard to read the lyrics, partly because I'm so distracted of the beautiful scenes changing ❤️ I love this artist. The lyrics to his songs are always so well worded. I love them. Like in the beginning? What a lyrical genius. The fact that's its very upbeat is great. I love the little strumming solos too. It  makes me want to get a drum, and go along with the song. Great all around. good Job Noah! :)",@BLH2024,2022-08-08T22:34:48Z,7
this song...it hurts but i can't help but come back again and again. so many of lyrics feel like a punch to the heart and yet it's comforting at the same time. i'm not sure any song has ever felt this way for me before,@paintingstarss,2022-08-12T19:13:25Z,7
"Heard this on the radio waiting for my mom to come back in from Walmart, so many relatable lyrics I knew I’d be drinking to it when I got home.",@trippiebutters,2022-09-28T01:26:20Z,7
Wow this song has such a vibe man!! When i first heared it i was instantly hooked!!! Just searched up the lyrics and they hit so hard! What a gem this is!!!,@maalikcastro1990,2023-12-25T01:35:22Z,6
Love this - the speed feels like when emotions finally come spilling out,@alainadacosta1222,2022-07-15T22:13:43Z,6
"So after a rough acid trip i cry at certain songs. I absolutely cant hold back tears listening to this. It hits me so hard everytime and its not even that it ""speaks to me"" or anything like that, its just the emotion and implication, i shed a tear every time i try to listen to this.",@tylerlemaster2430,2024-01-05T14:01:55Z,5
"If you enjoy Noah Kahan songs,  I love you so! Who wouldn't love a person who enjoy these genius weaving of words? And oh, it's a Noah thing, the irony of his lyrics and melody is always a delicious treat for the ears and soul.",@julienacario_06,2022-07-09T13:44:39Z,5
oh wow it’s giving me sad vibes 😭😭 but i also love how olivia’s version made it a bit cheeky in some parts lol,@vanserra7478,2023-10-04T01:39:53Z,4
You're a cunt for making such awful music...,@-coolant4883,2024-04-11T00:29:00Z,4
"Can't tell you how much I love this man's work, always hits me deeply.",@heizie88,2022-07-19T13:31:27Z,4
Tears everytime. So much emotions,@isackraps,2024-04-12T20:04:05Z,4
The format of the lyrics being torn apart again and again and again and each piece falling away really hits,@tka-yuan9333,2024-01-28T22:21:45Z,4
No better way to describe my favorite dream and my worst nightmare. I miss you.,@OriginalKingDad,2024-04-29T04:20:34Z,3
There are more lyrics in this single song than most artists have in an entire career,@DanSmith-fi2en,2023-10-11T21:36:43Z,3
Why do the lyrics just roll off the tongue so well? Can’t stop singing this poetry…,@Jakey-puff,2024-01-27T17:02:12Z,3
Came here just to say how much i hate this gay ass fucking song. Hear it on the radio 24/7 at work at the melody and vocals are making my arse itch.,@alfiesolomons1179,2024-03-07T12:46:32Z,3
"New fan here! I recently discovered your music and I can’t even describe how much your music makes me feel ok. I don’t really tell people but I live with depression that’s only ever really weighing me down, but when I listen to what you sing and the lyrics behind it, everything just dissipates and I feel understood in a lot of ways. Wishing you so much success Noah!!",@leenahavingopinions8246,2022-07-08T20:26:55Z,3
This song is truly powerful,@sophiefoster3764,2023-01-31T23:52:57Z,2
Wow this song gif our a beautiful emotion❤,@carolelavoie3669,2024-05-26T17:44:53Z,2
Pure emotion,@LukeThatcher-tq8qn,2024-06-18T07:16:38Z,2
This song is so good and the lyrics are just great,@geoffbutler2893,2023-12-14T16:58:58Z,2
This dude just sang my emotions of the past three years!!!!,@lukelovett8805,2024-04-04T17:41:40Z,2
My other half was you was so emotional,@LaylaFleming-e2s,2024-08-18T21:03:29Z,2
"My 6th grade teacher used to play this all the time in our class room, (we were all considered elementary students still since our middle school was only 7th + 8th) and when it was the last day of school all of us hugged each other and cried. I still listen to this song and get emotional, thinking about that year",@Furina_Lover1,2025-01-28T02:35:15Z,2
Smiling and crying at once to this song...so many emotions😪🙄🤗,@angelacharlebois6567,2024-04-29T01:23:17Z,2
This has been such an earworm for me! So catchy!,@ThecodbroZ11,2024-02-24T00:04:57Z,2
"I always thought the lyrics said ""soccer mom"" instead of ""saw your mom."" It all makes sense now!!",@enolidaly,2024-08-05T15:35:58Z,2
"""You once called me forever, now you won't even call me back"" hits deep 😢",@riley.freeman1,2023-11-07T15:57:28Z,2
"Hi, when you sing, saw your Mom in tehg chorus, it sounds like there's an extra 'k' sound in there, is there any reason for that?",@Bazventure01,2024-03-21T20:03:20Z,2
what's funny is if you turn on captions the lyrics are so messed up 🤣,@cestalyt,2025-04-15T21:40:51Z,2
"This is such a sad song but gods does it make me feel good. After an emotionally rough week, listening to this almost has me laughing. There's something so hopeful in the sound",@swampcr3ature15,2024-10-01T22:46:04Z,2
"I louv listening to this song it is about just moving on accepting what didn't work out believing in yourself . Makes you want to travel , good road sing love the country vibes & I dwtect a little banjo or country instrument !☆😊😅",@Marge-x2e,2024-05-10T23:23:14Z,2
Fucking awful song,@MPage-fk1so,2024-04-21T10:26:06Z,2
"Caught this song on the radio, now reading the lyrics it's like reading my state of mind.",@AtomicOnionTree,2024-03-16T15:44:57Z,1
"I have learned of you and your music through Marianne's channel. She makes such lovely sad covers of your songs - and those really hit the right notes. You have a lovely voice mate, please make a duet with her.",@tomaszchmura9246,2024-03-07T13:28:02Z,1
The chorus of this song reminds of another song. Anyone else?,@dylancoonts5331,2022-08-04T04:40:09Z,1
YOU ONCE CALLED ME FOREVER BUT NOW YOU STILL CAN’T CALL ME BACK. Emotional damage. 💔,@photogirlx88,2022-08-15T20:55:45Z,1
Love the emotion of the lyrics and the video reminded me of good old tumblr days or bootleg photoshop when people create cool art without a care about likes 😄,@chelandfrankietravels,2024-01-19T15:35:19Z,1
So catchy,@oddi_6,2023-12-04T20:14:56Z,1
Worst song I've ever heard. True disgrace.,@electronicheartbreak.,2024-03-23T12:12:47Z,1
"“So I thought that if I piled something good on all my bad I could cancel out the darkness I inherited from dad” this hits hard. My dad was never in my life and I have his anger, it’s not as bad as his because I’ve never hit someone , but it js hits DEEP .",@articstar24,2023-12-09T19:00:42Z,1
I’m from Vermont and this is very special because because I can deeply understand the song,@MelonBoy1646,2024-07-05T18:40:30Z,1
this songs vocals are just gorgeous and the lyricism is so smooth and poetic.... augh i luv this song,@bluejay623,2022-12-17T23:49:45Z,1
a very paul simon vibe... nice,@raypeters7449,2024-06-19T16:56:50Z,1
"I wish you didn't remove that part between part one and chorus, where u'd go ""I'm Fu*ked, and u suck and this sucks....""... that was a bridge, transition...",@panizsalehi1968,2022-07-16T18:42:36Z,1
i get king of the hill vibes from this and i dont know why,@Phneebcore,2024-07-01T18:15:39Z,1
"My wife lost her battle against suicide last year. I haven’t felt a thing since she passed, like a robot… until I heard this song on the radio today and I just lost it… I had to pull over. Beautiful, powerful lyrics. Once in a blue moon, a song is written in a certain way that could be meaningful to anybody listening. You nailed it. Keep it up!",@davidbarry8297,2024-05-18T23:52:03Z,1
Hugs and good vibes to everyone else out there that is listening to this song to cope with heartbreak.,@tonymongene5658,2023-01-24T21:50:32Z,1
Dam....that's deep,@brittanyrussell6196,2024-05-30T00:42:54Z,1
Amazing lyrics ❤️,@sofiarodrigues4997,2025-01-24T14:30:13Z,1
After my girlfriend plays this song 19 times in a row it gets annoying lol,@Moto_Outdoors_Arizona,2022-07-14T04:44:34Z,1
this is one of those songs where the lyrics are better than the instrumental,@lukejones4851,2023-12-08T19:34:08Z,1
I LOVE THIS SONG SO BAD IT FEELS SO NOSTALGIC😭😭🩵,@shay3722,2024-05-10T21:01:40Z,1
"I am so in Love with this song.. I wished i wrote it 💕 it seems happy at first, but ironically there is a lot of pain in it once you realize the lyrics are quite deep.. And maybe because i can relate to this ""in between"" feeling.. I am addicted to the Song 💕 though i would find it interesting to see what happens with the emotions and text, if the tempo would drop just a bit.",@Kohliflie,2022-09-11T20:27:12Z,1
"Even though I know the lyrics is ""I saw your mom"" I keep hearing soccer mom.. love this song though!",@kahhowkon6139,2023-12-14T11:21:52Z,1
I have been listening to this guy for 4 years and I just got into playing a ukulele so when this banger came out I instantly fell in love because it's an amazing song and I was able to learn the chords by ear and play it,@josepheldredge5240,2022-08-10T05:06:28Z,1
"God damn it the beginning of the chorus reminds me of an old song and I can't place. The way he sings ""and I love Vermont but it's the season of the sticks""",@codyparker1006,2022-08-04T18:41:59Z,1
"the subtitles seem like a translation for the meanings behind the lyrics, that's pretty dope",@smallsavage1297,2024-10-09T16:15:40Z,1
"I’m over my first love, but this song reminds me of her.  It makes me cry from the depths of my soul. “I hope this pain just passes through”’& and “I’ll dream each night of some version of you that I might not have but did not lose”‘hits so deep for me.",@nathanb.2829,2025-06-09T05:31:46Z,1
"heared it today on radio, vibe song",@MaximilianDeutschland,2024-01-08T21:19:46Z,1
Wow! Omg! I don't believe in coincidence! I found this by mistake! My friend wanted to watch the bird eating spider video! Anything is possible huh¿¿¿ n this is what came up! My surname is Corbett. The last message is from a Gorbett !  Sharing a deep reflection. Much love to u all. What a beautiful song. It's deep truth magnetized me to it (& I it)🤗🧚‍♀️🦄 I love u we r all beautiful n perfect (in our human experience)💜💜💜💜💜💜💜💜💜💜💜💜💜💜💜🧚‍♀️💜💜💜💜🦋💜💜💜💜💜💜💜🎁💜💜💜💜🌈💜💜💜💜,@CHANTELLEVISIONZ,2023-02-28T09:59:53Z,1
"I thought the lyrics was ""soccer mom..."" LMAOOOAA not ""saw your mom"" oops",@lifewithliv07,2024-07-21T05:11:24Z,1
What a deep feeling.Keep on going Noah.,@affectus942,2024-02-07T18:11:42Z,1
One of the worst songs ever recorded,@MarilynMalkovich,2024-08-14T19:38:13Z,1
"I just found this guys music recently, his lyrics are so fantastic :)",@rex7471,2023-06-15T11:39:35Z,1
Sobeing because this hits me so deeply,@Rebelmutt507,2024-05-06T04:50:16Z,1
This song is so fucking annoying,@mjb301086,2024-04-23T14:36:17Z,1
"This song hits so hard, ""i dream each night of some version of you that i might not have but i did not lose"" just puts me in such deep thought",@hivebean,2024-04-01T20:09:15Z,1
"""And I'll dream each night of some version of you that I might not have but I did not lose. Now you're tire tracks and one pair of shoes, and I'm split in half but that'll have to do"" may be the most powerful lyrics I've ever heard. What a beautifully written song.",@McLootin,2024-05-17T11:39:21Z,1
"Damn this song hits me deep, I mean really deep in them feels.. it has nostalgia, a love lost, a life left to live and all the baggage that comes with it.. tears rolling down my cheeks thinking of the life I could have if only I’d done things differently, treated others and myself better than I did and accepted the love people gave me because now it’s all in the past and I’ll never get it back. I’ve learned the hard way, if you’re always looking to the future you never know what you’ve got until it’s gone and you’re chasing something that might not exist, love what you have now, more may come but you always lose it. Damn, my heart is broken right now 😢",@musachi5999,2024-03-08T18:48:42Z,1
I've been waiting for this for too long and it was worth it. The emotion in Noah's voice is painful and transferring to me. 🙏🙏🙏,@samantha-jane699,2022-07-08T05:31:40Z,1
I love the chorus,@SarahKassab-i2u,2025-01-24T06:11:06Z,1
First time hearing this.  Def shed a tear cuz of the lyrics.  Beautiful,@QuikScopeCommandos,2024-03-07T14:07:17Z,1
Seriously amazing lyrics. I've been waiting for something new and inventive instead of the same old same old. YOU NAILED IT!,@EsotericAwakenings,2023-10-31T07:38:24Z,1
"something abt this song makes me feel like i relate to it on an emotional level, i can’t but i really feel like i do",@jackieboobear2369,2022-09-08T02:36:17Z,1
Nice beat ❤❤❤,@Rachael-p5e,2025-01-12T08:16:46Z,1
"Am I the only person who hears ""Suck your mom"" during the chorus? I swear it's what I hear everytime.",@BoXis630,2023-02-26T11:12:31Z,1
SUCH A CATCHY SONG 🎶🎶I'm already repeating it,@sarahhall9988,2024-02-12T14:18:24Z,1
Lyrics on this song are class what a tune,@letthatshitsinkin,2023-12-13T23:17:36Z,1
Just wow. Hit the nail on the head for the vibe of 2022.,@isaacbonilla4964,2022-07-21T03:19:44Z,1
Wft is season of the sticks? This song is annoying and stupid.,@Icecream-edible,2024-05-02T20:14:06Z,0
"Before you knew the lyrics did you used to think he ""liked to play the victim of drake?"" 😂😂",@Cam-ms8qi,2024-06-14T13:42:14Z,0
Why do people feel the need to type the lyrics in the comments?,@aaron6841,2024-02-29T17:52:46Z,0
Very catchy,@dazfred,2025-03-21T21:03:47Z,0
Worst part of the song. The ending,@txqzt,2024-06-18T13:08:26Z,0
"Had this song been released 10 yrs sooner I would probably be back with my (now) ex. - reminds me of old emotions.  Instead I’m in a relationship with a different, wonderful woman I am proud to call my wife.  Not thinking I’ve missed out, just nice to reflect on growth mentally and physically",@bretbaldwin5379,2023-09-19T20:14:17Z,0
Hit song otw.  Great lyrics and depth.  Thanks 😊,@justingreenwood7981,2022-08-06T22:09:13Z,0
The lyrics ❤,@Someoneuusedtoknow13,2025-01-08T20:54:20Z,0
These are some really good lyrics wow,@hi-yo1kq,2024-01-22T01:57:20Z,0
"Wow!! What a great unique and soulful raspy voice, just discovered Noah listening to Stingrays channel plus Sirius radio in My Jeep. Another amazing artist out there!!",@sharonhayward6783,2022-09-06T23:42:45Z,0
"Man like maybe I just gotta think sometimes y’know life is good but sometimes I wonder,there is a version of me who is living a awful life rn",@CorbinAdams-m6v,2025-01-18T02:23:01Z,0
Reminds me of 2004 de capulet vibes ❤️❤️ I love it,@Heyy-Stepha,2024-03-24T20:39:14Z,0
"even though ive just heard this, it makes me wanna cry with joy, excitement and sadness, it has so many elements of emotion its a powerful song, and I've not came upon a song like this for a while!",@theabominator22,2023-10-23T20:43:28Z,0
"Hey Noah, I've been listening for the past year. I wonder if you could work on less produced maybe live version? Maybe with a little more distance between the verses. I felt like this song still has so much potential. I'd like more instrumentals in this song and a slower pace. Maybe I'll cover it and try and work something up.",@mothman109,2022-07-13T02:58:42Z,0
Imagine the views if you could read these lyrics,@jakedebo3356,2023-12-08T13:45:43Z,0
I can pretty much relate this whole song to my dad walking out on us… after how many years and how many listens? Damn slow hitters are the worst,@sophieevans6788,2024-07-25T14:45:23Z,0
Please stop writing down the lyrics we know them ...😮😮,@zebadeee8202,2024-01-29T16:24:27Z,0
such an emotional song 😢😢😢😢,@GamerPlayzRoblox-hd2eh,2024-06-28T19:06:46Z,0
"wow.   Thats all I got.  Amazing tune, with equally amazing lyrics.",@jeffreyjosselyn348,2023-12-08T14:35:03Z,0
"""Some version of you that I might not have but I did not lose”: Last fall, my ex and I went on this short road trip through New England and we heard his entire album. Four months later she broke up with me. The lyrics are so accurate that I can't hear this song anymore without feeling being torn to pieces from each word.",@fedtc,2024-07-07T08:22:25Z,0
"It took me FOREVER to figure out why this sounds so familiar to me. It’s the exact melody from Spring Awakenings, The Bitch of Living!!!!!!",@roseyp7047,2024-01-12T02:20:33Z,0
This song  dosent deserve to be in top 5 for as long as it has like every good song has charm this doesn’t tho very forgettable,@bobsuckstoes2674,2024-01-06T16:20:27Z,0
😢 too realy WAY too emotional 😭💔,@GarethPartridge-w5x,2024-08-13T17:43:49Z,0
Love this blue grass/ folksy/ dispatchy vibe in his songs. So sad but uplifting at the same time,@Om3194,2023-03-19T23:38:37Z,0
"Watched the acoustic version, liked it. Watched the lyrics version. Cried. Good.",@rd4868,2024-04-14T08:30:30Z,0
This is one of the songs you could sing to but could never convey the powerfulness of each line,@Phxtfa,2024-05-09T11:20:59Z,0
The way he says existed is so annoying.,@Noel459-w5r,2024-03-21T03:02:06Z,0
"if your going to do a music video with lyrics, you should make it so you can read them before they are sung... as always, Love the jams",@EnchiladaBro,2024-06-23T15:17:28Z,0
listening on repeat because i love him more then anything in the world and i can’t even explain it but i made a giant rant it my notes about him and im so inlove but i have no chance and im crying over him like i always do and my friends told him everything and he hates me now because he knows i was stalking him a lot and now he stopped texting me and talking to me at all and we used to be so close but it’s all over and he’s moving schools next quarter because he lives far away from the school and like 1 1/2 hours away from me and the thought of him not being in my life just shatters my heart,@ululonokapu,2024-10-20T09:42:18Z,0
"What sucks is I write song lyrics like this all the time and the world may never know because I can't seem to figure out how to play a guitar and it makes me sad because like noah I too always had this dream, could only imagine realizing it like he did, congrats my brother!",@dannyleja16,2023-12-14T02:23:06Z,0
this is the worst song i’ve heard,@k-0416,2024-02-14T22:23:58Z,0
I just heard this song on Jimmy Fallon. I missed the artist's name but I recalled some of the lyrics. Super glad I found it.,@darlingarcia6921,2022-12-03T05:46:28Z,0
"Lyrics, emotion and song structure. Flawless",@armandholloway4742,2024-04-20T05:27:21Z,0
This song is definitely emotional!! 😁 Like this comment so I can listen to it again I might need it THANK YOU 👍 👍👍👍👍👍👍👍👍👍👍👍👍👍,@richardcowan996,2024-05-25T02:59:59Z,0
Has anyone read the lyrics? It's like a child has written them. And the 'singing' is dreadful. This is truly bad.,@stuartwindle1495,2023-12-22T06:59:08Z,0
"I can't get enough of this song! There's a  emotional freedom I find in Noah's music, it's intoxicating.",@semi-trad-kind-of-wife,2022-07-18T07:23:18Z,0
Anyone notice how the subtitles literally just explain the lyrics 😂God I love this song,@chickengaming5361,2024-08-12T07:43:10Z,0
Like a deep sigh....finally 😌,@Punkgurly15,2022-07-08T04:52:06Z,0
Trying to learn this song and the hardest lyrics are for me musically and emotionally are “ that I could cancel out all the darkness I inherited from dad “ …. Powerful song straight in to my top ten of all time and there is some legends and pioneers of song writing in that ten! Give us more Noah when your ready you are extremely talented,@LeonJones-i4v,2024-02-14T22:41:17Z,0
This was really good but the lyrics were hard to read because of translations,@Billy-wz3et,2024-02-14T09:59:43Z,0
True finds true love the word play in this song great lyrics Noah,@kenlovejoy7457,2024-04-06T17:05:39Z,0
This is on repeat im 9 months deep into a divorce and this hits home😢😢😢,@CandiceHulin,2024-03-22T02:25:19Z,0
I thought is James Blunt singing.They have similar vibes and voices.,@marzena6526,2024-02-06T17:51:30Z,0
"Im practicing the lyrics for karaoke night, its damn tough. Love the challenge though. 😅",@lezilsaunders4764,2024-08-06T13:08:18Z,0
I just heard this on the radio and omg it's the best song ever so emotional. I can't stop listening to it,@gracieevans5791,2023-02-19T18:20:05Z,0
Can someone please tell the crux of the lyrics?? What this awesome song is about??,@reprocessors,2024-02-05T11:03:00Z,0
ABSOLUTELY BRILLIANT! Now for the slow acoustic version!,@safariibudgettravelcompany7297,2024-01-18T23:02:15Z,0
'And i... suck ur mom' i swear i thought he said that before i saw the lyrics...,@Yuri_vm,2024-01-16T11:50:45Z,0
Me and my best friend screamed the  lyrics,@wolffamily5732,2024-05-19T03:06:29Z,0
"I listened to this song, lining up the lyrics, from my computer and my Alexa, and it sounded like it was loud when I put my ear up to my headphones. This is a great song, Btw. I reflect on my life choices with this song.",@melissabartlett6294,2025-05-06T03:22:48Z,0
"Been listening to this for a week now. Whilst it didn't hit me like Godlight it's still got its own quality and is damn catchy to boot. Stoked to hear Noah thinks it's his best work. That guy so deserves to be happy. His songs over the past few years have given me such joy. They make me think about my life, family, friends the great things to be had as well as the hard dark times that hit us all when we're not looking. Keep living, dreaming and making those beautiful tunes Mr Kahan. Ps- Hit us up down here in Australia when you get the chance.💚✌️💙",@mattmaca,2022-07-17T04:22:32Z,0
"His lyrics are so damned depressing, he makes Alice in Chains sound like the Bee Gees. Yet, somehow, I can't stop listening.",@jasonellis1964,2024-10-30T12:47:24Z,0
Wow. That's literally all I can say. Those lyrics are amazing and really hit home ❤️,@mitchellarnold-hq7df,2024-01-19T20:52:32Z,0
I would get every single lyric of this song on me I'm so obsessed and emotional😆💗 his song writing is so perfect,@soundsedationasmr,2022-07-15T02:17:55Z,0
Someone I lost who lived in VT. Lyrics are right on.,@sherrienoonan90,2025-04-09T00:27:39Z,0
Thank you for formatting this in a way that makes reading the lyrics virtually impossible.,@johanbrentola8459,2023-12-20T18:01:27Z,0
"No one is thinking that maybe, it wasn't a breakup and he lost someone in a accident? That all the lyrics make also sense in this way. That it is even deeper this way... Maked me cry even more 😢",@antoinerousset1948,2024-04-10T00:13:14Z,0
"My sister showed me this song and now I am addicted. I know every word and it is far and away one of if not my favorite song of 2023, or ever. The lyrics, the accent, the melody, the instrumental, everything. It all ties together so perfectly to create an amazing masterpiece to go down in history.",@Alexander-l5h8y,2024-02-04T15:25:46Z,0
This entire song cuts so deep it makes your soul bleed that's how you know it's a great song! ❤,@brucewayne1269,2024-05-25T13:46:03Z,0
I really love this song its so emotional ❤❤,@Lion156-x9j,2024-10-14T11:10:30Z,0
"Wow, that's deep ❤",@tyroneweedon,2024-03-20T20:48:37Z,0
Thumbs down for the partial lyrics,@onesimpleneed,2025-04-07T13:52:42Z,0
"""I'm no longer funny cause I miss the way you laugh."" Incredible lyrics.",@NiNja10Doh,2024-03-15T04:26:41Z,0
My mum thought it’s said suck your mum until I showed her the lyrics,@chezeman9778,2023-12-03T21:43:51Z,0
Rot in hell for the format of the lyrics 🖕🖕🖕,@koperkonrad23,2025-03-23T01:31:10Z,0
Yep good song keep hearing it on the radio catchy 😊,@MC777.,2024-03-01T17:50:44Z,0
"I misinterpreted the lyrics and so I tried finding this song. Now that I'm here reading the lyrics, I see that it's can not only be talking about a partner but also a loved one. This brings me to my dad. Someone I loved, but never knew deeply unfortunately. He never talked to me except for the usual small talk. I was naive back then. I found out the hard truth about him and now that he passed, I wish I could've asked him why. Nonetheless, this song reminds me of the nice times when he took me and my siblings out to bowling and even though he's not here doesn't mean I should put my life on hold.",@archs1ay3r3,2024-02-17T00:01:11Z,0
"I finally had to Google the lyrics to settle my internal dispute, I thought it said "" I loved your mom"" but it's the season of the sticks!!! But it really does says ""I love vermont"" but it's the season of the sticks 😞 1:32  I only recently started to think it said something else and it turns out it does....",@LeahDavis644,2024-03-26T18:08:16Z,0
"GREAT JOB NOAH. Wow. A Vermont love song. Thank you for providing us with your beautiful lyrics. I've listened to you several times now. Just found u via NPR. I've dabbled in a little music myself.. From one Vermont artist to another, I wish you much success. This was my FIRST original song. I would love your artistic input, just in case you ever see this comment: https://youtu.be/WbOaUKLZh3I",@LaLaLoggins,2022-08-28T17:36:07Z,0
I miss her so much so so much I’d give anything to get that version of her that loved me back all I feel is despair followed by despair this song resonates deep in my heart right now,@Yyywywhwhhwhwhhwhwhu,2024-12-30T17:08:32Z,0
"""But it's the season of the sticks. And I soccer mom...""  .......... Good thing we have lyrics videos",@NicePackageCA,2024-03-23T01:24:00Z,0
So much emotion from this song. This Poem in song form completes the masterpiece. Love it,@HUSSOULMAN1,2023-04-13T17:13:29Z,0
This song is so much deeper and more painful than it sounds. I love every verse.,@SkydivingSquid,2024-10-16T09:04:15Z,0
"""So I thought that if I piled something good on all the bad that I can cancel out the darkness I inherited from Dad. And I am no longer funny cause I missed the way you laugh, you once called me forever now you still cant call me back"". That really hits deep for me",@harrisonblum3075,2024-04-13T03:52:49Z,0
Heard this song on the radio and it brought me here. This song is so catchy I love it ❤,@HoldOnPainEnds-24,2024-04-29T22:39:29Z,0
If y’all think this is a vibe pair it with a song called “Hated It” from the Canadian 90’s band Thrush Hermit (album Smart Bomb). It’s a good segue about someone sad all their friends have left them in a small town.,@moethe7746,2024-01-25T08:04:11Z,0
I have just listened to this and ❤Omg..To be honest i have not heard any songs that have emotionally connected with me for a while. 🙂This Artist has achieved something that almost all Artists these days lack entirely...EMOTIONAL CONNECTION,@Leggy_Lines88,2024-08-04T14:46:57Z,0
"The first verse with being so offbeat is weird to me. It's like unsettling on the ears which works for a song with this content, but it doesn't groove until the second verse and chorus, where you can really bop to it. Love this song. For me this song reminds my of my life if it were personified as a woman.",@vincentcappello4746,2024-01-18T03:55:35Z,0
Recently left primary school and we changed the lyrics to this song to fit snd we sung it to the whole school on thr last day❤ makes me think of prinsry school,@MadokaMagicaNM1fan,2024-09-15T20:42:55Z,0
"Great song. Glad to hear some quality lyrics, a non-autotuned song with acoustic guitar. Congrats on your top ten position.",@Surferess,2024-02-23T04:27:54Z,0
great song meaningful lyrics,@MrJamesDoherty-v7l,2023-09-26T14:51:44Z,0
"love this tune  , but has dark tones that haunt",@grant-w3o,2024-12-28T04:26:22Z,0
The tears can't stop falli. To this beat to this voice to this man's great song. Thank Kahan,@toranusorousrex,2024-02-08T03:36:06Z,0
I see everyone in the comments pointing out 1 set of lyrics when this is the song I relate to most 😢,@Totallynotviolet11,2023-11-23T20:24:51Z,0
I think a deep rendition would make this sound even better.,@jdsd744,2024-04-26T23:01:02Z,0
Top contender for one of the worst songs of all time,@GoingSalt47190,2024-11-11T12:50:32Z,0
Very big difference between just listening to the song and understanding the lyrics,@Thund3r_7777,2025-08-08T20:59:12Z,0
I still have to take deep breaths and calm my shaking soul when I pass that exit,@madisonhigginbottom957,2022-07-18T13:06:57Z,0
"What I find amazing is that most songs make people realize the good and bad they have done, and I think that's amazing and the artist should be proud of themselves for doing that - this was said by a person who commented and I agree its amazing how strong words can affect a human I want everyone to realize this at the end of the day the jerk who bothered you underneath is also human and hey there's not a lot we can do when it comes to others behaviors but its amazing what a single song or word can make someone feel so when that jerk bothered you or they were indecent to you remind them I'm human and so are you I'm no more than that and you expect me to feel nothing when you comment about this or that but deep down everyone and when I say everyone I mean everyone has feelings so don't pretend like there not there don't pretend like others cant feel the pain you cause them and don't be oblivious to your own pain.. self pain can be harder because you know exactly what makes you feel hurt and you trick your brain to think the worst of you",@clairefed,2024-02-28T05:36:24Z,0
"Who's here from the ""season of the shits"" guy that made a remake on Facebook and you needed to know the actual lyrics",@stacieaviles2382,2024-05-25T20:14:40Z,0
Every verse hit me like a sledgehammer,@neemaborji9993,2024-04-21T21:07:25Z,0
“I’ll dream each night of some version of you that I might not have but did not lose. Now you’re tire tracks and one pair of shoes. And I’m split in half but that’ll have to dooo.” 💔✨  most heart crushing lyrics….,@PsychicRenegadeTarot,2024-02-04T03:34:13Z,0
Reminds me of so many artists we have in ireland...such a familiar tone.  Beautiful song.,@mclovin5976,2024-02-29T23:21:15Z,0
i love these lyrics omg,@audrinatompkins7797,2023-04-14T02:28:31Z,0
The lyrics are very well done. Thank you.,@brentgould958,2024-04-17T17:33:52Z,0
"Catchiest chorus ever. Had I stuck in my head for a month, no bs.",@federicobaldo5590,2022-09-17T13:26:46Z,0
"Heard this accidentally during my nephew's end of school musical today. Heard it before once or twice but never paid much attention to it. Tonight figured to look it up, and armed with just the word ""sticks"" and song, actually found the song (thankfully the title isn't something completely different). It's quite nice the lyrics are shown in the video, and reading along to the song it's a shame I never looked it up before. The lyrics really hit home and is a close second to a song called ""bees"" (the ballroom thieves), which has brilliant lyrics in my opinion. Anyway, thanks for makiing a song that's gonna be on repeat for a while.",@robinvos1703,2024-07-10T23:33:16Z,0
Amazing song and vocals,@lilnembys5986,2023-11-18T16:56:56Z,0
"Somehow the song can touch soft part of my heart even before I can follow to understand the lyrics on radio(it’s fast and my English listening sucks), now I found it by searching some short phrases I recited, and it is exactly what I thought it was singing about.",@philipzk,2024-03-29T04:17:53Z,0
“No longer funny cause I miss the way you laugh” cuts so deep my ancestors felt it,@marchez1513,2024-05-23T02:27:44Z,0
"He wrote the lyrics to my relationship with my x, except it’s more than 1/2 his fault 😢",@jacquidavis,2022-10-17T17:27:02Z,0
"The lyrics are ""saw your mom"", but I slowed it down and I most definitely said ""soccer mom"". Why did you make a ""K"" sound?",@FrostyTeeVee,2025-07-27T20:27:51Z,0
"I find this song absolutely, excruciatingly, annoying. I'm hearing this every bleedin hour on the radio at work and the more I hear it the more it sounds like some redneck whinging about his life. And before I get bashed here for having a different opinion, and before someone says ""if you don't like it don't listen"" etc.....I have no bloody choice but to hear it",@JasonRay1977,2024-03-06T10:52:14Z,0
"One of my guitar pupils wanted to learn this song and now I can't stop listening to it and singing it everywhere in the house. The lyrics, the timing and the color of the voice. Finally a contemporary artist that rivals the old guys. Just look at the comments on this video, they speak for themselves! Beautiful!",@BartZeal,2024-01-12T18:20:42Z,0
"Relatable ass lyrics, humans can all relate more than we think sometimes.",@Je-s-s-e_J-a-m-e-s,2025-06-09T23:34:04Z,0
The vibe!!!!! Like kdbdks that’s the only way I can explain it omg!!!,@Lolo-le9dc,2022-08-01T18:24:28Z,0
"We can't be the only ones that thought he was saying ""suck your mom"" not ""I saw your mom"" 😂 had to check the lyrics! Lovely song though!!",@ThePurplemusiclife,2024-08-25T12:38:44Z,0
Every time I hear this it gives me Gerry Cinnamon vibes ✨️✨️,@emmahardy2172,2024-02-04T15:10:29Z,0
"Absolutely horrific bad song, same 4 chords we've heard a million times, how can these guys get away with this shit.",@owenstunes5804,2025-05-26T09:20:12Z,0
This is an amazing song. Full of heartfelt love touching questioning  feelings deep inside ❤,@carollenz5130,2025-02-16T03:13:59Z,0
"It's horrible ear ache, like most contemporary rubbish.",@anthfax,2024-06-11T20:58:11Z,0
"It's isn't sad, it's nostalgic.",@ThomasEnnen,2024-03-16T02:33:44Z,0
"This song was pretty nice, from the beat, to the guitar and lyrics. Love that we're getting new music",@jasminegutierrez7251,2022-07-08T14:36:40Z,0
"New favorite comfort song since most my old ones were written by a horrible person (yay /sar) anyways, I love the lyrics to this song (my mom does too) and it's so comforting.",@Moon_Savior,2024-03-15T23:45:35Z,0
At the end ov the day every one takes somthink different  from it emotionally and thats the point so thankyou for your song x❤,@ArranDoolan-yn8po,2024-09-06T22:47:26Z,0
"Heard this song for the first time yesterday and i cant stop listening to it. The lyrics are so emotional and powerful the one that got me most was ""I'm split in half but that'll have to do""",@jimwatson2103,2024-05-16T00:50:18Z,0
saw your mom she forgot that i existed wow just wow that hits emotionally i feel that with my mom and the part with dad my dad was an alcoholic 😞 hits home,@rosiemagee3862,2024-03-04T00:12:13Z,0
For real this dude has the most annoying voice. Like maybe he should have auto tuned or took singing lessons. Its almost as bad as that counting crows guy.,@MegaYupthatsme,2024-08-15T00:22:03Z,0
Worst video with lyrics I’ve seen🤦‍♀️,@cynthiadelpozzo4082,2024-05-13T23:49:59Z,0
Looked up the lyrics to this after hearing just to say that I think it's absolutely shit,@noobtubers999,2023-11-21T14:56:22Z,0
I get American Pie vibes (by Don McLean) when I listen to this song.,@FoodstalkerQueen6848,2024-03-13T04:24:31Z,0
Powerful words ❤,@davidcostello2818,2023-11-18T18:43:39Z,0
"I'm sorry, I know what the chorus is supposed to be saying but it's jibberish on the ears and I don't know why no one else hears it",@samstuckrath596,2023-11-07T21:00:57Z,0
"It's a decent song-- the lyrics really prop it up, but let's not pretend this is anything unique or outstanding. It's a pretty friggin generic pop song",@diegoxavier9107,2023-11-06T18:40:33Z,0
These lyrics hit hard😔,@Evverl6,2023-11-03T18:01:39Z,0
"Looking for a song that I lost, and this ain't it, but  the beats good",@gingersnap6825,2023-07-29T10:06:31Z,0
Ugh this song makes me feel so emotional because it feels so relatable.,@prestigousbabe,2023-06-09T02:14:57Z,0
The song is a 14/10 but this lyric video sucks. half the lyrics dont show up on screen until theyve already been sung. lyric videos are meant for people to sing along which doesnt work when the words arent there,@NoOne-mx9nu,2023-05-07T16:14:04Z,0
"Does anyone else hear ""fuck your mom"" instead of ""saw your mom""  ? All the lyrics say saw but it's not what I hear at all.",@VDchacon,2022-11-12T18:02:33Z,0
"Hopefully I don’t get too much hate for it but .75x is just too good not to share for others to hear, wow what a vibe",@dylanhesch4890,2022-10-22T14:43:02Z,0
"Yeah,... idk. Keep throwing sticks in my yard. Maybe they came from one of the 29 trees i have out there, but im always suspicious of the red ones which appear to be broken at both ends, still very green, yet the leaves have been obviously removed.  Could i have a random wild goat dropping them on my walk? Idk. But im still gonna burn em. As for lyrics seems kinda jumping all over the place. Having demonic friends in high places can definatly help overlook any raw talent one might have. Weather or not there's a longjivity to this psyops will only be told in time. Jump forward 15 years and idk. I can see how starved all are today for new material. They eat up the blandest songs treating them as golden chunks of caviar when in reality it was simply fish guts.",@deadgoatsRacing,2022-10-20T22:07:29Z,0
Nearly had a stroke trying to read the lyrics.  Beautiful song though😂😅,@justindewing8415,2024-01-25T04:21:45Z,0
Each of the verses in this song strikes me so deeply… except the part where his friends come home for Christmas. I don’t have those,@MarlowAlastairHairtley,2022-08-02T21:24:45Z,0
God I love  good lyrics,@kateevans2976,2022-07-10T12:16:59Z,0
Does anyone have the guitar chords to this song please 🙏,@Sildyr,2022-07-08T20:21:21Z,0
"i really like his music, because i think the lyrics are sooo relatable 🫶🏻",@monsediaz853,2022-07-08T19:54:21Z,0
This chorus sounds like it’s ripped from We Dance to Joy Division by The Wombats,@2013mason,2024-02-06T18:50:47Z,0
