comment,user_name,date,likes
the fact that 12 years ago national anthem was dropped with the same vibe and she is still relevant and has not aged is so fucking amazing to me,@soccerchamp81,2024-07-04T22:32:38Z,11951
She makes me feel nostalgic for things I haven't even experienced.,@BillboardRisingHits,2024-07-05T02:51:13Z,4630
Quavo’s verse is fire. But Lana’s flow on this is majestic,@caps07,2024-07-08T05:55:30Z,562
The chemistry they have is pretty undeniable. And i like that so much about this record. Such a freaking vibe,@LanaDelReyUpdates2,2024-07-05T21:39:41Z,421
am I the only dying over the bridge 2:15?! the melody and Lana's voice... honestly one of the best bridges I have ever heard,@laramaeva05,2024-07-05T14:26:00Z,351
As a biracial woman it touches my heart to see interracial love! I feel like this video also sends a message of interracial community. I love seeing people of different skin tones and racial backgrounds do life together. It’s beautiful! ❤️🫶🏽😊,@charisadjacobs,2024-07-14T15:46:53Z,178
this video gives me 2016 vibes,@pigtoes4850,2024-07-12T09:29:40Z,151
The tonal grainy quality of the music video is giving Summertime Sadness vibes.,@Honeymoonwhispers,2024-07-05T07:33:46Z,148
"I wish Quavo added another verse, his voice goes hard on this beat.",@cns187,2024-07-10T18:00:39Z,107
"One thing I love about Lana, she not sl#tting out herself , it’s just pure vocals -pure talent",@milesmeyer9252,2024-07-10T20:10:37Z,78
I need a full album by lana with this vibe,@shahafkeren3323,2024-07-05T10:10:33Z,78
"Today, on my mom's birthday, I stumbled upon ""Tough"" by Quavo and Lana Del Rey. The lyrics hit me hard, capturing the pain of losing her and how tough it has been without her. The song echoes my feelings of missing her deeply. It's a beautiful reminder of how much I love and miss you, Mom. Happy birthday in heaven. 😢❤️",@Cleanfreak-101,2024-07-23T08:22:43Z,76
"Am I the only one who really loves them together, like couple vibes!!!!",@lennaeclarke6850,2024-07-07T12:40:55Z,71
Lana will make you feel nostalgic about an experience you have never lived…. She is amazing wow,@Dro9291,2024-07-07T22:15:58Z,59
"these 2 artists created one of the best feature of 2024, 2 different genre that mix perfectly together, they seem to be in harmony and not just singing together tbh, that is a banger",@ebz667,2024-07-04T21:20:11Z,34
"@Quavo the song is so spiritual deep, has reached to the latest frequency, the song gonna win an award.",@hagenimanac,2024-07-11T21:39:37Z,29
A 2024 song and its already giving me nostalgic vibes 🥰,@stowmaundala6996,2024-10-05T16:44:07Z,21
"Damn? This song made feel what real music is, something with deep value and connectivity, THIS IS REAL MUSIC, I appreciate them both for giving I this masterpiece",@atla.makobo,2024-07-06T06:14:37Z,17
Timeless melody. Lana the goat,@SamHunt-zn4pz,2024-07-05T15:01:49Z,17
"No nudity, no unnecessary shit, just vibes and chemistry❤",@NPatrickF,2024-12-31T12:01:35Z,11
"I love how she's getting back to her country ""gangsta Nancy sinatra"" vibes",@Dina4444.,2024-07-05T14:34:43Z,8
In the era of nudity and vulgar lyrics this is something i never imagine.....still there's hope.,@LategenZ,2024-07-17T13:53:28Z,5
I can hear this song in Yellowstone next season,@MCSndrs,2024-07-08T22:27:00Z,5
Getting that good girl bad boy vibez,@Zero-ye5nv,2024-07-09T23:57:35Z,5
that beat drop is EVERYTHING 💯,@TheRealJustHen,2024-07-27T00:46:26Z,5
"Good old Lana's vibes, i thought it was dead... Now i can rest in peace.",@Kronanlebuveur,2024-07-10T01:31:10Z,4
The whole town raising their pitchforks to this one,@Grillo711,2024-07-16T02:34:59Z,4
The visuals are just stunning. Warm and nostalgic.,@Haileyroz,2024-07-13T13:11:30Z,4
"This song convey a sense of resilience and strength in the face of challenges, drawing imagery from everyday toughness like old leather boots, blue-collar attitudes, and family heritage (like grandpa's glass). The repetition of ""tough"" emphasizes this theme throughout the song, highlighting perseverance through difficult times and the bonds that keep people strong. The lyrics also touch on personal experiences and emotional resilience, making it a poignant reflection on life's hardships and the ability to endure.",@juyla100,2024-07-12T17:07:21Z,4
The vibe is just awesome,@FrancisWambua-g8t,2024-07-15T09:17:45Z,4
This song is a deep and beautiful feeling!,@laurrris,2024-07-04T19:15:21Z,3
"Amazing marriage between two different poles, outstanding vibes without nudity and vulgarity ❤ July 2024",@PastelKenshi,2024-07-14T23:48:02Z,3
Lana del Rey old money vibes are something else. Love this type of life😮‍💨,@Mr.Storiez,2024-07-10T06:46:29Z,3
"This is February 2025 & TOUGH, with fascinating, fabulous & fantastic collaboration between QUAVO & LANA DEL REY, is absolutely amazing, awesome and appreciable. Their singing is singularly soulful, spellbinding, superb, sincere, sweet and simply spectacular.  ❤❤❤❤❤❤",@kesharisuthar3268,2024-10-20T17:33:51Z,3
I need a whole album from them.. they have good music vibes definitely wasn’t the pairing I thought I needed!!! ❤,@xo_lanni,2024-07-20T22:12:32Z,3
This always match with my vibe☹️❤️🫂,@ArielNzakunda,2025-04-08T00:08:50Z,3
the vibe looks like national anthem part 2,@itafebriani6390,2024-07-08T03:21:21Z,3
"aaaaaaaahhh love to see both of them, the vibes and chemistry 🥰✨",@felicia_g444,2024-07-08T16:58:49Z,2
Wow. Now I need a movie of this VIBE😩,@Jmphoria,2024-07-22T13:10:01Z,2
Beatiful music,@yaredmejia6423,2024-07-14T03:15:36Z,2
obsessed 🇺🇸😍 the vocals compliment each other beautifully ❤,@Tyraebrown28,2024-08-16T21:37:13Z,2
The way i vibeeeee to thisss 🫶🏻❤️‍🔥❤️‍🔥,@gus7546,2024-07-06T08:07:29Z,2
I love so much the harmony and rapping is so intimate - both artist keeping true to themselves,@charliemiller1934,2024-10-06T16:08:04Z,2
Are they a THING.?? Or just for this video.. bc they're giving a vibe off so HARD.!😍😍🙌🏼,@carleyscreations3433,2024-07-04T18:21:14Z,2
"I ❤ this song, such a vibe",@jnw7373,2024-08-24T04:50:05Z,2
This is a vibe!!!,@maryking8648,2024-07-26T00:28:19Z,2
Fire🔥nothing beats Abel x Lana collab thou,@faithful.creationss,2024-07-08T08:58:11Z,2
This is a true duet. Not a feature.  Listen to those smooth vocal harmomies.,@dreamerdoes_is_love8986,2024-08-03T02:12:29Z,2
This song changed my emotions... Worse after seeing quavo's face sad😢 .I cried ..R.I.P takeoff,@acidictsmilessforever,2024-08-24T21:39:59Z,2
Their voices together in the chorus is too good,@iyaabdo7524,2024-07-05T04:15:07Z,2
Lana has always loved her trap beats❤,@notearsleft217,2024-07-05T01:42:00Z,2
Great vibes 😊,@LVBJEAN95,2024-09-06T18:40:28Z,2
It's been a while since a song ignited some emotion in me that I can't name,@martinmaina523,2024-07-07T15:27:20Z,2
Gosh love Lana so endlessly!!!!!!!! She is such a vibe!!!!!!❤❤❤❤❤❤❤❤❤,@manuelaeichhorn4285,2024-07-05T08:31:24Z,2
"🎇It feels like me and my partner, two very different type of people unexpectedly coming together and creating a beautiful harmony 🎇",@archidasgupta453,2024-07-11T15:29:44Z,2
This is a vibe,@emmalopez8402,2024-07-12T20:13:08Z,2
every verse is perfect omg,@briercweet8316,2024-07-04T16:37:32Z,2
She forever swings in a swing and we forever listen. And its what we have lost and what we maybe can’t do anymore. Lana makes me think about emotions the way Kurt did. Love you L.,@zo2779,2024-07-06T22:57:50Z,2
i love the rhythm 🔥,@ghufronalfani3183,2024-07-21T12:54:40Z,2
Not my soul leaving my body when their voices hit harmony 💖😭🫴🏻🌹,@janetopalisthemoonwitch2949,2024-07-30T20:58:12Z,2
I missed Lana sm 🥺 this is so nostalgic ❤,@ehennney,2024-07-10T01:11:30Z,2
beatz with heart 🙂🙃🙂,@roadzoflife,2024-08-07T12:40:29Z,2
Beautiful….i needed that. So nostalgic.,@cberthac1947,2024-07-05T10:31:54Z,2
"Possibly the worst thing she's ever done. She's a serious artist, but insists on doing these ridiculous collaborations with NON serious people. A misstep, for sure.",@glenncooper1060,2024-07-22T23:31:24Z,2
Unreal Vibes fr - got this on repeat all day,@naujoxx98shorts,2024-07-07T13:09:01Z,2
chorus is soo fuckingg cooll i love lanaaa,@chad618,2024-07-21T17:42:56Z,2
This sounds like that unforgettable song,@Michael-eg5xv,2024-08-15T02:01:39Z,2
This song is fire…there both mad good with the lyrics…lyrical geniuses.,@xkira22xx,2025-04-27T14:06:23Z,2
Quavo was always my favorite out of the 3 migos. Something about his catchy verses. He really took it to the next level this last year.,@QuazarT-v8i,2024-10-08T02:26:13Z,2
I'm feeling old lana vibes and I'm loving it ❤,@operationkiller85,2024-11-15T13:47:00Z,2
Quavo have best beat ever,@SpeedyBoykins10,2024-07-06T11:21:26Z,2
It's giving notebook movie vibes ❤,@chealsiegracenengnong123,2024-07-06T10:28:25Z,2
The beat reminds me a little of the song Mother's Daughter by Miley Cyrus.,@robmileman1328,2024-08-27T17:38:59Z,2
"okay but is nobody talking about how they look good together sound good together like are they dating? Because they need to be. 😂😩They look so good together his little rapstar flow & her little West Coast, Venice bitch vibe. I love that 😩 I love this!!!! the end is everything",@nicoleyxs,2024-07-15T21:19:02Z,2
"The Love ❤ they have for each other resonates in this collab / music video. I'm feeling the, Southern Country vibes, Nature, Summer Love Aesthetic ✨Lana is the Queen of Aesthetic all by herself, but together with Quavo it's giving. THEY MARRIED TO THE CULTURE. 🎬",@FollowPatekTheWhiteRabbit,2024-07-12T01:54:36Z,2
Their harmony my fucking god,@britnyjoulle1125,2024-07-18T01:20:29Z,2
Chris Brown beat Quavo so bad he makes song with Lana del rey to feel any peace😭😭😭,@CNA_Productions-SM,2024-07-07T18:10:15Z,2
Why does the beginning of the songs lyrics sound like an old song that I love and can’t find it anywhere?!,@WaahPedalz94,2025-01-04T17:57:04Z,1
someone said her beat drops feel like a orgasm,@uhhidkhaha-i1j,2024-07-13T09:27:16Z,1
This music collaboration and video of Tough by Quavo and Lana Del Rey has a summery and pleasant cheerful vibe. Both the singing voices of Quavo and Lana Del Rey combine in a musically artful manner in Tough.,@stellacarrier8341,2025-07-06T02:39:12Z,1
2017 vibes,@Mossvito21,2024-07-15T23:34:02Z,1
Fly is worst than this track,@elijah.j3288,2024-12-11T06:12:53Z,1
"Quavo, you did it with this one 🙏🏽🤍 you & Lana got me all emotional!!!",@tynian8291,2024-07-09T02:12:45Z,1
Crazy vibesss Need more like this 👍,@64BikeDirt,2024-08-02T17:44:58Z,1
"Gives me 2013 summertime sadness vibes, because that’s the summer the remix played everyday on the radio and I was living that country life in Georgia while serving in the U.S. Army…nostalgia 💔",@ProdavackaDivu,2024-07-21T03:28:22Z,1
Wow... powerful,@andreabrigitteprohaska3281,2024-08-02T20:14:28Z,1
Damn this song 😭😭😭😭 soo good Quavo damn you boy lyrics are so hard,@MnaroMajengo,2024-07-07T20:57:16Z,1
"I had the feeling of having heard it already, like it's been around for years. Until now, nobody has mentioned the quality of the lyrics. The chorus is such poetry. The overall moral that the song conveys is also interesting. All the elements of a good story are there. The blending of two different worlds into one, reunited over what really matters... this is what I would get from it.",@MariSashaV,2024-07-04T18:25:59Z,1
Blue jeans vibes,@lumpyspace9073,2024-10-07T01:18:21Z,1
Amei a vibe e a estética,@MariaisabelDiasgaipo,2024-07-06T02:20:49Z,1
"Quavo bro we needed a second and third verse😂. Love the song, it's just so short",@EternalNodd,2024-07-12T14:08:23Z,1
"I haven’t heard a Lana Del Rey song in a long time. I used to be a huge fan of hers and that’s an understatement. Her voice would kind of put me in this trans and mood that would amplify feelings that I already had or would bring about feelings that I didn’t even have before. Negative feelings. This goes for all secular music, but the reason I’m commenting on this video specifically is because of how much her music impacted me and how I felt all of my young adult life. today I thought let me see what Lana has been up to. I heard the song and something about it troubled me when I started to listen to it because it was almost nostalgic and I was getting those feelings that a lot of people talk about getting whenever they hear her music. Anyhow, I began listening, and immediately thought oh my gosh, I really like this. Her voice is amazing. Their voices are amazing together, but as I kept listening to the song, I realized that she says lords and that was the end of this song for me as a Christian. And if there’s any question, especially listening to this song I just want to remind you  that there is one Lord, and the symbol for the one and only Lord is that of a cross, which is posted on the house in this music video. I just wanted to say that don’t get it twisted because that’s what is happening with music nowadays they are getting it twisted, mixing new age and Jesus. If you don’t think it’s that serious, we know how salvation works and it’s been confessing with your mouth so what you say is important. I say this out of love and as a reminder, but as you know, we have free will and it’s up to you to decide what you do with that.",@Enerodrive,2025-07-10T00:01:39Z,1
Quavo givin me Nelly sweat suit vibes,@bummetv,2024-07-15T09:53:11Z,1
Different genres collab beat the stereotype of music everbody deserve credit,@got-rinnegan,2025-04-02T01:33:22Z,1
The melody soars to another constellation,@avikchatterjee1945,2024-07-16T09:26:47Z,1
WHAT in the alternate universe is not happening here lol???,@alfiemoja,2024-07-07T06:38:02Z,1
The vibes are ❤❤❤❤,@reggieletstalk2620,2024-07-14T08:12:00Z,1
"No nudity, no unnecessary shit, just vibes and chemistry",@edmexcitingmusic,2024-07-08T00:34:17Z,1
Vibe in🔥,@joyphiri5891,2024-07-12T23:01:59Z,1
"I love your vibe, your rhythm, your voice. Its combination makes a special attraction on me. Love it!!!!",@TrucGiang-rf3ro,2024-07-06T03:35:09Z,1
Powerful Rap x Soft Rap = BEAUTIFUL SONG,@marleotulis,2024-07-12T05:57:46Z,1
I love everything about this. The vibe is so peaceful 😌,@shenizawiis6875,2024-07-26T02:37:41Z,1
❤❤❤ its a vibe ❤❤❤,@Mstrisha123,2024-07-08T12:02:10Z,1
2019 Vibe 💗😭,@NeylaMahiou-zd7xj,2024-07-06T01:36:00Z,1
Didn't know it could work....the collabo ....like the vibe...next Lana should try Rocky,@Whataboutmimi,2024-07-11T08:00:33Z,1
"Autotune in 2024, okeeey",@arttur1672,2024-09-04T11:24:38Z,1
No mixing,@whatda7705,2024-07-04T22:03:32Z,1
It’s a vibe 🎉🎉🎉😢❤❤❤❤,@Trinigyal94,2024-07-05T01:56:16Z,1
Nostalgic❤... Anyone in 2026.?,@Ningbuai,2024-07-16T05:55:19Z,1
This is giving me Born To Die Vibes.,@cinematogRAFFIE,2024-07-05T14:08:50Z,1
This give me notebook vibes,@Topir_D_Sheefy,2024-07-05T08:39:09Z,1
Love Quavo's verse here,@snehabhat4876,2024-07-08T18:15:38Z,1
"Okay my ears are no open, powerful song. Sorry for sleeping  Im awake now🔥🔥",@mukundiralulimi3522,2024-08-10T16:36:19Z,1
perfect summer vibe love song. lana del ray is amazing.,@bradradb5076,2024-07-06T21:52:55Z,1
I love these vibes. That’s why Migos with Niykee Heaton was so good. 😍 such perfect combo of hard and soft,@Rosetheredheadd,2024-07-14T08:41:27Z,1
such a great tune! their vocals together is pure gold.,@1111Essex,2024-07-05T20:02:35Z,1
This is one of the best songs I’ve ever heard… music is supposed to elicit emotion. This shit works!,@joddog,2024-07-08T10:22:39Z,1
This song was better on tik Tok when it only had a chorus 😂😂,@stormshadow631,2024-09-05T03:58:12Z,1
My beats fire or nah?,@420bycon,2024-07-10T19:51:52Z,1
this song gives me national anthem vibes and i like it!!,@Lanadelrey1234,2024-07-05T10:07:21Z,1
Well well well vibeeee,@DawnFreeSdiki,2024-07-14T14:09:01Z,1
"Happy she back to her roots, alternative hip hop mesh and melody beats.",@kellyanna6610,2024-07-04T23:31:12Z,1
Quavo Antonio Tone Bone,@gerardgarnett3848,2024-10-12T18:17:08Z,1
National anthem vibes,@blackpinkpavedtheway128,2024-07-18T15:06:48Z,1
"Ja, lekker soepel die twee stemmen en die verleidelijke beat. Prima.",@HannekeErnst-Jan,2024-07-05T05:48:52Z,1
vibesss,@smrittisridhar5439,2024-07-08T11:57:00Z,1
Weird seeing quavo and Lana collab but hey the song is a vibe tho not gonna cap I like it,@hike2x-,2024-07-06T02:56:15Z,1
Am I the only one who thought this line at 2:37 was melodically similar to the pre-chorus in Starboy by The Weeknd,@Ensitrious1,2024-07-06T06:08:47Z,1
This is ridiculous.... Its been 11 days and only 7 mil views?? Maaannn It be ya own people... I actually like this song... alot of yall some hating a** mfs like fr.. if it was nun but bit**es shaking they a** and ni**as degrading females while they happily shake they a** and ni**as talkin bout unaliving each other then yall don't wanna hear it? This not yall vibe? So this song don't sound soothing to yall wit a lil hip? 🤦🏽‍♀️ we degrade our own people every day and it's sad to see .... I think this song is beautiful 🥰,@LowkeyyTaky,2024-07-15T05:20:58Z,1
Definitely a vibe!  And a hit for the radio!,@Mrvpk6,2024-07-05T21:58:52Z,1
Trap Lana is such a fucking vibe man,@Trg18993,2024-07-17T09:24:06Z,1
Lana always brings out a different vibe <3,@yennhivo1804,2024-07-06T02:48:22Z,1
"Quavo’s rapping kinda an L like he sounds like any generic rapper. I bet he’s just going to get 15 minutes of fame for collaborating with Lana Del Rey and forgotten. I mean, this song isn’t really getting hype at all except for Lana fans",@coconutandkeylimepie,2024-08-04T04:02:16Z,1
Quavo killed this song i loveee his verse❤🎉,@chellchell090,2025-01-04T15:03:49Z,1
The day I saw this music video now I can't skip the day without it.. I can't count how many times I use to listen this song..this song is not so much meaning full to me but the sound of this two duo touch my heart broken heart from the deep and now fixing it after all I found this for my rest of my pain in the life..,@EliashRongphar,2024-07-23T05:46:03Z,1
This music video was incredible and her vocals are just phenomenal as always,@vintagelittleone,2024-07-05T06:42:38Z,1
Hottt lovely vibes 💯,@6locc6abby1,2024-07-20T21:15:14Z,1
0:51 THAT BEAT DROP SICK AS HELL😩,@Adoreki,2024-08-21T18:54:14Z,1
Oh god I just love Lana’s vibe energy everything about her she is very charming,@Veende_,2024-08-01T07:48:18Z,1
Chorus 🔥🔥,@noemitinoco7090,2024-07-15T17:20:28Z,1
Vibes is the theme ❤🌝,@stevenmuyunda5035,2024-07-04T19:45:19Z,1
*They vocalize like they're addicted to each other*,@SKSBarbie,2024-09-25T10:12:56Z,1
"it's giving ""national anthem"" vibe without money, power & glory but toughness & hardship",@orayathanakulrungsee2134,2024-08-27T09:04:21Z,1
I love the aesthetic. I love the sound. The vibes are immaculate,@achingaster1199,2024-07-06T19:42:51Z,1
"Finally a quavo tune, I can vibe to after so many year 🥺",@aziberayammoses6597,2024-07-09T19:51:28Z,1
"Feeling, Good Vibe🙌🏿❤️",@D33pBoyzOffice,2024-07-06T11:04:30Z,1
LOVEEEEEEEEEEEEEEEEEEEEEE THIS VIBE,@mayte_torreso,2024-07-08T06:03:07Z,1
Beatiful,@Silasmk77,2024-07-06T10:57:32Z,1
OMG... music/hip hop is taking an amazing turn lately and I'm lovin it! This is actually dope and Quavo has a good voice for this vibe/fusion. Is this considered like Hip HopxCountry?,@hesmakesmusic,2024-07-06T18:15:06Z,1
Amazing vibe😢,@nayderlyon_2862,2024-07-05T02:55:12Z,1
Its remind me of her first album vibes summertime sadness 😌😌 so good 😌😌🙏,@mahamo92,2024-07-10T14:17:45Z,1
Quavo slaughtered with his verse. He moonwalked on this beat💯🐐🔥🎯,@therongibson3653,2024-07-08T21:17:15Z,1
Quavo fucked up shud jus went w da auto tune n flow but he tried mixing up his voice n dat took alot from fa song,@vrdhmanreferral6005,2024-07-11T19:58:26Z,1
This was such a love anthem to America tho. No coincidence at all it dropped right Before July 4th. Gives you a different appreciation for the lyrics. Tough.,@Budleigh100,2024-07-06T03:10:36Z,1
Good acoustics,@seanomar3536,2024-12-21T00:24:31Z,1
I never thought I could fall in love with a song so easily. Their vibe is impeccable 😮🤌🏽😍,@JennnoZkiki90,2024-07-06T03:53:12Z,1
"Beautiful masterpiece. Brings about mixed emotions, the ultimate one then being happiness",@ruuddavid5966,2024-07-17T13:09:21Z,1
"I am not a fan of either their music BUT...I heard a snippet of Lana singing ""like a diamond in the rough...Tough"" then a badboy beat came on with Guavo's part I was HOOKED...listened 5 times in a row then downloaded!",@Leehuss5582,2024-11-11T21:35:21Z,1
Ate this so bad good lord!!!!!!!! Wow life suddenly is worth living omlordddd grateful asfffffff ✨️😭😭😭🥰🥰🥰🥰😘😘😘😘 jesus and lana here to save usssss from everything!!! Ourselves others like... a vibe that never dies.... 😭😭😭😭😭😭😭😭🥱 wtaf yall lol im faded but dang lol thank u our hardworking and amazing artists!!!!! Ate ate ate 🥺🥺🥺🥺,@dulsetta,2024-07-06T11:40:54Z,1
yeah!! the emotion it gives off made me nostalgic 😮,@damienanselin7171,2024-07-05T12:25:29Z,1
Video games and national anthem vibes but matured and  i'm here for it ❤,@bbbbbaebae,2024-07-08T13:01:01Z,1
This is a vibeeee,@keturahreaves8664,2024-07-04T19:20:27Z,1
This is undeniably catchy,@Frictionfriction,2024-07-04T19:14:57Z,1
Is a different vibe when you know Quavo is on a other type of music! LONG Live Takeoff 🕊️🚀,@jdc-vogue,2024-07-04T19:08:49Z,1
I know my ex listening to this rn. That’s tough. Still don’t know wether to wish you the best or the worst.,@l8Os,2024-07-04T23:42:50Z,1
This beat is good,@brorf6080,2024-10-03T06:15:38Z,1
Uma vibe muito boa,@kalillediiolliva7052,2024-07-04T19:06:19Z,1
vibe is vibing,@nurayshii,2024-07-08T15:27:21Z,1
Love this videos vibes!!,@sarahshiver4885,2024-07-10T01:30:33Z,1
"God quavo sucks, autotune is trash",@mikenumber22,2024-07-04T17:03:02Z,1
Hope you don’t drown in the deep end 😂😂😂,@Caasandy,2024-07-06T03:37:20Z,0
"I love how the camera makes it feel like early 2015, also it sounds like "" Sometimes I think about you"" beat.",@NoemyTorrance,2024-09-16T21:32:27Z,0
Like the 808s beating in Atlanta it's been tough...praying for my n words and my thugs,@devonarmstrong420,2024-10-02T04:44:18Z,0
Those lyrics are legendary,@Mosaic_Mirror,2024-07-06T14:44:10Z,0
I can barely understand the lyrics. Is this the new style?,@grasshopper6896,2024-07-25T02:08:52Z,0
Lana is always a vibe,@Clifton_McWilliams,2024-07-09T14:45:36Z,0
"Ok but I LOVE this, and usually don’t care for Lana’s music. (No h8 just not my vibe) but this is amazing.",@phoenixxsunsett666,2024-07-09T03:14:55Z,0
😂😂😂😂Aux voyageurs temporels🥰,@milleor1297,2024-07-12T18:11:14Z,0
"It’s so sad… Justin broke her down… now he’s falling apart, because he wouldn’t face his truth,… heal thru his trauma, he avoided, he ran…. And lost the love of his life. Because he wouldn’t be real. Hope they both heal, I don’t think Benny is as genuine as everyone else. I think it’s wrong he’s rubbing Selena in his face when everyone just found out he was sexually assaulted & abused for years by diddy and others. He’s fragile state of mind right now. And I see Benny is a little creepy troll …. He produced Kesha’s songs, while she was being raped & controlled by her manager/ ect …. I get the vibe he’s complicit, and he has bad vibes in any of the interviews with Selena ….",@cgeorginac,2025-04-14T03:38:13Z,0
"Vibes & Chemistry! Autotune and predictable beats, instantly forgetable crap; Lana of course is lovely but makes poor choices on who she sings with.",@maseypoos6711,2024-07-08T18:28:24Z,0
It’s giving I good vibes,@Pandaaa00,2024-07-04T19:47:01Z,0
Vibe,@Blocks2Blocks3,2024-07-14T22:22:44Z,0
What in the multiverse glitch is this crossover. Love it though because Lana is in it!,@brightwelldlamini,2024-07-09T18:24:52Z,0
Not me imagining a Take Off verse in the middle of the song🔥🔥❤😢 Damn he would've killed it,@BoyN23,2024-07-08T11:00:41Z,0
Lyrics??,@boglarka3513,2024-07-05T19:04:38Z,0
Quavo Autotune,@geoms6263,2024-10-08T17:29:01Z,0
c'est vraiment ça le multiverse,@nanpetxo,2024-07-15T22:38:56Z,0
Too much redneck vibes.,@deadly.108,2024-07-10T04:54:58Z,0
Why does he need autotune? It's like Lana is trying to romance a lizard person,@lovecatspiracy,2024-07-06T18:04:06Z,0
It was decent until the guy started his autotune singing,@testvideo44,2024-07-11T18:54:24Z,0
03:01 mfs just havin a normal ahh conversation but the trap beating like they havin a rap battle,@lickilicki2895,2024-08-30T13:55:04Z,0
Bet it could be better without autotune... Beautiful prod anyway !,@w.l.v8395,2024-07-05T09:44:33Z,0
The photo gives National anthem vibes,@Merybari,2024-07-22T21:27:16Z,0
Please don’t beat this one quavo 🙏,@kingston2100,2024-07-06T02:27:24Z,0
Obsessed with this slowed and reverbed lol,@cloyboy2493,2024-07-06T00:15:59Z,0
Very hard and emotional track 🔥🔥🔥,@Official_G_G,2024-07-08T21:26:03Z,0
Quinten Tarantino vibes ❤❤❤,@LauraMorgan-cb2dy,2024-07-06T02:13:56Z,0
"The CC lyrics say ""good old Christian guitar."" It's Gibson guitar. Are those auto generated or does someone generate them?",@asleepbydawn137,2024-08-28T00:20:12Z,0
Summer Vibe 💯,@TheOneYouNeedtoknow,2024-07-07T05:20:42Z,0
does he ever sing without the ton of autotune that he uses in this?,@reddyreddy2618,2024-07-18T18:25:29Z,0
"The versatility of lana's writing never ceases to surprise me, even after all these years. The way she is even able to write country music lyrics so aptly while dealing with this genre in whole for the first time just further proves why she is the greatest living songwriter in the world",@joeroganshorts-v1o,2024-07-09T15:16:31Z,0
Edelweiss beating in the trunk  wasn't that Hitler's like favourite beat at the time? Lol,@AstroGamers9379,2024-11-28T06:13:04Z,0
Hardest qauvo verse this far,@thabangmohaeka9079,2024-07-06T18:57:24Z,0
Why does the rap version always have that say artist sound it the same every F’ing time same vocals when it’s crazy if you know what I mean by that vocal sound when it comes to a rap version or a added vocal version 2:38,@sharpecomrognet5537,2024-09-20T00:05:41Z,0
3:03 vibes goes crazy,@redeatseyoum9167,2024-07-04T16:42:11Z,0
Whole new vibe unlocked w this one✨,@krazyrico104,2024-07-04T16:58:18Z,0
80's vibe is awesome,@nasir-shael,2024-07-04T18:00:03Z,0
this literally made me emotional omg,@mytamponhurt,2024-07-06T19:09:17Z,0
"0why does it give me such extreme secondhand embarrassment... for context, im a little emotionally stunted. lol",@lrose1046,2024-07-04T20:07:51Z,0
MMC da click vibes.,@j0hnsn0w16,2024-07-04T20:31:09Z,0
"I can't!! the lyrics, the music, the scenery!!! everything is perfect 😭💗💗💗💗",@beachmoon18,2024-07-04T21:06:36Z,0
This gives me national anthem vibes,@miaxx937,2024-07-04T21:49:50Z,0
National Anthem with ASAP rocky vibes,@m00n_huhh,2024-07-14T06:22:43Z,0
This is giving queen and slim vibes,@Untildawn_thedawn,2024-07-07T17:57:43Z,0
"It’s giving national anthem vibes, love it",@annastone7397,2024-07-05T02:16:46Z,0
55 yo woman here absolutely loving this vibe 👏🎶❤️🔥,@elizabethbeemer4508,2024-07-11T16:42:32Z,0
This is similar to the vibe of lana and Asap,@emmasteffen4283,2024-07-05T19:20:40Z,0
"this song reminds me a lot of asap rocky with Lana, magical, nostalgic but tough. Love it!",@vampiredannii,2024-07-05T19:47:35Z,0
this is the alternate universe decade long retired presidency private citizen sequel to national anthem,@strawbubby,2024-07-06T07:55:51Z,0
Lana Rhodes and Jayson in an alternate universe,@wisefool6999,2024-07-06T16:03:14Z,0
"After all the booty shaking it’s nice to get a real vibe, I can feel the chemistry from the video",@Dirache,2025-02-18T23:11:31Z,0
"Love the song, vibe and energy 🎉",@mangobirdpicker,2024-07-06T13:14:05Z,0
"Coming from a long time Lana fan,I'm pissed off about this song. It's trash. Quavo is trash. He ruins the entire song. Like I've almost lost respect for Lana. I don't understand today's generation of music and I'm only 30. I appreciate rap love rap music but there is only a handful of rappers who actually know what they're doing. Anyone can literally make up a beat throw auto tune on it,and BAM they're a rapper and today's generation goes crazy over it. I don't understand. Humans disappoint me.",@Jess-u5f,2024-07-19T16:48:26Z,0
"I like when quavo does songs with singers Katy Perry with bon apetit, omg with Camilla cabello,strip that down Liam Payne it always brings a special vibe",@deandrethomas4280,2024-07-05T15:20:22Z,0
Ich fühl den Vibe halt und als artist ist die sichtbare entwicklung ein muss,@YeahYungWastedBitch,2024-07-05T21:36:04Z,0
Bro I swear Lana is a whole vibe and mood,@Annabgaming,2025-01-19T14:04:42Z,0
Timeless melody. Mother lana at its best.,@SamHunt-zn4pz,2024-07-14T19:31:15Z,0
Awful song,@zrod6348,2024-07-07T15:40:11Z,0
#vevo say it again no nudity just vibes and chemistry,@meshstatements4910,2024-07-07T02:35:25Z,0
"I must be missing something, She was Elizabeth Grant then became Lana Del Rey. I find her so inauthentic in every way. Not just the name change but she seems so affected. She seems like AI to me. I can't remember any lyrics or melody to a single one of her songs. I first saw her on SNL and was not impressed. To each his own.",@slabow1,2024-07-10T01:28:06Z,0
Driving in the sun to this is a vibe!!,@danielwilliams6950,2025-07-12T17:42:41Z,0
"Lil mosey reply dude, I got beats 4 u",@TimmyJry,2024-07-26T19:54:07Z,0
I feel like they summed up my personality. Needs a touch of deftones to make it🤌🏼,@HONEYkitterbee,2024-07-19T22:14:22Z,0
The video gives me the same vibe as the videos from the 90's,@daniela4889,2024-07-07T01:30:43Z,0
This is given summer bummer and ridin vibes iykyk,@comeformeandyourlifewillen9567,2024-07-05T06:42:55Z,0
Quavo is still struggling despite the case he was  abandoned by his deep state friend...congratulations 😪 where did offset go after we loose takeoff,@22staryl96,2024-07-05T05:45:31Z,0
Doesn’t beat the national anthem video and her chemistry with asap rocky 😅⭐️,@RobynJane,2024-07-14T21:44:07Z,0
NO WAY QUAVO IS USING AUTOTUNE!?,@drumpftodd7887,2024-07-05T09:24:20Z,0
"la fresa y el malandro del barrio, my jam vibez fr",@ayemnygonzalez9178,2024-07-04T18:27:07Z,0
"if u guys like this comment it would always remind me of this masterpiece and hit em ups, vibe wit it. ...grrrttt 💯💯🤘🏼",@jonafiveonetwo4087,2024-08-06T13:09:32Z,0
"I really like them together. If they are a thing I hope it works out. I love the vibe of an old rich married couple in the country, who are deeply in love and at peace.",@wheretheart6375,2024-07-07T02:17:37Z,0
Wow 9966 pretty vibes !!! ❤️,@flippinsky,2024-07-09T16:27:06Z,0
This song blows my mind ❤ love the vibes! Feels like a chill summer vibe,@josue_psychologist,2024-07-06T14:05:11Z,0
Good vibes bro,@AndriamanjakaGirodonNambininja,2024-07-09T06:32:04Z,0
NICE❤ but last verse prrrrrraaaah semms to be Ruin,@BORISHKHUNDONGBAM,2024-07-22T15:09:35Z,0
Can everyone chill with autotune? Sounds elderly.,@B_kinda,2024-08-29T20:01:23Z,0
Quavo melody 🔥 🔥,@SamNakale,2024-07-09T08:21:16Z,0
"I like the song but I can't get into today's hiphop parts. Just highly edited production. Sure at first the style was chill to listen to but it gets old. Same autotune bullshjt, with some sick beats made by someone else or a separate DJ, same flows. Saying the same ol shjt. People hyping up these dudes and guys like Da Baby and I see nothing special. Just corny mfers trying to look cool",@duc2133,2024-07-09T21:36:57Z,0
"Anyone remember those scenes from the movie Holes. ""i can fix that"" type vibes right?",@devonteroberts6073,2024-07-05T20:15:23Z,0
"it's giving the vibe of National Anthem, after our first lady Lana found love again",@RobertaMontagnini,2024-07-06T13:30:31Z,0
"I hope that this isn't a new single from Lana's album. Quavo use effects on his vocals, that are awful and ruins the song for me.",@Outsider36,2024-07-09T18:33:54Z,0
So much love for this universe and gems like this. No matter how much ish flies my way. Imma stay. ❤,@JRMK2,2024-07-14T20:14:33Z,0
Camp snoopy vibes! Perfect timing for the new camp snoopy!,@SydneyLee33,2024-07-04T21:44:33Z,0
I don’t know why but this track would fit on Lana’s Paradise album. Like I get Paradise vibes from this track and the MV,@himbocities,2024-07-05T00:01:37Z,0
Lana why are you not vocal about supporting PALESTINE?  Are you blind to the destruction israel is doing?,@SabaMaisha,2024-07-06T18:27:26Z,0
"Hey everyone!  If you enjoy   instrumental covers, don't forget to hit the subscribe button and join our Melody Masterpieces community! We upload new covers and original instrumentals regularly, so make sure to click the bell icon to stay updated with our latest releases. Thanks for your support and happy listening!",@MELODYMASTERPIECES-o7l,2024-07-24T14:24:46Z,0
This is a nice surprising vibe. I wasn’t sure how the two sounds would mesh but it’s really relaxing,@willegacy,2024-07-07T06:11:06Z,0
Sell the music or Cell the music😂😂let’s go deeper,@Caasandy,2024-07-06T04:47:12Z,0
A fuckin vibe ❤,@Princesspoppy28,2024-07-07T20:37:30Z,0
Love this song. give me perfect vibes :),@alikg,2024-07-10T08:42:44Z,0
I’m here because of Maddox Batson who was the person who wrote the lyrics for this song,@Jae_Th3.ARTIST,2024-07-24T21:38:34Z,0
"hi I hope you are doing fine. I make music but it's really tough to have visibility when you're little, but I do my best to make my art known. I invite you to discover my beats and if you are not disappointed, do not hesitate to subscribe and share with your friends. Peace ;)",@tozink,2024-07-08T11:23:05Z,0
check the acoustic version!! you can tag them if you wish:)),@tomtommmusic,2024-07-14T14:48:50Z,0
We say AWARD TOWARDS THE COWARD 😂😂😂 don’t let me go deeper,@Caasandy,2024-07-06T04:38:03Z,0
National anthem video with A$AP vibes,@dannanava4265,2024-07-13T20:57:54Z,0
This is like ice spice and Taylor swift collab vibes,@ambssbeth,2024-07-09T21:47:22Z,0
"Is this considered good,? Just asking what the vibe is",@ComeAliveToday,2024-07-06T00:11:07Z,0
Why this song make me feel different vibe from where I am right now,@Littlekitchen013,2024-07-12T11:44:55Z,0
The vibe,@coffeeyara1,2024-07-09T07:52:29Z,0
4th of July vibes,@TobElliot,2024-07-04T17:17:44Z,0
Such a vibe these two ❤❤,@fifibc7925,2025-03-01T13:45:18Z,0
I am in deep love with the song ❤ it's so good,@sitanepal-e5x,2025-02-17T05:06:05Z,0
You could feel Quavo's emotions in this song,@WisdomAlugu,2025-07-26T18:19:18Z,0
"ngl both their voices r angelic in this song. lanas gentle tone, yet quavo’s not being too rough or deep",@alonewitchh,2024-09-25T08:06:03Z,0
Born to die vibes. That album was legitimately ahead of its time,@shutup11337,2024-07-17T14:27:51Z,0
"O Quavo tem vibe de nóia e ela de mendigo, super combinou",@Barbosas984,2024-08-28T15:48:50Z,0
Good vibes from this,@SNL_J9ine,2024-07-08T03:28:44Z,0
They bring me Starlight and A Train vibe,@Bakichancook,2024-07-05T12:07:17Z,0
"This sounds similar to Viva Forever by Spice Girls, with a trap beat over it",@PIneleo,2024-07-16T13:16:02Z,0
"Lacking any self awareness, this forced mashup not only sounds like crap in a last ditch attempt at gaining relevancy for quavo, but the lyrics are beyond retarded.",@joshroberts8944,2024-07-07T16:00:54Z,0
Vibes 🔥🔥🔥,@midwestgamer3123,2024-07-08T02:20:05Z,0
"this is so cring, so much autotune, the video looks cheap, what is happening to music, to art, to the quality? so sad",@carlospallete3030,2024-07-07T21:02:11Z,0
quavo verse so trash lol,@ryugiwell,2024-07-08T21:05:06Z,0
Serves national anthem vibes,@aaliyahhbug,2024-07-09T22:15:20Z,0
Wtf in the multiverse kinda crossover is this,@7evenoff692,2024-07-07T19:28:44Z,0
"I love this so much, especially because for some reason it makes me Nostalgic for Nathional Anthem ❤",@nicolasflorezcardona8719,2024-07-06T18:43:14Z,0
Didnt expect this to be so good. This is A whole vibe.,@jeremiahk.3399,2024-07-14T00:40:44Z,0
Race mixing is gross.,@MBT32,2024-12-07T10:55:50Z,0
Quavo vocals 😮🔥🤔,@WassamBoi,2024-07-07T07:27:39Z,0
wow i feel the old lana vibe,@sripathirao3583,2024-07-05T15:45:55Z,0
In this song you really understand the difference between the natural beauty voice and autotune😀 change my mind,@alexbud8105,2024-07-06T03:29:02Z,0
Wow yes love it. Vibes,@princessursula1103,2024-07-07T21:20:46Z,0
"Most modern music is just so awful, and this is no exception.",@polychad,2024-07-05T18:40:04Z,0
beat by me,@sxarlatti,2024-07-05T16:47:31Z,0
I can't with autotuned,@BawiThawng,2024-07-05T13:14:59Z,0
This hit different. Gets you emotionally. Keep pouring out like this Quavo!!!,@KeazyLa1020,2024-07-09T06:28:08Z,0
DJ muggs beat???,@BoAyranThomas,2024-07-05T03:32:38Z,0
2016 quavo vibe 🙏🏾🫂,@Yessiralfa,2024-07-05T00:53:40Z,0
6lack and jessie vibes,@ROHIT-wm9uc,2024-07-04T17:49:32Z,0
I love this song. It's a whole vibe.,@nataliefakunle4464,2024-07-22T02:39:44Z,0
