comment,user_name,date,likes
Our golden voice rose smash hit needs 67.17m more views before we make history as the fastest song to reach two billion views. Let's go blinks,@jasonlarson716,2025-08-21T11:24:43Z,31
The fact that this is gonna be a younger generation’s nostalgic song is crazy Rosé and Bruno really are entertaining for every possible generation.,@lianalianakhatoyan1651,2025-08-10T21:30:38Z,26
let's make it to 2B views before its one year anniversary!! This will be the first in history!!,@beajeanette_,2025-07-25T00:32:29Z,26
It's a lively and good song that's never boring to listen to❤,@미송오브트리,2025-06-28T02:56:08Z,24
You are making history Rosé,@sahilbhallaa,2025-07-24T17:24:36Z,20
When the song is so powerful that the cat started dancing.😺 Let Rosé's voice sound forever. ❤,@LalisaManoban-Lilies,2025-07-11T04:19:28Z,18
"!!!ATTENTION!!! We’re standing at the edge of history. If APT hits 2 billion streams on both Spotify and YouTube, ROSÉ will enter a league reserved for the most iconic artists in the world and possibly become the first K-pop female soloist to ever do it. We should reach 3.5M daily view until the end of this month so we can get those goals.",@laurent_lee,2025-08-05T11:40:27Z,17
"I like this song. It is one of my favorites. My best friend and I would vibe to this song all day, every day.",@edwardsreality,2025-08-23T21:51:45Z,15
First MV in history to reach 1.9 billion on YouTube AND Spotify! Crazyyyy,@oncextokki,2025-08-11T16:14:07Z,14
What a vibe ❤,@Dora_shin-d41,2025-07-14T12:37:34Z,13
"Almost 2 billion views in quite a short time, I bet this never happened before with any other songs😮 This must be the most populair song in history. I see songs who are like 10 years older, but still haven't reached the 1 billion views",@xomelanieeexo,2025-08-16T16:14:36Z,13
"Cant believe this song was 9month ago , time flies so fast. This is so nostalgic😢",@vijayaprakash08,2025-07-18T06:42:43Z,13
I'm literally still vibing to this masterpiece without getting tired of it. Rosé made history I'm so proud of her for coming that far 💖✨✨,@Soudoussebouhi,2025-08-22T23:02:02Z,12
"Absolutely stunning pairing! The visuals, the vocals, and the chemistry between ROSÉ and Bruno Mars are mesmerizing. APT. is pure artistry. Love this!",@MackRandall-g7t,2025-06-25T18:35:58Z,11
Love the song! A catchy song! An iconic song in the world! Love u Rosé. You are the best,@nov_eric,2025-07-02T04:19:52Z,11
This song is catchy for sure,@PikaSoju,2025-07-11T03:05:18Z,9
"What, already 1.7 billion? Wow, so fast! I feel like i just witnessed a history in the making right now.",@IfahOpg,2025-07-01T11:55:36Z,8
"I love this, rhey are having so much fun performing, the song is happy and up beat, and even the set was a fun color!",@Mega4ort,2025-07-09T03:53:31Z,8
0:37 the way Bruno can keep drumming without skipping a beat while Rosé hugs him like that is incredible,@FutureAIDev2015,2025-08-13T23:41:25Z,8
"""The vibe is so fun and happy, love this song!""",@Joshiiieditor31310,2025-08-13T13:50:22Z,8
Definitely has a late 2000's early 2010's vibe. Kinda like 3oh3 and Katy Perry.,@Azelas27,2025-08-21T12:12:06Z,8
Dude this has perfect middle school couple vibes and i love it,@alagesanramanathan4598,2025-07-13T15:19:32Z,7
Omg  !!!! Big fan here ! Love the vibes ! Slay ! I love this song . Listen to it everyday 🎉🎉🎉🎉🎉🎉🎉❤😂,@ivyyang8253,2025-07-18T00:12:21Z,7
Bubblegum Pop I like teen pop and this rosé vibe really,@Kurnaz_kurt23,2025-08-17T13:51:07Z,7
This gave me chills… in the best way,@Gehegjahecgahaxe,2025-08-18T02:32:37Z,7
I MISSED THOSE ARTIST COLLABORATION WE USED TO GET BACK IN THE 2000S. THIS HAS THOSE VIBES AND I M ALL HERE FOR IT,@gladysribera,2025-08-13T22:52:57Z,7
This song is so vibey let's get it to 2billion guys😂😂,@ikramAbdul-c8n,2025-07-09T16:40:14Z,6
9 MONTHS OVER TO APT BUT STILL VIBE LIKE NEW SONG,@sanjariarshad-rd6tb,2025-08-05T08:44:56Z,6
"“‘Apt.’ is a colorful hit by Rosé and Bruno Mars — a high-energy, pop-punk tune with an addictive ‘apateu’ chorus. Rosé’s voice on this song exudes both a soft femininity and a strong inner strength, especially when harmonizing with Bruno Mars — creating a fresh and confident feeling. Rosie’s album really has an impressive opening!”🫶❤️❤️‍🔥😭",@Ngbao_02,2025-07-08T14:38:46Z,6
Lyrics + voice = perfection ??,@WhiteheadLee-b5i8z,2025-08-20T11:11:42Z,5
Y'all bring this trend back to life it feels so nostalgic already 😭,@CarlitoAuhelioJr,2025-07-23T12:31:04Z,5
Congrats for another milestone!,@scscscsa2121,2025-07-10T02:32:30Z,5
"generally praised for its fun, catchy, and vibrant energy,",@prinsi2,2025-06-29T13:27:43Z,5
Bruno’s smooth vocals + Rosé’s angelic voice = literal perfection. Who else didn’t expect this combo but can’t stop replaying? 🤯🎶,@PopMusic-n7l,2025-07-24T09:29:17Z,5
"This collab is everything! Rosé looks genuinely happy and free, and the song is such a fun, unexpected vibe. I love seeing this side of her artistry.",@CathyMattice,2025-07-09T00:34:52Z,5
Omg I got American 2000s High School Vibe.,@Heras_private_place,2025-08-08T02:17:08Z,5
Sure that After so many years we fell nostalgic for this song❤,@akshay2003-v6w,2025-07-18T19:34:46Z,5
"Rosé’s voice isn’t just heard — it’s felt. ‘APT’ is raw, emotional, and absolutely breathtaking. She never fails to touch the soul. 🥀🎶❤❤",@Techno-Dev07,2025-07-17T18:00:25Z,5
"K  it may be true that Brother Mars contributed some, but it was rosé who wrote lyrics and composed music. rosé auditioned three songs for Brother Mars, and Brother Mars said that apt was very good, so they cooperated. This song is on the top of all the music of Brother Mars. I don't want to see anyone say that it's all up to Brother Mars or something. rosé is worth it.And numberones Don't be brainwashed by haters😅Rosé has made great contributions, and it is not necessarily so popular for another person to cooperate with Brother Mars, such as his cooperation with ladygaga.😅😂R totally deserves everything",@giverosie_fiveroses,2025-08-14T13:42:42Z,5
The harmony of them is perfect✨️✨️🎀,@aaaaaaa-o8s,2025-07-02T08:12:30Z,5
QUEEN WE ARE SO CLOSE TO 2B OMG YIURE GONNA SHATTER SO MANY RECORDS AND YOURE GONNA LEAVE ANOTHER MARK IN KPOP HISTORY ROSÈ YOURE THE BEST ❤❤❤❤,@EVERYTHINGINEEDISONTHEGROUND2,2025-08-20T19:17:56Z,5
"This song is so upbeat, I think I can listen to it 100 times?",@gialinh647,2025-07-12T00:42:58Z,5
Rewatching to reach 2 BILLION milestone??🎉,@Maria325-q5f,2025-08-15T15:17:51Z,5
The Most Annoying Song is Everywhere 😭🙏,@Nikobellic-b9v,2025-06-28T18:01:20Z,4
I never appreciated the vocal quality in APT this much until I heard the new release of that song today😂,@stevelin5109,2025-07-11T08:12:57Z,4
Im army (im crying now this song will beat dynimite music (π_π),@FrostFireFolcano,2025-08-18T09:19:20Z,4
This masterpiece never again produce in History A-P-T!!!!,@IndianBLINK123,2025-07-13T02:19:02Z,4
"I love your music. The vibe is like rock and I love love your music, especially apt",@DsongbirdHeart,2025-07-06T22:36:05Z,4
The beauty and karma of universe of rosé getting Grammy in same category in which that boy band group from korea lost for 3 consecutive years.,@DiptimayeeBag-gh5rl,2025-07-12T08:43:02Z,4
I love how this song takes me on a journey. It starts off slow and builds up to this epic climax that gives me chills every time.,@TessaColeman-v5p,2025-08-01T07:41:24Z,4
"Energetic and hyped: Think channels with fast-paced editing, upbeat music, and high-energy content.",@8eyeyDjt,2025-07-25T19:30:55Z,4
Rose u are my life u are my feelings u are my heart u are my best idol u are my love my queen my princess my best vocal my everything i love you rosie i love you so much,@shiling-j3y,2025-08-13T22:57:03Z,4
Rose angelic voice +Bruno iconic tone =Masterpiece,@Manuela-q,2025-08-20T10:53:55Z,4
0:52 insane vibezzz,@Blacknwhitex2,2025-06-29T15:21:21Z,4
nostalgical,@DHIAMAISARAHALAMINBINTIMOHDMUS,2025-08-04T12:01:36Z,3
This song has such a catchy beat!,@MalwinaTomaszewska-d7u,2025-08-04T09:35:38Z,3
this song will forever be a vibe,@misoxonherway,2025-08-17T10:13:05Z,3
Siblings vibes✨,@Pitufichingada,2025-08-05T08:07:59Z,3
BLIИKS let's go for 2 billion milestone,@IndianBLINK123,2025-07-23T04:35:26Z,3
"This song has been stuck in my head for days and I never heard the Bruno mars part, and I had no clue wtf she was sayin, it took me forever to find it....still stuck in my head tho, catchy tune",@jeremymiklos6914,2025-07-04T08:49:21Z,3
Republica - Ready to go vibes. Megaphone and all haha,@liqqan,2025-07-16T14:25:25Z,3
"A question, is the song Japanese or Chinese because there are a lot of Japanese or Chinese people, I honestly don't know why it has the same lyrics xd I'm Mexican",@ErickVazquezTorres-d4m,2025-06-29T19:21:57Z,3
This is the worst song I ever heard,@Stumbleguysinfluncer,2025-08-03T02:34:12Z,3
its such a happy vibe! it reminds me of those random collabs back in the 00',@Palmm420,2025-07-31T06:04:12Z,3
"Rosé made a really good song, it was very catchy and catchy.",@NaNa-t4j2k,2025-07-20T08:55:29Z,3
Lyrics source?  I have no friggin' idea what the chorus is.  WTF are they saying?,@jlester4892,2025-07-25T18:28:18Z,3
How poetic it is going to be for rosé winning Grammy in same category a boyfriend from korea lost for 3 consecutive years. 😂😂 I feel universe really worked against bts and army,@DiptimayeeBag-gh5rl,2025-08-01T12:11:58Z,3
Oi eu sou seu fã sempre eu escuto essa música sempre eu gosto dessa música tempo hoje eu vou lembrar até quando eu ser grande😊❤❤❤❤❤❤❤❤❤❤❤,@bertilapinheiro6895,2025-06-25T20:34:25Z,3
This should be in history books.,@BissoGhosh-r7u,2025-08-13T18:31:10Z,3
most annoying song ever holy shit,@guuh5772,2025-07-03T01:08:45Z,3
It's just amazing and really fun to  listen to this song it has a very crazy and amazing vibe,@SaudaHamisi-s9k,2025-07-07T20:35:13Z,3
"What’s up with this song? I mean one kpop singer writes her own song for once, gets Bruno Mars on it and suddenly it’s a hit? Like wtf. There are thousands of artists out there writing meaningful songs daily but just can’t blow up but the korean sl*t can? I mean 2b views and 2b streams in under a year is hella overrated for as meaningless as this. Only 10 year old girls listen to this on repeat. Like bro.  I can guarantee nobody is gonna be calling this crap nostalgic.",@DOSAMUNCHER,2025-08-11T11:15:27Z,3
Bruno Mars representing Fillipinos. GO BRO YOURE FUCKING AMAZING. This shit real catchy too.,@munkqiking7207,2025-07-27T05:11:14Z,3
"This song hits differently. The way ROSÉ and Bruno blend their voices is pure magic! 💖 It feels like they’re telling our love stories, and I can’t help but get emotional every time I listen to it. Thank you for sharing such beautiful art! 🌹✨",@JohnsonHarry-u6m,2025-07-18T14:07:43Z,3
2:20 this lyrics suited in thalaivar coolie's movie 🛐💥,@Androidgamingyt2006,2025-08-17T11:42:32Z,3
APT is already 9 months old? It's nearly a year since this catchy song has released!!!,@WonderfullyStanley,2025-08-07T22:27:36Z,3
Most worst music I have heard ever only boys will understand,@dashrathgadade2509,2025-08-17T14:41:47Z,3
A vibe dessa música é sem igual ❤,@alexlive1732,2025-08-23T00:20:03Z,3
❤❤❤❤❤❤❤❤❤❤❤❤❤❤❤❤❤❤❤❤❤❤❤❤❤❤❤❤❤❤❤❤❤❤❤❤❤😂😂❤❤❤❤❤❤❤good vibe in this song,@gracenamutebi521,2025-06-26T22:01:41Z,3
Is there any place in the world  that doesn’t know the chorus and all the words to the song?,@JohannaOlson,2025-07-18T16:35:57Z,3
"This is catchy and maybe cute, but upon further listens, it lacks any substance at all. The lyrics are completely incohesive, even with translations and context.",@uberhuber7903,2025-08-24T22:21:47Z,3
Love is the deepest loneliness in the imperfections of life. Love is the memory of someone that carries with it through time. I miss you Farhana.❤,@FS-bd,2025-07-12T15:16:37Z,3
Idk why is this so popular? Yeah I have the respect but this is terrible,@Cho_chooZ,2025-08-01T17:40:53Z,3
Old-school vibes 🔥,@OrionWolfang,2025-07-17T07:26:04Z,3
Pink venom is now less than a million views away from history. Let's come together to finish this. What a wonderful 9th anniversary gift this would be,@jasonlarson716,2025-08-01T10:06:27Z,3
I love the vibes of this song also beetween singers. But Bruno Mars is a genius,@soniazabala3966,2025-08-24T06:44:16Z,2
"“APT.” (242.7M) is now the most streamed song by a female K-pop act in US Spotify history, surpassing The Weeknd’s “One Of The Girls (with JENNIE and Lily-Rose Depp)” (242M).",@bratzlalisa,2025-07-12T14:53:48Z,2
Amazing  i love the vibe 😊😊😊😊😊😊😊😊😊😊😊😊😊😊❤❤❤😂❤🎵🎵🎸🎸🎸🎸🎙🎙🎻🎺🪕,@EliteMining-r4c,2025-07-01T15:41:56Z,2
Blinks stream pink venom as we are less than 8m views away from history,@jasonlarson716,2025-07-16T20:17:07Z,2
Wow so beatiful song,@MontahabegumRumana,2025-07-30T17:36:16Z,2
This song is vibey,@user-um8sp9zn5w,2025-07-05T14:00:47Z,2
Worst song ever created in the history of the universe,@h03sluvjul3s,2025-07-18T00:20:45Z,2
the worst song that i heard in my life,@AbolfazlGhi-q7g,2025-07-23T23:01:39Z,2
Worst song in my life 😡😡😡😡😡😡😡,@Neelkamal-e4h,2025-08-08T08:22:51Z,2
This song is the worst thing I've heard in a while...,@kaiser_m2672,2025-07-18T16:01:06Z,2
It will become first song in history at that speed to reach 2 billion streams and views on both youtube and Spotify at a time is insane create world record in music industry that dominating both audio and visuals and it is now 1.9 billion on both platforms what a synchronisation,@venkaiahv8711,2025-08-23T09:57:56Z,2
Great song with a strong the ting tings' flavour. Super catchy!,@agile-minded,2025-08-08T00:11:49Z,2
this shit catchy but wtf are they talking about,@princew.k9310,2025-06-27T04:02:01Z,2
My summer song for 2025. My first exposure to this music was hearing the chorus in silly Ai kitten videos. It's catchy.,@63keithernet,2025-06-27T15:19:06Z,2
Ive never really been into pop ... But this song is stupid catchy lol,@NotHappening-t7i,2025-08-17T01:49:46Z,2
Worst🤮song ever,@ksdefiant,2025-08-23T13:38:52Z,2
"This song is so annoying. Such a piece of rubbish. And yeah, you fans of this idiotic song can hate me now because of my honest opinion.",@Sabiasque-no8xi,2025-06-28T19:04:07Z,2
Hola.     ANTONELLA❤❤❤❤HOLA.   THiAGo❤❤❤❤❤❤❤aHola❤❤❤❤❤❤,@marisafernandez6368,2025-06-28T20:30:37Z,2
*nothing JUST YG TaKiNg notes*,@DaniellaXedits,2025-07-11T07:09:02Z,2
"At the start when they chant it sounds like they're chanting, ""Le nome game,"" or ""the name"" in French and of course ""game"" in English, but the lettering in the lyrics appears in Korean.",@AdmrlLocke,2025-08-09T12:47:15Z,2
The Fact the Song was Actually Good but Now Since Everyone Putting this on All the Time is Kinda Annoying ( I Have Nothing to this song but It’s Annoying When it’s Put on Over and Over ),@Nikobellic-b9v,2025-06-25T20:06:56Z,2
awful song,@frankytubeyou,2025-06-25T20:41:27Z,2
this song is the worst thing ever created and it makes me mad that the radio insists on spewing this bile twice a day. lord have mercy.,@GanjamanNL,2025-08-13T12:18:26Z,2
I love the rhythm and the craziness of this music ! YEAH ! YEAH ! YeayeaYEAH ! ❤,@vercin2280,2025-07-24T20:09:16Z,2
Blinks pink venom is less than 5.5m views away from history. Let's come together for the final push,@jasonlarson716,2025-07-22T06:01:50Z,2
Make this MV the first MV in kpop history by a female 🎉soloist hit 2 billion view❤❤❤ let's go number one and blink 😎😎🤠💞💓,@Afrawouldkim,2025-06-30T16:58:30Z,2
I said gag bcs if there a updat will be have a crazy mutaiton and the owner her self will be like our garden and is not boringis not like just wait you fruit you grow there more stuff you can do at grow a garden and grow a garden always updare saturday(to say adop me player ownwer of adopt me support lgbt🏳️‍🌈 IF YOU DONT BELIVE ME WHY ADOP ME HAVE PRIDE UPDATE  BUT WHY GROW A GARDEN DONT HAVE PRIDE UPDAT),@santyoei,2025-07-11T03:09:41Z,2
So.. never heard of BlackPink until now.. but this song is catchyyyy… lol,@Christian-q9s,2025-07-15T02:12:48Z,2
SO CATCHY!!!!!!,@Chinydave85,2025-07-02T15:31:22Z,2
Her vocals is magical ❤❤❤❤,@Christina-y5s,2025-07-30T00:50:31Z,2
Vocal like young Gwen Stefani. Super!!!,@JakubKoczorowski-z8d,2025-07-13T08:26:08Z,2
Catchy feelin the vibe,@onebayani,2025-08-08T19:56:51Z,2
Przyjemne tempo narracji.,@AnnaKowalska-s5d1i,2025-08-14T06:45:28Z,2
No matter how down  life seems to bring me down.....This song always brings me up... Positive Vibes Only...Love THIS,@Denise-u9h,2025-08-03T06:20:18Z,2
Esse vídeo vai passar despacito em pouco tempo,@ClaudemirSoares-h3x,2025-07-26T05:47:17Z,2
"no doubt Rosé is the best stage performer,, her vocal fun,and speak both are amazing ❤🎉",@Masumakhatun-x9d,2025-07-28T15:46:08Z,2
I like this vibe,@MukantwariJacky,2025-07-30T21:19:51Z,2
sir what a masterpice is made bt you love from india                              understanding 0 but vibe 100 perxentage,@Sairajatpadkar,2025-07-02T13:06:17Z,2
Aptue is the worst,@MAHADEVASWAMYHV,2025-08-17T05:11:27Z,2
"I just had to say, this is one of the most annoying songs I’ve ever heard in my life. Whenever it comes on the radio, I skip it instantly. That’s how bad it is.",@Flafex,2025-08-09T12:55:38Z,2
This shit is annoying,@BaconShakin,2025-07-16T04:36:13Z,2
deepless song,@v2xv2w2,2025-06-30T08:14:55Z,2
Pink venom is less than 2m views away from history. Let's go blinks,@jasonlarson716,2025-07-30T08:21:00Z,2
Et lorsqu’on sera en 2030 les gens utilisera cette musique comme « vibes 2024-2028 »,@johannahutin3463,2025-07-03T09:53:06Z,2
"I loved this trend because the beat. And the part they made trending LIKE I MIGHT BE OVER OBSESSED BUT THIS SONG IS SO GOOD MY FAVOURITE PART IS ""dont you want me like I want you baby don't you need me like I want you know all you got to do is meet me at the apt apt apt",@Deez_editz4u,2025-07-12T05:59:57Z,2
"Love this kind of music!  Very fun, catchy, and upbeat!  We need more songs like this.",@mastervision5902,2025-07-24T11:16:52Z,2
Good vibes ✨️ 😌 👌 🙌.,@SharonNakanwagi-x5p,2025-08-14T15:46:38Z,2
Hi am from brazil rose. Good vibe music❤,@franciscogilberlindosantossous,2025-07-16T14:25:34Z,2
"Idk why, only in 9 months. This song has turned nostalgic!❤❤❤",@edu-things,2025-07-30T15:16:39Z,2
Not blackpink beating blsckpink by jump getting apt down from 1,@EVERYTHINGINEEDISONTHEGROUND2,2025-07-15T14:08:45Z,2
"All of Fujii Kaze's songs have been produced through secret filming, wiretapping, stalking and monitoring. Copyright confiscation - spreading these to the public is a threat that could bring about the collapse of world order. This is a representative song of musical terrorists. Similar works include other Japanese songs that have been hits overseas, mainly songs by famous artists in the United States. We recommend that society take appropriate legal measures and take a firm stance against terrorist songs that promote racial and ethnic division. SHISHI",@abuda.katabula,2025-07-13T23:35:23Z,2
Worst song,@Neelkamal-e4h,2025-08-08T08:24:23Z,1
"I saw this before the documentary, & was in shock this thing got published because it is SO SO bad. After seeing the documentary... Now I get and it makes it even worse. With 3 billion in crypto she should've BOUGHT her lyrics! 🤣🤣",@danielchrisronan2281,2025-06-26T01:29:05Z,1
"This is amazing. Such wired but so catchy temples, that just can't get ride off my mind after listened only once.",@jimmysong6837,2025-07-05T19:38:54Z,1
Understanding 0% but vibes 100%😂,@Agonira,2025-08-09T12:01:51Z,1
"This was such a nice song, but tiktok had to ruin it by repeating it over and over like geez. I wish I could vibe with this again..",@linibijoy8240,2025-08-15T14:02:06Z,1
Whoever decided on the lyrics for the chorus needs to stop music entirely. I've never heard a worse chorus than one for this one.,@vvitch-mist20,2025-07-21T19:27:01Z,1
the lyrics has so much meaning it moves me 😆,@ragingpineapple8819,2025-08-03T07:45:20Z,1
Melhor música de todos os tempos,@marinalopesmagalhaes8839,2025-07-12T19:45:17Z,1
she really is giving me gwen stephani vibes,@nayber2352,2025-07-10T23:27:02Z,1
Blink's lets make it 2 billion and made history 🥹 just  100 m more 😊,@happybegum9504,2025-07-30T10:29:50Z,1
1stest 2 B in history ❤,@thvxtanha111,2025-08-13T04:18:13Z,1
She got on the worst bus😢😢😢😢😢😢😢😢😢😢😢😢😢😢😢😢,@kymoramoore-u4f,2025-08-23T19:08:24Z,1
APT is t only one universe  song world ❤ that song 🎵 👌 🙌 😍 🎶 ❤️ 🎵🎉🎉🎉🎉🎉🎉🎉🎉🎉songs 🎵 🎶 ♥️ ❤️ ✨️ 👌 🎵 🎶 ♥️ ❤️ ✨️ 👌 🎵 🎶 ♥️ ❤️ ✨️ 👌 🎵 🎶 ♥️ ❤️ ✨️ 👌 🎵 🎶 ♥️ ❤️ ✨️ 👌 🎵 🎶 ♥️ ❤️ ✨️ 👌 🎵 🎶 ♥️ ❤️ ✨️ 👌 🎵,@FgfgTvtv,2025-07-14T19:48:47Z,1
Lyrics to cool👍,@prinsi2,2025-07-20T16:57:42Z,1
"Number ones, let’s str3am APT. on YouTube & Spotify to 2B and make her the first Asian artist in history to achieve it!❤‍🔥",@Ynnie_Yeon,2025-08-10T03:09:30Z,1
"The shock I just had learning that the lyrics are NOT, in fact, ""Arthur Templeton, Arthur Templeton, Arthur Templeton, uhh ah-huh ah-huh""",@maniraptavia4008,2025-07-16T01:20:06Z,1
It's good to see Rosé being able to release this calm and vocal theme for Apt.🎉,@pantoesee,2025-08-23T11:27:18Z,1
"This song is just a remix of Hey Micki - same beat, same tempo, same feel, different words lol",@danielreiff6175,2025-08-07T21:45:30Z,1
"Super amateur percussionist, and visual/ sculptural artist here. This beat is something of perfection. It’s like a perfect equation.",@kylegallaway1247,2025-07-03T23:07:34Z,1
I was definitely not expecting such an upbeat and positive song !! It just melts my heart seeing Rosé and Bruno being so happy in this video. I am so happy that Rosé gets a chance to release her own music and collaborate with the ppl she wants to collab with❤❤❤,@muhamadfauzan3622,2025-07-18T09:03:09Z,1
Go for 2 billion and make Rosé as the first ever kpop soloist to reach that milestone!,@mrpiggy4031,2025-07-30T11:04:21Z,1
"This is a total surprise for me, never expected Rosie to do such a song, this is sooo catchy and addictive, silly fun and upbeat song. So happy to see this side of rosie, my baby is so happy. ❤",@CharliSodersten,2025-07-25T08:56:19Z,1
This is the worst song I've ever heard and I want my job to quit playing this ass song. If anyone hates my comment I don't care because its true,@Bartho_85,2025-06-25T22:02:41Z,1
Ed sheeran this is the best song in the universe,@shubhamG9484,2025-06-26T01:03:31Z,1
Such a catchy tune... love it! ❤,@jayjays4844,2025-07-19T13:49:06Z,1
The song is catchy but this video is a joke,@albertoguerra3995,2025-07-07T13:10:25Z,1
"catchy a bit , but very low quality music - not complex at all --> see for comparison Michael Jackson or Queen- Bohemian Rhapsody  or Aerosmith- I don't  want to miss a thing  or  please listen to George Michael or Mariah Carey  or Faouzia. Please do it and compare.",@ingustaestecalea,2025-07-10T15:49:28Z,1
"Nice story, if  this story told by a human being that would've been more nice, AI is wrong in some words",@manashimohanty5843,2025-06-27T07:39:16Z,1
God this shit is so fucking annoying,@RaisonDetre96,2025-06-28T23:46:45Z,1
pop-rock beat to its addictive,@prinsi2,2025-06-29T13:32:34Z,1
"Bruno Mars and Rosé are really in harmony through this song. I feel that Rosé is more emotional and she is letting out everything inside her and she is enjoying it. In addition, they are the best duo I have seen in the world of K-pop. It is a song that is beyond imagination. They have truly surpassed in creativity.  🎀🧸",@aa66_99aa,2025-08-19T12:34:48Z,1
LOVEEE THE VIBE IN 2025 WITH THIS SONG,@jang_jun_woo,2025-08-05T18:51:47Z,1
What a shitty little Song. Only ones who can vibe to this are the rugrats and People that Had at least 2 strokes,@killzilla94,2025-08-19T14:34:34Z,1
This song remind me Peacock by Katy Perry due the rhythm and instrumental,@SeiyaDLuffy,2025-07-16T16:20:16Z,1
One of the most annoying pieces of music ever made …,@DrSinaSkin,2025-08-21T15:38:41Z,1
I love this song and the lyrics !!,@VickybebeC,2025-07-16T04:18:32Z,1
Her voice is angelic and I'm not Brunos biggest fan but this one made my Playlist for sure. It's a catchy earwig of a song,@dannyshirley1858,2025-07-05T04:17:17Z,1
Siantonella❤❤thiaGo❤❤❤❤❤❤,@marisafernandez6368,2025-06-28T20:25:48Z,1
Any one can share lyrics?,@UNAISKSPARK,2025-07-10T05:25:49Z,1
Catchy and Cute🥰,@nov_eric,2025-08-15T11:59:43Z,1
This music just stick on my mind and I can't stop to listening and feel this good vibe! 🥰😆,@domingosCargonave,2025-06-27T12:41:24Z,1
It's an addictive rhythm,@Juny-by1wo,2025-08-11T02:38:28Z,1
Congratulations advance on reaching 2B views milestone 🎉,@Magar8919,2025-08-21T04:49:11Z,1
So catchyyyy,@biniblooms-m2y,2025-08-04T10:02:44Z,1
I hate the apatapatit bit. Horrid. The Chorus is tidy though.,@craigdavis5818,2025-08-11T11:01:48Z,1
"anyone getting the same vibes as ""the ting tings""",@sans3go342,2025-07-14T01:43:20Z,1
"Just discovered this and loved it! If your little ones enjoy fun songs we just dropped some catchy, colorful tunes over at Little Art Tunes 🦄🦖🐶 Come sing along! 💜 Brand new channel full of songs, color & upbeat fun for kids! Your support would mean so much",@LittleArtTunes,2025-08-02T22:44:11Z,1
Its apatapateu not apateu the lyrics on each lyric doesnt listen close,@insanitydementia7715,2025-07-16T00:15:37Z,1
Rosé make history!❤,@Rime-15t,2025-08-13T11:17:21Z,1
Catchy voice❤,@noureenkhan302,2025-07-30T06:57:36Z,1
What a happy song. This song has early 80s vibes with a style similar to the gogos,@josmir2797,2025-07-20T00:10:14Z,1
this song has some Gwen Stefani vibes to it for sure.,@eyecandy-gaming,2025-06-29T16:59:29Z,1
The rhythm of the music is good 💯 Love it! ❤️❤️❤️❤️❤️❤️❤️❤️❤️❤️❤️❤️❤️,@naimalenapangae336,2025-07-28T13:07:08Z,1
"Came for the thumbnail, stayed for the vibes",@DFHGKJXHFGHL,2025-08-19T08:52:20Z,1
Who's listening in August 2025🎉 comment your favorite Bruno Mars or Rose song from there both music history,@JaxonK-g4b,2025-08-04T17:57:54Z,1
This song is a MASTERPIECE!! I really love their vibes❤️,@its.menoraa,2025-08-10T02:53:32Z,1
I really like this song it's very catchy like if you song too much🫶🩷,@flaviahernandez1693,2025-08-20T23:28:26Z,1
Be honest… whose part gave you chills first: Bruno’s intro or Rosé’s verse? Let’s settle this in the replies 👇,@BillboardHot100-j8b,2025-07-24T09:28:45Z,1
"Lordy colour me shocked Bruno is 40 and Rose is 30 they both look so much younger the jammy so and sos, not that I am jealous 😉😭 This is just so catchy",@Dermacrosis,2025-08-13T04:46:52Z,1
why is all modern music so annoying?,@aaronwhager,2025-07-22T18:44:55Z,1
This is fucking terrible,@codyhurlbert1763,2025-08-13T00:51:24Z,1
"Postei tanto essa música nos estorys ❤ , e ainda não superei esse surto",@Jeojungkoook,2025-08-07T16:27:09Z,1
We couldn’t manage more than 4 lines per verse?,@alvin8287,2025-07-16T01:15:45Z,1
It’s super catchy and I love how Bruno looks like he is wearing a skirt. Literally so hot SLAY,@Angelfeathers84,2025-08-12T04:37:30Z,1
I really love the vibe,@tebatsoselinah4117,2025-07-04T06:11:05Z,1
"Even to this day, I hate the instrumental as well as the lyrics",@sasha4229,2025-08-15T18:52:44Z,1
"It's fun but the beat's ""Hey Mickey"".",@NathanaelNerode,2025-07-17T13:53:10Z,1
There's like 3 parts of this song that are actually good and have a very different approach with vocals and lyrics and then the rest of the song is repeating the same word or just some cringe lyrics. Good song for like 20% of it,@RiftWalker54,2025-08-17T05:21:44Z,1
This beat reminded me of this track I found recently — https://youtu.be/_qsWBhCk0DY,@ManasKhosla-bv4pe,2025-07-30T11:02:58Z,1
The most annoying song ever,@PkTwothousand,2025-08-03T21:05:51Z,1
"Blinks, ice cream needs 25.9m more views before we make more history. This will be our queens 10th song to reach the billion views mark. Let's go. Fighting",@jasonlarson716,2025-08-19T11:36:13Z,1
this is the most generic thing this year..cg..,@tulkasino,2025-07-06T04:50:36Z,1
Lyrics?,@UNAISKSPARK,2025-07-10T05:25:22Z,1
Very very beatiful😊😊,@ShahzodaSafarova-m8s2n,2025-08-15T06:52:14Z,1
"Gives me Cyberpunk vibes for some reason, would have been a great track for the radio.",@masterpain2654,2025-08-07T15:11:51Z,1
Worst song of 2024,@plamenlipchev,2025-06-27T13:29:30Z,1
My 1 year old son could be in the worst saddest mood and this song make him so happy every time!,@ThePerfectionist1,2025-07-13T21:23:47Z,1
Boring tiktok song,@CosmicOcean-1,2025-08-13T08:07:30Z,1
"One of the worst songs I ever heard, everything is ok, except the pata pata pata",@realistic2023,2025-07-11T08:48:00Z,1
Most annoying song,@Flaviano8626,2025-06-27T01:09:39Z,1
Both a catchy annoying and nice song 😂 i only like the part when they sing ”don’t you want me like i want you baby” to the apteu part cuz it just gets stuck in my head,@TerraEditzNstuff,2025-07-25T09:20:11Z,1
Annoying but catchy,@Alienfromthegalaxies,2025-07-25T08:56:25Z,1
Congratulations on making the most annoying chorus in music history 👏.,@sejobl,2025-08-08T02:28:35Z,1
FROM FREE BIRDS (2013) THE WALKING DEAD MGM TOM AND JERRY PETER PAN FROM PUSS IN BOOTS (2011) TOY STORY 3 ICE AGE THE MELTDOWN GNOMEO AND JULIET FROM MISS SPIDER (2004) ICE AGE DAWN OF THE DINOSAURS MONSTERS INC END CREDITS FINDING NEMO FROM FREE BIRDS (2013) MEGAMIND MGM TOM AND JERRY FAMILY GUY FROM RIO (2011) CODENAME KIDS NEXT DOOR ICE AGE THE MELTDOWN ICE AGE A MAMMOTH CHRISTMAS KLASKY CSUPO MONSTERS UNIVERSITY MY SLURP JEOPARDY FROM FREE BIRDS (2013) RATATOUILLE MGM TOM AND JERRY GEICO PAWS LITTLE BABY BUM ICE AGE THE MELTDOWN UP THE PEANUTS MOVIE TANGLED MY SLURP THE GOONIES KUNG FU PANDA HOLIDAY SPECIAL ICE AGE THE MELTDOWN MGM TOM AND JERRY MADAGASCAR ESCAPE 2 AFRICA PAWS MONSTERS VS ALIENS ICE AGE THE MELTDOWN CARS FROM ICE AGE COLLISION COURSE (2016) MEET THE ROBINSONS FROM HOW TO TRAIN YOUR DRAGON (2010) SISTER WIVES KUNG FU PANDA 2 TRAILER ICE AGE CONTINENTAL DRIFT MGM TOM AND JERRY TOY STORY HAPPY FEET SLEEPING BEAUTY ICE AGE THE MELTDOWN BRAVE FROM ICE AGE COLLISION COURSE (2016) DC LEAGUE OF SUPER-PETS FROM CARS (2006) DC LEAGUE OF SUPER-PETS GNOMEO AND JULIET DC LEAGUE OF SUPER-PETS FROM SHARK TALE (2004) DC LEAGUE OF SUPER-PETS SESAME STREET DC LEAGUE OF SUPER-PETS MADAGASCAR DC LEAGUE OF SUPER-PETS RIO 2 DC LEAGUE OF SUPER-PETS MONSTERS VS ALIENS DC LEAGUE OF SUPER-PETS CARS DC LEAGUE OF SUPER-PETS MEET THE ROBINSONS DC LEAGUE OF SUPER-PETS SISTER WIVES DC LEAGUE OF SUPER-PETS FROM THE INCREDIBLES (2004) DC LEAGUE OF SUPER-PETS FUZZY DOOR PRODUCTIONS 20TH CENTURY FOX DC LEAGUE OF SUPER-PETS FILM ROMAN STARZ MEDIA 2010 DC LEAGUE OF SUPER-PETS FROM RANGO (2011) DC LEAGUE OF SUPER-PETS FROM SURF UP (2007) DC LEAGUE OF SUPER-PETS FROM PUSS IN BOOTS (2011) DC LEAGUE OF SUPER-PETS DUG SPECIAL MISSION DC LEAGUE OF SUPER-PETS UFM UNIDENTIFIED FLYING MATER DC LEAGUE OF SUPER-PETS FROM KUNG FU PANDA (2008) DC LEAGUE OF SUPER-PETS TOY STORY DC LEAGUE OF SUPER-PETS HEY DUGGEE DC LEAGUE OF SUPER-PETS FROM KUNG FU PANDA (2008) DC LEAGUE OF SUPER-PETS FROM RIO 2 (2014) DC LEAGUE OF SUPER-PETS SESAME STREET DC LEAGUE OF SUPER-PETS MY SLURP DC LEAGUE OF SUPER-PETS HOME DC LEAGUE OF SUPER-PETS DR FRIGHTUNE EEK TURNING RED ARTHUR TURNING RED FROM SURF UP (2007) TURNING RED MONSTERS VS ALIENS HBO TURNING RED FROM SECRETS OF THE FURIOUS FIVE (2008) TURNING RED DORA THE EXPLORER TURNING RED SECRETS OF THE FURIOUS FIVE TURNING RED RIO TURNING RED WARNER BROS ANIMATION TURNING RED THE INCREDIBLES FREEFORM TURNING RED FROM MONSTERS VS ALIENS (2009) TURNING RED THE INCREDIBLES ABC FAMILY TURNING RED SURF UP(2007) END CREDITS. TURNING RED SHARK TALE TURNING RED FROM OPEN SEASON 2 (2008) TURNING RED KUNG FU PANDA 2008 DISNEY XD TURNING RED MY SLURP TURNING RED FROM HOME (2015) TURNING RED THE WONDER PETS TURNING RED EEKSBUSCAMPERS TURNING RED FROM ICE AGE DAWN OF THE DINOSAURS (2009) TURNING RED GNOMEO AND JULIET TURNING RED MY SLURP TURNING RED HAPPY FEET TURNING RED SURF UP TRAILER TURNING RED PAWS TURNING RED FROM OPEN SEASON 2 (2008) TURNING RED COOKIE JAR WGBH TURNING RED CHUGGINGTON TURNING RED FROM THE SPONGEBOB SQUAREPANTS MOVIE (2004) TURNING RED FROM ICE AGE DAWN OF THE DINOSAURS (2009) TURNING RED CHICKEN LITTLE TURNING RED SUNNY BUNNIES BOO TURNING RED FROM FINDING NEMO (2003) TURNING RED MONSTERS INC END CREDITS TURNING RED FRANKLIN THEME SONG TURNING RED,@matthewfeagin3609,2025-07-13T16:17:31Z,0
"Bruno Mars was my childhood idol. I admire him deeply. I'm truly grateful to Rose for collaborating with him - through  one of the most popular songs right now, you brought a part of my childhood back into my present. You have become brilliant in my eyes, Rose.",@phuongthy5285,2025-07-16T08:15:01Z,0
‘Apt’ is such a beautifully emotional song. Rosé’s voice captures every feeling so perfectly.,@zyy_146,2025-08-16T08:49:14Z,0
The lyrics of this song really speak to me.,@BeatriceNorwood-t7i,2025-07-14T16:56:01Z,0
"""I popped out my tit! I popped out my tit! I popped out my tit!"" Good luck hearing the original lyrics now LOL!",@dreadstartheunholy,2025-08-11T11:39:55Z,0
It's amazing apt apt I love this music with rhythm apt apt apt apt apt apt apt apt 🩷🫰🏻✨🎸,@AlondraLabastida-h2p,2025-08-13T00:48:45Z,0
The melody is so soothing and relaxing.,@AnielaMuszyńska-p8e,2025-08-04T18:41:54Z,0
Pacha pacha it's lyrics in tamil??,@palanikumar605,2025-08-15T10:35:31Z,0
This is the worst song in the world horible im gonna repor it,@BlackbirdEscoladeMúsicaArte,2025-06-26T22:00:03Z,0
Song is so darn catchy!!! APT!!!,@adamaizenberg756,2025-07-17T12:54:39Z,0
The harmony slaps hard 🫠,@noxiousfg,2025-07-22T18:10:01Z,0
😊😅this song has a childish vibe,@stallonemily3956,2025-07-04T06:13:44Z,0
Is the verse melody not exactly like “that’s not my name” by the ting tings,@saml1939,2025-07-24T04:54:15Z,0
This gives me The Ting Ting vibes. I love it,@Tenmapegasus88,2025-08-23T17:25:29Z,0
Terrible lyrics,@kenzileodavo,2025-07-28T02:08:53Z,0
A funny playful song with not so playful lyrics.   A catchy song that appeals to the youth   The devil sure does use this industry to spread his evil.,@WendyCorrea-u9i,2025-07-17T14:23:33Z,0
"Adenosine triphosphate (ATP) is a nucleoside triphosphate[2] that provides energy to drive and support many processes in living cells, such as muscle contraction, nerve impulse propagation, and chemical synthesis. Found in all known forms of life, it is often referred to as the ""molecular unit of currency"" for intracellular energy transfer.[3]",@PRESTONGARVEY-ww3fq,2025-06-29T04:24:17Z,0
Her voice vocals are 😮😮😮😮,@SanjarKodirov1983,2025-08-05T10:05:35Z,0
Rose in space with Elon and Elena he rape them bad pimp beat will turn into robots hurry,@AlexBond-h6j,2025-08-21T04:41:57Z,0
"This video gives me 00er-vibes, in a positive way",@TurkishHemingway,2025-08-02T08:48:28Z,0
"Song catchy even I never hear k pop and such but the chorus with apt is so bad. Would they did something better instead of this teenage apt, this song would be very good at 4 bln prop.",@zarombiste9158,2025-07-08T00:05:48Z,0
Vibezinha gostosa,@rafaelcavalli2583,2025-07-20T18:26:38Z,0
I do find this song interesting. And I have no idea what they are saying. I understand the English. Idk the other stuff I'm guessing it's a different language.  But I really don't vibe with this genre. Although  I love whatever that ran lango is. No actually the start of the song is what draws me in,@D34DW4T3R,2025-06-27T17:17:19Z,0
What an awful annoying song,@jameshilton4699,2025-07-06T08:53:41Z,0
Catchy song❤,@sitiroheni8561,2025-08-15T08:39:55Z,0
I LOVE YOU IN THIS VIBES,@Juneiuoi09,2025-07-08T09:49:04Z,0
Scott Pilgrim vibes with the lyrics and music video style,@jamiescott6350,2025-07-15T22:48:17Z,0
"Where have I heard “don’t you want me like I want you baby”? I have heard the same melody with the same lyrics. I swear in a huge pop song, on the radio and everything.",@tabor503,2025-06-30T21:51:30Z,0
this is actually the worst song ever. it's absolutely hell anytime this song plays,@NotHopefu1,2025-07-18T20:13:16Z,0
Holy shit more annoying than Swift,@jerrykalandyk4847,2025-07-17T22:49:25Z,0
strong catchy tones do stick more than sad songs.,@xeonsu9312,2025-07-16T20:30:23Z,0
Blink or show the antis that we are not weak!!,@thanhvudn84,2025-08-16T03:24:52Z,0
This song is so annoying that whenever I hear it on the radio I change the station.,@LilyRose-theOne,2025-07-21T04:30:45Z,0
"idk why people called this annoying, like whaaat",@TsgBoi69420,2025-08-01T09:45:28Z,0
I hate your song. I hate your song. It’s so annoying.😴👎🏼,@JCC_3,2025-08-02T05:26:38Z,0
The ting tings's vibes.,@takaya72dani,2025-08-10T03:08:10Z,0
"1:10-1:36 and 2:09-end are probably my favorite sections. Them singing together, layering, the drone notes underneath that rise with the chord progression and the ""ahhh ah ah, ahhh ah ah, ahhhhh"" behind that just really make this feel almost bittersweet? Like a graduation, where you're celebrating a new beginning but its still the end of something and you're going through old memories and laughing, crying, smiling. These parts of the song in particular just really connected to me.",@thecatladytm7172,2025-07-14T22:25:39Z,0
FROM HOW TO TRAIN YOUR DRAGON (2010) KUNG FU PANDA KUNG FU PANDA 2 TRAILER RIO MGM TOM AND JERRY KUNG FU PANDA 3 HAPPY FEET PIXAR SHORT FILMS ICE AGE THE MELTDOWN THE PRINCESS AND THE FROG FROM ICE AGE COLLISION COURSE (2016) MADAGASCAR FROM CARS (2006) ICE AGE GNOMEO AND JULIET SHREK FOREVER AFTER FROM SHARK TALE (2004) THE INCREDIBLES SESAME STREET MONSTERS INC MADAGASCAR TOY STORY 2 RIO 2 DESPICABLE ME MONSTERS VS ALIENS THE PATRIOT CARS HOW TO TRAIN YOUR DRAGON MEET THE ROBINSONS KUNG FU PANDA 2 SISTER WIVES KUNG FU PANDA HOLIDAY SPECIAL FROM THE INCREDIBLES (2004) DISNEY PREP & LANDING FUZZY DOOR PRODUCTIONS 20TH CENTURY FOX SHARK TALE FILM ROMAN STARZ MEDIA 2010 THE LITTLE MERMAID FROM RANGO (2011) THE INCREDIBLES FROM SURF UP (2007) WALL-E FROM PUSS IN BOOTS (2011) THE WALKING DEAD DUG SPECIAL MISSION PETER PAN UFM UNIDENTIFIED FLYING MATER TOY STORY 3 FROM KUNG FU PANDA (2008) GNOMEO AND JULIET TOY STORY ICE AGE DAWN OF THE DINOSAURS HEY DUGGEE FINDING NEMO FROM KUNG FU PANDA (2008) MEGAMIND FROM RIO 2 (2014) FAMILY GUY SESAME STREET ICE AGE A MAMMOTH CHRISTMAS MY SLURP OVER THE HEDGE HOME MONSTERS UNIVERSITY DR FRIGHTUNE EEK JEOPARDY ARTHUR RATATOUILLE FROM SURF UP (2007) GEICO MONSTERS VS ALIENS HBO LITTLE BABY BUM FROM SECRETS OF THE FURIOUS FIVE (2008) UP DORA THE EXPLORER TANGLED SECRETS OF THE FURIOUS FIVE HOME ON THE RANGE RIO ICE AGE THE MELTDOWN WARNER BROS ANIMATION MADAGASCAR ESCAPE 2 AFRICA THE INCREDIBLES FREEFORM MONSTERS VS ALIENS FROM MONSTERS VS ALIENS (2009) CARS THE INCREDIBLES ABC FAMILY MEET THE ROBINSONS SURF UP(2007) END CREDITS. SISTER WIVES SHARK TALE ICE AGE CONTINENTAL DRIFT FROM OPEN SEASON 2 (2008) TOY STORY KUNG FU PANDA 2008 DISNEY XD GEICO INSURANCE MY SLURP BRAVE FROM HOME (2015) KUNG FU PANDA THE WONDER PETS RIO EEKSBUSCAMPERS KUNG FU PANDA 3 FROM ICE AGE DAWN OF THE DINOSAURS (2009) PIXAR SHORT FILMS GNOMEO AND JULIET THE PRINCESS AND THE FROG MY SLURP MADAGASCAR HAPPY FEET ICE AGE SURF UP TRAILER SHREK FOREVER AFTER PAWS THE INCREDIBLES FROM OPEN SEASON 2 (2008) MONSTERS INC COOKIE JAR WGBH TOY STORY 2 CHUGGINGTON DESPICABLE ME FROM THE SPONGEBOB SQUAREPANTS MOVIE (2004) TOM AND JERRY FROM ICE AGE DAWN OF THE DINOSAURS (2009) HOW TO TRAIN YOUR DRAGON CHICKEN LITTLE KUNG FU PANDA 2 SUNNY BUNNIES BOO AMERICA DAD FROM FINDING NEMO (2003) CARTOON NETWORK HARVEY MONSTERS INC END CREDITS SAVAGE STUDIOS LTD FRANKLIN THEME SONG CARTOON NETWORK DEXTER LABORATORY DR FRIGHTUNE EEK DEEPLE DOO FROM MADAGASCAR ESCAPE 2 AFRICA (2008) UNDERDOG PRODUCTIONS OPENING TO MADAGASCAR 3 EUROPE MOST WANTED 2012 DVD ICE AGE SMALL POTATOES PETER PAN MY SLURP TOY STORY 3 ICE AGE 2 TRAILER GNOMEO AND JULIET DR FRIGHTUNE EEK ICE AGE DAWN OF THE DINOSAURS CARS ENDING FINDING NEMO FREE BIRDS. MEGAMIND FROM RIO  (2011) MERRY MADAGASCAR MY SLURP ICE AGE A MAMMOTH CHRISTMAS THE LION GUARD BESTHE OVER THE HEDGE,@matthewfeagin3609,2025-07-13T16:10:46Z,0
top vibe we drop down https://youtu.be/ap4_QcTaUM8?si=uGlzdvyIn_HfqA4E yeah,@LILIOKOFFI,2025-08-22T21:16:09Z,0
most annoying song ever 😂 every day in job i have to listen to this cause of the radio 😂🤮,@booms5810,2025-07-15T05:06:07Z,0
This song is so catchy that I listen to it several times a day 😱 meow .,@Miaulatin,2025-07-03T17:12:26Z,0
I love this song because it's upbeat❤❤❤❤❤❤❤,@Vitorideiasquevalemouro,2025-07-11T22:59:03Z,0
All goodness all badness is jesus story,@ShilpaThoudam-z8q8j,2025-07-14T14:08:38Z,0
Comment more times to beat ic0n,@thanhvudn84,2025-08-16T03:35:32Z,0
Bruh the lyrics is sus,@ADGAMERZ_07,2025-08-18T05:52:12Z,0
The most annoying song ever written,@frances7604,2025-08-05T12:45:51Z,0
Bussin bear just dropped new mix skin deep https://youtube.com/shorts/hnAKp0Ru06I?si=iPN8WYAj6r3pAN8t,@geektoonz,2025-07-29T08:34:59Z,0
"This song is so fucking stupid and it’s so annoying. Like, what the hell is this hot garbage 🗑️",@giantskiller101dez5,2025-07-13T17:37:28Z,0
This song is so joyful and energetic. It has so positive vibes. I like to listen it to boos my mood. Bruno's and Rose's voices lift the heart up,@ewelinaj7774,2025-07-08T11:59:10Z,0
Pure class. No notes.,@JessicaWard-o4k,2025-07-14T20:24:01Z,0
It's extremely enjoyable to listen to the song. I love Burno and Rosie. They are very good. Their voice harmony is great.,@GlereG,2025-08-08T07:31:19Z,0
This song is the worst ever 👿👿👿😡😡😡😡😡🤬🤬🤬🤬🤬🤬🤬 Fuck It up,@LoicGai-l2v2r,2025-08-03T04:53:46Z,0
Boring,@brunomarcotte4210,2025-07-27T16:13:04Z,0
"Just stopping in to let these people know that they made the worst, most debilitatingly terrible song in existence. That is all",@tylerjay6222,2025-07-23T18:03:45Z,0
Probably one of the worst songs Bruno has ever thought of starring in. Used to be my fave artist until he started doing this. Like wow what is this song about anyway. Noone knows what and APT is and it's not even a word. Crazy how these artists have really shown how much brain functionality they lost since Biden became president.,@jonathonboyd3312,2025-08-06T16:40:04Z,0
She a Flasher and can't sing a beat!,@JuJu-d7e,2025-07-18T13:07:20Z,0
"Nobody can sit still with this rhythm! I tried dancing the ""APT."" part in my kitchen and almost knocked over the fish sauce bottle. 😂 Is anyone else here rocking out in an unexpected place? Share below!",@VibeStationMusic-b6u,2025-08-01T02:16:30Z,0
This is the worst song delete it!!!!!🤬🤬🤬🤬🤬🤬,@goytandrei6410,2025-07-26T18:15:25Z,0
"My three months old baby cousin loves to hear this song, his eyes get all big and his focus deepens it's so cute 🥺",@sam003iz,2025-08-07T09:48:22Z,0
Doesn't really make a lot of sense but catchy AF!,@Snarkapotamus,2025-08-05T01:54:27Z,0
"What happened to real music??? U know real singers who write proper lyrics,musicians who play real instruments an make real music",@wtafunk,2025-07-12T06:40:16Z,0
I had to look up this annoying but nice song. That's it.,@dendromantis,2025-07-01T13:17:49Z,0
My dad is obssesed with this song but im sorry my English ist not good and Rose you ist my bias from blackpink and this song ist summer vibe and ist so good ist my favorite song,@Jovana-q6s,2025-08-13T21:07:59Z,0
That's the bad romance melody,@heretic...c,2025-07-20T11:15:19Z,0
Great lyrics,@Mcdo-g6w,2025-07-20T09:23:00Z,0
View all the the the future please unsubscribe here with your message was automatically in fact that you are down in no particular the future and then the morning 🌞😂🌞 we will be a very happy to me from friends ❤❤❤❤❤,@AbelMosioma-s8o,2025-07-12T12:56:28Z,0
I REALLY LIKE THE VIBE OF APT,@LiyaB-k3o,2025-08-04T17:33:59Z,0
a catchy song😇😇😇😇😇😇😇😇😇😇😇😇😇😇😇😇😇😇😇😇😇😇😇😇😇😇😇😇😇🥺🥺🥺🥺🥺🥺🥺🥺🥺🥺🥺🥺🥺🥺🥺😍😍😍😍😍😍😍😍😍😍😍😍😍😍😘😘😘😘😘😘😘😘😘😘😘😘😘,@MonbiBs,2025-08-16T04:34:49Z,0
Fvckin' annoying song and video.,@cabroncitoist,2025-07-20T21:02:16Z,0
"Remix opinion: APT x HEYA Moustafa Amar , or X doctor Jones by Aqua, or Flex by Fifth Harmony 🧨🔥, or Ya Ghayeb by Fadel Shaker",@Kkakakkakakaakaka,2025-08-22T00:17:55Z,0
Most annoying song she ever made 😂😂😂,@shingojialmighty,2025-07-23T02:40:12Z,0
"Bardzo fajna,melodyjna i przebojowa piosenka.",@JAROSŁAW-o3d,2025-06-26T18:38:21Z,0
"Acoustic music really hits different. 🎶 If you like this style, you might enjoy the original songs on my channel too. Come have a listen! 🎤✨",@HMD_Channel92,2025-08-20T02:48:24Z,0
One of the most annoying hooks in recent times,@Vvranaa,2025-07-23T10:55:52Z,0
❤ 😊 amazing vocals rose,@Christina-y5s,2025-08-05T02:00:46Z,0
It’s like the lyrics were written for me.,@LofiLyrics5555,2025-07-17T19:32:20Z,0
✏️ Descreva a vibe,@Thiellyblox,2025-08-03T23:06:01Z,0
This song is so annoying,@mathewblyth5940,2025-07-01T06:09:41Z,0
This song is like a catchy rhythm that sticks in your mind 😮🎉❤,@marcella996,2025-07-15T10:57:51Z,0
trash song every time it plays i immediately change to something else the beat is so annoying,@milkybakery-q8q,2025-07-02T05:31:42Z,0
Ts might beat Despacito fr💔,@idonothing7999,2025-08-23T06:50:40Z,0
