comment,user_name,date,likes
"This gave the vibe of ""Death Becomes Her"" 1992 movie ❤",@thepurplehaze87,2025-05-11T03:50:58Z,905
"idk how many times i've watched this, yall dont understand how badly i need a full movie of this vibe",@le.lfk20,2025-05-15T12:09:52Z,426
It’s giving  “Death Becomes Her” vibes and I LOVE IT!!! Please explain if I missed anything else,@maisiedube13,2024-11-19T05:23:48Z,365
I love the “Death Becomes Her” vibes 🫶💜,@dannelleboyd8191,2025-06-10T18:24:06Z,64
"The subtle details of this video like the callbacks to other videos, her heart beating to the music, or her banging the dolls head on the hedges to the timing of the song. I can't get enough.",@Packiechu,2025-01-07T16:56:28Z,52
"This track really hits the spot! The beat is so infectious, and the lyrics speak to my soul. Definitely adding this to my playlist!",@IvyYoung-w3l,2024-11-07T09:56:31Z,18
"I'm having a 90's flashback, as this music video has some Death becomes her vibes.",@michaelcranny6687,2025-01-14T03:32:49Z,11
This is giving me “Death Becomes of Her” vibes. I love it!,@tdavenport92,2025-02-09T05:59:20Z,11
"An interesting song with  and surprising for me, Sabrina keeps serving confidence, charm, and iconic vibes. Taste is cheeky, clever, and absolutely addictive. She really said you’ll just have to taste me’ and made it sound like pure pop gold. Queen behavior.",@butferwarebnd,2025-06-07T04:32:20Z,11
"This video was inspired by and pays homage to the movie ""Death Becomes Her"" a fun 80's classic you'll love which stars Goldie Hawn, Meryl Streep, & Bruce Willis. This video is basically a short version remake of the film that uses all the same gags, storyline, setups/pay offs, and digital effects. ""Death Becomes Her"" is one of my absolute favorite movies from the 80's which I've seen hundreds of times thru years, and Sabrina did such an amazing job recreating it here in this masterpiece! The only difference between the two is Goldie and Meryl don't have a kissing scene.  You guys have to now see ""Death Becomes Her."" Trust me, you'll love it and you'll thank Sabrina Carpenter for showing it some love, because it's such an underrated romance horror classic.",@QuincyDisneyVegan,2025-01-05T12:42:35Z,10
This is death becomes her vibes.  For anyone not old enough to understand that it's a movie.,@saracovato2268,2024-12-07T03:57:05Z,5
"There are songs whose meaning is better left unexplored. I thought this song was about a romantic story, but Sabrina's voice is so sweet. I don't know English, so I appreciate the sound of the guitars, the pauses of each chord, the rhythm, and the drums. However, the meaning of the lyrics was not what I imagined.",@jefersonwilliamemerim,2024-11-10T04:57:53Z,5
"This music video gives me a lot of ""Death becomes her"" vibes lol especially the ending.",@PulsestarFM,2025-02-03T13:37:50Z,5
This track = serotonin boost! Wishing everyone here peace and good vibes today. 💛🎵,@Nemo-yz7lw,2025-05-14T03:24:41Z,5
"Yooo the younger generation is probably not going to get this but the music video for this song is giving me ""Death Becomes Her"" vibes. (It's an older movie that has a similar theme of two women going after the same man and they keep sort of coming back to life and then at the end he winds up dead and they become sort of friends)",@Cupcakeruple,2024-11-13T18:25:24Z,4
I love how Sabrina and Jenna don’t die but all the men in the universe die or get arrested at the sight of Sabrina,@Dolphin-h5t,2025-08-04T00:49:50Z,3
"WTH is this music vid, like the lyrics are normal but the visuals 💀 like damn",@Cinnamon-j3c,2025-05-17T17:19:15Z,3
known nothing about Saabrina Carpenter randomly clicked on this.. didn't expect Jenna or this crazy video lmao love it! in recent years music videos have been all performance I missed the old 90s /2000s vibes like this where videos were full mini movies :),@mayaamis,2025-02-17T12:00:15Z,3
Sabrina has catchy music and the reason why she is successful something a-lot of artists struggle with is catchy music,@tylermarks15,2025-06-25T01:27:09Z,2
This is awful lmao <3,@Sempaidina,2025-01-29T04:38:28Z,2
"This gives me so many ""Death becomes her"" vibes, but with much more gore. LOVE IT xD",@emersonmorales1548,2025-02-17T16:28:23Z,2
This music won't be played in the future it's so autotuned.,@mowler8042,2025-01-17T01:24:40Z,2
The crying at the end is so deep-,@katemckenzie3046,2025-01-10T05:10:20Z,2
Take the vocals out and this is gorgeous 🎉,@stenwald,2025-04-17T00:03:21Z,2
The video clip is so disgusting!Awful!🤢,@loukasgo8970,2024-11-19T12:50:12Z,2
i am living for the subtle Death Becomes Her vibes!,@pleepish,2025-02-27T14:57:02Z,2
It gives 'Death Becomes Her' vibes. I love it!,@rachelw2785,2025-04-16T08:34:14Z,2
"Though I love the song, its giving a desperate girl vibe that cant get over her ex. Ladies, please dont let a man ruin you. If he left you, then it means he is a trash",@01_Midorii,2024-11-07T00:26:16Z,2
"Divinlys "" I touch myself"" this song reminds me of that song a little the beat and stuff lol both are great songs",@cynthiavandevander968,2025-01-24T01:17:32Z,2
This is really  catchy she's come  a long way,@kevindoe1000,2024-11-07T11:25:26Z,2
Major 'Death Becomes Her' vibes.,@Nostalgia-ss6ul,2025-07-24T02:36:12Z,2
This song has such a catchy beat!,@AmeliaJohnson-q1d,2024-12-09T12:10:48Z,2
"Emblematic of contemporary times — someone comes up with a passably decent song , albeit with questionable lyrics, and then produces a really horrible video for it.  Sure, the excuse will be that it’s done for laughs and is too comical to be taken seriously and no, it’s not serious, nor should it be taken that way, but if this is what constitutes lighthearted today. I’ll pass on it. Maybe Madonna from 1987 instead.",@graterdeddly9527,2025-01-12T14:31:01Z,2
"“The Universe is a hologram the reality is an illusion, buy a gold, BYE”-Bill Cipher",@BillCipher-u1t,2025-03-16T20:35:25Z,2
Best video I’ve seen in a long time. Beats any of the boring videos of TS,@jestsetter2575,2024-12-05T10:16:15Z,2
The lyrics are gross.,@VengeanceMine,2025-01-12T13:35:29Z,2
"Hot take: not every powerful, badass woman who doesn't need a man is lesbian. In fact, the idea that they're lovers totally takes away from the actual story. It makes so much more sense and makes both characters cooler if they come out of the mess realizing that NEITHER of them need validation from a romantic relationship, and they become good friends because of their similar views. The last few seconds with the playful banter really confirms this: they both found a friend in each other, and they were willing to forgive each other for the beef between them. Not everything is LGBTQ.",@Captain_Chi-town,2025-06-18T02:45:02Z,2
Final destination vibes,@Morvideditsgaming,2025-05-16T13:56:35Z,2
I’m catching death becomes her vibes,@Geminirose-sz3pc,2025-01-19T19:18:17Z,1
I’ve listened to this song 10000000 times and I don’t understand why y’all are serving DEATH to each other y’all are slaying the vibes. BTW When you sing “yeah I’ve been known to share JENNA WHY THE HELL MURDER HER!?!!?!? jk jk I know why,@xxDddysllgrl13xx,2025-01-24T19:03:04Z,1
I feel like no one actually goes to her concerts because her music is so generic it doesn't sound like music it's basically a flat line,@Naughtyrobutt3,2024-11-19T12:57:24Z,1
"""You'll just have to taste me when he's kissing you"" freaky ahh lyrics",@georgedeng8646,2025-04-12T19:36:39Z,1
This music video is awful,@chiaraf633,2025-01-23T10:50:50Z,1
Cara eu ri demais vendo esse clipe e divertido e muito bem produzido ao mesmo tempo,@robertalvesbr7144,2025-06-10T18:26:59Z,1
"It's giving me death becomes her, kill bill vibes❤",@lenevee4925,2024-12-15T05:37:58Z,1
Let the Sabrinaverse reign ‼️‼️ 😎😎😎,@mikelugo6199,2025-02-21T09:47:46Z,1
this shit is god awful,@FierceDeity_64,2025-01-31T07:38:02Z,1
This is actually really good! The music does have a faint 80s tinge to it even though the vocals are 21st century.,@Kazilikaya,2025-07-20T07:05:27Z,1
"The song is garbage, but the video has a cool Death Becomes Her vibe at least",@lordpogggaming7495,2025-05-06T21:27:55Z,1
The vibe is that one movie with the same theme,@Baddiechat12345,2025-03-01T20:41:28Z,1
"I'm not going to lie to you. But I really hate you Sabrina Carpenter, You are the worst!",@andriannaadamou9443,2025-05-27T13:10:05Z,1
1:50 the synth reminds me of „Better Davis Eyes“ - Kim Carnes 🤔,@Chabalaba83,2025-01-25T05:28:33Z,1
Love the „death becomes her“ vibes,@lottajott,2025-01-03T13:54:29Z,1
its give me Nanno vibes,@ArizkaaaRiz,2024-11-22T12:32:19Z,1
"We all know that if the roles reversed,some insane women would be complaining about the woman being killed despite it just being the same message women should stop fighting over men and men should stop fighting over women",@Cathiejnene,2025-05-28T15:32:10Z,1
Love the beat all Americans that I love from Rio awesome song from my favorite  country always 🇺🇸  love you guys,@WellingtonVarela-p8k5w,2025-03-02T18:01:16Z,1
I knew i got wednesday vibes even tho its monday,@Jessthestar4u,2025-02-24T15:01:56Z,1
"giving death becomes her vibes for real. but its a great vid, especially with Jenna Ortegain it. well done though. its azhuer btw",@beatsbydagod6859,2025-03-04T16:57:54Z,1
The melody is so soothing and relaxing.,@SiennaWard-y1x,2024-11-06T15:19:36Z,1
"It’s weird how Hollywood always advertises violence, and hateful lyrics, disguised into a nice happy melody 😊✨",@MarinaBrunoFilms,2024-11-03T15:31:59Z,1
Am i the only one who feels the Bette Davis eyes vibe (Kim Carnes) with this song? Like she used a sample. Love it though,@TheLoesM,2024-11-17T12:14:57Z,1
this is giving tom and jerry vibes,@Emmanuel-b1j,2024-11-28T01:19:31Z,1
"It's such a shame this kind of trash is on top of YouTube.. The message is terrible, the music is horrible, the lyrics are empty.",@bozonaroNaCadeia,2024-11-03T12:57:30Z,1
Lol sorry but who cares. This lyrics mean nothing,@joanainacio246,2025-03-16T15:44:17Z,1
"Giving"" death becomes her "" movie vibes I love it",@MsPurplehippie,2024-11-15T03:18:47Z,1
Did anyone notice the lyrics said you just have to taste me when he’s kissing and then Jena sees Sabrina and they are kissing but it was the guy😮😮😮😮,@RosemaryKlemmer,2025-02-09T22:30:43Z,1
Knuckle deep within the borderline...,@ww1980kolo,2025-05-07T01:42:35Z,1
"Jenna, for the only scripted funeral that I’ve watched of your work, and having only two lines! “I don’t know how you put up with that.” “Very insecure.” It’s your non-vocals and pauses within the cameras still frame that captivates your audience. That tombstone shot spoke to me in a way. Figuratively speaking. Hypothetically? Perhaps that too. 🤷🏻 What are you doing right now right now? Other than four productions this 2024 final months of the year? 👀 what are you wearing? “Team” something shirt? You woman you. I’m totally not watching reruns of YOu nor am I going to rewatch Studio 666👀 I could keep on going but maybe I will watch compared to these delays of productions. Anyway…cheers. You’re probably laying around on your bed. Scrolling through these comments. Eventually…one day. You know? Kiss. 👻",@CarlosEnriqueAmaro,2024-11-20T23:17:58Z,1
"oh my god, her vocals ",@calsdaily,2025-03-11T19:15:24Z,1
"Ngl listening to more of the lyrics to Sabrina's music has made me not like her more and more. The music sounds good, but every song is so mean girl coded. And being a mean girl isn't ""slay"", it's pathetic.",@bluntbangs,2024-12-11T22:40:22Z,1
horrifying to hear the lyrics to this. it's basically condoning inadvertent r-word. weird gen z gravitates to this song. we are totally f'd,@Finaggle,2024-12-18T09:25:29Z,1
autotune is underrated,@drateisttv9666,2024-12-07T17:55:03Z,1
You have a reach for these kids and this is it. Catchy song just every fucking scene is violent. This isn’t 90s cops.,@Billybadass912,2025-03-19T07:52:21Z,1
"So I was thinking about this music video today and I have a theory sort of I don’t know if this is like obvious but my theory is that the boyfriend of the video is probably saying different stuff about Sabrina’s character and stuff to Jenna’s character to make them go after each other like that and maybe what happened to him in the video the two characters discussed and compared notes, and they found out he was playing both of them at the same time so yeah that’s just my thoughts",@dansnowstark1595,2024-12-12T22:50:48Z,1
#Sabrina and Jenna vibes ❤,@mariahanna2759,2024-11-12T07:55:19Z,1
I love how the first gunshot is on beat❤😂,@ItsBestie-z4j,2024-12-02T20:28:14Z,1
What a horrific video - no wonder we have messed up folk - awful and worrying,@HA-kw7vq,2024-12-07T14:16:20Z,1
"The fact that ppl see this as funny shows how desensitized ppl are and how much humanity has fallen. Ppl saying they love bonding over killing their bf? It’s giving Sza kill my ex vibes, which is also normalizing just as demented trains of thinking.",@greasergirrl,2025-02-01T15:37:12Z,1
Very big death becomes her vibes,@mightylineman,2024-11-22T09:39:43Z,1
This has to be the worst thing I have heard,@DarcyTheManstop,2025-03-25T11:58:24Z,1
The lyrics are gross,@Willowtree1482,2025-01-20T10:05:32Z,1
Very death becomes her vibes,@shaysandefur9546,2025-02-18T01:18:46Z,1
"I just got a T-Mobile ad that had this song as the sound, and I was confused because I didn’t remember the song starting with the chorus😭.",@hollsyy,2024-11-26T14:44:21Z,1
That was deeply disturbing… fucking love it!,@JeremiahDanvers124,2025-01-15T11:59:43Z,1
Disgusting lyrics,@Handle4921,2024-12-24T13:41:51Z,1
this gives me death becomes her vibes! Goldie (Sabrina?) and Meryl (Jenna?) either way love them both!!!,@kentoasti,2025-05-07T23:56:38Z,1
"Is it me or it's giving me death becomes her vibe,Sabrina looks like hayden",@ChrisselleBlevins,2024-11-12T20:26:52Z,1
"Coincidence.....or not. But this song has some chords very similar to the song ""Seven Wonders"" by Fleetwood Mac. You can check it out.",@Serralson,2024-12-09T14:02:24Z,0
Uma vibe anos 90 amo ! Sabrina e tyla uma óptima dupla,@sandrativaavelinomiguelsir3144,2025-06-07T10:16:04Z,0
2025 Grammy winner 🏆 for best pop vocal artist 🎉🎉🎉🎉🎉❤❤❤❤❤❤go sabrina,@Kyletroskie,2025-03-02T07:22:13Z,0
"alguien a visto la nueva temporada de sabrina carpenter en fornite yo ya la he jugado ,me encanta esta cancion",@fatimazohrachairibenrahma,2025-04-16T00:27:20Z,0
"🤮🤮🤮🤮🤮🤮🤮🤮🤮🤮🤮🤮🤮🤮🤮🤮🤮🤮🤮🤮🤮🤮🤮🤮🤮🤮🤮🤮🤮🤮🤮🤮🤮🤮🤮🤮🤮🤮🤮🤮🤮🤮🤮🤮🤮🤮🤮🤮🤮🤮🤮🤮🙄🙄🙄🤮🤮🤮🤮🤮🤮🤮🤮🤮🤮🤮🤮🤮🤮so vulgar, gross lyrics. shame. this is the society of today. pure vulgarity and no class.",@Katia-samser,2025-06-06T15:54:34Z,0
The gay undertones of this are nuts,@MarioSlacker289,2024-12-29T02:42:53Z,0
Kind of Betty Davis eyes' chords,@soyyo3581,2025-01-11T16:53:31Z,0
"Love the video for sure, was hoping this second video would change my mind about her vocals after finally seeing who she was and the hype behind her. After watching please please please I was disappointed. But this kind of changed my mind just a little bit. Her voice is cute and that's it lol",@moonbalance6854,2024-12-28T12:51:51Z,0
Death becomes her vibes <3 I love it!,@maryglaizeee,2024-11-19T16:12:43Z,0
"I swear at the beginning instead of ""to be exact"" I heard ""to beat his ass""",@ShiinGodzilla,2025-06-26T03:42:23Z,0
Love this song but hate these lyrics!,@JM-zo5me,2025-04-14T21:45:05Z,0
The lyrics of this song really speak to me.,@ChloeCarter-i6p,2025-04-08T19:27:37Z,0
"Cara eu amei esse clipe, parece um filme filme sobre duas bruxas imortais que ficam brigando por séculos, tudo numa vibe meio de todo mundo em panico,",@Lovely6591,2025-07-27T23:50:49Z,0
Nah 69 beat... She knew TF she was doin,@HX2T-m2p,2025-02-12T20:59:32Z,0
Jenna in the first shot had Wednesday vibes,@ambreenowais9866,2025-01-05T12:55:15Z,0
"Taste’ is bold and unforgettable. The energy in this track is next level. As a country and southern rock artist, I vibe with that fearless spirit. 🔥🎶",@Joshuatracks,2024-12-03T18:54:55Z,0
"Little wonder they need a video to detract from another boring stereotype artist, she sounds like half a dozen performers, average voice, bland music and lyrics.",@peterholwill1170,2025-03-23T11:20:28Z,0
"I’ve only seen a few clips from death becomes her, but this is kind of giving that same vibe",@Curiosity_Cabinet7,2024-11-28T00:54:48Z,0
Sabrina is annoying and weird and jenna is annoying and weird,@NataliaDatGirly7,2025-04-19T00:06:13Z,0
i was so into the video and the tune before i realize the lyrics😅😅😅,@angelbutvillain5606,2025-06-24T06:45:45Z,0
people need to grow up I watched a peaky blinder edit where some dude got shot in the head unfazed by its Ima nice guy humble gentle giant but I'm not a snow flake I like to cuddle and sing love songs and read bible verses,@massator,2025-01-17T23:19:35Z,0
But love the 90w vibe,@vhw23,2025-02-20T03:39:34Z,0
omg i love this video gives a lot of vibes well done i like every single scene in this video even though it involves blood and isnt to bad,@anxss26,2024-12-05T03:52:20Z,0
The lyrics weird but great mv,@2fresh166,2025-06-22T12:22:02Z,0
"No, not a fan. Don't get me wrong. I an 100% for Sabrina Carpenter and Jenna Ortega Dying. her video was cool, I really like the effects, but the music was too popy.",@Richtoto316,2025-03-03T01:06:55Z,0
She has dolly patrons vibes ❤️,@ElizabethBanewong,2025-02-15T10:34:06Z,0
"why do people listen to this, she makes awful music thats uninspired, self centered, egotistical, and just bad. the sentiment is awful, the lyrics are repetitive. awful music.",@BiggieTrev70,2025-04-09T18:54:02Z,0
Omg I love this song! Totally my vibe❤❤❤,@someonewholovesKREW,2025-06-05T14:17:10Z,0
Death Becomes Her remake!! Didn’t anything else catch the vibe?!,@samanthakittelson6391,2025-01-06T14:18:21Z,0
Love the Death Becomes Her vibes,@eddiehitler9822,2025-05-22T17:08:32Z,0
This gave Death Becomes Her vibes 😂,@tehyabeck3074,2025-05-19T07:22:24Z,0
"Never realized the lyrics say: he pins you down on the carpet, and makes paintings with his tongue 😮😮😂😂",@the_grand_inquisitor2511,2025-06-08T17:19:10Z,0
This is a vibe like death becomes her but better 😅,@Nothemomma904,2024-12-21T23:02:08Z,0
This was epic make a remake of this song omg this is for now my new ringtone for my phone lol 🎉🎉🎉,@Stitch_lover69,2025-07-31T01:08:43Z,0
the deep lore on this song is legit crazy,@crxgiles,2024-12-07T02:31:56Z,0
"Wow. Idk who anybody was beforehand, just heard the song on the radio a couple times, but this is actually a really really good video in my opinion.... It has a plot and entertains in a creative way while still being relative to the songs lyrics and not full of random flashy fluff like some other vids.... or most of my comments 😆",@letechnology1774,2025-04-21T09:01:44Z,0
That 'most replayed' bump looking awfully suspicious 👀👀,@Sabadasz,2024-11-20T18:12:20Z,0
Wow this is such a catchy tune😍 not for kids though,@shelleyjennings6560,2024-12-17T18:41:35Z,0
YT is the worst,@xavieraccorsi908,2025-03-12T02:30:13Z,0
Them attacking each other...but not dying then end up loving each other at the end is giving death become her vibes😂,@the_grand_inquisitor2511,2024-11-27T15:32:17Z,0
Yasssssssss it is giving dress to impress vibes ❤❤❤❤❤,@leanncapellan7725,2025-04-09T01:53:29Z,0
Definitely gave me death becomes her vibes. I’m here for Jenna though lol,@DreAlexander-ks6bw,2025-06-14T04:52:14Z,0
This is the weirdest worst music video ever . But I still love ur music sabrina,@Greta-k1y,2024-12-10T00:43:37Z,0
"Am I the only one who thinks this video has a ""Death Becomes Her"" vibe?",@boutiquehotelglobe7521,2025-02-16T10:37:11Z,0
Worst song of all time.,@roan6125,2025-02-06T22:27:46Z,0
Anyone else getting Death becomes Her vibes??,@nicolegnabasik9874,2024-12-31T06:34:18Z,0
Nice song awful  vide0👎,@Orangedude-wc7gq,2025-02-06T03:25:45Z,0
Disgusting the music video doesn't have the same Vibe as the song so disappointed,@IKitty-tl8dm,2025-02-17T00:07:38Z,0
the heartbeat monitor reading 69 bpm is a nice touch,@nickw8718,2025-04-18T01:07:56Z,0
Yasssss!!!! Catchy song...and the video amped it up...its like Death becomes her meets Kill Bill ..❤,@ronnietarikcooper4716,2025-05-01T00:03:02Z,0
Agatha and Rio vibes right here.,@stephenblack5425,2024-12-13T11:37:29Z,0
Love the “Death becomes her” vibes,@particlesoluna4487,2025-06-29T17:32:01Z,0
I’m very behind because I’m old and refuse to listen to new ish but Sabrina kinda got my heart with her lyrics!! ❤❤❤❤❤❤,@LeynaSkogland,2025-02-19T17:35:51Z,0
Anyone else getting Death Becomes Her vibes?,@bonehead156,2024-12-04T06:26:11Z,0
How deeply sick.,@SBS-k7s,2025-05-08T15:41:04Z,0
A jenna já é  prefeita mas nesse clipe ela tá maravilhosaaa (uma vibe wandinha) 💕,@Pliss._m33,2024-12-06T11:04:42Z,0
Powerful against each other. Smart but deadly. Don't want to cross them in a fight.,@AlexanderBailey14,2024-11-23T20:56:24Z,0
'Death Becomes Her' vibes anyone,@aprile8429,2025-06-10T10:32:43Z,0
"It's  giving ""ginger snaps"" movie vibes",@upsiedaisy-w8r,2024-11-23T04:50:43Z,0
Sabrina got more beaten up than Jenna,@TheWorstEditor-b2v,2024-12-07T13:32:53Z,0
0:46 for the chorus,@j4ke.obs3ss3d,2024-12-20T21:27:37Z,0
Dead becomes her  vibed,@abrilparadiso1277,2024-11-15T01:39:08Z,0
Not this being connected to please please bc she is in jail -not irl yall’- and that also explains why it started play Sabrina carpenters please please please beat while in the car she’s so iconic and beautiful!,@Cameleyes,2024-12-14T05:29:51Z,0
This gives the same vibe as the music video of Taylor Swift and Selena Gomez in Bad Blood,@tianamassey8640,2025-01-15T03:51:07Z,0
Nice 2009+++ vibe 😎,@ukaszkroket5247,2024-11-14T19:39:48Z,0
A nice song ..a good melody ..and a bad video...,@alfredodigaeta534,2024-11-13T23:46:03Z,0
I KNEEWWWW THE LYRICS WERE HOMOEROTIC ON PURPOSE,@albinoadinross,2025-03-27T22:56:45Z,0
and my 9 year old was just singing this in the car LOL not sure if these lyrics are y/n,@elevatedaily888,2024-11-12T02:30:52Z,0
It’s giving death becomes her vibes lol,@hailo7398,2025-01-07T23:51:04Z,0
I love the song but the video and lyrics are like so ewe for womanhood.,@vhw23,2025-02-20T03:38:52Z,0
Nanno and yuri vibes ❤,@JhondilleMutya,2025-07-13T14:16:21Z,0
Always knew she had that villain vibe,@Ohana1-l4y,2024-11-06T22:33:51Z,0
How dumb are those lyrics. You taste her when you were kissing him! Hello!,@benitocharland4028,2025-03-24T22:43:32Z,0
"Omg the way he says ""I heard your back together"" is on a real  pitch",@seanHernandez-u8w,2024-11-05T03:48:57Z,0
One of the worst videos ever made. Disgusting how women would do anything to look cool. Prostis,@muhammadalimalick3278,2024-11-04T12:54:22Z,0
Jenna is the worst celebrity and Sabrina,@michellecorish2338,2024-11-04T12:08:32Z,0
This song has such a catchy beat!,@MayaRichards-q4j,2024-11-04T09:12:35Z,0
"Any women who has a man and likes this tune and vibes to it without thinking anything wrong with it, if your man cheats on you especially with a girl you know then remember this you can’t complain especially if your in support of this digusting backwards song 🙂",@glecservices3114,2025-05-17T15:39:47Z,0
Very cool song. Bump up the speed to 1.25x and it has a cool chick-rock vibe,@GuanRytheFantastic,2024-12-04T18:11:36Z,0
I love the vibe colour and makeup it’s just amazing,@huetrangtran7213,2025-01-07T07:15:55Z,0
"It’s giving death becomes her vibe 😂 Merryl Streep, Goldie Hawn and Bruce Willis 😂",@jamnee2648,2025-01-24T04:54:57Z,0
"Just learned theres a ""Sabrina cinematic universe"" 😐",@TeamHusky,2025-05-16T03:00:43Z,0
Death becomes her vibes,@taylormarowski7103,2025-05-04T16:18:36Z,0
"I laugh every time I hear this song....the singer's audience is the previous girlfriend, who has now returned to the guy. She doesn't appear to realize that the first girlfriend could sing the same lyrics to the singer and have it be 100% true too....which is totally ironic. Now that I'm watching the video, well, I guess there's no lack of taste in music videos these days. What a crock.",@BrendaPetersen-t3y,2025-01-16T18:51:50Z,0
Weird ass lyrics,@CHRISTISKINGOFORDE,2024-11-15T20:00:41Z,0
Anyone else getting *Death Becomes Her* vibes,@ehdrake,2025-06-17T01:41:31Z,0
0:07 the way she was singing before the actual lyrics was getting me mindsetted,@SantiagoEspindola-s2p,2025-05-31T05:00:28Z,0
"1:20 OMG THE FENCE ALMOST GOT HER HEART, AND U COULD SEE IT BEATING",@Sl33py_ed1tz,2025-01-03T01:42:13Z,0
"This is giving major ""Death Becomes Her"" vibes. 😂😂",@courtneylane7639,2024-11-23T03:21:40Z,0
Great music great voice hate that it's about infidelity ... Buuuuuut great rhythm voice choreography .,@Picupyourcross21-6,2024-11-22T19:48:29Z,0
What a crazy clip catchy song though,@rbvl30,2024-11-26T20:08:47Z,0
Kinda has 7 wonders from fleetwood mac vibes,@adavidbujanda,2025-06-29T23:00:30Z,0
I love the tiny little reference too repo the generic opera with the fence fall,@aloisplease,2025-06-28T00:15:39Z,0
Love the death becomes here vibes,@adrianasanmiguel4518,2024-12-05T16:12:29Z,0
Great musician with powerful voice,@PauliasPasingan-y9y,2025-06-09T02:10:46Z,0
"Loving the vibe of this song and ""Death becomes her"" homage of the video.",@dasdeke,2024-11-26T23:43:49Z,0
Some food that looks like the cat stones and turn it into korn plis,@DuckGold-c2e,2025-02-02T03:27:03Z,0
"I guess if you just wait 30 years, you can just copy anything and people will just say you referenced it or it gives Death Becomes Her vibes instead of saying what it is, which is straight up copying the concept.  It's a nice video and good song but let's call it what it is.",@sethaldrich6902,2024-12-15T13:47:11Z,0
"The music video is quite original and entertaining, but the actual song is mid af. I'm so sick of generic pop songs about people and their boring ass relationship drama. It's the most overdone subject in the world at this point.",@lhays117,2024-12-08T13:26:48Z,0
the hideous due..what a mess this video was so hard to watch lmfao!! 500kg makeup n still they both chopped..0 features too also cant sing..allautotune! sad tbh! ohh yah btw your little miss perfect jenna smokes and uses drugs..let that sing it ;),@optimusprime-G184,2025-06-21T06:18:19Z,0
This is better than your sweet tooth perfume(that is hard to beat),@Lunapoodle-10,2025-05-29T07:12:58Z,0
"Immediate ""Death becomes her"" vibes, like a modern remake in a mini movie, even the end. 😂",@Ghost_moto_WPN,2025-04-14T11:49:02Z,0
"Really.... Another Taylor and Olivia type of song.  I know it's music but if you reverse these types of lyric's and the dude was telling another dude that he's tasting him through his ex girl, you get my point.  If your relationship doesn't work out, please move forward.  The fact that you have to write a song about him and even sing about it shows that your still living in the past.  In all theses type of song, he has moved on.  But we know it's all about misleading these young women (buyers) to make that money.",@firstapplesauce8731,2024-11-25T15:37:19Z,0
These lyrics evil,@ianbentley7377,2025-06-09T05:38:42Z,0
"Ngl, this song is such a vibe",@Cameron_g1,2025-01-09T04:13:23Z,0
Death becomes her vibes,@alyssaponce5266,2024-12-13T04:18:06Z,0
This entire video gave me Death Becomes Her vibes and I LOVE IT!!!!🖤,@TheBayouBabe,2024-12-25T03:44:51Z,0
You're so 🔥.  Often im so sick of the repetitiveness of you on the radio.  But here i am again. Its sickening. i❤i,@AaronKieu-m9h,2025-03-18T03:18:25Z,0
Omg I love the song great beat and the music video is amazing idea I love it they become friends in the end.  Both beautiful and strong wise women.                 It does reminds me of my favorite movie Death becomes her.  If no one seen the movie you have too. ❤❤,@andrearose8125,2025-01-29T16:47:56Z,0
The way this has better effects and gore than some movies currently is humiliating 💀💀,@AidenOarsi-oi5ji,2024-12-29T15:52:41Z,0
Love the over her dead body vibe!,@kristinmichelleyt,2025-03-30T19:11:11Z,0
This gave off heavy death becomes her vibes and I'm here for it,@Stardropletwhoareyou,2025-03-19T13:29:20Z,0
baixei lyrics,@KillertElf,2025-04-11T21:17:22Z,0
"You know I don’t think this can be true, but the pictures and noises in my ears make me believe, or think a lot of weird shit, and apparently everyone that betrays me literally goes to hell, maybe in millions, billions, or trillions of years, and then they burn for a long time, maybe forever, or they burn get destroyed, then somehow come back as part of the planet, or some planet, and I apparently die, return to the sky, or Zion, then maybe come back in a new universe, don’t think this is true, but that’s what I’m getting, I have no idea if it could ever be good for me, or anyone in this bullshit, also I think people are desperately trying to set people up to do me over, and betray me, and may have been for a long time, maybe they agree with incest, paedophilia, murder, mind control, brain washing, manipulation, I personally do not. I would not like to take part in that. I honestly do not like the thought of living in a sick disgusting world or in a world where I think people are sick and disgusting, but for some reason have some thoughts I can’t actually die, like physically maybe I can, but then some healing shocking mind erasing, technology and, or magic or whatever happens you know regrowth back to a baby change look genes nutrition whatever or just keep farming me, so they can nonce off and torture people and try to send us to hell.",@Leestevensmusic,2025-02-09T19:06:57Z,0
1:03-1:06 i love how the beat goes so well when jenna gets hit on her eye with the knife 😮‍💨😍,@gisselmontoya,2025-05-21T16:40:30Z,0
"Todo mal, Todo mal. Autotune por todos lados que intenta cubrir la mierda que es la letra y que lo peor, la hace mas mierda. La letra simplemente sin sentido palabras aleatorias que rimen y ya, primera vez que veo a gente utilizando el cerebro y tirandole la basura que se merece.",@Gatopanzon-r9j,2025-05-08T01:30:19Z,0
Oh it’s giving Death becomes her vibes❤️‍🔥 and I’m here for it 😍 iykyk,@karebear_ko6766,2025-06-27T22:09:39Z,0
It's giving a death becomes her vibe ❤❤❤,@Sleeping_artist14,2025-04-07T09:24:28Z,0
This is so awful! I hate it.,@mamabear558,2024-11-22T03:58:52Z,0
Vibe: Relaxing afternoon as the sun sets,@music_around_like_glitter,2024-11-17T18:51:53Z,0
"You seem to be quite popular. Reckon it's partially to do with being a smart arse best mate to a lass who represents the fears of all young women? Without that role in a different universe do you become so big? Curious on your thoughts on it. Take care, Greg x",@FrostGreg,2025-05-02T10:05:19Z,0
"This is awful. Voodoo, violence, all over a man. Gross. This is what kids are being raised watching. No wonder everyone is messed up smh",@QueenLuddite,2024-12-04T20:24:04Z,0
"I was checking this video out and my brother got in the car. He heard the line “You’ll just have to taste me when he’s kissing you!” He looked at me weird and said “That’s fucked up!” I thought he was talking about me watching the video. He made sure I knew he was talking about the line. He didn’t mind the song though. Thinks it’s catchy as hell! I agree. Plot twist of this whole thing….. I’m a 34 year old, straight man who works physical labor. My brother is a 40 year old, straight man who is a US Army Combat Medic vet. 😆😂🤣 I have listened to this song a few times now. Damn Sabrina is fine as hell though.",@J-Rod91,2025-07-16T02:28:52Z,0
"catchy and confident — Sabrina nailed it with ""Taste""!",@TunesphereNewMusic,2025-04-21T21:52:23Z,0
The song is a vibe❤❤❤,@LondonAbrahams,2025-03-13T14:43:04Z,0
"Mmmm...the song explores the theme of jealousy and the lingering bond between ex-lovers... Sabrina is really addressing someone who has gotten back together with his ex, insinuating that, despite the new relationship, the author’s presence is still palpable. The line “You’ll just have to taste me when he’s kissin’ you” expresses the idea that, even though the relationship is over, the author is still a part of his ex’s life... so much so that the new partner cannot help but feel his presence! It is also very strong the way Sabrina emphasizes how some of his ex’s habits and behaviors, such as jokes or affectionate gestures, were learned from him (I am referring to “He’s funny, now all his jokes hit different / Guess who he learned that from?”). This lyric maybe could seem ""trivial"", but... it is very deep indeed 😊😊",@aliceaccorsi2782,2025-03-08T20:06:44Z,0
This is chaotic no match lyrics with visual,@spidy1525,2024-12-11T14:50:44Z,0
this songs giving vibes,@SurinaChilana,2025-07-18T17:07:42Z,0
Sabrina you are so beatiful,@Trendyol1-i5v1l,2025-02-27T19:09:34Z,0
"what creativity bro, i love her Mvs and Songs, this old vibe on songs is PERFECT!!! completely ur vibe🔥🔥🤩🤩",@jasiel3000,2024-12-16T18:10:28Z,0
Such an amazing song! Giving me 80s roxanne vibes ! But the video could have been less violent.,@layalechidiac9054,2025-01-24T13:18:04Z,0
1:19  THE HEART BEATING HELP???,@NotNoobieLemon_1,2025-01-26T09:03:30Z,0
Man its so simple yet so damn catchy,@VandashStumpedKnee,2024-12-26T13:03:45Z,0
People who actually know who is referenced in the lyrics...,@imyourakbil,2025-06-27T00:06:25Z,0
Yo solo voy a decir una cosa quien espera la segunda temporada Porfavor Porfavor que la saquen ❤️💚,@everalonsoperezsegovia1744,2025-02-28T07:46:12Z,0
"I keep hearing ""five feet to be exact"" as ""five feet to beat his ass""",@maddison_kay,2025-04-27T23:32:44Z,0
"This is incredibly messed up. At a time when the world is witnessing real images of dead babies and innocent civilians being shot, bombed, with objects piercing through their bodies in Israel on October 7 and then nonstop in Gaza, this video treats violence like it is entertainment. It is pathetic to use shock value and rage bait just for views. The world is suffering. We are on the brink of a possible war. Our humanity is disappearing and human lives are being devalued. How tone deaf can this music video be. This is not what people want to see. No wonder people say the entertainment industry is demonic.",@Hummingbird25,2025-05-07T00:17:29Z,0
Giving Death becomes her vibes. I would watch a remake with them.,@lairmd1371,2025-02-27T02:23:00Z,0
Ilove when the beat drop,@JuniorrDtwFoReal0H,2025-02-19T16:21:06Z,0
What is the point of the anti Christian violence other than illumines Nazi initiation BORING so dead generation vibes,@tdtd6728,2025-05-08T18:22:40Z,0
The lyrics of this song is basically neurotical sh*t.,@melodyabcdefghijklmnopqrst1663,2025-06-25T20:58:55Z,0
What a great sentiment in the lyrics!,@charlesfuroy1584,2025-03-23T04:31:56Z,0
I need death becomes her movie remake with jennifer lawrence and emma stone,@Szananot,2024-12-16T13:47:09Z,0
The lyrics are catchy but they carry just all the wrong messages.,@melodyabcdefghijklmnopqrst1663,2025-06-25T21:04:31Z,0
This makes sense this color changing turd was on Disney. Catchy song tho,@Affliction69,2025-08-07T13:37:18Z,0
This has such “Death Becomes Her” vibes and I love it,@cynthiathompson4380,2024-12-01T18:44:30Z,0
Serious 'Death Becomes Her' vibes,@JehielNel_singing_life,2025-07-29T14:46:27Z,0
This video gives me major death becomes her vibes 😂 love it 🥰,@Angel-o6f9u,2024-12-18T12:04:15Z,0
"Hahaha!! This is so, ""death becomes her"" movie vibe 😂😂. Awesome!",@germainegeorge9847,2025-02-23T00:36:51Z,0
And they said Reputation was Dark.  Damn.  Sabrina has some variously dark stuff underneath that sweet little girl vocal tones.  Amazing,@deddington3343,2025-04-01T19:54:03Z,0
Sabrina carpenter Love you name is Edwin stone 30 love you too,@patriciastone7421,2025-06-25T06:30:33Z,0
This gives me hope that I can make it in today's music industry. It's so awful anyone can do it.,@condomadness3223,2025-06-22T02:15:54Z,0
I love the kiling vibe🎉🎉🎉🎉🎉🎉🎉🎉🎉🎉🎉🎉🎉🎉🎉🎉🎉🎉,@teachermerry901,2024-12-22T17:29:19Z,0
She totally ruined the vibe here she was much cooler with just the music... The notion that she doesn't care and isn't that jealous type is what makes the song so cool,@IKitty-tl8dm,2025-02-17T00:09:00Z,0
😅😮 omg sooooo  giving babysitter killer queen vibes,@graciebates1282,2025-02-24T08:35:08Z,0
Love the vibes,@jonathanmcleod847,2025-03-03T22:13:44Z,0
"wow im trying to make a beat like her music and watch this, ......i dont like the gore...",@diamondbeats2025,2025-05-01T14:10:08Z,0
"Jeez, the lyrics are so explicit... how this passed censorship is beyond me. And young girls are singing these lyrics, oblivious to their meaning, WTF?",@ritanmartinez8630,2025-02-27T01:29:25Z,0
yall fr hating on her for no reason..she’s just referring to rory as she gave off a similar vibe💁🏻‍♀️ get a life you guys🤡,@xxsashxx2010,2024-11-17T12:51:02Z,0
this gives severe death becimes her vibes,@camijimenez3447,2024-12-12T20:56:28Z,0
My heart was beating when they smooched,@Rebel-Cglam,2024-11-14T20:04:44Z,0
Death becomes her vibes 😂😂😂 this video is epic ❤❤❤,@johnnyalmonte241,2024-12-11T22:10:10Z,0
The music is generic and boring but the video is great :),@Ste4mRay,2025-07-30T19:06:43Z,0
Death Becomes Her vibes 🔪🖤✨,@BeMyGuestXO,2025-05-12T21:30:09Z,0
"This Music Video Actually Deserves an Emotional Recall, like the Ford Explorer 💙 and Firestone Controversy 🆚 NHTSA In The year 2000.",@moisesvazquezgonzalez657,2025-05-25T04:46:55Z,0
They give off death becomes jer vibes,@L14IsLeXYQ,2025-06-18T21:01:58Z,0
This is awful.,@Natalia-fr5pd,2024-11-19T18:25:27Z,0
Death becomes her vibes,@BrandonBennett-z9s,2025-07-01T23:09:46Z,0
Vibes 😂😂😂😍😍😍👊🫡🔥🔥🔥🔥🔥💯🌹2025,@nikkigstyle4071,2025-05-14T05:53:18Z,0
Definitely giving off death becomes her vibes,@RonnieMadness,2025-03-26T04:22:50Z,0
"I always wondered why Sabrina likes the style of Meryl Streep in Death Becomes her and it's proven with this video very high Death Becomes her vibes in it,, which is awesome.  :)",@Gonk,2025-04-28T12:36:28Z,0
I DONT BOOK ANYBODY ELSE WHEN I THINK ABOUT YOU I TOUCH MYSELF. THATS THE CHORUS OF THE SONG THAT SOUNDS SIMILAR TO HERS,@anthonypassaro4909,2025-04-05T11:23:23Z,0
death becomes her vibes and I AM HERE FOR IT,@joeysmwlybabi,2024-11-30T01:57:12Z,0
Some of the most toxic song lyrics I’ve heard and people are loving it,@happycamper4918,2025-01-06T02:47:41Z,0
Huge 'Death Becomes Her' vibes off this vid lol,@navnig,2024-11-23T06:37:34Z,0
"""Death Becomes Her"" vibes 😂",@chrissycat_831,2025-08-01T09:34:50Z,0
how she went from almost love..to now this and feather...damn she's fucked up lmao she must love body horror and gore...wow. Imagine hw much work went into this video and all the prosthetics and effects lol,@minimalistvlogger3467,2024-11-29T17:36:08Z,0
Dis is giving Death becomes her vibes is it? ❤,@Queenkady876,2025-03-17T20:30:05Z,0
The vocals 😵☠️🫀 MV☠️💀👻🫀,@matottina5147,2025-06-13T23:47:52Z,0
_Death Becomes Her_ vibes,@matteo.belmonte,2025-06-26T19:55:22Z,0
"BEING ANNOYING ALL THIS JOKES ABOUT OF HER BECAUSE OF HER MENTION IS MYDAY OF HER MESSENGER AND SHE,S ALREADY HAVE HER PHOTOGRAPH OF HER BOYFRIEND AND HER SISTER JENNA ORTEGA.😊😊😊😊😊😊",@YuhriDiana,2025-08-02T23:59:03Z,0
This is just Sabrina Carpenter getting her ass beat the whole entire time,@lolkid-f6d,2024-12-18T17:33:15Z,0
Mysandrists. Imagine if a male artist made a music video like this but the genders were reversed.,@LightAscended,2025-06-02T23:40:08Z,0
"I was actually so scared when the blood part came, becuase i have a phobia of blood.😮😅😢 also Jenna was giving Nurse Julie vibes from dress to impress",@GinormousPotterfan,2025-01-07T22:41:42Z,0
This is the worst fcking song video I’ve seen. Even worse than “liar” by Camille cabello,@vookith5002,2025-03-01T00:24:43Z,0
Stole the piano notes from Fleetwood mac - seven wonders,@Robert-sw1lt,2025-06-02T14:19:50Z,0
Good and catchy though,@PixelRelive,2024-11-15T07:57:53Z,0
This gives me Death becomes her vibes.,@witchitter,2024-12-05T23:54:05Z,0
"Scriptures tell us to not strike with deadly intent, whether lightly or severely.  Lord Jesus says ""Let him that is without sin throw the first stone at....""",@earlrussell1026,2024-12-19T12:17:50Z,0
"I cant believe this is legal to put it on YT, such a sick world!! When it was happend that this is normal for everyone and she is an idol for children now??. There is nothing to laugh, I am 34yo and I have to shut my eyes during this. Awful",@niemajaktoja,2024-11-24T15:47:39Z,0
Death Becomes Her vibe is cool,@TwiceTheASMR,2025-05-11T14:19:11Z,0
"She stole the chorus from Divinyls ""I Touch Myself""😢😢😢😢😢😢",@MaleOrderBride,2025-02-10T09:45:02Z,0
It has a real death becomes her vibe lol love it,@evalee5536,2024-12-05T14:32:29Z,0
I love the death becomes her vibes,@AtomicMama42,2024-12-11T19:37:44Z,0
I see the heart beating,@TruongTran-d9e,2025-05-17T01:42:29Z,0
I HATED this songs lyrics..was hoping there would be some type of story behind it to make me feel better so I could enjoy the song without feeling rage for a flagrant side-b.  was gonna check genius.. but  links from Reddit popped up with other people being miffed. .. someone suggested checking out the video.   Now I'm happy I did.  Cheating without remorse--.bad.   fighting over cheater-bad.   mutilation and gore. Ahh yes .. perfect.👌.. as long as everyone's immortal. Ala death becomes her    😊,@thefemalemantis,2024-11-24T17:18:51Z,0
I liked her song whose title is why. But there is no vedio just lyrics. Maybe she should make a video,@gerliefedericos2697,2024-11-16T05:23:10Z,0
Thanks for reminding me Fleetwood Mac and  Divinyls vibes,@Traiden7003,2024-11-15T06:12:33Z,0
This very much gives death becomes her vibes and I’m here for it,@LocustxPrincess,2025-04-04T10:44:16Z,0
Death becomes her vibe,@LcoChief1211,2024-12-05T08:46:02Z,0
"One of the worst videos ever, for such a grate song! The heck with this mortal kombat crap! The part were they kiss, was the best part of the video!",@rudolfthe3rd,2024-12-27T01:08:31Z,0
The vibe?? KILLED IT( pun intended),@lionroblox7877,2024-12-18T18:09:10Z,0
This gives real Death Becomes Her vibes!,@ka_ka_kaelin,2024-11-12T15:24:27Z,0
DUDE THE EFFECTS LOOK SO REAL WHATTT,@itzclowniebrownie,2025-04-07T12:23:11Z,0
Awful ... go be a grandma and bake some cookies instead of trying to be a 20 year old rapper it's embarrassing,@terinabaltzer1513,2024-11-08T07:58:34Z,0
It’s totally awful,@thelavabeatduo,2024-11-07T18:06:46Z,0
0:55 Ayo is that a dr strange into the universe reference??,@PhamAlsoNguyen,2024-12-03T03:04:02Z,0
From 0:21 to 0:36 scratches my brain perfectly.....her vocals💖❤‍🔥🌟,@Mel-d7m1h,2024-11-11T18:18:16Z,0
Seven wonder vibes❤,@fredericcarriere7657,2024-11-06T08:48:49Z,0
awful,@fullstarcraftgame,2024-11-05T16:58:41Z,0
Why do I think of Dolly Parton and Jolene but in an alternate universe,@adanery09,2024-11-05T04:21:30Z,0
"This is so epic of both Disney queens and icons Sabrina Carpenter and Jenna Ortega! Love the music video cinematography, story, lyrics, chorus, details of the ducktape with the kiss from please, please, please and lipstick from expresso! Adore the outfits and acting! Taste is 💯 pop legendary! This reminds me of a very unique original retro version of Death Becomes Her from the 90’s! 😍🥰😘📺🖤👑🤩🏆💎🎥⚜️👏🏻🫶🏻 🎵 🎶 📝 🔪 🩸 🎬 🔫 🎭 💄 💋 🤍 🩷 👗 👠",@jazminratzlaff5357,2025-07-18T02:49:36Z,0
"For some reason this gave me ""Death Becomes Her"" vibes.",@natashajagadhish1887,2024-12-28T01:54:38Z,0
