comment,user_name,date,likes
"I'm a 38 year old metalhead who ONLY really listens to progressive, djent, and experimental metal genres, but I gotta say, I'm fr diggin this song. I love the 80s and 90s synths and percussions. It's truly a vibe. Def a guilty pleasure!",@AboutFalling,2024-09-27T05:06:33Z,1531
"This song is actually phenomenal. I'm mind blown how people write songs like these. The word play, beat and rhythm. Actual masterpiece. I listen to a lot of metalcore, post hardcore, pop punk but pop music has their really outstanding shining moments.",@krilaz,2025-02-08T18:33:08Z,1434
"""Bed Chem"" is the one that transcends 5 decades of music. 80s vibe of 90s hit, ""Into You,"" with the mid 2020 melody!",@ImLVLegitcusImthasht,2024-10-10T12:01:44Z,483
"Cannot express how much I love this song.. the funny lyrics, the unique beat, her voice, the funky dancey vibes, there's so many good things I could say!!!",@DiLoMusic,2024-11-14T03:18:57Z,271
That melody/riff at 2:19- 2:37… is something SPECIAL 🔥,@dbmusicc,2024-12-03T19:47:12Z,239
I love this song's R&B vibe.  This sounds a bit like some songs I listened to when I was growing up.,@marcusdj813,2024-12-10T22:25:23Z,171
My favorite part of the song is near the end when Sabrina sings those 90's sounding keyboard notes. Girl make more songs like this because my 1990 born self loves it!,@danielletopping2763,2025-02-07T14:53:34Z,107
It’s my birthday 38 today  and I couldn’t thinking of a better song 🎉🎉🎉 nostalgia definitely a 2000 vibe ❤,@vennessaosbourne4528,2024-09-23T19:24:21Z,79
"They played this shit 100x on the TV’s early morning in LA County jail… heard it so many times I ended up liking the song 😂😂🔥🔥 damn didn’t know the lyrics till now , 😂😂",@ogtokey,2025-02-10T16:57:00Z,65
"1:01 ""come right on me i mean camaraderie"" her lyrics are so unserious and i love it 😭",@brightneyspears_10,2024-11-02T19:41:22Z,58
Love how this song has a retro throwback vibe. Nostalgic. One of the standouts from the album,@ShaddyRaddyNY,2025-02-08T21:05:23Z,19
2:20 the duet with the synth is an awesome touch,@chuckscheller4346,2025-03-21T13:12:03Z,18
"I love her vibe, it's so different from everyone else. She knows how to have fun",@TheBaddie-q4u,2025-04-22T21:56:12Z,18
"This song is actually phenomenal. I'm mind blown how people write songs like these. The word play, beat and rhythm. Actual masterpiece. I listen to a lot of metalcore, post hardcore, pop punk but pop music has their really outstanding shining moments.",@TokingThomas,2025-04-11T00:54:47Z,16
"A little naughty for her, but I love it. The lyrics and the beat!",@RRWWandLS08,2024-09-24T08:38:15Z,12
Heard this on the radio today & cant lie it gave me that old pop vibe I fw this lol 🔥💯,@kentrellmays7695,2024-12-04T04:57:39Z,11
"Heard this song driving my teenage daughter to the salon the other day. I can’t even talk this fast. Missed my turn from being blown away by these lyrics. Dang, just dang. Perfect terminology. 😂",@lorib604,2025-01-08T16:55:24Z,11
So I’m late to listening to Sabrina. I heard this song on the pop radio station and it caught my attention. This song is so 80s and I love it! The lyrics are hilarious though😂,@nesye04,2025-01-17T02:21:59Z,10
I keep accidentally singing the wrong lyrics: Who's the cute guy with the wide-set eyes and the big bad mm like LOL I can't help it.,@rebeccamuntean1320,2025-05-14T15:07:33Z,8
All of Sabrina’s music has an 80’s vibe. Love it ❤,@aspieangel1988,2025-02-15T22:43:58Z,7
"Watching you rise to your throne has been beautiful 🥰 my fav artist rn, it just feels like pure girlhood down to the musical notes",@trinityredwine963,2024-10-18T18:43:27Z,7
I hope every future audio uploads comes with lyrics like this cuz seriously Sabrina deserves all credits for it and the delivery? 👌,@furyn9221,2024-10-16T06:03:42Z,7
the song has a great vibe and sound and the lyrics are hilarious,@quixodeath8879,2024-10-05T02:15:20Z,7
Reminds me of old school roller skating back in the late 90’s early 2000’s. Love the beat.,@Jag12313,2025-02-09T03:18:14Z,6
45yr old black guy here and as a fan of Janet Jackson I love this song. The whole vibe and melody is awesome,@joetj,2025-06-22T21:32:30Z,6
"got this one on repeat, it's too short i don't want it to end!! the whole vibe just got me feeling good!",@greendude1973,2025-01-17T22:03:35Z,6
Those catchy lyrics make the song such a good one and I Love It! She really deserved all grammy's.,@SharkyJuega,2025-03-09T08:33:40Z,5
I love this beat. So nostalgic from the 80s-2000s vibe,@cliftonmcknight4659,2024-11-27T21:39:34Z,5
This song is so annoying. I don't understand what she sings in chorus and she screams so much.,@xannalice,2024-10-09T12:55:57Z,5
"I had to look for this after hearing in the radio, the fact it has a 90s-2000s vibe hits different.",@ralman88,2025-01-20T18:00:15Z,5
It feels so 90s and the lyrics are like. Wonderfully cheeky. I'm in love with this song,@cirquedutournesol,2025-01-20T00:59:26Z,5
Not a fan but this has to be my favorite from her. The chorus is a whole vibe.,@egrum9660,2025-06-26T11:56:58Z,5
"I just heard this song for the first time today, and immediately fell in love with it! 🔥 It's definitely a feel good song that reminds me of the carefree type of vibe that you feel, driving along the coast with your girls (or your crush) as the sun is setting on a warm summer day! 🌅❤",@Haywood79,2025-03-21T06:14:46Z,4
I finally found this.  Giving 90's vibes =),@veggietank4405,2024-11-16T15:51:40Z,4
The lyrics are great and all but I’m disappointed that it’s not a song about Dr. Doofenshmirtz. I got so excited watching Dan Povenmire’s reel on Instagram 😢,@keeganlillith9694,2024-10-10T15:43:35Z,4
That beat is freggin amazing,@youngswook,2025-05-31T16:04:11Z,4
"I love Sabrina and her vibe and crazy lyrics, and I wonder how in the seven hells she is gonna be able to do a follow-up album that lives up to this, like every song is a complete blast, it's like a Greatest Hits album, but it's not, it's just that every song is amazing. I'm looking forward to see what she does next.",@marcosc9130,2024-10-31T22:37:54Z,4
I love the 1970-80s vibes to this,@Daddiemoney,2024-09-22T03:56:45Z,4
"This song is an ode to Jimmy Jam, Terry Lewis, and the Gap Band from the 80s. Check out Gap Band's song, ""Outstanding,"" for the beat in Carpenter's song. It is a basic R&B slow jam.",@dlawrengreen,2024-09-22T01:22:27Z,4
She makes the most dirty lyrics sound heavenly,@M.YaazielCortesJR,2025-02-16T21:46:16Z,3
Such a vibe,@yamanibryant-mccray2243,2025-02-01T05:12:22Z,3
"80s r&b vibes are off the charts, reminds me sm of “human nature”",@dirrtydiana,2025-04-24T19:25:23Z,3
Why are all these young girls singing vulgar lyrics... Come on now. Do better,@letty88,2025-05-24T15:16:13Z,3
bro i love the lyrics🥰🥰🥰🥰,@PaigeWilder-g6j,2025-03-05T22:20:11Z,3
Worst song ever.,@assassin77FTW,2024-10-29T20:07:53Z,3
"Sabrina should really switch lanes  to R&B. This is tha only song I can tolerate of hers. Espresso sounds just like Flowers by Miley or Happy by Pharrell. Over commercialized pop garbage. But Bed Chem has like early 2000’s/late 90’s R&B vibes. Plus, with her making music like this, she REALLY shouldn’t be gearing her other songs towards tweens and lil girls. I saw her concert footage. Looked like a strip club.",@YaMutha435,2025-02-17T19:10:59Z,2
Do men really find her attractive? She looks odd to me. Her lyrics are so confident like she’s hot shit but I just don’t see it.,@allstopblue,2025-02-23T08:12:09Z,2
This song gives me Vice City vibe,@KirlianBebeko,2024-10-04T12:12:56Z,2
Spring is arriving and this catchy chemistry sex song fits perfectly in my life,@ericacooper5059,2025-02-04T17:35:53Z,2
HOLIDAY - 1983 VIBES ❤,@alexanderenriquerodriguezr5928,2024-12-18T01:30:39Z,2
Amazing composition ❤,@jeetgadpalofficial9513,2024-09-20T06:36:05Z,2
This is such a Mariah Carey-circa-1993-beat. Love it as an elder millennial,@Uhohlisa,2024-09-22T02:56:51Z,2
"The beat is reminiscent of the mid-80s, featuring scenes of fraternity parties with tables of cocaine, pool parties, and attractive girls. Life is extremely naughty ",@Petermomo5050,2025-03-02T15:02:40Z,2
Without the lyrics the song can be summer hit 4sho,@michealgaines2888,2025-02-07T18:06:10Z,2
This mf soooo 🔥🔥🔥🔥 and it's a 90s vibe like Tamia 🐐,@matricallen6513,2025-02-05T22:26:31Z,2
I love Sabrina so much but I really think she doesn’t deserve Best Pop Vocal Album Sabrina i love you so much and you’re slay album but there is no way your vocals win Ariana vocals,@adirdayan123,2025-07-10T14:00:48Z,2
For anybody wondering what beat this is it’s so into you by Tamia.,@Heem200,2025-03-08T01:59:48Z,2
"Forgive my ignorance. When hearing JUST the chorus, at work, i always thought this was ariana grande. I havent heard many of her songs either but now that i hear this i feel stupid lol. I like this song. Had to confess to my foolishness 😂",@N9Entertainment_,2025-02-27T09:22:36Z,2
The beat is almost identical to Fabolous so into you.,@TheRealPghKid,2024-12-30T13:22:16Z,2
This song is so catchy it should be a crime,@AmandaLori,2024-12-10T23:06:49Z,2
Generic h&m background music,@JeBusInYoutbe,2024-10-06T16:58:12Z,2
"Well, this officially holds no value outside of being a catchy song...",@cocoa3672,2024-12-09T03:23:14Z,2
Sounds like the beat from So into you by Fabulous ft Tamia,@trinaa-bullis6432,2025-01-13T01:46:08Z,2
the beat reminds me of So Into You by Tamia,@EmanToledo-q6v,2024-10-25T01:17:04Z,2
any true music fan knows she got this beat from Mickey Avalon Mr. right don't believe me you tube it. i love this song even more now! Sabrina is a new fav!! <3,@livideadgirl,2025-02-12T04:17:59Z,2
When I first heard this I was what in the 1995 is this. I was immediately transported back to good memories. What a Vibe.,@JohnParnell-up9nr,2025-01-13T15:20:13Z,2
"This is so catchy. She really made a fucking tune. The lyrics make me laugh so hard. Ive been eaying ""where art thou, why not upeth me"" all fucking day. 😂😂😂",@hunterelmore1746,2024-10-13T10:57:09Z,2
I like her beats she’s dope,@jamierichards9926,2025-01-12T12:51:41Z,2
If u see my tough ass this summer riding with a pretty lil thing listening to this don’t judge me it’s a vibe 😂,@FreshCoast187,2025-02-12T14:39:37Z,2
All songs are better with a black R&B beat ☺️,@StarBeth92,2024-10-20T22:54:48Z,1
The beat is thorough!!!! This song is a hit!!!,@BennyO-z3f8s,2025-07-31T01:07:20Z,1
"This song really gives me the 80s ""Sexual healing"" vibe❤❤",@GeraldAmamoo,2025-01-09T00:52:15Z,1
This been my ringtone for months lol,@Poundcakeey,2025-01-07T19:36:44Z,1
Pov: When you are Brazilian and you discover the lyrics of the song 1:02,@Isa.fferreira,2024-11-10T21:49:19Z,1
She gives me Mariah Carey vibes fr! Her songs are always a vibe!,@darrenwilliams3398,2025-03-17T15:31:46Z,1
Wow these Lyrics are quite the Provactive. The Music Industry knows what it's doing seriously lol wow,@CharleneAnderson-d6b,2024-10-17T23:39:42Z,1
THE VOCALS WENT INSANE IN THIS ONE !!!!!,@eggnog-qi3bh,2025-03-21T05:20:10Z,1
Another female star that has me listening.  More Metallica and deeper music.,@alk3myst,2024-12-04T02:09:28Z,1
annoying af,@princessmermaid3085,2024-12-26T10:16:51Z,1
That beat goes hard!! Okay!!! ❤❤❤,@UdidSoIcan,2024-10-13T00:02:46Z,1
0:42 the vibe i love it's giving,@JustJora19,2024-12-31T12:21:42Z,1
dope.. whoever produced this beat should take half the credit! haha!,@micsnz,2024-11-15T22:38:59Z,1
Love the 80s vibe,@ibra1000,2024-12-28T23:42:03Z,1
"Very catchy beat and voice, new fan here and I am 41. The song gives me 90s era beats!",@binfig8810,2025-01-31T01:32:33Z,1
Beat reminds me of Tamia- so into you.,@Breadd18,2025-02-05T16:53:28Z,1
"Excellent throwback vibes from the 90s/00s hip hop.  Check out ""So Into You"" by Fabolous....Same vibes.",@joshmradio,2024-10-21T12:28:34Z,1
"I don’t listen to music today cuz all is shitty, but this 80s 90s beat drums’s and pads are amazing",@jangel7859,2024-10-11T07:58:53Z,1
"Though they are very funny and cute, not the HUGEST fan of the lyrics but i still love the song ❤",@thislovesposessingme,2024-09-27T19:50:21Z,1
Mid 90s Ll cool J Trackmasters vibes on this beat 🔥🔥🔥🔥,@deeraw78,2024-11-14T17:10:15Z,1
THE BEGINNING MELODY SOUNDS LIKE A SELENA SONG!!💗✨,@07_RUBY,2024-09-21T17:16:19Z,1
I dont listen to sabrina carpenter at all but this song caught my attention. Love the instrumental and the vocals. Gives me 90s and 80s vibe.,@ShittyAnimationTV,2024-09-22T04:00:09Z,1
I get vacation beach vibes,@Ogdt2014,2025-04-18T15:32:13Z,1
I like the background beat. Sounds so nostalgic!!!,@Bigheadtalking,2024-10-22T06:54:51Z,1
Has to be the next single. What a vibe,@leonpomell9719,2024-10-05T08:29:56Z,1
"Everytime I listen to this song I dream of a mini remix with Ariana Grande... this is already an S teir song but it has 2% potential to be more of a hit with Ari, honestly just one short verse and a little of the chorus",@naledikosi1915,2024-10-18T23:43:40Z,1
"i am living for the vibe sabrina is going with the album!!! this one is so 80s, and the high notes ARE YOU KIDDING? definitely gonna be on repeat 💋💋",@kidkrowtaylor.ৎ,2024-10-19T10:22:19Z,1
1:20 to 1:23 just hits even more hard with the back vocals....gives a feeling like getting impressed and falling even harder in love,@s3g95,2025-01-03T16:58:32Z,1
Ariana Grande vibes of Music,@FlowerForYouBRUNO,2024-09-21T06:52:37Z,1
This is giving 2007 vibes while at high school 🎉❤,@Music_lover-m4r,2024-10-03T17:07:11Z,1
She’s just so cute and fairy like 😂 my vibe sis keep going ❤😂,@Purrciia,2025-01-05T02:07:05Z,1
I love the 90s vibes to this song!,@GRASSNBASS,2024-10-28T20:34:21Z,1
Congrats worst chart topping song I’ve heard all year so far ❤️,@matthewscharlington2609,2025-06-09T15:35:24Z,1
Beat of fabulous and tamia so into you,@diamondp419,2025-02-12T08:31:12Z,1
Clever lyrics and I LOVE the vibe,@JomirBrands,2025-01-25T15:22:55Z,1
the song is so catchy and the lyrics are so creative,@Laelaraerobloxchannel,2024-12-14T14:47:40Z,1
It gives me late 90's vibes  sound,@rosalife1326,2024-11-16T21:47:35Z,1
I’m so into you vibe frfr that late 80s early 90s sound is untouchabe,@firstbase1171,2024-12-29T13:23:42Z,1
"90s to early 2000s, very nostalgic sound, love it!",@actualwakandangirl7121,2025-04-23T22:02:25Z,1
This is filthy 😂even the lyrics to taste are provocative! Love it!,@molley17,2024-11-12T18:26:49Z,1
I can't quite put my finger on with song This beat is sampled from.,@JeromeBiggSexyGreen,2025-01-28T09:07:25Z,1
if ppl are freaking out abt her freaky lyrics then they definetly havent heard about CupcaKke 😼,@leaf143,2025-01-05T05:26:02Z,1
"before the seeing the lyrics, i thought she was saying Ben10 lmao",@HaloHaloLikeAnAngel3,2024-10-19T05:01:17Z,1
Not gonna like this gives me 00s vibes. Born in '93 but daughter keeps me current lol,@kflow1379,2025-06-20T09:55:13Z,1
Its playful like ariana's lyrics 🌹,@empreszn,2024-09-25T13:43:43Z,1
One of the best lyricist and and vocalist of my generation ❤,@dreyday21,2025-01-31T02:45:56Z,1
"this song has the most ridiculous lyrics, just like in all of her songs, but theyre so catchy i cant even hate on it 🤣",@nataliec9215,2024-12-10T03:45:12Z,1
"This song gives me it’s summer time and you have a crush on someone, and like nostalgia summer vibes if that makes sense 😂",@nxquanfn,2025-03-10T18:57:40Z,1
This is close or similar to how Janet Jackson would vibe in her songs. Both Taurus suns,@mariaf8090,2025-02-05T21:26:00Z,1
"I was really hearing ""Come ride with me"" until actually seeing the lyrics",@mattilynngrace,2024-10-10T21:35:14Z,1
That’s bed chem (finish the lyrics),@Anya2cutie,2025-01-30T19:21:07Z,1
Gives early 90's vibes. Love it❤.,@leia0810,2024-10-16T20:40:19Z,1
Got that 1975 vibe,@Craicfox161,2024-11-23T03:36:16Z,1
Dirty little song if you can understand the lyrics…..and I love it 😆🙌🏼,@seanp30,2024-10-26T21:36:16Z,1
sounds like the PYT beat,@libaccount123,2024-12-18T21:05:07Z,1
Ocean drive vibes right here,@dekuvisuals9847,2024-11-22T17:01:46Z,1
Feel like Luther Vandross would eat on this beat,@mauricebickham8833,2025-04-13T21:20:39Z,1
🇺🇸❄️✨️🍸✨️❄️🇺🇸 .....Discovered this song 🎵 via a guy on Snapchat outside Baltimore lip synching this song then I checked the lyrics.....Both the song & video 📹 as mentioned has a classic 1980s vibe.....Google had that trademark lip 💋 emoji after searching.....& the magic 🎩 ✨️ of the keystone state of Pennsylvania.....,@aliadam575,2025-01-24T09:15:37Z,1
Wow! Such intelligent lyrics.,@nicolaasfourie,2025-04-10T15:06:34Z,1
Vocals❤❤❤❤,@confidencediaries21,2024-11-23T07:52:30Z,1
It really sounds like Into you by Tamia! So nostalgic,@sorcerersupreme4300,2024-12-06T00:45:27Z,1
"Gen Z are funny. The lyrics ""bed chem"" are so ridiculous, and the miss piggy wig and that nightie 🤦🏻‍♀️",@laremabella,2024-10-05T21:25:33Z,1
"Love the song and the lyrics. Good job, Sabri!!  <3",@THE_GLAMOROUS_VISUAL,2025-01-03T06:39:00Z,1
This song gives me the “Into You -  Fabulous ft. Tamia vibes,@ALEEtile,2024-12-08T15:03:34Z,1
1975 vibes,@MARSHALL247365,2024-10-27T22:37:11Z,1
The beat sound like The Gap Band’s Yearning for your love,@vontaemusic,2025-02-23T07:39:55Z,1
"nice song, the beat sound good, i love you sabrina",@gersonbanegas4518,2025-02-06T00:11:58Z,1
"I'm not a fan of her, but I just can't hate on this song. There's just way too many good lines, and the beat got that 90's early 2000's sound.",@michaelwinters9642,2025-02-21T06:07:12Z,1
"I kind of hate the lyrics to this song because I'm a prude, but I can't stop listening to it",@HotYoghurt1,2024-12-07T13:39:39Z,1
This song is fire!  Her vocals are insane!💯🔥🔥🔥,@timwinchester2366,2024-09-23T11:51:52Z,1
"Re.minds me of ""I'm so into you"" by Fabulous featuring Tamia. Very early 200s vibe",@kfrostie1,2024-10-13T18:41:48Z,1
Seriously???? I just want her to use a beat that she actually makes. Not a stolen one. This is literally the song so into you by fabulous,@thecitizen6860,2025-03-24T21:05:18Z,1
"Damn this song is so addictive, and I love the beat in the background, it gives me 80s vibes.",@bigboy21302,2025-06-25T00:56:06Z,1
"*With a beat like that, she should do a remix with Jadakiss!*",@bitshtannicajohnson6957,2024-12-31T07:08:51Z,1
Love this and great lyrics 😅❤,@gavhenrad,2024-09-30T00:46:00Z,1
That beat was from tamia so into you,@Pain1009-k4v,2025-01-03T21:33:30Z,1
Copied the beat from Luke Million - Arnold,@STOMPED,2025-01-18T21:51:07Z,1
This need extended with more lyrics,@shanicechristiani829,2024-09-25T01:16:33Z,1
I love the verses so much. They are so cute,@angelinebena9675,2024-09-18T21:59:58Z,1
"This def has retro 80s vibes.  Has that Midnight Star energy like that track ""Playmates"" from 83 and even SWV from the 90s",@rdr8147,2024-10-22T23:41:58Z,1
"The beat pattern sounds like ""fabolous ft tamia ""so into you"" with a different chord progression",@ScottTLF888,2025-06-17T04:46:07Z,1
This one's for us millennials for sure 🫶  It's giving Tamia & MC vibes 💃 loves it 🥰,@ms-mlra,2024-09-19T15:40:41Z,1
Love the sample beat. Always a Classic,@Sophiaha123,2024-09-17T09:39:55Z,1
1:15 This part so catchy and So GOOOD,@verycherry_k,2024-09-19T13:23:37Z,1
"""Come right on me"" prob ain't the lyrics ""cvm right on me"" or""come ride on me""Prob are the lyrics.",@kkjoseph1022,2024-09-19T02:18:00Z,1
catchy song but the repeat gif is creepy,@hanatemonstas4485,2024-10-08T16:01:31Z,1
The beat Kinda sounds like the old early  2000's r&b song so into you by fabulous and Tamia. Does anyone else agree?,@Creativecutie48,2024-11-03T23:30:13Z,0
Wtf this is fucking annoying when the atuipd ass cameraman puts it close to her like damn,@rebeccarobinson2547,2025-03-08T03:45:16Z,0
i was never going to take her seriously as an artist but im fw the vibes.,@bipolarhoochiefairy,2024-10-03T20:46:01Z,0
Ok but why is 0.33 giving me K-pop vibes,@yalizhang4521,2024-10-05T04:26:45Z,0
Song is such a vibe. Should have had a video for this one‼️🔥🔥🔥,@bornkinguniversal,2024-10-04T13:19:19Z,0
Love the song. The video is friggen awful. 😞 just terrible. Why bother?!!,@samberg1477,2025-03-16T00:29:03Z,0
All you signed artists are fucking thieves!!!! Stealing beats and music!! Cant be original!! 🗑️ fuck you all,@Downtime_videos,2024-10-19T23:54:54Z,0
Fun summer vibe ❤,@boitumelomaphisa2755,2024-10-13T04:16:40Z,0
Witty lyrics? What happened to music?!!,@evalina.veronika,2024-09-28T01:32:39Z,0
I thought this was the actual vid not lyrics,@HelenGatley,2025-03-06T08:30:39Z,0
Giving me 'so into you' vibes Fabulous feat. Tamia,@lgoulas11,2024-10-19T09:10:53Z,0
The song:🔥 the lyrics:💀,@Gyattt-o8m,2024-10-18T23:16:58Z,0
What an astounding beat and catch ass lyrics that's bed chemmmm..,@nutsokapone8698,2025-02-14T23:36:17Z,0
"Love your video, lyrics are wrong in  the beginning but I got over it quick ;)",@Griever78,2025-04-14T12:08:07Z,0
Cool song and beat,@willwalker7103,2024-12-14T09:50:13Z,0
Hall & Oates entire discography beats this song😂😂😂😂,@undergroundcity9789,2024-12-23T01:15:20Z,0
Worst song ever,@lewis99ish,2025-01-06T10:52:20Z,0
I’m sorry but does the beat not give ‘something special’ by pop smoke?? It can NOT just be me😭,@Johndeers_mom,2024-11-09T16:05:57Z,0
Who produced the beat?,@jeffreyt5133,2024-10-15T01:35:43Z,0
This song reminds me of another song and I cannot for the life of me put my finger on it… it’s the melody.,@AriSchx3,2024-09-20T16:55:50Z,0
"Laziest song ever, you literally sound like every other artist. You all sing in the exact same autotuned talentless voice AND you seriously wrote another one of those boring sex songs with no real thought behind it. Like wow Ive never seen such an original idea",@Ölðerøsé,2024-10-29T20:41:41Z,0
"For those older people like me who's trying to figure out what the beat sounds like, it's "" I'm So into You"" by Tamia",@MySweatyThighz1,2024-10-09T22:45:44Z,0
i remember all lyrics😃,@ShortieSimpGirl,2024-11-28T19:35:50Z,0
"Groovey. Has a sample of the beat for ""so into you"" by Tamia from the 90's",@sheldevsim,2025-02-10T03:44:33Z,0
It such a good summer vibes song 🎉❤😊,@williamsweetser2513,2025-03-18T07:51:00Z,0
"Same Repetitive Crap Same Sexual Innuendos Like The Other ""Songs"" Out Now.. 👎👎👎👎👎👎👎🖕🏻",@BadassKween33,2025-03-12T18:47:37Z,0
I love the voice battle with the synthesizer ❤,@amandinevancoillie6912,2025-06-11T20:48:17Z,0
She put out a great Cool Vibes Album! Loving every track.,@AMTMediaVideoGo,2025-02-27T15:33:46Z,0
Serious retro Mariah Carey vibes on point. So glad to hear quality music in 2024!,@sorcerykid,2024-11-13T06:05:21Z,0
"Isley brothers beat, she snapped ✊🏾💪🏾🔥♥️",@cameronphillips2509,2025-03-24T11:33:37Z,0
Excuse me the lyrics are wrong - where’s the part about dr.doofenshmirtz,@howiequesada2502,2024-10-12T05:52:16Z,0
beat is great lyrics need some work,@jonathansaporito381,2025-03-11T03:18:18Z,0
So cute lyrics and love the music,@Kerman1221,2025-04-17T15:08:19Z,0
Love the beat❤,@StevenDay-n1x,2025-02-14T22:11:51Z,0
"Las good vibes que transmite, me la sube",@leila.mercado,2025-04-29T11:42:09Z,0
Ariana Grade Vibes of Music,@FlowerForYouBRUNO,2024-09-21T06:52:01Z,0
Sounds catchy,@alistairproductions,2024-09-20T18:43:30Z,0
I JUST REALIZED THE LYRICS IT'S NOT BAD CHEM IT'S BED CHEM😧😧😔,@X3Kattiyy,2024-12-09T16:26:44Z,0
Very nice song. Good mixing.,@richieshambharkar3938,2024-10-09T13:42:48Z,0
"Thought it went like, Bet we'll have really good vibes 🐱",@BukaWoo,2024-09-21T17:41:53Z,0
The beat feels like early 90's rap. Excellent.,@carlitocool8393,2024-09-23T02:35:38Z,0
I’m happy Tamia is getting a bag off of her but the lyrics are just disrespectfully awfulllllllllllllllllllll. It’s giving brain rot,@seeingstars199,2024-09-28T15:56:32Z,0
I like her tone in 0:54,@rei_gun.1,2024-09-29T13:14:53Z,0
TAMIA and Fabolous vibes,@danniellejohnson448,2024-10-05T18:52:04Z,0
This is giving retro vibes🙌🏼 One of my fav song from the album,@JhonCrisDanao,2024-10-11T11:33:44Z,0
"This song gives me Ariana Grande, Taylor Swift and (bear with me) Doja Cat vibes",@ChildofYAH,2024-10-21T06:11:01Z,0
When nobody really knows the original beat.. I'm so into you,@jacobdarango1,2024-10-11T20:32:40Z,0
90s vibes❤,@Shiru1402,2024-10-12T09:51:05Z,0
This song makes me feel emotions i cant explain,@Thebluesheepsisters,2025-06-01T15:51:02Z,0
The lyrics in here got Shakespeare quakingggg,@Daddiemoney,2024-10-14T02:10:02Z,0
I love the lyrics come around with me I mean comaderie that’s not in my time zone bet you wanna be who ain’t that she says uponthech me see it my see sill the profisee,@YourfavAlexis-p9z,2024-10-20T18:12:58Z,0
"Le son me fait beaucoup penser à « So into you » de Samia & Fabolous, 90’ vibes 🔥🔥🔥",@Avafoood_,2025-01-11T16:52:24Z,0
Gives me Tamia “into you” vibes,@nacho14451,2024-09-17T05:46:27Z,0
Lyrics storytelling beat i mean what more can you ask for???,@jmrodriguez9867,2024-10-10T15:55:27Z,0
Miami kinda beat,@Craicfox161,2024-11-29T21:03:03Z,0
it's giving Aston Martin Music vibes,@olumideakingbade982,2024-11-02T06:22:24Z,0
"Wish the song wasn't so disgusting! Its really pretty and sweet sounding, breathless, catchy, ethereal.... until  listen closely to the lyrics🤔🙄 (sigh)",@GrowingGoodHair,2024-09-27T06:54:18Z,0
This sounds alot like Fabolous feat Tamia “So Into You.” The beat is almost exactly the same.,@dbodooley,2024-10-29T22:08:25Z,0
It’s giving me Tamia and fabulous “into you” vibes and I LIVVVVEEE 🤍,@tylervangennip7993,2024-12-02T22:26:35Z,0
Am I the only one that hears the back beat of *“So Into You” - Tamia*,@gundam4602,2024-10-12T10:12:56Z,0
When you listen to the lyrics 😳😳,@KeirrahRoark,2024-12-30T05:31:59Z,0
Kinda has a 70a vibe I like it,@vivianmoore7131,2025-05-27T14:51:04Z,0
This has an 80s porn vibe lol,@dRealNayon,2024-09-28T15:08:32Z,0
Its giving like like a modern girl boyfriend vibe ❤❤❤ i lovvvve it❤❤❤❤❤❤❤,@VickySmyth-k6j,2025-04-21T20:02:26Z,0
This is definitely a naughty girl vibe🔥🔥🔥🔥🔥✌️✌️💯,@aprildouglass4265,2025-06-07T16:22:30Z,0
This song is giving early 2000s vibes 💫 Mariah Carey vibes 🤍✨,@Mawn_x,2024-10-27T20:37:37Z,0
"Music is great, lyrics are a mess!!!",@cc0698,2024-10-28T08:01:40Z,0
💪✨✨✨❤️🪄 these lyrics,@AmberIsTheColor73192,2024-10-16T05:10:57Z,0
"This is horrid, 5he video is lazy and really pathetic looks like a Russian bride commercial. The song is also lazy and poorly written moth lyrics and instrumental.",@armisis,2024-12-27T12:38:35Z,0
Loving the Michael Jackson “human nature/rock with you” vibes this song gives,@silversagi,2024-11-03T15:49:50Z,0
this girl gives me bonnie blue vibes,@jbaveragegaming4899,2025-03-13T06:46:45Z,0
Is this the worst most shallow lyrics of all time. OMG awful. I like the best but that's it.,@robertbarth5816,2025-03-03T21:42:01Z,0
This a lots of Julia Michaels vibes of the song,@youtubemonitor1720,2024-09-30T10:29:01Z,0
It doesn't have a good rhythm. And you can barely understand what she is saying. It's just a blond sitting in a nightgown. There are Soo many artists currently and in history that really know how to produce music that has a  lasting  impression.,@kristiekeith9103,2025-03-24T20:25:23Z,0
"Love beat, the begininng intro  is beat from song ""So into you"" by Fabulous",@melyb951,2024-10-21T20:18:50Z,0
It’s a vibe not gonna lie,@ahemming06,2024-11-20T08:55:24Z,0
The tone of this song is so Xtina-ish,@Rankutubuki88,2024-11-24T15:07:40Z,0
S.o.s. Band weekend love vibes on the beat. Her and SZA make bad sound so good. Sirens.,@101iswhatsup,2025-04-24T01:02:38Z,0
"uggg, another cool melody but stink lyrics..",@charityki,2024-10-31T20:31:50Z,0
A lil Wayne verse would go so hard on this,@BillSavage,2024-10-01T13:13:43Z,0
This song makes me uncomfortable but the beat's SO addicting so here I am again,@im-here-homie,2024-12-22T06:34:34Z,0
"Yo! This song is a whole vibe. Key word. VIBE!!!! I love the production, the songwriting, the arrangement. This song is top tier ⭐️",@clereezy8480,2024-12-16T04:48:25Z,0
Is it just me or do you here So Into You by Tamia in the beat and style?,@bill191,2024-10-12T20:53:56Z,0
"I figured out what you meant by one of your lyrics in this song. But I don't want to explain, because then you might get in trouble.",@CalvinBryanOhnstad,2025-06-30T05:08:04Z,0
The song reminds me of So Into You by Tamia. Quite similar beat,@kayM-oz5vf,2024-12-19T21:24:34Z,0
Sabrina is my favorite it has an old vibe to it that I can't explain. You did a wonderful job with background vocals.❤ Keep the hits coming baby girl ❤️,@jacjac5761,2024-11-18T02:59:02Z,0
Me thinking the lyrics were “who’s the cute boy with the white jacket and the “pink” accent”,@JourneesJourney100,2024-10-05T21:14:29Z,0
Balcony vibes 😎✌️,@nikkimccumisky,2025-02-08T15:03:33Z,0
ok u ask for Deep House Remix fire 4 sure!! https://www.youtube.com/watch?v=s84s5-GU1eM,@djjammanphatflavas,2025-02-22T15:46:02Z,0
freaky ahh lyrics,@KRTHK9,2024-10-24T18:01:11Z,0
Give credit to whoever made the beat! 2 samples in one song ok I see you but I’m good on this industry plant is 🤣 see right though this,@ChefGMoney578,2024-10-24T22:15:07Z,0
This is the beat to “so into you” by Tamia,@shellybell873,2024-11-19T13:19:36Z,0
"The actual music/beat itself is STRAIGHT UP Milli Vanilli. Please, someone tell me I'm not the only one who hears it.",@ComradeTwitty,2024-11-19T01:24:14Z,0
"Is it just me or does the first verse sound like ""Sour Diesel by Zayn""?",@VasukiBalasundar,2024-12-04T08:47:34Z,0
Super bullshit lyrics style I ever saw 🤦‍♂️ fkkk this mentality I mean the guy,@mohammadzain-m5t,2024-10-07T03:34:16Z,0
This song has a similar beat vibe to Keyshia Cole's Let it Go song.,@JoshuaLowe-ci3wo,2024-09-24T15:20:24Z,0
"Is it just me, or do some of Sabrina’s lyrics feel like they’re *totally* aimed at Shawn? 👀🎶 The drama never ends!",@CelebrityScoop-t7r,2024-09-23T17:10:45Z,0
"Catchy, but the lyrics suck",@ChildOGod3,2025-05-03T22:26:27Z,0
2000 vibes🎉,@OlcayEryılmaz,2025-06-06T10:14:04Z,0
I love the 90s vibe,@CurtTerria1,2024-09-23T03:24:19Z,0
This is a perfect summer song riding to the beach. The melody is so nostalgic,@UncleBopEntertainment,2025-03-27T19:38:56Z,0
Uggggh! im trying to see where she sampled  this beat from what old song,@BossThoughts100,2025-03-16T21:23:19Z,0
Messy ass lyrics…,@ghostinAG5,2025-04-17T08:52:21Z,0
Musically this song is very very refreshing n catchy!!,@erikteh9951,2024-09-29T13:47:16Z,0
"I heard this on the radio and thought ""oh this sounds good, ill add this to my lists"" and then saw the lyrics and felt the inverse of the Pumped Up Kicks effect",@icegod4849,2025-04-01T09:11:03Z,0
Did anybody get Tamia ft Faboulos “So into you” vibes? Or it’s just me?,@andradragan8030,2025-02-19T19:42:41Z,0
She ripped this beat off Fabulous ft. Tamia so into you song!!!! WOOOOOW recycled ♻️ ass beats and melodies.... These new kids don't even know how there's nothing new under sun when it comes to the manufactured rinse dry and repeat artists... So UNORIGINAL! Sabrina just changed the words! 😮😮😮,@lindsaymacklin8220,2024-10-22T19:50:21Z,0
"This is a very good tune. Not my normal style, but loving it. The beats and electro claps, very retro and well done.",@skabbymuff111,2025-04-17T17:57:06Z,0
the people arguing about the lyrics like this isn't the official lyric video from her official account LMAO,@hirasylph,2024-10-02T14:45:17Z,0
Prechorus sounds like a female Pop Smoke lol,@jdkorn22ify,2025-02-25T01:05:39Z,0
The beat is “Into you” by Tamia in the 90’s. It was also redone by Fabolous “into you” ft Ashanti in the 2000’s.,@o.g.5584,2024-11-05T03:21:17Z,0
"i didintt know what the fuck shes was saying in the chorus before but it still sounded amazing,,",@paisleybull,2025-03-02T01:50:04Z,0
"this entire time i thought this song was called ""bad chem"" as well as all the lyrics. </3",@_Iemonboy.,2025-03-04T06:09:41Z,0
10/10 no notes!,@Whitneyinthegarden,2025-01-12T01:31:58Z,0
Just listening to this track makes me feel like I’m back in the year 2000s just listening to the melody just reminds me of fabulous “ so into you” similar sample…🔥🔥🔥🔥,@yungmeskin9176,2025-06-19T19:03:27Z,0
can anyone explain the lyrics for me?,@tungnghianguyen2738,2024-11-24T04:48:45Z,0
The beat so 🔥,@Verna-m1c,2025-04-07T14:35:59Z,0
Production on this song is amazing ✨ it compliments the playful lyrics so well 💕✨,@_monamono_2382,2024-09-29T23:04:51Z,0
The lyrics are perfect hahaha SABRINA I FUCK*NG LOVE U 😍,@naudeausofii,2024-11-22T21:40:38Z,0
Smooth vibe.,@9blackthunder,2025-08-02T22:37:10Z,0
Bad Boy ahh beat 💀,@Wavelord206,2024-09-24T15:34:33Z,0
THIS. Gives me my high-school 2005 vibes! ❤,@joshypoo2006,2024-09-30T22:20:23Z,0
This gives 90s vibe in a rom com film. I like it😊,@soniakankam4790,2024-09-24T19:27:15Z,0
That beat is soo 80's soul AF !,@wairimumwambia8626,2024-09-26T20:56:25Z,0
2nd verse those innuendo bars were fiyaaah,@dxthegreat,2024-10-21T18:22:03Z,0
"I'm so shocked, I thought this is fan made cus this song is years ago and still be my fav, I LIKE THE VIBESS like you proved yourself to your ex!!!",@wulanrahmadhani6511,2024-12-15T00:27:52Z,0
I wish I could hear this cover in full because Kelly is just the cover queen because she is the f***ing original American idol! And she’s stood the test of that title! I saw her in concert when I was 19 and seeing her live blew me away! She was so good live I would have loved to competed in the voice and had he be my coach as a vocalist if I had the opportunity 😊,@OreoCookies77,2024-12-29T04:12:37Z,0
I love the 90s vibe and the features are so nostalgic ✨️,@mccnbinnie9840,2024-11-11T02:22:39Z,0
Definitely catchy & obsessed with this jam..I love how she’s very different. SC for the win.✨💋,@rchristye86,2024-12-27T13:49:49Z,0
"Good song Sabrina, you brought some chill vibes with you on this one.",@Froggy4Eyez,2024-09-30T12:34:01Z,0
THE BEAT😭😭😭😭is so good like it my fav  in all the songs i heard,@Luckyplayzro,2024-10-25T19:36:27Z,0
This song is so catchyyy!!!,@DecafBallad,2024-11-24T01:42:39Z,0
Death Becomes Her vibes … especially the end 🔥,@fraulein_farah,2025-03-17T04:39:29Z,0
Str8 VIBE!!!! 🔥,@pack624,2024-12-25T15:20:51Z,0
"Lmao yall think she came up this beat. But it comes from the Queen ""So into you"". Which a black woman!!!!",@cocop9296,2024-12-28T07:12:10Z,0
"Love the beat, beautiful voice and very smooth.",@DeborahVanBuren-r8o,2024-11-06T16:31:08Z,0
So many stupid young people this isn't a 80-90s vibe the beat and melody is literally from 2003 Fabulous so into you feat. Ashanti or Tamia,@chadgaskin4110,2024-12-25T06:30:55Z,0
MDMA vibes,@Thestreakofpower,2025-07-30T21:16:59Z,0
I don't understand the lyrics,@unodostre-z10,2024-09-19T03:47:08Z,0
Tamia into you vibes,@gabbyphillips4465,2024-09-19T02:44:56Z,0
the beat is from TAMIA FT FABOLOUS - SO INTO YOU,@mllecaroline213,2024-09-19T01:47:45Z,0
PLEASE LISTEN TO COWGIRL CLUE she’s so cool & Sabrina reminds me of her :) ❤ diff vibe but they’re sisters in another universe i just know it,@shutyourlipsbuddy8346,2024-09-18T23:45:17Z,0
Where did I hear this beat from? I know it's from an old song from the 70's,@awesomeyou6815,2024-09-17T09:14:19Z,0
ChatGPT: make me a song with a beat inspired by BIG - juicy and a voice like Gwen Stefanie,@Fisj,2024-09-30T21:38:18Z,0
Stole Tamia’s “So into you”’s beat lol,@amcvelasquez10,2024-09-17T00:25:20Z,0
