comment,user_name,date,likes
"There is something in the feel of the music, the rhythm, the vibe of this song, is so comforting, freeing, in it's frequency that allows you to flow with it and enjoy the moment, that will carry you to the next, while you embrace the greatest gift of all .. the right here .. right now.",@JamesLeggett-v9x,2025-01-26T00:59:33Z,129
"The real emotional shudder in his voice sang in, this 9 to five ain’t working, we all felt that!",@sfwn444,2025-06-01T16:07:37Z,106
I still don’t understand how Beyoncé beat this guy to a Grammy this is an absolute banger of a tune,@craigshurmur6132,2025-03-24T14:18:45Z,49
Hey man I'm as white and southern as they come deep Louisiana and you are a legend. The violin is a nice touch also. Thanks for reviving music for a cinder of time brother,@dale1809,2025-03-14T00:37:27Z,42
Most catchy song ever man,@Awoodcock30,2025-06-01T14:38:29Z,23
He beats Beyonce's horrible album,@lisamccoy3497,2025-02-12T05:17:30Z,16
Definitely catchy,@I-5Drive,2025-03-22T04:05:51Z,12
"I like how this song uses no vulgarity, plain old lyrics. That is fun and music to beat.",@007musk,2025-04-12T16:25:44Z,12
I love it even more because he's a Nigerian of origin. So Naija people apart from afrobeat can be great country singers ♥️♥️🇨🇲,@tatianaketchasime4957,2025-03-16T20:28:32Z,12
It was my groomsmen walk out song. Felt like it represented all the times I drank with them lol. Just good vibes and good drinks 🍻🍻🍺,@Itovar169,2025-02-04T23:51:09Z,10
"""To the one reading this, though our lives may never intertwine, I send you my deepest wishes for happiness, growth, and fulfillment. May your journey be filled with endless possibilities, and may you always find the courage to chase your dreams. May life surround you with love, and may luck be your constant companion, lighting your way through every challenge.""",@musiccorner039,2025-03-04T01:06:26Z,9
Feeling the vibe🎉❤❤❤🎉🎉🎉1st best singer,@MaxDobson-bailes,2025-03-06T16:24:01Z,8
I love this song. It's upbeat . Here from the Southwest.,@loriwhalen1103,2025-02-17T05:16:20Z,7
We heard this song every time we got in the car when we visited Ireland this past year. Catchy tune and it takes me back to the backroads of Ireland. Love it!,@withloveleslied,2025-06-22T23:55:13Z,7
"What a fun song....great beat!!!  ""It's getting kinda late, but the ladies want some more, ""oh my!!! good LORD""  <----------Love that",@justthetruth2662,2025-07-13T22:15:10Z,6
Such a talented young man. And so many of us senior love this catchy tune. And the artist too.❤❤❤❤❤❤❤❤❤❤,@ShirleyRJones,2025-04-02T23:17:21Z,6
"6 months sober and this song stays on repeat not because I want to or miss drinking but because this song is a banger!!! Cheers to all those enjoying this song either with Jack, John, Jim or stone cold sober!!! 🤘💪♥️!!!!!",@MarkTibbz13,2025-02-27T15:46:00Z,6
The Vibes to this song is The best ‼️😊🎵,@NeieceeFavorite,2025-02-05T00:08:18Z,5
"Absolutely one of the worst songs ever made. Annoying voice, annoying sound, awful.",@laaarsas,2025-07-14T17:31:49Z,4
This song is weirdly nostalgic for me despite coming out very recently. It just kinda feels like a song that’s always existed,@Fieldkabuki,2025-02-02T01:03:43Z,4
"Great beat, fun lyrics... just an awesome song!!! ❤",@angelajohnson4245,2025-04-06T02:35:03Z,4
My mom listens to this music every day. l also like this music because it's catchy and l Love  It.❤❤❤❤❤❤❤,@AlizKis-j3v,2025-03-23T07:57:19Z,4
I'm 53 y/o washed up punkrocker. I love this catchy song.,@angelanelajuly2961,2025-02-24T21:43:02Z,4
i love the violin in the background. beautiful melody,@annaleas2091,2025-01-31T01:44:48Z,4
"Country music, relaxed vibe, simple joy and a deep, beautiful voice!",@lesterjack9122,2025-05-29T07:33:53Z,4
I love this song❤❤❤❤ perfect lyrics,@cherishferrer9722,2025-05-22T01:50:14Z,4
🗣🗣🗣🗣 I DO NOT VIBE THIS,@tms.midi.199x,2025-04-30T12:11:06Z,3
"I’m deaf with two cochlear implants. I love the beat and I understand some words. I wish this video have closed captions so I can enjoy it more. Add to this comment if anyone knows the lyrics for this song, I much appreciate it",@DavidVolk-d5e,2025-07-11T21:16:23Z,3
This song is to catchy I love it,@megacoregaming9635,2025-04-29T00:43:54Z,3
To you reading this… enjoy today and love deeply!! ❤,@mariamartinezvalencia3754,2025-02-03T07:49:26Z,3
Music is so powerful that it can unite the entire world. Love this one a lot.,@carolhankinsHankins2.0,2025-06-29T18:42:30Z,3
"What a great performance. Fantastic vocal, strings part fits so nice, and yellow dancer vibe👌. Perfect song for Far Cry 5.",@mckoxx14,2025-02-24T18:44:43Z,3
"He’s literally just vibing - no crazy effects, no drama. Just pure energy, good vibes, and killer vocals. This is how you let the music speak for itself. Absolute legend 🔥",@Backroad.Country,2025-07-14T08:42:33Z,3
The melody is perfect also I’m currently 5 feet in the air on a metal swing. And his hair is awesome.,@wendyquinn6061,2025-06-04T23:14:59Z,2
This is catchy as hell,@grandmastersilkl,2025-06-07T18:37:25Z,2
I vibe to this everytime I hear this on the car radio 🎉,@larasvetec8739,2025-05-17T14:25:59Z,2
I think this song is so powerful !!,@jorgemurillo4071,2025-03-04T05:24:43Z,2
I love this song's vibe. YOU DID AMAZING SABOOZY!!!!,@LyriqEverett-n8q3w,2025-06-06T00:27:52Z,2
"You need more money bro you lyrics are amazing shit needs to be billions, lol 😆",@nathenbailey1077,2025-06-07T00:49:42Z,2
"I love how the music video is just so simple no special effects, no fancy lights",@allisontucker9874,2025-05-12T20:10:36Z,2
"Shaboozey really nailed it with this one! A Bar Song is the perfect blend of country vibes and catchy energy. The lyrics are relatable, the beat is addictive, and it's impossible not to sing along. Easily one of the best songs of the year!",@butferwarebnd,2025-06-07T07:26:11Z,2
Love this song! Got a good beat and it's easy to dance to.😂,@CynthiaCarrillo-m7l,2025-07-13T19:03:20Z,2
SO CATCHY 🔥🔥,@JudahWardropeMusic,2025-04-03T02:59:47Z,2
Oh my gosh. I love your music. Please make more music videos. I love all your songs. Please make a way more music. I just love all your songs. They're so catchy.😂❤❤,@JaidenCoulson,2025-03-03T20:12:12Z,2
Essa música traz uma vibe tão gostosa ❤,@lukkasborges788,2025-04-08T13:52:08Z,2
1:32 best vibe I've had in years,@Umar-gq8ry,2025-02-15T05:43:01Z,2
its so catchy lol,@Devante-m4l,2025-02-03T22:41:23Z,2
I wish everyone listening to this and feeling the vibe a double on me,@mikeeubank246,2025-01-25T02:00:48Z,2
W song. So damn catchy. This shit is just a whole damn mood.,@Xv1Galaxy,2025-07-07T04:07:20Z,2
Huge TEXAS VIBES🤠!..🍺🍻🍺🍻🍺🍺--🥃,@drunken-skunk,2025-02-22T21:21:48Z,2
Great beat great hit i dig it thank you,@CaddyWhammpous,2025-04-06T03:08:41Z,2
Merkules did it better. This much autotune is awful. Sounds like migos future travis bot all togheter,@TonyMontana-l7f,2025-01-23T18:08:22Z,2
"The girl in the back is a vibe, how she follows the beat is thrilling!! It gives me goosebumps",@tascam2974,2025-04-11T16:35:11Z,2
I saw the youtuber jordi make a short on this and i cant unhear the lisp in the chorus but the song is great even with the lisp,@BradleyMayer,2025-07-18T16:45:47Z,2
Somehow Beyoncés album beat this song for country. What’s going on?,@BananaBro360,2025-03-08T20:04:56Z,2
this gives southern country late night vibes,@Bo9prodz,2025-04-06T23:33:03Z,2
School vibes,@WyattTheGreat-15,2025-06-21T03:42:21Z,2
"Nah, Tipsy is an absolute vibe. You can’t deny that.",@DBFilms-n8y,2025-03-30T17:55:30Z,2
"This song is fire & not gunna lie, hommie on top of the truck is me af with the feelin good vibes 😂",@SommerTyme218,2025-02-14T14:45:03Z,1
Beyonce did not deserve to beat this album,@Cj-mj4xg,2025-05-02T01:31:02Z,1
Love the beat❤❤❤❤,@latonnathatcher3855,2025-02-08T09:53:36Z,1
Rise Against (Faint Resemblance) should sue you for ripping off their chord progression.  You are guilt my friend….  :/,@Fusion-ed1pv,2025-01-30T02:34:50Z,1
This song is so freaking catchy... It not really country but love to jam to it ridin down the rd,@Courtney-d4n,2025-03-04T22:10:33Z,1
i cant worry bout my problems i cant take em when im gone is a really deep line when you think about it,@DecoyYT-000,2025-05-08T10:12:26Z,1
"I'm an old white woman and this tune is so catchy. The lyrics are burning someone to the core if his soul enough to sue about the truth, lol.",@Lolli-n3x,2025-02-16T20:56:28Z,1
Why is this song powerful,@RitroTitan,2025-05-23T03:51:57Z,1
Sound heavily autotoned,@TheDoReMiFaSolLaTiDo,2025-02-10T03:56:52Z,1
As a vocalist for a deathcore band that always had a distaste for country music….this song is a fucking JAM,@jameslasasso6433,2025-04-12T22:56:14Z,1
Bangin vibe,@drlynnhutchinson,2025-04-03T19:45:23Z,1
Shaboozy Your dance is a tiizzzyyy too 🥰✨🕊️🤍👼🏻🪽GOD BLESSED YOU Thank You for Your song vibes up 🫶🏻❤️🌹💋🙏🏼🔊🎶💃🕺🏻,@7Goddessoflove,2025-05-19T01:18:17Z,1
This song is a vibe,@darrienunderwood7090,2025-03-09T22:54:17Z,1
Love this... play it daily... brilliant song... good vibes 🎉,@waynemccourt8176,2025-02-01T19:30:56Z,1
What an awful song for the guys that need to do it and don’t have a band making millions.  What a joke,@ShaneBayer-l5q,2025-08-08T16:43:04Z,1
It's so catchy 😁🔥🔥🔥🫢🥳🤯,@CharlotteSvec,2025-05-26T02:32:36Z,1
The lyrics of this song really speak to me.,@user-kz1hn9mw2h,2025-05-24T17:36:24Z,1
"Just heard this for the first time with only the vocals no music, and it changed my life omg you gotta hear it - https://youtu.be/gUuQlrGUqgw",@thebeatlibrary177,2025-03-05T14:52:54Z,1
I might have to put this a my ringtone❤ 1:36,@King_bros-h2r,2025-05-01T14:43:51Z,1
Man for all the annoying people with the whole Beyonce's non country song that everyone was racist if they disagreed welp here ya go. I like this dude and I listen to mainly country. It's got a great beat to it and never mind when it plays on my cars radio. But Beyonce's yeah that got old real fast. Anywho it's more pop this song or whatever but just saying it's got a good beat and don't mind at all it's playing between my other country jams. Everything isnt about race dang says Napoleon,@aaronjacqsmiles4045,2025-04-24T20:46:15Z,1
The melody is perfect I’m currently 5 feet in the air on a metal swing.,@wendyquinn6061,2025-06-04T23:12:44Z,1
I’m not a fan of this type of country but it’s too damn catchy!,@RaptorDaddy2,2025-02-02T18:21:40Z,1
I cant drink but i like this beat,@oceanhayes1649,2025-02-27T02:28:24Z,1
Tried singing and playing this song on my ukelele. Failed horribly because I don’t know the lyrics 😂,@Cybermerc188,2025-02-19T10:17:53Z,1
"Ayo ayo ayo this sang lit it so vibe we chilin' and it up so hit wouldya aight aight ballin' and it nice we cool we cool, shabouzey be jammin it ayoooo!!!",@tiyopaenguin,2025-03-04T09:01:33Z,1
The end of that guy’s hair looks like poop😂 but I do love this song like a lot. It is my favorite song.😊 and has a great vibe to it even though it is pop and I don’t usually like pop it’s just like a country form of pop,@EmLittle-o7z,2025-02-19T15:48:28Z,1
The most annoying song.,@loriallen4662,2025-08-08T16:12:08Z,1
Thank God for music speaking to the soul and telling the story we keep holding down till to late and never gets the truly deserved God speaks threw the ones that get point an im glad I live in this age I'm in an get vibe with music that is in me but not able to share it with world God bless an jelly roll and many others never know what they're power really does for underdog,@ShaneHackney-g4y,2025-02-10T01:07:11Z,1
shits so catchy! defeinitely a song to vibe at the bar!,@eddietruong,2025-07-19T17:43:57Z,1
"Good job man, the late Bobby Blue Bland sang Starting All Over Again, W/C &W chords, however......",@elwinwhitaker5372,2025-03-04T01:59:13Z,1
Love this song its a vibe❤😊,@nakne75,2025-01-23T03:11:51Z,1
Getting a Tracy Chapman vibe off of this. Independently super excellent song and superbly presented art. Good Job!!!,@robertp764,2025-06-11T14:52:17Z,1
The melody is so soothing and relaxing.,@FaithHalstead-t7y,2025-05-24T17:13:09Z,1
"Kinda thought the video would be more lively, as catchy as the music is.",@jennycothern6375,2025-05-11T01:28:05Z,1
This song beats any Talor swift song,@nicholasduranceau4344,2025-02-12T04:09:33Z,1
"I cannot explain how much I enjoy this song.... It's such a core routine that I start my morning with this song. Seriously well done with the lyrics, the beat, your voice ! All the way thumbs up Shaboozey !",@clariseredelinghuys4921,2025-02-06T06:02:07Z,1
The only thing crazier than this dudes hair is the white people in the background. I think this whole generation is extremely confused about their identities lol. I get a vibe he calls black people the n word with a hard r also just cause his environment,@alexandersalazar9750,2025-07-17T22:09:56Z,1
2:12 is your heartbeat vibes agree 👇,@kapetayo1931,2025-03-01T16:59:17Z,1
"I'm an old guy, hardcore Waylon Jennings/Merle Haggard kinda guy, and while this is much more ""pop"" country than I personally prefer, I can still dig it. As a solo acoustic performer who is old, I generally shy away from new stuff to not look like ""that old guy trying to be hip,"" but I could see adding this song to my repertoire. I'd probably have to change a few things to make it fit my style, but it's a good sound.",@lapdawg60,2025-02-14T02:31:54Z,1
Imagine taking the lyrics to and old song and doing this.,@bugatti282,2025-03-18T16:27:20Z,1
"Catchy music, but gets boring after a while.",@redskins1120,2025-06-14T20:05:21Z,1
Worst song I've heard on 98.5,@TurRhetts,2025-03-01T14:16:11Z,1
Why is this so dam catchy?? 🎶😁,@eileenrover775,2025-04-10T13:07:59Z,1
"Best country singer I’ve ever heard! ❤ the white folks got nothing left now. These boys are even beating us at our own game, which is country music.😂  love it !!!!😊",@CohlFam,2025-04-29T12:16:22Z,1
"Just passing by. Came to say, terrible song. The worst. How can anybody enjoy this.",@DonPinguccio,2025-03-14T05:00:17Z,1
This is such a a great vibe song.. a great boat song!!!,@paulabel4360,2025-06-05T22:37:49Z,1
This song is pure Friday night energy—country soul with a shot of swagger. Shaboozey really brought the bar to the beat! 🥃🔥🎶,@evansmensah6844,2025-06-23T22:46:37Z,1
"When he said ""why the hell do i work so hard"" I felt that in the deepest recesses of my soul",@kingquahog3963,2025-03-08T12:27:34Z,1
Did he vibes,@scottwhitfield7367,2025-06-10T19:50:08Z,1
Boy has a vibe. He's the shit,@simondesilva1669,2025-05-13T19:44:04Z,1
Those opening chords are totally Wonderwall!  That's awesome!  Cool sample.,@copywriter2001,2025-03-03T00:09:05Z,1
Sick beat and throw those haters out the door like literally don’t let haters get in your way of life,@tinagay5423,2025-03-07T21:56:07Z,1
This song is so powerfull and flat out iconic!!!,@ThomasWalls-nm3gk,2025-02-06T02:12:11Z,1
Absolutely loving the vibes from this music—it’s just what we need to energize our day! The visuals are also incredibly beautiful. Wishing everyone watching a day full of joy and overflowing happiness. Enjoy and let the good energy lift you up!,@HeatWaves987,2025-05-21T08:25:41Z,1
"I have never seen someone so unenthusiastic to make a music video. Like is he in front of a green screen? It’s obvious he’s lip-synching and he does not want to do this in by the look on his face. He doesn’t even look like he wants to sing this music Like industry plants go every way is this guy a country music, black guy industry plant because he seems so fucking unenthusiastic. He almost has a look on his face like I fucking hate singing this. This is literally one of the worst videos I’ve ever seen. You got a couple white people dancing around the background for no fucking reason he doesn’t even talk to him about going to the bar.",@bigfatcody,2025-08-08T19:34:35Z,1
Lots of autotune.,@caryleepierce2605,2025-02-03T23:27:47Z,1
The autotune is irritating,@geriatricwarzone2972,2025-02-11T06:59:56Z,1
Cool beat,@MarkGrant69,2025-01-31T02:06:45Z,1
Have this as one of my ringtone such a good song to dance out to summer vibes don't need a dance floor ❤❤,@DarciBlossom,2025-06-06T17:14:49Z,1
This feels more like Celtic folksy to me than regular country... maybe because of the violin parts and the beat? Which would be amazing!! But either way it's awesome! 🤩,@sharonmason8345,2025-02-06T13:49:57Z,1
"Jesus Christ is the only real relief from the trials of this world. Alcohol only offers temporary relief—but when you come down, your problems are all still there. It’s a band-aid at best. But usually it just adds even more problems to the ones you are already struggling with. Believe me, I understand! Resl freedom is found in  Christ alone. Blessings and love 💕",@AnnabelleKopf-u7s,2025-06-18T23:27:30Z,1
Love this ...great rhythm & great energy - very catchy ...should have won !! But it's a WINNER in my eyes - anyway 😉,@BeverlyFink-s5q,2025-03-14T01:27:50Z,1
"I love the beat of this song, so I bought it from Apple for my Ipod.",@SweetMircha786,2025-03-24T22:53:15Z,1
I play this in a 17+ game in Roblox called On Tap and we vibe as we get tipsy in the game,@ethanandersonsongwriterame7403,2025-03-30T06:24:14Z,1
"Brilliant, has just got a great rhythm to it!",@JohnRodgers-v2v,2025-06-10T19:52:05Z,1
This song hits and this video is straight up vibe,@phillyhotspur4939,2025-04-04T19:54:03Z,1
"I love this song 😭😭😭😭,so darn emotional",@MomohAdabaraMusa,2025-05-18T18:04:25Z,0
catchy,@mrryanpratt,2025-02-13T02:56:30Z,0
~Here comes the stone then the coal then the ores~~,@Elialover,2025-07-07T15:11:44Z,0
You can tell the guy on the car has a good vibe. Hes the only white person on beat lol,@shira2151,2025-02-13T23:55:42Z,0
This song is so trash and over played god its annoying,@MRNASCARFAN25,2025-05-21T21:09:08Z,0
like this compared to the original. it is far more catchy amd enjoyable,@samuelwhite8895,2025-03-06T00:35:01Z,0
I hate fucking I heart radio and this shitty ass song that plays I thought this shit was new but it’s a year old and it’s repetitive and garbage,@kevingasga2571,2025-06-12T14:16:58Z,0
"It’s catchy and great for the two-step, but what a damn depressing song if you actually listen to the lyrics.",@DDGLJ,2025-03-29T10:29:43Z,0
You're amazing I just heard the song it's amazing I cannot believe it I love you your vocals first time I heard this song on the internet.,@DarcyMyers,2025-02-21T16:48:49Z,0
yellowstone yeedougiee,@issaboatt7453,2025-04-25T23:54:41Z,0
"Verses are way too short, making the song seem like one long chorus and in turn, feel very repetitive. First part of the chorus (counting part) is hella annoying, but second part is smooth. Instrumental is fire though",@BittrCoffee,2025-05-01T20:17:39Z,0
🤍🤍very good song! Good job!🌼 I love this song it's so catchy I'm listening to it on repeat🎉🎉🎉,@Loha-z8e,2025-02-20T07:14:37Z,0
"I like the music video, but for some reason the beat to the song annoys the hell out of me",@HandsomeBlackMusle,2025-05-20T13:58:55Z,0
Very hard lyrics my English weak😂,@PoojaDhiran-123,2025-05-27T05:40:19Z,0
Autotune,@rjsmcl1,2025-04-24T17:18:32Z,0
"This song makes me feel unexpectedly emotional, beautiful",@iwantabiscuitplz,2025-02-23T05:35:33Z,0
"I am white, I love this mans vibes, energy and his music but cannot stand the corny ass white people dancing in the back 🤣🤣🤣 great song though.",@trollfeeder,2025-05-31T05:12:51Z,0
Used this as my ringtone and I absolutely love the looks I get when out in public 🤣🤣🤣🤣,@James-SC68,2025-04-18T23:39:42Z,0
I’m blue collar.  My friends are blue collar.  We sing this song as we are knee deep in mud working this copper mine in Arizona.  We’re doing just fine.,@TimPfalzgraf-te9zl,2025-05-23T21:40:16Z,0
I hate country music more than Pat McAfee hates actual journalism… but damn it this song is catchy!,@ejslemp5342,2025-05-20T18:17:24Z,0
The worst Hollywood plant in history.,@mitchm6083,2025-04-04T15:46:49Z,0
"We are living in a country of HATE to all Immigrants but we should glorify God, express emotions, and connect with the divine. Some scriptures and religious texts describe music as a way to reflect the beauty and goodness of God, to express joy and praise, and to help people connect with their faith and with each other.",@JJ-iv6qx,2025-05-02T17:15:32Z,0
Beat is great,@jamesarseneaux8800,2025-04-21T16:59:31Z,0
"Yikes, this is awful.",@elbo7755,2025-07-11T08:02:44Z,0
Absolutely in the 10 worst songs I've ever heard.  People will love it and it will play at every wedding.  Things like this put the next mass extinction event in a brighter perspective :),@tonytone4867,2025-02-26T15:50:19Z,0
"Good vibes, good clip, good music. That's all i need",@yoannjakomulski4948,2025-04-18T15:47:20Z,0
Reverse Bobby Caldwell lol,@KatieBerkley,2025-02-16T14:27:55Z,0
This song is so catchy!!! ❤,@ruthbobrink5680,2025-04-08T20:40:25Z,0
"As a 62 year old pastor who adamantly opposes recreational drinking, I disapprove of all the very subtle references to alcohol consumption in this catchy bop",@threedrainer,2025-04-18T22:20:25Z,0
"Start with the lyrics that do not convey values ​​or exhaust what is good in the field, add a melody and an empty chorus that sticks in your mind. Congratulations my friends from the North, you are moving towards cultural Gramscism applied in South America.",@gabrielcriscuolo7783,2025-06-08T13:14:37Z,0
"Great song, one of those feel good summer songs you want to look back on and remember a good time or memorable moment you were having when you hear it. The people in the video just dancing in the parking lot give off good vibes. Would love to dance with the beautiful sexy red head.",@BradFrandle-e2r,2025-07-17T00:43:03Z,0
Annoying as shit.,@davidharrison2099,2025-05-04T19:46:49Z,0
"Love it, great song with a great beat!",@carold6230,2025-04-22T04:44:34Z,0
Im sorry but homegirl in the back is a vibe she was killing it 😂,@Demon23lit,2025-05-04T06:08:06Z,0
a vibe.,@moaswrld,2025-04-29T05:07:36Z,0
Que vibe 😍😍😍😍😍,@luciannavasconcelos4200,2025-02-28T23:47:25Z,0
This a vibe,@LoganBorel,2025-07-18T01:54:23Z,0
You are the worst singer ever,@michelleallen1999,2025-03-16T20:48:53Z,0
I love this song so much it is my pop song on the way to school of if any emotion ❤😂😢😅😮,@ChristopherJordan-b5b,2025-03-11T21:31:29Z,0
Yeah no creativity whatsoever. Let me take a song that was a hit 15yrs ago and change the melody but keep the same lyrics. Gtfoh,@earlcato7924,2025-02-20T07:09:28Z,0
The people dancing in the background ❤ love the vibes when it comes to this song,@tashastarr1703,2025-05-05T08:32:36Z,0
Que vibe gostosa,@NathyNascimento-ws3tm,2025-02-13T21:16:04Z,0
"What a great song, lyrics. Should of won a lot more awards then it did. All good,guys talented.",@TyPeace-x6e,2025-05-02T12:56:46Z,0
I don't know why but this song gives me Far Cry 5 vibes especially this part 1:07,@brand007ful,2025-06-05T17:08:40Z,0
"Amo essa música, uma vibe muito boa ❤",@danyboaretto,2025-02-16T03:07:55Z,0
I love good vibes,@BrendaAustin-e5p,2025-06-09T01:49:20Z,0
This song is annoying,@hdknz,2025-02-02T23:54:12Z,0
"The fact that you guys blew a song up like this guy’s got no talent the lyrics suck, I cannot stand this world anymore",@justinhays1727,2025-02-02T21:47:07Z,0
dam catchy song,@jeffblaser69,2025-02-02T18:31:38Z,0
I thought the lyrics were my baby going to Berkley... Guess not.,@mitchellspanheimer1803,2025-02-02T01:55:36Z,0
I Wish to Reprogram my subconscious mind to always be Queen Moondancer The Most Powerful Witch Woman of the Multiverse Permanently for all eternity So Mote It Be!!!👑🌙⚔️🌠⚡️🔱🌌🔮🪄🏴‍☠️🪖,@JamieFrey-t8e,2025-03-25T21:36:07Z,0
"Dam! I've been listening to that song over a year, though never have seen the video, and I was deeply convinced the song was performed by a white dude from the mid-west. And the interesting part is that when I watch the video I still think it's an overlap: a voice of a white dude over a black performer :-)",@zettcompact8586,2025-07-24T09:15:27Z,0
Chung has the worst record of the season,@VickiBarton-Ward,2025-05-03T13:54:21Z,0
"Love the song , but this probably the worst video ive ever seen",@voiidchan,2025-05-24T14:40:23Z,0
this is one of the worst songs i have ever heard,@aniskywalkerrr,2025-01-28T06:11:52Z,0
"Your voice, your soul, your vibe💚💚",@skittlemoon6582,2025-02-16T01:26:00Z,0
"Absolutely god awful, stay in the genre you started in, don't pull a taylor swift. I could have gone my whole life without hearing this, garbage.",@nathanielsparrow1138,2025-02-12T19:27:14Z,0
"This track really hits the spot! The beat is so infectious, and the lyrics speak to my soul.",@AuroraMansfield-r8b,2025-05-03T06:38:20Z,0
you are a whole ass vibe,@laurengilchrist4220,2025-01-23T15:44:10Z,0
No way this dude looks Like this. How can such a chill looking dude create the worst song that I heard on the Radio in the last years 😅 Crazy,@richardschmalhofer3477,2025-01-22T16:28:13Z,0
GREAT SONG REAY CATCHY,@SandraGreco-hb1kc,2025-01-22T15:35:30Z,0
"That is the kind of God giving gift that brings all races, humanity, and acoustic need for world healing…. If we can just join in the groove! Amazing! god bless!  Much success! 💪🏼🙏",@benjaminortega3089,2025-01-22T04:17:10Z,0
This is gonna be nostalgic in a few years.,@tiaflies,2025-01-22T02:58:06Z,0
"Now doesn't this hook remind us of another song, I get he changed 1 whole word and slowed down the rhythm lol but this is a rip off lol and not even a good one",@stevienorris828,2025-05-27T08:57:43Z,0
"Great song...SO catchy.  My good people, check out my channel for a Starbucks themed parody of this song 😂",@NiceWeiss,2025-04-29T03:16:54Z,0
"Trash, stolen lyrics. Just something the usual suspects do to make $",@bugatti282,2025-07-17T17:29:31Z,0
Hes got a great vibe!,@Carolyn-p6u,2025-03-16T17:57:38Z,0
This song has awesome vibes,@ElysiahRafter,2025-02-13T00:23:33Z,0
"Lol, this song is basically recycled rap bars and hook made to a country beat, and white people love it? Shout out to jkown!😂",@rodneymclin3130,2025-06-15T21:18:09Z,0
"Love the song, love Shaboozey. Very cool vibe!",@patriciametzler5989,2025-03-11T09:23:56Z,0
"My girl loves this catchy, dancing tune",@chadneubauer9628,2025-04-22T06:05:10Z,0
What if it’s a woman in the sky? What if you are posed to congregate on Saturday rather than Sunday? What if your savior was the demiurge and you give energy to evil without knowing? What if this is but a dream and when we wake up all we want to do is dream again ?    Good vibes brother. HOG,@FU2H8R,2025-02-23T16:02:41Z,0
It reminds me so much of my favorite song Arrows by Roscoe James Irwin. Finally I found a song with a similar vibe 💜,@mikapetr,2025-04-23T19:25:19Z,0
Google Lyrics to this Song  someone on Goole having too much time on his hand had a laugh though,@jocool143,2025-03-09T15:34:14Z,0
"This man is so talented and gifted the most greatest artist of of his time, Word for Word, that this man says inspires motivates his songs, his lyrics, his voice, his words it was made to shine to be a star for everyone in the world my respect towards him, the man, the person may you continue to shine like the star you are inspire the whole world. Stay blessed keep singing.",@frankgonzalez5873,2025-04-28T02:11:40Z,0
Ridiculously monotonous.,@B.GayleHodge,2025-02-25T16:40:00Z,0
This isn’t the right lyrics😂,@plastexprecisionmanufactur913,2025-05-10T21:43:14Z,0
Good song. Sounds just like Good News tempo and music.,@JustG8462,2025-05-02T16:04:55Z,0
Just learned this on guitar super simple and really fun to play.  I need to learn lyrics now.,@rustynugs8089,2025-08-08T17:16:30Z,0
"Wow I loved this song for ages and it never gets old, this is my ringtone❤❤❤",@Octavia-m2y,2025-02-12T20:05:15Z,0
Worst song,@nikakirn2709,2025-02-27T07:11:17Z,0
That first verse is so real,@eatmyjumper,2025-05-10T20:24:23Z,0
This is my favorite song bc it’s a good vibe gangstas,@AlyssaGintz,2025-03-21T15:47:12Z,0
60 now beat cancer and now my kidneys hurt every day. Utility man.gas water cable fiber power last 16. We keep it workin. I figure im 10 past my expiration date. So bring it.i just dont care anymore.,@rondeal3823,2025-05-16T22:48:33Z,0
Best lyrics and voice...,@kensteffes6712,2025-05-04T03:20:05Z,0
As white boys who love country it's pathetic how some of us will be judgemental of appearance n that's owning up to our disease of sin..n then this amazing gifted dude comes along and helps us to improve our wretchedness ..he is a gift indeed ..love the vibe!,@mjboux6559,2025-02-04T16:45:09Z,0
0:36 is when the beat drops  happens if anyone wants to know😊,@Addie-r4h,2025-02-28T21:17:10Z,0
You cant take a beating like I can putha.,@Strawberrywine-r3d,2025-07-12T06:03:08Z,0
YES OR NO THE WORD 936 WAS NEVER A VIBE FOR ME. SAME.,@allura1999,2025-06-24T16:59:13Z,0
I thought for sure this video would be in a bar with a drone going through everyone while they slam their glasses and pour to the fast beat.  But its just him dancing the way I do to this song. Lol,@kelliemeggs2635,2025-08-08T03:30:36Z,0
Worst video ever,@kkevinrrabedew2820,2025-03-16T03:16:03Z,0
God. I fuckin love him. His versatility is seriously unmatched. Everyone comparing saying it’s giving 90’s vibes- but I’m here for it!,@savanahward1806,2025-07-09T02:10:45Z,0
"There's something deeper about this, I just can't figure it out.",@JayHomes-h7c,2025-06-11T08:58:53Z,0
Am I the only one who thinks this song is annoying!?,@GLOCK4LIFE0,2025-03-27T14:34:37Z,0
"Ok so plain and simple this is a broken man.  If you catch the lines about how he don't get to see his kids, the second on where he says children instead of kids is intentionally off beat to stress the point. He then goes on to say that he is is going to be the biggest villain he can be, which in history is a nazi. its simple folks. Don't read too much into it.",@kuhndog-1196,2025-06-10T05:42:32Z,0
"I don't like the fact that this song shows up on my country radio, but it's a good song that I can put in my playlist and vibe with.",@TZJ-Cryptolalia,2025-02-11T00:25:08Z,0
"Admitted to the hospital with liver and kidney failure, tumors in my gullblader and I watched this song debut on MTV and my god did this man get me through the worst of it! When the nurses would come in they asked me to disconnect the headphones so they could dance and jam out with me.  Thank you Shaboozy",@nikkobellic5701,2025-02-26T02:13:03Z,0
Hootie vibes. Next level the talent.,@Mr94Corvette,2025-04-20T01:05:20Z,0
They call this black rap country! CMA should be ashamed of themself! Saying the same verse75 times what great song writing what a fu....g absolute joke!,@stewartlewis1910,2025-02-25T11:25:29Z,0
J-Kwon has made more money off of the publishing from the lyrics in this song than he did in 2004.,@bighomiemac3472,2025-05-18T04:14:43Z,0
"2025 and I'm seeing this video for the first time. Heard the song a hundred times and loved it. But seeing the video I'm left sad, then empty, then curious. From his sad and lonely expressions to his lazy yet robotic movements. I can't help but feel this as a massive surrender to the monotonous emptiness of the world today. This song once filled me with happiness and now it reminds me of the routine and agenda pushed on us all. Patterns aren't always healthy",@KG-ql4th,2025-05-12T23:40:50Z,0
I think she’s amazed that he made it this far without being able to actually sing very well. Perfect example of autotune making someone sound like a good singer. Great song writing though,@lordtraxx4217,2025-03-06T05:34:04Z,0
Well... that was unexpected.  Kept the country vibe and didn't go lamestream like so many do.,@fescudder,2025-07-11T19:15:42Z,0
Worst video ever! They found 4 idiots that can't dance & if you pay attention it must of been put together in segments because they're completely off from the music 🙄 there are white people that can actually dance I suggest next time finding folks from Texas because those dipshits only know how to stomp their feet off beat 🙄,@shelljowhatever9968,2025-04-06T16:29:35Z,0
"This is so a #summerfest song,find a band,grab a beer and dance on a table,, vibe😂😂😮😂😂😂😅😊 iykyk",@031nikita,2025-04-04T23:44:25Z,0
0:33 autotune is out of tune,@bobcaygeon975,2025-07-06T17:51:34Z,0
Shout out To JQUAN I LIKE THE SALUTE not a lot of people the history behind those lyrics I really like the mix that was tight,@stykiray23,2025-03-23T17:50:36Z,0
Vontade de viajar ouvindo essa vibe,@janainasantana8102,2025-08-04T20:09:37Z,0
OK jkwon vibes dis sum diff frm wut I listen to bt it's coo,@primetimesha361,2025-02-21T18:22:12Z,0
"Love the song and beat but...he leaves his live in partner who is complaining about bills to go spend bill money at the bar, quit his job and ask his friend the next day to arrange for a new woman. Definitely an adult song.",@wendyway6979,2025-03-05T21:11:33Z,0
Damn that’s catchy.,@bernier42,2025-04-30T19:47:21Z,0
"Great video. I'm new to your channel and I love your vibe. Also, I can't tell the difference between the   kisluxs   replica bag here and it's close enough to the Amazon bag and it's cute, so that's good enough for me.",@JonhyFerlisi,2025-03-13T16:53:28Z,0
This beat one of the hardest of the last 2 years.,@SDJ99able,2025-07-29T02:19:56Z,0
"Throw down, here's the beat",@JoannaSnyder-ep9bl,2025-05-25T12:29:39Z,0
My baby sister is 8 and she has no idea what she's singing about but she knows all the lyrics 😂,@I-wont-read-your-replies,2025-05-24T05:59:17Z,0
"I feel like the song is a satire on party culture.  Could just be me, but there's something sad in the tone of delivery, but I think that resonates deeper to all the people that enjoy it as anything they see it as.",@sleep_is_awesome2838,2025-08-07T14:55:44Z,0
What aj emotional masterpiece 🥺,@good_music033,2025-07-18T18:35:53Z,0
Brilliant melody. Then adding the strings was very clever.,@davidwinner6926,2025-07-17T21:32:35Z,0
The world’s worst Nazi,@Jessica-g5j,2025-08-01T08:48:15Z,0
"He did country right! Beyonce take notes, you failed",@samcoenen8111,2025-05-09T00:16:52Z,0
"I need to find lyrics version , because the clip is awful",@matejmotuz108,2025-04-01T12:44:17Z,0
What in the juice world do we have here? Just another generic hiphopified country song.,@yost112ty,2025-02-11T21:04:29Z,0
"This hits deep and the good feeling it hits our souls is indescribable, this is a beautiful song and you have a great gift, never let go my friend.",@COFFEEPOURGUY,2025-07-26T20:49:04Z,0
2019 vibes ❤❤❤,@tvjoaquin_07,2025-02-15T12:59:32Z,0
"The music, the rhythm is the BEST, super happy!!  Lyrics - partially okay..",@tjreeves7570,2025-03-02T01:39:43Z,0
"I don't know why but in the chorus I always hear ""Everybody has Parkinson""",@heavycavalry9919,2025-05-22T09:53:15Z,0
"Meh to be honest. Don't hate his singing in anyway, just feel that he should have taken a different approach with his lyrics. I'll still give him a 7/10 for efforts because his singing isn't bad. Just needed to change his approach a bit differently with his delivery.",@rickharrison3304,2025-02-07T09:49:42Z,0
"Catchy song, Bib Fortuna has got here.......",@sixstrings2,2025-03-03T00:00:30Z,0
"Anyone who has ever paid attention to how eminem raps, would know this is either AI, or jus some dude u jus so happens to sound like Em.. plus his voice is more deeper nowadays, and that higher pitched voice was from his earlier days.. so this video is fake af..",@ceedotemm2297,2025-07-23T23:35:38Z,0
It’s the best song ever made and it’s my friends ringtone,@jenortiz7810,2025-07-25T14:33:11Z,0
Holy hecking autotune,@cyclocircle2319,2025-08-02T10:22:58Z,0
can somone post a comment with the lyrics of a baar song!,@realtechniloy8999,2025-05-31T11:21:22Z,0
"Same chords , just sayin",@nicholasduranceau4344,2025-02-12T04:09:57Z,0
"This song beats the crap out of any Beyonce ""country"" song",@enchanteddrmzceo,2025-06-17T11:47:38Z,0
God this new era of music is just awful 🙄🤦‍♂️,@michaelyoungstrom9412,2025-06-13T03:10:45Z,0
Love this guy's energy and vibes,@tammycole6281,2025-06-12T18:10:54Z,0
Death cab for cutie follow you into the dark shaboozey stole the melody,@AlexanderHickingbottom,2025-03-18T06:09:07Z,0
I love how relaxed he is in his own skin. Cool calm and collect but feel his vibe,@JanWillisCMA,2025-08-08T02:09:24Z,0
I was waiting a Rip from the Yellowstone kinda guy but nvm,@maksial7949,2025-02-14T21:42:23Z,0
One here comes the two to the three to the four. This is the worst song I’ve ever heard.,@travis9472,2025-08-09T01:16:49Z,0
Not country. Baby mamma being abandoned and a dead beat dad getting drunk at a bar is not country. Threesomes are not country. This is not country. This is an ideological infection.,@benjaminlouchios5802,2025-02-08T18:19:26Z,0
"Okay, it's catchy, but man pls dont tell ppl 2 get drunk.",@SheriPatzer,2025-05-20T22:57:32Z,0
What a song.. super catchy,@Carl-_-Notts,2025-03-17T10:42:13Z,0
"If you like synthpop, check out also Starlight by Summer Dance Project: https://youtu.be/GpVPM4GdnhU?si=ah4fTFf5zfG5gXtg",@summerdanceproject,2025-07-24T13:02:05Z,0
"Seen a rdr2 parody of this song and loved the melody so much I had to find the original, this may just be my new favorite song",@williamhill9658,2025-02-22T16:39:43Z,0
"Hope this artist paid the rights to use most of the lyrics to j-kwon for,,this song is basically a remix of that song from the early 2000s",@gvalz104,2025-02-27T19:00:41Z,0
This slapping harder than the ass beating I use to get as a kid,@timriley7193,2025-02-11T20:19:46Z,0
Wonderwall chords?,@Allday72,2025-08-03T09:06:28Z,0
I thought honkeytonk badonk badonk was dead. This is awful.,@selfhelp69,2025-03-24T18:49:14Z,0
Nice autotune.,@matthewjessup8584,2025-02-05T10:33:30Z,0
Couldn’t get a better beat and singer❤,@E-RIDER-GNG,2025-04-28T20:23:51Z,0
This song is a whole ass vibe,@noble5_052,2025-04-10T16:23:23Z,0
"Tbh when this song came out me and my brother were arguing until my sis played the song, This was one of those rare times where we decided to vibe instead of argue. This song is truly heavenly.🔥🔥",@King_John_122,2025-08-08T15:02:33Z,0
I'm from Liverpool and I would have this version over any except maybe jacko just because I grew up listening to him and the end of moonwalk was mind blowing as a kid. Still listening to both but beatles don't do it for me,@benjones9038,2025-06-08T20:27:15Z,0
I'm here from Hatin' on Music by A Dose of Buckley. This is on the Worst Songs of 2014 and I found it catchy so I paused the video to have a listen and now I love it.,@TheLionWhoSings,2025-05-22T23:29:05Z,0
The melody (and lyrics of course) are really catchy.,@DANAP126,2025-02-05T10:39:29Z,0
"Is this song about her being with a guy, who is cheating on his gf with her? And she's upset he doesn't want anything more with her, but she does. Idk, that's just what I was picking up. Like a jealousy kind of vibe too.",@morganodonnell608,2025-05-17T00:40:22Z,0
Probably the worst videoclip ever? 😂😂,@Raphazoni,2025-02-17T11:57:04Z,0
"Came for the thumbnail, stayed for the vibes",@RichTrilla,2025-07-29T06:19:51Z,0
Deeply in love with ur song,@RzzStm,2025-02-04T06:19:50Z,0
"see this song on grammy nomination list , so good vibes",@lemtran159,2025-02-03T08:54:35Z,0
That autotune though.,@BsYtHandle,2025-02-03T08:18:41Z,0
Annoying shit bro 😂😂😂 who fucking cares?,@tay-r4j,2025-05-04T21:34:01Z,0
Chelsiemuccibo a downie because when I was stoned I called her a downie to her face and she snorted😉🎂😉🍸🎂✨✨✨,@Snnowwhiiite,2025-07-11T13:22:24Z,0
I have my 30th surgery coming up and then I get four more after that but before I die I want to see you before I die I want to see my angel I love you You're absolutely gorgeous I'm native Spanish and seek from India. I'm gorgeous and I'm very intelligent. You look pretty intelligent. I would love to beat you one day soon. I pray soon😊,@ValerieDavis-y1p,2025-03-06T07:07:29Z,0
"What a great song, lyrics. Should of won a lot more awards then it did. All good,guys talented.",@TyPeace-x6e,2025-05-02T12:57:01Z,0
"I love what google does after googling ""shaboozey bar song lyrics"" :D",@Maxi86inAction,2025-02-09T22:13:31Z,0
Is this a remix or a cover or something? Because I think tonight is the first time I'm hearing this song and yet at the same time it's sitting bone deep in my memory as a classic I've known for years. So good.,@UchihaKat,2025-01-29T04:00:44Z,0
Catchy. His  voice can feel what he's singing,@rudraramnath2083,2025-01-28T15:45:33Z,0
Powerful song and video.,@Foolish9-7-4,2025-04-12T14:11:10Z,0
this song is so good....gives me some vibes man,@RYANnj4,2025-01-25T20:50:31Z,0
This song is so catchy! My new favorite!!!!!💯🔥,@andrealynn1314,2025-01-24T08:31:51Z,0
I was wondering why Heavy M literally hates this song but this is gonna ve overplayed and sounds barely awful.,@juliusjoa927,2025-06-30T23:46:02Z,0
Banging tone yes i,@KeithGould-o9e,2025-03-01T16:51:53Z,0
"The first verse hits hard! Love this song, brings tears to my eyes.",@mayanandy6280,2025-02-08T22:55:46Z,0
aye homie.. i did jail time with ya on why block in 831.. i dig ya bro.. i didnt no famous like me i rap.. sup bro.. keep up the good work. hope link up maybe go tour with ya.. aye let me no if in jail still ill send cash on ur books so dont beat up  bunkie for food lol. big lip wood Monterey county  ;) luv u dog,@GRANDPAGANJA,2025-01-21T21:11:12Z,0
