comment,user_name,date,likes
"""I ant never had a doubt inside me and if i ever told you that I did im ##### lying""  is my favorite lyrics it hits so hard!!",@kendrapineda7625,2024-12-01T01:45:31Z,1368
Why am i already feeling nostalgic when i come back to this 😭🙏,@vanillzic,2025-05-01T10:37:33Z,457
"I swear Tyler is a genius, this album is going to be the most influential rap album this year, i think this might even bring the art back to hip-hop and fix it, the fact that Tyler only dropped half and he whispers it forces you to listen to it multiple times to actually understand the lyrics, this is one of those times where i wish i could shake an artists hand, i appreciate this so much.",@S1arLite,2024-10-18T23:49:50Z,272
I just hit the start button on the microwave right at the beat drop completely coincidentally without thinking about it and it mightve been one of the best moments of my life,@Swift1303-z4p,2024-11-12T20:34:22Z,114
"This is the first time Tyler has had a character sooo different from himself in vibes and in appearance i struggle to remember theyre the same guy... like, this is flower boy? this is igor? this dude sung tamale? Madness, mans a genuis next level.",@English_bean,2024-10-19T19:04:24Z,69
I went to the concert and I cried twice it was so cool to see the whole stadium in complete unity. Music is so powerful.,@CatsSmore,2025-02-08T17:31:00Z,10
bro listening to the new album chromakopia alr feels nostalgic,@XeasZ,2025-07-22T03:28:25Z,8
Not me already knowing the lyrics to this because of how many times I have been watching this ❤,@MaevynK,2024-10-28T00:36:08Z,7
"In the full release of the song the harmony plays twice, once at half strength and then another that is equal to the one time it plays here. The harmony in this song is LITTERALLY my favorite part of the entire album so WHY on earth was there weaker version of the harmony before the full strength one it takes out so much of the just punch that it has here. Literally why how did you make a song better in a music video than normal release",@rocket-rakun8133,2024-10-29T22:35:34Z,5
The vibe is 🔥. I can feel it 1:07,@frankkoomson1180,2025-02-17T23:58:16Z,3
when the beat dropped in dark fantasy,@joshuacanate,2024-10-28T12:53:54Z,3
Omg this feels nostalgic already 🔥🔥😭🙏,@ChanceDaRapper,2025-07-20T18:52:58Z,3
1:04 Are those Daniel Caesar vocals? Or Brent Faiyaz?,@ElijahIsGr8,2024-10-23T19:17:23Z,3
Those vocals at 1:06 got me ascending,@WarioShaker,2024-10-18T18:48:47Z,3
I'm gonna be so fucking annoying I can't wait,@5PIDERMAN-vx6qz,2024-10-18T15:46:50Z,3
I’m so pumped for this album can’t wait for it getting Igor vibes,@wooleydragon,2024-10-20T21:01:18Z,3
"11 people with different hair styles, 11 songs with different types beats?",@GamingVegetto,2024-10-24T13:04:02Z,3
im abt to be so fucking annoying when this shit drops oh my GOD,@caseyrose3323,2024-10-21T14:58:49Z,3
just saw the most annoying white boy ever fall down to his knees at walmart,@koobyn,2024-10-18T14:46:17Z,3
smartschoolboy9 is the vocal in first part.,@mfker14,2024-10-23T18:18:30Z,2
The marching in 2/4 makes this so catchy,@kizu5451,2024-10-23T04:32:08Z,2
Why was the beat kinda fire at the end,@AjAdamo,2024-10-18T18:30:57Z,2
This is giving a lot of vibes from the movie us,@boldexplore,2024-10-20T20:58:57Z,2
"The beat change hit hard when I heard it for the first time, absolute banger ❤",@sd.r1ch,2024-10-29T19:44:45Z,2
did you know that chromakopia is anti igor becuase if you reverse the colors of chromakopia it turns pink like igors color and if you reverse igors color it turns green like chromakopia,@RyomenBlobkuna,2024-10-18T22:24:23Z,2
"As Franks #1 glazer, his vocals are heavenly 😍😍😍😍",@tylerglazerx69,2024-10-20T02:36:09Z,2
THE BEAT DROP,@Goated_tyler_creator,2024-10-24T11:30:14Z,2
Tyler The Creator is really the Beatles of this generation.,@ATexanPickle-bj6ol,2024-10-19T23:42:51Z,2
Micheal Jackson vibes,@JonCart,2024-10-27T12:38:26Z,2
this shit actually got me emotional dawg. We're so unbelievably back,@salvanary,2024-10-22T15:27:46Z,2
Its so catchy,@Gigixadoress,2025-01-01T07:37:14Z,2
I know the beat drop is amazing but not enough people are talking about the middle part of this song it a vibe in all honesty 0:38,@agreatpitmain4404,2024-10-22T18:16:09Z,2
This has some FlyLo vibes.,@smurxxx0910,2024-10-20T19:50:14Z,2
A couple weeks ago I was in my computing class sitting next to my friend. 4 some reason I started to sing this song quietly in my mind but then my friend also started to sing along and we were getting louder and louder and we even started to hit our legs on the floor to the beat. I'm not sure why but I feel like this is that type of memories that stays with you forever throughout your life. Just wanted to tell y'all a funny story.,@Realfreakxd,2025-02-13T13:07:29Z,2
Inspired my beat „dont be dumb“ through that tyler is such an inspiration,@00lilbru,2024-10-19T01:12:15Z,2
"Its just noise. No style, no rhythm. It seriously reminds me of Young Skull. (Old school 80s punk band of all kids) theres a song they sing called ""this hot dog sucks"".....this song is on par with that. Sad.",@untouchableONEbuttryANYWAY,2024-10-27T02:08:27Z,2
That beat at 4:20 bro 🔥🔥🔥🔥,@lamarshaw8162,2024-10-21T22:44:41Z,2
"This gives off Igor vibes, IDK but it weirdly does man 😭",@yesIamstillalive,2024-10-28T19:04:12Z,2
"In an alternate universe, this music video is a Regular Show episode.",@tyronemukhwa,2024-10-28T03:48:16Z,2
1:04 KANYE AS BACKING VOCALS???,@KanyeNorthsss,2024-10-19T22:19:57Z,2
1:06 “vrrhrr” no im not joking that was a vibe istg,@kitty.weewee,2024-10-24T22:38:30Z,2
I set this as my alarm tone so I wake up to put the volume UP🔥🗣️🔥🗣️🔥🗣️🔥,@roereyes2262,2024-10-19T22:48:49Z,2
"The emotions that Tyler’s song bring , is different",@pullthesmoke,2024-10-23T06:40:01Z,2
"I believe that Tyler's new character is called Chroma The Great. This is because in the movie, The Phantom Toolbooth, Chroma the great is a character whos main job is to conduct sunlight, sunset and sunrise, which all has one main theme: Colour. My theory is that Chroma The Great (Tyler) is leading his soldiers into this crate which he exploded because the soldiers death (at least in this universe/trailer) creates colour. Thats why Chroma The Great exploded the crate. The soldiers deaths create colour. Also not sure about this last bit, but maybe why the last guy is slightly behind all of the soldiers and is not in unity is because he possibly wants to revolt against Chroma The Great. Once again, just a theory.",@stchroma1,2024-10-18T15:44:07Z,2
Worst part 1:25,@KMADDYEVERYTHING,2025-02-15T23:35:19Z,2
This is probably gonna be one of if not the WORST tyler albums OAT,@doom8785,2024-10-21T05:03:23Z,2
The beats kinda still sound like  see you again.,@Tinadevale,2024-11-07T19:53:12Z,1
0:00 I played this at 11:58 on New Year’s Eve so the beat would drop on 2025,@Bassthrone_YT,2025-01-01T17:50:42Z,1
When the beat so hard you gotta stroke it a little,@YOUBRATTTTT,2024-10-22T23:53:19Z,1
"I hear some Micheal Jackson type vocals in the ""can you feel the light inside"" part if this song",@zacoriaanderson2666,2024-10-22T22:40:16Z,1
"this version sounds so much better than the album version it drives me kinda crazy, tyler changed the mix around the chorus and it removed background singers, instrumentals and made the singers voice sound more hollow sounding, so i come back to this mix",@eg12641,2025-06-24T23:31:04Z,1
tha beat drop was amazing,@Cursed.SleepyAf,2024-10-24T05:00:57Z,1
"I showed my mother this song and she was scared by it, she said ""It makes me feel like something bad is coming"". She stopped it  before the angel vocals.",@jack-a-wack,2024-10-31T12:32:57Z,1
got a brockhampton vibe,@golf4958,2024-10-24T11:33:02Z,1
This song finna be nostalgic in 5 years.I will relax when tyler makes that ablum😂,@Popsicleismyfav145,2024-10-25T06:30:41Z,1
This dude gotta make a movie cuz he got pharell william vibed but in cinematography,@GHIROs3w,2024-11-03T06:32:10Z,1
"if you can, try to time the beat drop with midnight on new years eve",@rom-ps2uo,2024-12-29T22:07:36Z,1
Bruh what annoys me is that the actors are marching off time by the slightest tempo ever and it's annoying 😭😭,@Bryan-o7y7n,2025-02-10T22:07:21Z,1
Bro if this isn’t a song. The vocals are so good bro like I can’t wait for this album!!! 1:04,@RealFuego1,2024-10-26T02:08:27Z,1
"Now, don’t get me wrong, the production quality and music quality; godsend. But can we appreciate the unconventional, uncomfortable feeling St. Chroma’s (as in the Tyler persona) entire existence gives, he’s dressed from the neck down on a suit and dress shoes, but is wearing a creepy smooth, uncanny valley mask. And the way he walks, oh my Earfquake the way he walks; it starts as a passionate, determined march accompanied with the powerful whispering; devolving into odd, boogeyman-like strides, adding to how unnerving it is. Yeah, I like Tyler, how did you know?",@psychic79,2024-10-31T20:23:32Z,1
0:19 reverse mohawk ahh,@karthikkrishnakumar3773,2024-10-19T15:43:26Z,1
That synth is sexual,@szubf6544,2025-01-23T18:16:12Z,1
I’m about to become swiftie levels annoying my friends r gonna hate my ass,@blackrosejinx5563,2024-10-21T01:26:57Z,1
The footsteps sound like goblin tyler would do the weird wobbly synth also the pad when the chir started is like bastard pad on pigs fly or inglorious the people singing is like igor and tyler whispering is like cmiygl and the drums at the like cherry bomb and chorus like flower boy,@sandy_and-Chris1,2024-10-21T20:26:54Z,1
THE FACT THAT THE DRUM BEAT ONCE THE BEAT DROPS SOUNDS A LOT LIKE THE DRUM BEAT IN IGOR'S THEME IS DRIVING ME INSANE IM SO EXCITED,@maniac_marrs,2024-10-21T02:00:18Z,1
2SEATER level vocalizing here,@makeshiftfoo1590,2024-10-20T13:42:03Z,1
DO I HEAR DANIEL CEASAR AS BACKGROUND VOCALS,@KyroTrysThings,2024-10-19T03:17:26Z,1
0:26 Subtle little Igor vibe tones.,@Jivolt,2024-10-23T10:31:40Z,1
"One day, you wake up and recognize the need for a new Tyler, The Creator album — not merely as music, but as a source of inspiration across multiple facets of life. His work defies predictability, offering profound insights even in tracks crafted for mainstream appeal. Tyler’s deliberate and often unconventional artistic choices not only enhance creative expression but also provoke deeper philosophical reflection. It’s inevitable that his oeuvre will soon be studied in academic contexts—spanning music theory, poetry, philosophy, contemporary art, visual identity, art direction, and cinematography.",@baba123776,2024-10-23T06:49:51Z,1
"Reversed the ""thick of it effect"" on me. I chose not to jump!",@AbhiramAvula-o3c,2024-10-19T19:06:50Z,1
Why is beat good but also creepy asf,@Shellox14,2024-10-20T07:11:16Z,1
I one shook Tyler’s hand beat with it lter,@MXXTHMS,2024-10-21T14:44:31Z,1
This beat drop needs to be studied,@aleaiactaest6503,2024-10-20T02:10:15Z,1
The 2020s started off the WORST WAY POSSIBLE with 2020 but couple years later we actually reviving up to be such a fine decade I’d love to look back on with fond memories ❤︎❤︎❤︎,@passionateerrors,2024-10-19T03:23:54Z,1
I can’t stand why songs are so fucking short now I miss 4-5 min songs that showed the artist had a very powerful idea they wanted to translate into pure emotion Ts is just noise for 90 seconds,@Porch_Geese,2024-10-20T01:12:43Z,1
It’s that frank ocean on the chorus back ground?,@BigM12-t3t,2024-10-19T22:30:45Z,1
Slipknot vibe,@ok-grape,2024-10-20T11:48:59Z,1
It’s alright grandpa if you beat them I’m sure we can too...,@gmacwizard8890,2024-11-09T00:48:24Z,1
Reverse mohawk,@MrStick2,2024-10-18T15:06:18Z,1
Garbage personified. Absolutely the worst noise of heard in my life. The creation of this clamor is an assault to the ears and an insult to human consciousness.,@pookeezze,2024-11-25T19:27:20Z,1
1:25 is the worst part,@Gary_vr-o9v,2025-03-01T20:11:48Z,1
1:04 those vocals to the drop give me chills🧊,@Pdid3719,2024-10-24T21:40:19Z,1
0:28 I can’t believe they got SpongeBob to produce vocals for this song in the form of screams,@Idiotwhoshouldshutup,2025-02-16T00:29:30Z,1
If songs from this album don’t end up in Spider-Man beyond the spider verse or the one they make after I will be very disappointed. This album is perfect.,@NadiaNeveahWolf,2024-10-30T21:01:51Z,1
anyonee else feel uneasy listening to this song? 😭 i dont understand the lyrics but the musical elements is making me uneasy,@t4rgetedv247,2024-10-26T18:27:43Z,1
Bruh am i the only one that thinks the beat/overall sound sounds like see you again and earfquake 🤧🤧,@Kxllrxncxxx,2024-11-01T12:32:42Z,1
It’s giving goblin vibes 💯💪🏽💪🏽,@RamzaBeo,2024-10-25T14:28:57Z,1
Ngl this song catchy as fuck,@KCR-k2k,2025-06-26T22:23:07Z,1
Tracks got Tech n9ne vibes,@lifelikealpha,2024-10-22T00:08:19Z,1
bro I keep playing this on repeat it’s so catchy wtf,@928-Mali,2024-10-23T00:04:15Z,1
My fellow band people please make some horn notes to this 🙏🏽🙏🏽🙏🏽,@KaylahWhitt,2024-10-21T01:52:58Z,1
This gives me insane ww2 german vibes. Is it supposed to resemble that?,@Glxtchedout34,2024-11-07T12:36:01Z,1
i know my emotional ass is going to cry if he opens up with this at the concert...,@schlong-vek,2024-10-28T07:09:27Z,1
The beat drop🤞🏾🤞🏾🤞🏾🔥i swear i lost my shit,@Tidow777,2024-10-28T19:49:26Z,1
i love the beat,@jazmine_980,2024-10-24T23:22:39Z,1
beat hit harder than a motherfucker holy fuck i just shit myself,@gio_1001,2024-10-20T22:46:09Z,1
nah that beat drop at the end was criminal🤦🏿‍♀ 🔥,@WraithFiendX,2024-10-22T07:32:58Z,1
this spooky ass synth 😭😭,@bigtomar,2024-10-19T20:14:59Z,1
That beat drop at the end had me goin crazy,@5star_kayyy,2024-10-19T01:57:46Z,1
TYLER RELEASE THIS NOW PLEASE SO I CAN MARCH TO THE BEAT ON THE WAY TO SCHOOL,@Boo-_-M,2024-10-27T16:00:51Z,1
"Killed it wit dat Ying Yang whisper flow, wut a beat switch jus to have us fiendin'😤🤦🏾‍♂️🤣🔥🔥🔥",@PalatialSlumlord5183,2024-10-19T13:33:17Z,1
I totally understand where yous hear Frank or Daniel on this but to really be honest I think it’s just Tyler with his voice pitched up.,@lindsayallwright4786,2024-10-19T04:46:08Z,1
"BRO HE GOT FRANK OUTTA RETIREMENT, I HEAR FRANK AND DANIEL CEASER ON BG VOCALS..",@mykaelizayah2195,2024-10-25T03:19:23Z,1
"Alexa has an extended version of CHROMAKOPIA In the song he sings these lyrics ""Blew shit back in home when I was in CHROMAKOPIA"".",@QueueForCoasters,2024-11-01T11:20:12Z,1
yaass! hell broke luce vibes in tyler style,@brnsrght,2024-10-18T15:32:25Z,1
I like how he kept the beat. I listen to native flute drum music. I like to hear more of this in the music industry.  It's all in the frequency and vibration  💃,@tracylynn2920,2025-04-02T11:05:30Z,1
"Im fin beat this h**, my album finna put up more numbers then Chromakopia he has advantage since he's releasing his album on Oct. 28th. We releasing Oct. 31st, Although I'm confident my album (SCHEMING) is fin put more numbers up then his. I guess will see.",@LilSchemeOfficial,2024-10-21T03:49:45Z,1
the beat drop tho,@MuhunthanDhanasekaran,2024-10-31T22:10:40Z,1
Flowerboy vibes. I'm here for it.,@bankxbrooks,2024-10-21T15:23:37Z,0
✏️ Describe the vibe,@Julia-k8h,2024-12-09T21:41:26Z,0
The fire harmonys touched,@justinpowell-pflames619,2024-10-19T22:33:56Z,0
i can hear the franks vocal here myannnnn cant wait for the whole,@rohanmalla,2024-10-22T14:54:18Z,0
Just adore how he move those beats and moves,@Cataclyscerator,2024-11-10T15:39:05Z,0
OH HELLL YEAHH THE CLASSIC TYLER THE CREATOR CHORDS HOW LONG DID IT PASS SINCE I HEARD THEM,@hampter1639,2024-10-22T14:42:31Z,0
The synth beginning at 0:39 just elevates this to another level.,@AbbasKhan9364,2024-10-23T20:12:51Z,0
THE BEATS ARE GOOD🔥🔥🔥🔥,@Doggochannel-1000,2025-01-05T23:25:34Z,0
It hit the beat,@AndresEstrada-mh8rh,2024-11-02T00:50:02Z,0
On the beat drop at the Chromakopia tour IT WAS C-CRAZY ISTG,@Tyree.makes.music.33,2025-02-20T19:31:43Z,0
This is bringing out David Lynch Vibes.,@BlakeLiverman,2024-10-18T19:13:43Z,0
I love how the melody starts and the camera turns at the same time 0:25,@3arl_ski,2024-10-23T12:41:34Z,0
"this new album really good and with melody is freaking great, To be honest!",@andiaryamuzayin4754,2024-11-02T23:22:16Z,0
1:16 This could be one of the hardest kind of Trip Hop beats ever made.,@theyordigonzalez8290,2024-10-21T19:27:33Z,0
worst song ever,@ivanivankovic3546,2024-11-21T16:41:16Z,0
Unique.......bro. THE BESTs are temporary but UNIQUE is always Unique.,@FridayJuly-gx8ep,2024-10-26T17:24:43Z,0
0:52 IM GON MAKE IT OUT powerful🔥,@Josiah_Playz-tb9bc,2024-11-09T01:34:02Z,0
The fuzzy synth is just perfect.,@bagelman_freak,2024-10-19T12:48:43Z,0
Frank ocean vocals on this how already.,@linoramos9337,2024-10-19T03:21:00Z,0
This is probably what childish gambling would’ve sounded like if he didn’t stop rapping I’m srry for the comparison but the vibes are here …. Showing Tyler love this shit went hard tho played on repeat nonstop,@RIPTIDE2034,2024-11-06T11:51:53Z,0
My friends think I am annoying because this all I sing,@paisleyrodriguez-su7sh,2024-12-01T07:24:54Z,0
MAGESTIC BEAT,@kodealt9,2024-10-28T01:34:30Z,0
0:41 giving see you again vibes,@faegyu,2025-01-17T05:10:25Z,0
We LOVE the chord progressions yes we do,@pieter-baspeppelenbosch1078,2024-10-20T13:42:46Z,0
giving me heavy 2011 vibes. here for it,@d_ruggs,2024-10-22T15:39:39Z,0
Wowww he’s soooo deep and introspectiveeeeeeee,@spacecoastghost,2024-10-30T18:01:33Z,0
"This definitely has an uneasy vibe to it.  Seems like he’s dropping this album before Halloween cuz it’s going to have some sort of “eyes darting side to side, theres somebody following me” type experience.",@slackstarfish8133,2024-10-21T20:21:41Z,0
Tyler made a mistake not including a feature for this track. I would take ur verse over anything thi,@BrodyG-uv3nq,2024-11-06T02:34:49Z,0
This has that Donald Glover This is America vibe that's every uncreative person's idea of what a creative music video should be like. It's hard to describe; you just know warmed-over Lin Manuel Miranda Obamacore when you see it,@FPOAK,2024-10-20T16:27:45Z,0
"i love this whole seeting and the synth and the vocab, I LOVE EVERYTHING!!😭😭.#CHROMAKOPIA",@zurixt,2025-08-01T21:48:50Z,0
"Saw this the minute it dropped and haven’t missed a beat since, truely saved",@odball7274,2024-10-26T02:04:57Z,0
I dont think my friends are gonna be my friends anymore because im gonna be so annoying about this album you cant imagine,@Yassinouhaddou228,2024-10-19T20:54:32Z,0
This would make a good edit for a character becoming more dull over the years on the beat,@Strangesquaregaurd,2024-11-18T11:53:40Z,0
im already nostalgic,@twitaddictanon,2024-11-16T22:08:34Z,0
1:17 THAT BEAT DROP THOOO,@Mania_0311,2024-10-19T08:26:48Z,0
0:38 is nostalgic,@Nachothebop,2024-11-09T22:38:25Z,0
"3 months later, ive listened to this album probably 30k times already and this still gives me chills at the beat drop",@MaxwellMiller-lk3xl,2025-01-31T15:21:50Z,0
the beat switch,@em-to6no,2024-10-25T16:50:46Z,0
Taylor the creator is one of the worst musician in whol world. 😂😂😂😂😂😂😂😂😂 tf is this shit. And fuck the message that he want to say us. The song should be music and not a message for media.,@Miami0427,2024-11-18T09:09:50Z,0
ts already nostalgic💀,@sun1375,2025-02-04T06:32:25Z,0
the end beat was fire,@dhruvmeena96,2024-10-26T00:41:15Z,0
if this is your first time listening to the song from my heart if you on pc swipe all your keys left to right to the beat of the song don't press them just swipe,@HandsomeSquidward-e3u,2024-10-21T16:42:24Z,0
Its the chords! THEE chords!,@Jada-p1u,2024-10-19T00:49:35Z,0
Hell broke luce vibes,@SH00K-489,2024-10-29T02:38:25Z,0
"1:15 the beat drop and colour shift went hard, also I love it when beats sample sirens.",@mohammadalirashed3103,2024-10-23T08:24:18Z,0
The beat is honestly disgusting. The whole album is full of unorthodox beats. Nice to hear something other than drake 😂,@gala3141,2024-11-08T12:28:08Z,0
TYLER! 🗣️ REVERSE DELAY THE ALBUM TO THIS WEEKEND AND MY LIFE IS YOURS!,@infamousone15,2024-10-18T19:23:29Z,0
1:17 hardest beat drop known to man,@electricbathtub,2024-10-31T00:10:22Z,0
That can you feel the light inside verse made me so excited for this album 🔥,@Lazi8,2024-10-22T06:17:39Z,0
The beat,@paulfernandez3552,2024-12-21T07:10:01Z,0
Marching rhythms. Classic Tyler production technique.,@skep2923,2024-10-21T22:06:01Z,0
What are the lyrics,@delinaandebrhan6786,2024-10-18T22:51:17Z,0
Anyone else getting STRONG negro spiritual vibes with this? I feel like I’m marching in the Underground Railroad. I feel ready for anything and everything. I’ve been running this back for the past 2 hours. CHROMOKOPIA,@samirbushra531,2024-10-18T21:47:18Z,0
"This dick ain't freeeeeeeeeeeee, nice lyrics, I love this song",@RawkHawkV2,2024-12-13T18:19:55Z,0
"This has been on repeattttt I really can't wait. ""Calm down. Sit still."" Intro before absolutely destroying this beat is CRAZY 🎉",@andeeshankle,2024-10-18T21:10:58Z,0
I wish Earl would dig deep like TTC.,@mr.mr.4772,2024-10-24T15:23:37Z,0
The vibe<<<<,@houdafassi3078,2025-01-06T14:43:25Z,0
Bro that blown out bass when the angelic ass vocals come in making me bust,@Julian-uk6mj,2024-10-18T19:05:10Z,0
"That gives me the old Tyler vibes, kinda",@Super-my9ob,2024-10-19T13:16:57Z,0
Is it just me or when the beat drops Tyler should’ve put the hard breathing like what he does for new magic wand intro at concerts,@Woowisaac,2024-10-18T17:03:58Z,0
I’ve never heard a song that matched my vibe so much in my whole life 10/10 fr fr,@SavannahKnight-yf6ro,2024-10-31T01:05:40Z,0
The beat is fire🎉,@hzbahajksjd,2024-11-21T13:11:35Z,0
"he always got the hairstyles 🤣 i love the outlaw mid western but like ""THEM"" like 50s vibe",@JustSleptOn,2024-10-21T15:25:56Z,0
"Thougjt it just would releast 2025  but nah this an awesome year now. It gives me Igor vibes as it's rhe experimental album after the less experimental one, the font and the synths give me some of that energy but the vibe is different especially with the font, I don't think it's gonna be about heartbreak.",@thetruekingofwaffles,2024-10-18T14:42:22Z,0
Is that frank ocean with background vocals?,@AWafer,2024-10-18T14:29:05Z,0
1:08 omg the harmony,@Karissa1234,2025-01-12T09:37:10Z,0
"When he said “chromakopia”, I felt it deep inside of me.",@Vaeriin,2024-10-18T12:17:26Z,0
Giving wolf trilogy vibes,@orca_MOWWOM98932,2024-10-18T11:15:56Z,0
eacy uncanny valley ATLANTA vibes,@thatJAWNraps,2024-10-18T10:38:03Z,0
"I am really surprised that no one is talking about the art direction and the look harkening back to the 1927 film Metropolis and the look of the images. Also, it brings to mind elements of Blade Runner and the underlining sounds at the base of the music...Also, gives off a ver 1984 Orwell vibe too. Very Neo dystopian feel like someone looking inside questioning others looking for something more...Just thinking out loud...I am most likely wrong)))",@TeddBurns,2024-10-21T18:42:02Z,0
Bro that melody had me flying 🔥,@JordanAnimations-s8z,2024-10-20T02:47:48Z,0
something about the way this is mixed is way better than on the album. The full version of the song with this mixing would be so peak.,@joesteazzy,2024-12-31T08:47:29Z,0
singing gives dark fantasy vibes,@divelostmind,2024-11-15T11:31:03Z,0
THE BEAT THO,@drckulak,2024-10-19T19:16:26Z,0
Ok I know that perhaps the intent of “I never had a doubt inside me and if I ever told you that I’m f*cking lying” is meant ((maybe)) to be like arrogant. But personally I see it as kind of lying to ones self like deep down you probably know you will be safe and happy but its the cards your dealt that make you doubt your ability but you are capable,@incognitospaghet1452,2025-03-17T16:38:27Z,0
🤔🤔🤔🤔🤔🤔🤔🤔🤔🤔🤯🤯🤯🤯😤😤🤯😠😠😠😠😠😠😠😳😱😱😱😱😱😱😱😥😥😥😱😱😱😱😱😱😓🤭🤭🤭🤭😝😝😝😝😝😝😝😝😝😝😝😝😝😝😝😝😝😝😝😝😝😝😝😝😝😝😝😝😝😝😝😝😝🤨🤨🤨🤨🤨🤨🤨🤨😛😛😛😛😛😛😗😗😌😌😌😌😌😌😌😌😌😌😌😌😌😌😌😌😇😇😏😏😏🥸🥸🥸🥸🥸🧐🥳🤓🤓🤓🤓🤓🤓🤓🤓🤓🤓🤓🤓🤓🤓🤓🤓🤓🤓🤓🤓🤓🤓🤓🤓🤓😜😜😜😜😜that’s the lyrics 😂,@Deathblow-j4d,2024-12-31T07:50:10Z,0
BRO HIS BEATS RE SO TUFF🔥🔥🔥🔥🔥🗣️🗣️🗣️🗣️🗣️🗣️,@FR0mWHoeditz,2024-11-14T15:30:05Z,0
"Sounds like ""Counting Bodies Like Sheep to the Rhythm of the War Drums""",@МаксимКраєвой,2024-10-21T11:39:17Z,0
0:50 w beat,@juanramirorojas,2024-10-21T02:42:21Z,0
"Ok I have thing to say is at the end when the beat kicks in that it’s hardbody.. BUT IT SOUND LIKE PRODUCTION FROM EL-P FROM RUN THE JEWELS 💎. I WONDER IF EL-P  PRODUCTION HAD ANY INFLUENCE ON THIS BEAT.   I SAY WITH ALL POSITIVE FOR TYLER ,  THAT DOPE CAUSE EL-P IS SUPER DOPE PRODUCER.",@oc_look_it_up,2024-10-20T18:24:58Z,0
Kinda Tom Waits vibes.,@giuseppemartella872,2024-10-24T10:53:32Z,0
What song is you all talking about. the dude whispered irrelevant rap lyrics into his mic for 1 minute straight and blew everyone up 🗿,@QueefusWinkldink,2024-11-30T21:39:00Z,0
Get to stepping to this beat like a monster drinking the green monster to have mean energy so i see the green eyes be glowing like that neaon light at the pub another shot down who fucked up i is so chill for real show be fine if i am the main thing like a four cours meal from a five star shit all of them shot u know get to poping smoke,@TrCo-n9l,2024-10-30T08:19:28Z,0
"Look at this composition, dude!",@WhyWhiteGreen,2025-06-29T01:06:01Z,0
was that Tommy Richman doing some of the backing vocals?!?? 1:07,@aerodriven,2024-10-19T18:32:56Z,0
"Idk why but the lady sing back vocals reminds me of the ending of “The Witch” , where the witches are gathered around the fire in the woods sing and dancing",@JoseSanchez-dv6fg,2025-01-03T20:10:40Z,0
the vibe be bussin fr fr,@RoyalPomegranate,2024-11-26T09:06:06Z,0
"the creator went hard producing this beat, tyler went crazy on it",@pointlessmultiverse,2024-10-21T11:46:43Z,0
0:40 Frank Ocean Vocals!,@Himbruno,2024-10-24T07:03:32Z,0
The beat drop at 1:17 is 🔥,@EverythingAwesome777,2024-10-23T11:04:30Z,0
"This is literally some of the worst ""music"" I have ever heard.  God help us.",@barry.anderberg,2024-12-07T00:02:01Z,0
"His lyrics possess an unmatched depth, blending wit, humor, and raw honesty effortlessly.",@SquirtWithAsa,2024-10-27T06:04:01Z,0
When that chorus hits I levitate,@okagaclever,2024-10-19T00:32:03Z,0
That beat drop is sickening 🤢,@maknificentthegreat,2024-10-19T04:10:28Z,0
76 Drumz must put a verse innit 🇿🇲🇺🇸,@NathanMsimuko-i1x,2024-11-04T16:32:28Z,0
0:50 w beat,@juanramirorojas,2024-10-21T02:42:39Z,0
Why is this giving me Cherrybomb vibes?,@medsallu4656,2024-10-20T10:47:20Z,0
its giving frank ocean vibes,@Queenorina,2024-10-26T12:07:23Z,0
i’m supposed to like vocaloid why am i loving this-,@thegreenchilli-101,2024-11-03T23:37:42Z,0
I love the melody is still Tyler coded I LOVE IT,@nm7965,2024-10-27T21:49:55Z,0
0:13 is a timestamp because I’m composing an arrangement of this and need to know when the melody starts,@TubaSpieler1,2024-11-01T17:11:34Z,0
Haha beat drop go boom,@crispy_bacon22,2024-11-08T06:16:02Z,0
I really hope there’s more to this song I love the vibe,@spickhead879,2024-10-23T18:04:14Z,0
THE BACKGROUND VOCALS ON THIS SOMG AHGHHH 😻😻,@rileyrice09,2024-10-22T01:01:27Z,0
"i feel the people walking into the crates represent featured artists on the album, only reason i think this is certain silhouettes look like other artists like Frank Ocean who has vocals on this particular track, there is another person who's side profile looks like 21 savage and some others..... maybe I'm reaching here but.. feel its a possibility",@Mattyy0161,2024-10-23T18:00:16Z,0
FIREEEEEE (With the harmonys amazing),@faithserieux1786,2024-11-17T02:14:42Z,0
Not gonna lie this music video Give off the same vibes as the Gorillaz music videos from plastic beach LOL Especially the rhinestone eyes Music video,@Zaya_Waves,2024-11-07T02:32:28Z,0
"worst song ever, too overhyped just for this",@themysteriousturtledude93,2024-10-21T20:31:17Z,0
shares the same vibes like babushka boii,@Creamery-k8n,2024-10-30T13:54:52Z,0
african ass beat,@bigman-e8u,2024-10-24T08:50:39Z,0
That build-up to the beat drop😢😢😢,@trevorbristow1649,2025-01-26T14:16:45Z,0
I LOVE YOUR WHOLE VIBE AND THIS SONG IS THE BEST ALBUM OPENING SONG I LISTENED TO.,@Nia-v7t,2024-11-22T04:03:20Z,0
I WAS SPAZZING WHEN I FIRST HEARD THE BEAT DROP LOL,@vxnus_the_creator,2025-02-04T22:14:29Z,0
I am happy that Tyler change bc his dark side was the worst If you don’t know he made a song Sarah and Tyler ask to go to prom with him and she said no and so he kidnap him and kill her and r word her and eat her and then he k i ll himself now I am happy that he change a lot,@juantapia1586,2024-11-16T19:39:23Z,0
What is that first song? I'm ready to hear it. I love old school songs with a soothing melody with some bass that doesn't override the voices being played.,@diamond_cutter,2024-10-22T21:24:20Z,0
beat drop is too crazy for me,@SwordSwordSwordX5,2024-10-19T02:48:28Z,0
This beat is FIRE,@timaustin9829,2024-11-17T00:08:10Z,0
"Hey Tyler, this is one of my first times commenting, you have saved me from going into a deep depression for life. Thank you for everything.",@Deepfryingcheese,2024-10-23T00:22:46Z,0
idk why but this video gives me weird vibes especially the beats and some lines of the lyrics are kind of weird.,@mehjabinzaman2072,2024-10-20T15:11:45Z,0
0:52 that I’m gon make it out is powerful🔥,@Josiah_Playz-tb9bc,2024-11-09T01:33:27Z,0
Chromakopia *finish the lyrics,@josearriaga7025,2024-11-12T23:41:36Z,0
This is amazing good lyrics good artist good theme everything is perfect👌,@harrisonhodgson2949,2024-11-12T20:23:50Z,0
DJ Ramón Succeso pitchfork 7.7,@maximomartinez206,2024-11-11T07:57:02Z,0
This chord progression is absolutely everything,@SkewedUpMix,2024-10-30T04:51:11Z,0
The One Flew Over the Cuckoo's Nest sound in the beattt ? Nah this tufff,@User00xman78,2024-10-20T20:18:50Z,0
Ahhhhhhh the beat hits so good,@triple98756,2024-11-07T06:29:26Z,0
"""give a f about traditions, stop impressing' the dead"" is my favorite verse",@petafiles321,2024-11-21T15:37:31Z,0
"If you play this at exactly 11:58.06, the beat will drop on new years",@MackenzieRelyea,2024-12-31T22:39:56Z,0
Am I the only one wondering if that is Franks vocal in this?!,@kaiwilkinson5517,2024-10-23T18:33:29Z,0
"i can already see the vocalists at the grammys singing ""can you feel the fiiireee""",@witawwy_le0,2024-10-25T00:14:49Z,0
Janet Jackson rhythm nation,@TheMrmojo23,2024-11-12T04:29:35Z,0
this is actually ass 😭dude can't make actually different music at all. All his shit sounds the same he uses the same sounds and the same chords every time.,@casualintrovert207,2024-10-23T01:42:12Z,0
the beat mkaes me wanna walk 10miles like soldier,@lukaspanjic2465,2024-10-30T23:42:02Z,0
"New beat feeling, i'm new here, new to hear this song, but 1 meaning i understand is ""i can feel the light"" Meaning from you, i just slip in here when i try to found some the heat song to make me ""out of this stress mind""",@sahwandis2007,2024-10-24T15:33:15Z,0
Walking to the beat is a workout bruh,@liamhorsfield5444,2024-10-23T14:38:42Z,0
Peak mixing+peak tremixing,@notRowan61,2024-10-22T13:37:58Z,0
I hope for another 20 second synth,@aWildOwl,2024-10-21T20:15:56Z,0
That beat drop hit me like a truck💀,@Ceo.of.grass5757,2024-10-22T20:48:47Z,0
This new character has vibes of Chris Eubank!,@digitaldreams3000,2024-11-01T09:28:15Z,0
1:20 this end is giving cherry bomb vibes,@Cheeseyguy1234,2024-10-19T22:41:15Z,0
Dudes ripping off Tobe Nwigwe vibes.,@schafwax9795,2024-11-14T01:46:06Z,0
was that baby keem at the end or am i just mixing this up,@Crazy-cn1rz,2024-10-19T20:38:30Z,0
This shit is deep🔥🔥🔥,@IITrapzll,2024-10-21T13:40:51Z,0
This gives me weird vibes,@MohammedalshehriAlshehri,2024-10-27T13:31:49Z,0
this is kendricks melodies meeting schoolboyq's verses aka fireee,@jamesthompson8745,2024-10-20T04:16:45Z,0
clipping.  type vibes,@MirvDingle,2024-10-21T06:21:16Z,0
I know yall hear them Frank Ocean and Daniel Cesar vocals 😮,@donaldreid4193,2024-10-19T15:15:54Z,0
Worst artist ever,@julienverardo6432,2024-12-05T02:35:31Z,0
That beat drop 🤌🏿I'm a gen x'er,@bigorod,2024-10-22T15:50:57Z,0
holy fuck the beat switch,@sabiewabie,2024-10-20T02:58:45Z,0
I don't want the beat drop because the shit is to majestic 🔥,@sangaticharan4949,2024-10-24T14:20:19Z,0
this either gonna be his best album by far or his worst,@almightykappa,2024-10-19T17:53:41Z,0
"Did no body get the historical reference in the video? Damn, Tyler is deep.",@Michaela.Salcido,2024-10-24T04:42:31Z,0
0:45 My brain telling my emotions to leave before a test (I only have anxiety and sadness now) 😌😍😍😍😍😍😍😍,@Lalalala-b2r,2025-01-18T08:52:46Z,0
The vocals in 1:05 to 1:16 are amazing,@narwhal-n3l,2024-11-08T00:24:33Z,0
Those synths tho 0:39-1:03,@rosyrose2112,2024-10-30T20:02:21Z,0
Everyone watched the deep dive into Igor by tennisthom,@J00L1IAA,2024-12-02T03:31:22Z,0
Give me Kanye Jesus walk vibes,@czar82ro,2024-10-21T23:29:06Z,0
Is it me or if you listen to this song to much his tone of voice changes,@Goodrixzet,2024-12-09T04:43:01Z,0
Lyrics?,@AthenaHermeson,2025-02-04T08:04:03Z,0
On God this is my ringtone and alarm sound,@Xxb0e1ngxX,2024-11-15T12:03:46Z,0
WHYD HE COOK AND SERVE WITH THE DANCE MOVES AND THE LYRICS....FIRE.,@fangfulbite,2024-10-29T06:02:24Z,0
Ive never heard anything like it the beat is amazing. Thank you tyler 😍,@Dessidiana,2024-10-21T15:03:53Z,0
The hardest reacher is psuedo abstract hiphop...made for lil white kids that can't quite bop to gangster rap or have much rhythm. Lol to each their own.,@jonunelipses2866,2025-04-17T03:30:55Z,0
"Ngl first time i heard that beat drop my knees buckled a literal.  Like god damn, warn a guy would ya",@yungwarcrimes,2024-11-07T06:00:49Z,0
Rap is awful and so are you fans for accepting such mediocrity,@ManessahIsrael,2024-11-12T12:14:07Z,0
literally tyler verse this really need a invencible meme version,@braianezequielmaurel,2025-04-26T02:05:03Z,0
i wish the song was longer so i could vibe to it longer,@littlekids867,2024-11-24T07:14:11Z,0
New vocal stim just dropped at the end of the video,@Wolfie15,2024-11-04T01:19:58Z,0
I’m usually a huge hater but there’s nothing I can hate about this cover 🥵 them vocals are absolutely beautiful. I hope you keep doing this :),@zahandozaworldo3483,2024-10-21T04:19:38Z,0
That synth wave is so Igor omg,@heavvy_rainn,2024-10-19T08:52:29Z,0
Anyone else getting goblin vibes?,@iamarnold3577,2024-10-20T04:23:02Z,0
That beat switch is so cool,@siraveryknowsitall4581,2025-03-19T14:48:47Z,0
yknow it's good when the vocals make you get goosebumps,@LostInTheWoods_,2024-10-21T13:14:23Z,0
It gave off a huge gladiator vibe,@laaaaaari,2024-10-26T01:39:33Z,0
Wtf is wrong with black artists these days. Can you return to making music? And stop doing whatever that shit is? Hip hop is the worst genre to listen to since 2015. Thx for braking rap.,@rickmortyson4861,2024-10-21T13:51:50Z,0
Omar’s vocals are insane,@iSoo0Hidda,2024-10-18T23:08:53Z,0
"Chords make IGOR vibes, I love them",@wommbo,2024-10-18T22:53:31Z,0
that beat drop!!!!!!,@catherinehuitt9965,2024-12-30T11:55:48Z,0
1:05 those vocals goddamn,@boiyeah2551,2024-10-19T06:45:06Z,0
looks like some black nazi shit ngl aint nobody else getting weird vibes from this????,@orla5711,2024-10-21T23:14:00Z,0
Reminds me of Cherry Bomb with the vocal melodies before the drop 🍒,@InhellExhell,2024-10-19T10:23:03Z,0
Thinking this video is about black artists being used up and put in a box just to be disposed of. Thinking the guy with devil horns for hair and a mask is Tyler's role in that. Ain't sure about any context but it's got my attention. Interesting lyrics,@longDAME,2024-10-18T18:34:19Z,0
I feel like I can hear Frank’s vocals on this,@guinessdrinker_azc29,2024-10-18T16:13:47Z,0
Kai song 36m in 2 weeks no one beating,@just_a_egg186,2024-11-09T02:30:23Z,0
This song is awful,@heathhenderson7765,2024-10-22T01:41:27Z,0
"Está decidido, tyler the creator é o artista mais ORIGINAL de todos os tempos, ansioso demais por esse álbum  😦",@bug24k,2024-10-18T13:30:55Z,0
Hoping this album has the same-ish vibe as CMIYGL.,@Duckywashere12,2024-10-18T13:07:22Z,0
That beat drop made me scream without the s,@Zeffotski,2024-10-18T12:55:21Z,0
Straight! 🔥🔥 beat is going crazy😮‍💨,@NaeVibeGoddess7,2024-11-08T15:05:47Z,0
there’s Frank Ocean right there on the backing vocals 100%,@spoymusic,2024-10-21T00:50:26Z,0
this is truly beautiful the melody IM EXCITED FOR THE ALBUM,@dessaisawesome,2024-10-18T10:18:35Z,0
