comment,user_name,date,likes
Her smooth vocals and heartfelt lyrics hit every time ❤,@soldeljazz,2024-11-25T01:49:16Z,816
Gives me that 90s Vibe 💯 THANK YOU SZA,@feboneguttagutta8210,2023-11-27T09:04:39Z,572
"I love SZA she is just a vibe period. Her voice is amazing!! I love her music, it is so giving.",@Akira14ification,2023-11-27T19:40:17Z,218
I literally listen to this song about 100x a day the lyrics her voice the beat it’s just the whole package I’m addicted to this song,@engelh8123,2023-10-19T04:46:53Z,217
"Her voice is absolutely gorgeous. Amazing control and delivery, not to mention the flow and rhythm 🧐🤩",@n4t3b85,2023-09-28T21:08:52Z,206
her songs are so catchy plus the lyrics are always fire 🔥 love sza,@starbucksmochafrap,2023-06-10T05:17:24Z,107
I love this song. I love the melody. SZA has a great voice.,@teresaavalos4804,2023-07-21T18:17:44Z,82
"This song is pure magic; it's like a warm hug and a confession of love all in one. SZA, you have a gift for capturing raw emotions. Definitely putting this on repeat!",@teófilo-p4c,2025-04-05T19:08:36Z,78
"1:48 I've been listening to this song every day lately, her voice is so amazing I can't get enough of it. ❤️Sometimes her high notes sound like an old Justin, am I the only one who thinks that?",@Soundhub098,2024-12-04T21:44:37Z,78
Driving thru Midtown Atlanta as it’s raining with the woman of my dreams listening to this. Good vibes!!,@a1smook558,2024-01-27T20:12:48Z,78
im a grown ass man but this song man… i just wanna blast it driving windows down screaming the lyrics. her voice is angelic,@darrenhdz,2023-08-01T19:25:23Z,76
"The slowed tempo, the dreamy riffs at the beginning & end, she turned emotions into melody, Snooze hits you right in the feels.",@theofficialgreenkane,2025-07-17T18:13:40Z,43
Every one of Sza's songs have the deepest lyrics. Even with few words.,@TheDisqualifiedPreacher,2023-12-11T18:57:13Z,37
This song show me how strong her vocals really are everything about this song is amazing,@aviswhite2949,2023-08-22T02:47:40Z,37
How she moves her notes is hypnotic ❤️‍🔥,@OfficialVillaNoize,2023-11-17T09:45:53Z,34
Hit those notes beautifully 🔥🔥🔥,@titandagod,2023-07-29T14:33:16Z,30
Those outro vocals hit so hard. Like she’s succumbed to her feelings and is being washed away by them,@jeremiahjohnson9751,2023-08-24T02:01:01Z,27
"I’m 48 years old and all I’ve got to say is that the music SZA sings is what this world needs! Her vocals and smooth R&B sound is absolutely top notch. Please, let’s keep this amazing genre alive through eternity!",@DonJHughes,2025-02-12T04:50:47Z,26
SZA is so powerful 💪🏾💯👑🌞 a power that definitely came from the most Hight🌌,@brandonblackman3617,2023-07-13T06:08:49Z,24
THAT BEAT...FIRE✌️,@damianpierre3249,2023-06-24T21:10:59Z,21
I can’t get over the vocals in the background at 2:28 😶‍🌫️👌🎧,@nvrWez,2023-08-05T04:41:43Z,18
"WOW after reading several comments, I must say this song brings big emotions. But it's the part about """"LOOKING GOOD UP UNDER HIM, AND HIM BEING TOO IMPORTANT"" for me. Like this is how I feel about my husband. This is definitely getting added to our Chill playlist.",@GAILTHEGODMOTHERGEE,2023-08-08T17:50:41Z,18
"🎶 Wow, this beat got my heart dancing in perfect sync! 🔥 The melodies are like a musical rollercoaster taking me on an exhilarating ride. 🎢 Can't wait to jam to this and create some magic! 🎵💫",@ToniLillian-cp8zl,2023-10-30T23:14:17Z,18
"Such a vibe "" beautiful voice & song ❤❤🖤🖤",@dr.drep20-asburypark,2023-12-03T02:13:25Z,14
I'm a old school head...bring real vocals back. Great job SZA!,@RubenLantigua,2023-12-02T20:38:31Z,14
This Sza got the magic lyrics and that voice She keeps the hits coming .. I like her because to go for a ride and listen to this..  is the Bomb!,@tessielopez300,2023-05-17T17:33:31Z,14
"Omg I have this song 🎵 on repeat, just listen to all the hip hop lyrical runs and metaphors in her verses , this is ridiculous lol , her cadence is so complex and runs off the beat and on again so smooth, Sza is definitely in a lane between herself trying to sing along is getting better after 100 plays lol",@lamont28sg,2023-11-05T12:55:02Z,13
I love this song so much. It's just a vibe. ❤❤,@1stborn968,2023-06-30T12:12:15Z,13
2:30 SZA prob hurt her vocals from doing that,@riqhtuleft,2023-10-03T22:04:09Z,12
I’m starting to listen to this song at a young age to help me with high notes for my voice this is only the start ❤🥲 …. SZA never stop grinding on your music keep it up and stay loving,@BeatsProdKinato,2023-09-29T02:53:43Z,12
This song is so amazing the vocals and pure talent its just so awesome!,@Shadow14700,2023-08-09T15:28:15Z,12
Definitely a vibe 😩💕,@tykeemajones6671,2023-06-19T18:01:02Z,11
I NEED TO HERE MORE OF THESE VOCALS,@Silvadolla,2023-07-18T06:10:28Z,10
This song takes u deep down under and u really be thinking too deeply into it and having regrets and missing a certain person that's in the past,@Angellove-up2rk,2023-06-07T06:22:15Z,10
I literally love this song I have it as my ringtone it's so good like really I love this song so much I literally play all day And every day,@KimiyaLyons-ut3po,2023-08-12T20:34:39Z,10
2025....I'm here and Jasmine is still one of the most underrated vocalist❤️❤️❤️❤️,@ThaddeusWebb,2025-05-09T13:35:05Z,9
"The person that record this hit, please i feel this so deep. All I can feel is love when I listen to this master piece. Thank you for this ❤❤",@AnikaBryan-z2q,2024-12-16T01:36:05Z,9
I love the chorus and beat and it put together really well. And her voice,@Hb.youtube,2024-03-08T02:51:57Z,8
"She’s a Scorpio, notice she’s in the middle of nowhere over water. The emotions run deep, as Sagittarius who was in a relationship with a Scorpio, i understand and feel the same",@latishacherry6474,2023-07-18T17:50:39Z,8
I listen to this and zone out 😵‍💫this a vibe 4 sure,@RD3_fit,2023-05-18T11:40:27Z,7
0:03 is my favorite part of the song ❤ (the vocal),@Bailey-f4m,2024-07-10T04:52:42Z,7
she flows in this beat,@salusemahlangu6984,2025-06-20T14:04:09Z,7
"This song is so smooth, gives me old school vibes 😌",@ultimate-gamer0473,2023-10-27T20:47:26Z,7
2:27 those background vocals😮‍💨🔥,@abdulfooligan1395,2025-03-31T14:14:46Z,6
As a male i can say this song gimme me the good vibes,@ashtondwayne3530,2024-06-04T15:45:51Z,6
I ❤ this song can't lie. It's a different type of a vibe..... SZA keep making this type of 🎵🎵!,@brianab978,2023-06-04T01:28:45Z,6
"This video reached 100 million views on August 21st, 2023! 🥳 Keep up with me for more music milestones like this and more 😁✌️",@MusicJunkiePlus,2023-08-22T18:21:46Z,5
"I heard this tune for the first time a few days ago.This is hot,I’m digging the vibe 👍🏽👍🏽",@carsonjohnson1035,2024-12-21T21:50:54Z,5
This song is such a vibe to listen to when you're taking a long drive ❤❤❤,@kaeso101,2024-01-01T02:24:15Z,5
"Ooh, im hearing a lil background melody from Southside by Lloyd",@diegolopez702DL,2023-05-18T14:46:17Z,4
Definitely putting me back in the feels of Beyonce's me myself and i when it dropped... Just a straight up vibe!!!🙌🏾🙌🏾🙌🏾💚💚💚💚,@shermandean1778,2023-09-21T05:17:16Z,4
"This song will always remind me of my best friend, hubby & father of our son...every lyric....the vibe,chorus...ALL OF IT...❤❤❤",@linalicious415,2025-05-31T02:00:18Z,4
This is the Lloyd Southside beat stripped and slowed down.,@solojones423,2024-02-03T00:05:58Z,4
I have to play this song nonstop on the car everyday the lyrics her voice her everything it’s so perfect and pretty,@YamilkaLicealugo-,2023-12-07T00:27:25Z,4
Wait hold up this is 🔥🔥🔥💯❤️❤️ that beat hitting too 💯,@00kingdavid,2023-10-08T05:59:46Z,4
Yes lovely vocals ❤God bless her,@tammy183able,2023-10-22T16:04:55Z,4
The languid vocals are wonderful and somehow nostalgic. Love it!,@PleasantHongKong,2023-11-05T11:23:54Z,4
"BIGGGGGGGGG TUNE...The voice, lyrics, melody...🎉",@anthonysimpson5007,2023-10-19T04:27:23Z,4
"I can put on a nice Netflix movie in the dark ,turn sum LED lights on and get sum nice snacks and just vibe listening to dis🖤",@elimalik-44,2023-05-17T01:37:25Z,3
Still give me positive vibes,@helderdasilva7255,2023-06-28T18:41:45Z,3
OMG  This beautiful song just moves one's soul in the right direction 😘🥰 The lyrics and that beat just janked ur heartstrings for decades ❤❤Do u agree?? This song makes u float and takes u to another  dimension💯😘🥰❤️🫶💋Still listening how about May 20 2023,@shirleybutler2623,2023-05-20T20:35:58Z,3
A real artist nobody does it like this she’s a whole nother vibe,@terrywilliams6067,2023-12-20T13:36:49Z,3
Mental strength is a powerful thing.,@RafReyes_,2024-10-28T01:53:52Z,3
"LOOK. This song is deeper than what we all recognize. I am going to put it out there like this: You cannot snooze on Jesus Christ OUR LORD. He Keep chasing us. We, all of us, need to be on point and dive deep into The WORD. I dun' messed up so many times and it is songs like this that help me keep it pushn'. Jes' Sayn'. Let's keep it pushn' FamBam of Christ.",@jeswes2001,2024-04-13T19:36:15Z,3
"Never really cared about this song until my man sent me the words to the 1st verse. Love you, Courtney Carter. ❤❤",@MsSHEISHER,2024-05-26T17:42:19Z,3
She might have saved RNB with this one 💪🏽 she the female RKelly this junt got 90s vibes and 2000s energy,@Royalt1981,2024-02-18T01:11:29Z,3
This is  an emotion itself.,@akeemlawrence2873,2023-07-17T22:58:35Z,3
Vibes 💙,@darealaak,2023-11-06T06:26:12Z,3
💎 I JUST MADE A SLOWED & REVERB VERSION OF THIS ON MY CHANNEL! GO CHECK IT OUT :) 💎,@dxxthlymusic,2024-02-04T18:46:55Z,3
She is not just a singer she is my emotion 💗,@dikshadevi4120,2024-05-17T15:30:41Z,3
Repeat everytime I listen to it ❤ this is a vibe for sure,@spudwebb2655,2023-07-01T13:51:38Z,3
Soothing sound chill vibe❤,@ramoneprince3725,2023-10-07T01:23:37Z,3
This gives me Jennifer trinidad  cardona vibes❤,@SaionThomas-t3k,2023-07-22T22:05:42Z,3
This is the beat,@AshleyWalker-gx1sb,2023-12-29T13:21:18Z,3
the beat... and the way she flows...,@bonganimkhwanazi9410,2024-05-15T11:46:52Z,2
Ngl I cried listening to my song think abt my crush and how I would do literally anything for him and how he doesn’t even know and still talks to other girls then I thought what how is this even worth all these tear save them for when I Reject u bc I’m to leng for u but still love u sm deep down no boy or girl who breaks ur heart is worth ur tears babes ❤,@Dino_nuggies-x4u,2023-09-22T19:21:44Z,2
SZA absolutely crushed it with 'Snooze'! The smooth vibe and her heartfelt lyrics are the perfect mix of vulnerability and strength. Can't stop playing it—definitely a mood! 💖✨,@SmoothStrokesMax,2024-10-08T22:10:10Z,2
How can I snooze is the vibe foreal,@Constance-vi7nb,2024-01-10T15:09:31Z,2
OMG Beautiful song is in its own class of its own 4SURE ❗️🥰😘 The lyrics and that beat just flows AMAZING 🎉💛❤️🎊🥵 Definitely speaks to my soul.😘🥰😊💋💯🦋Still listening how about May 20 2023,@shirleybutler2623,2023-05-21T00:46:11Z,2
No comments about the lyrics ? Man she is awesome be young awesome she embraces at a certain angle with her voice is insane combination ❤️ love Sza,@pacmanjones314,2023-09-19T05:25:17Z,2
"Dope ass song 🔥🔥 is it just me or does the base in the beat kind of resemble Beyoncé’s “Me, Myself & I”",@Tevdennis11,2023-09-20T19:12:00Z,2
I was putting this on repeat but then....After I heard the lyrics.... it's a hard no. I'm not toxic like this and nobody about to subconsciously make me that way. Pretty voice or not. F that.,@rachaellgrewell,2023-10-06T15:36:15Z,2
"Millions thumbs up beats of this song instruments..billions thumbs up song..trillions thumbs up on Lyrics of this song Is a Loveable song.. JANUARY 26 ix, 2025",@ProsperityJehovahbabe,2025-01-26T16:55:06Z,2
Nobody I mean NOBODY could beat this song ❤,@sheyenneduane1520,2024-01-03T07:00:28Z,2
i swear this sounds like a bone thugs beat.. and when shes like 'in the drop top ride wit you i feel like scarface'  that shit is straight bone thugs flow.. i hope she does a track with krazy bone or bizzy.. or the whole crew if they aint beefin lol,@steveg9166,2023-07-10T19:56:26Z,2
I love sza music It’s so soulful and therapeutic amazing voice   Allah bless her,@anthonyarnold3890,2023-11-22T02:16:18Z,2
She's  SPEAKING  Realistic  Emotions !!! BUT the Guy's  Lyrics  tells  it  All...... THEY LYING ....While You Crying....🤷🏻‍♂️🤷🏾‍♀️🤷🏻‍♀️🤷🏾‍♂️Fax💯,@FreddyIncognito,2023-07-24T00:30:52Z,2
Her vocals are immaculate,@Lolcryariver,2023-10-23T18:42:43Z,2
sza be sayin some wild ish...but be vibe'n at same time tho,@850dreski,2023-08-10T06:56:53Z,2
I'm learning this song to play on solo guitar. Much more challenging than most stuff that's out. Very sophisticated melody and phrasing. And sexxxxyyy,@tombone63,2023-11-11T21:24:29Z,2
beat so damn angelic it got its own verse😭🔥,@steevydeevy,2025-03-30T14:44:42Z,2
"The FACT THAT I LOVE THIS SONG, THE WORDS THE BEAT ALL OF IT!! SZA FOR THE WIN 🙌🏾",@keyannaalston7113,2023-09-09T13:49:48Z,2
Where's the guy that used to post the lyrics in the comments 🤣,@gailornburnette9869,2023-11-30T05:14:45Z,2
these lyrics are out of pocket lmao,@glennquagmire9737,2023-09-16T15:08:06Z,2
I wish a girl told me shit like this in these lyrics. Maybe a Nigga would feel more appreciated in the relationship…,@Whooptywoop,2023-08-06T23:56:12Z,2
Yes the 90s vibes❤ when music was music now days this is a beautiful song,@TajuanaRideout,2024-01-28T21:58:47Z,2
I love the beat,@alesiaholloway6437,2023-05-24T05:28:27Z,2
0:00 fire beat,@Mormtis_YT,2025-01-18T09:37:41Z,2
"LOVING WHEN SHE SINGS ""WITH Y💜U I CAN'T LOOSE,WHEN IM WITH. Y💜U...SZA RIDES & IS A WHOLE 🔥 💯 VIBE....",@deborahmurphy9434,2023-06-14T00:24:09Z,2
I remember going through the worst heartbreak of my life listening to this song on repeat literally all day looking back on that time I’m glad I made it through that 🙏🏽,@AlishaStephens-f7y,2024-03-31T02:33:51Z,2
Too much autotune on her vocals but the music is true r&b,@Dancerphiliac,2024-01-17T02:45:57Z,1
"For me the chorus reminds me of god. “I can’t lose when I’m with you, how can I snooze and miss the moment , you’re just too important, nobody like you” God Bless 🫶🏾🙏🏾",@shanawest4686,2023-08-30T02:06:50Z,1
Love the vibe and the vocal,@StarBeatAndMusic,2025-03-19T07:34:50Z,1
this song is just a vibe and all and all of the other chill songs ],@its_yo_girl_londyn122,2023-09-16T18:33:33Z,1
Los Angeles California Vibes...,@LuzApodaca-q2v,2024-11-25T22:02:49Z,1
This brings back the dream vibes for me,@rb0460,2023-10-11T04:30:16Z,1
Vibe 2025 🔥,@Randomvidss,2025-07-24T12:08:02Z,1
Anyone else getting emotional… or just me? 😔,@LateNightHarmony-2025,2025-08-05T10:12:39Z,1
"As an insomniac, I feel like the length of the nights are as deep as the ocean she's sitting above 😮😅",@CierriaMahr-fr8kn,2023-11-19T13:51:32Z,1
"My ONE and ONLY FAVORITE BIBLE VERSE JOHN 3:16, Hallelujah, YES JESUS! LOVE MORE GOD and YOU TOO LOVE ❤️ ❤❤❤",@LennGarresha,2023-11-18T04:46:02Z,1
Vibes like peaches 🍑,@thorgaming5346,2024-06-14T03:03:45Z,1
"idk but while i listen this music, it gives me 'kill bill' vibes",@bhobbaa,2023-05-21T14:43:07Z,1
The vibe is just amazing and still listening until 2025 😊,@charitylong517,2025-01-11T00:15:13Z,1
SZA and Doja Cat sound just a like. It's crazy how many sound alike. Is it autotune that makes them sounds so similar?,@mateaukalua4426,2024-02-29T01:17:19Z,1
Me myself and I 💙 type beat,@steveherrerabeatzchannel4519,2023-06-01T04:02:17Z,1
The fact that the lyrics literally talking about hiding his bodies and testifying for him. I thought it was a love song💀 Sza makes music for side chicks 😂,@MsAnabel1000,2023-09-30T23:00:36Z,1
The vocals in the beginning 🔥🔥🔥🔥🔥,@rosequartz7939,2023-06-02T13:40:52Z,1
this song a vibeeeee. makes me feel like i can sing lmaoo,@lablackprincesa6322,2023-06-01T21:04:23Z,1
"A lot of music ill listen to it for the bass, instruments and not so much the singer or lyrics. This would be one of them, the beat is composed very well.",@corykozlowski9660,2025-07-25T11:27:39Z,1
This is a whole vibe!,@macywood4619,2023-07-17T02:43:45Z,1
It's crazy how leons voice is the sample in the beat,@16O2Y,2023-11-17T00:58:11Z,1
She is soooo…..DEEP,@Jazzyvirgo1,2024-03-25T23:06:49Z,1
Listen to the actual lyrics. Definitely not a love song.,@eglzallday,2023-10-17T02:39:33Z,1
I absolutely 💯% love 💗 this song!!! Emotional 🥲.,@annabellelynch9984,2025-01-19T11:28:24Z,1
this the worst song😂😂😂😂,@Shinexr,2024-12-27T16:41:39Z,1
I use TO RAP ALONG WITH WHAT I THOUGHT THE SONG SAID!!! ONE DAY THE RAIDO SAY CHECK HER LYRICS WHEN I SEEN WHAT SHE REALLY WAS SAYING I WAS LIKE WTF LMAO SHE ON HER RIDE OR DIE SHIT 💯💯💯🔥,@VonMercy,2024-08-13T17:15:53Z,1
I feel a vibe when I hear this song on 96.3 today I typed everything in YouTube search 🔎 box I got the title now ima vibe to this everyday,@allenroberts7730,2023-09-19T12:19:20Z,1
Drake - Deep Pockets vibes,@TaureanLLC,2024-01-10T14:14:32Z,1
Here @6am in the back seat of my car at the beach and haven’t slept vibes,@mattursua2546,2024-07-27T13:55:18Z,1
Good vibes ❤,@ugaas,2024-04-11T08:21:33Z,1
Givin me 90s vibes baby❤,@markmurithi3960,2024-02-20T07:06:01Z,1
i was today years old when i realized that this beat is slightly sampled from Tyrese “What Am I Gonna do”!! 🔥,@Toyboxxx0816,2023-08-08T22:38:58Z,1
This song reminds me of the girl of my dreams and my worst breakup at the same time 😅😅,@BusyBeingBias,2025-06-10T23:26:46Z,1
Damn this is  sooooo ..emotional,@renaldopickering4899,2025-01-17T14:16:16Z,1
HARMONY MACAYLA MACKEY❤️❤️❤️❤️❤️❤️❤️❤️❤️❤️,@hilltopmav,2024-03-13T01:03:01Z,1
This is a serial killer song made into a romantic vibe 🤦‍♂️,@lancesewell4527,2023-11-15T03:17:24Z,1
Hi! I'm a Korean listener. I really love your songs and lyrics. Your voice always makes me relaxed. I will always support you in Korea!😅 Please visit Korea whenever you want.... thanks!,@박소은-q1x,2024-11-16T12:52:48Z,1
I love the vocal run at 3:12 🔥,@Iron-nocap,2024-02-26T00:32:35Z,1
Is it me or does this melody  sound a little like Me Myself and I by Beyonce,@sexytize3638,2023-08-18T01:35:55Z,1
"Am i the only one who gets Aaliyah ""let me know"" vibes when you hear this song?",@OffroadLifestyle5thgen,2023-08-24T06:31:26Z,1
I hear some Me myself and I ( Beyonce) and Southside Ashanti and Lloyd 🥴🤔🥰 along the melody,@bethelightthatsomesoneeds,2024-01-17T21:22:48Z,1
Having a bad day put that sza on and vibe away the pain.,@hotboi466,2023-08-10T09:11:29Z,1
Looking to sky and listening to this song 😢 deep thoughts,@thulanisilere1919,2024-07-11T02:21:51Z,1
YALL ARE TO DUM TO KNOW HOW VIBEY THIS SONG IS  SUPPORT YA GIRL SZA,@lashaywalker3020,2023-06-13T01:01:29Z,1
Who is the dude on the track he kills rhis verse too ❤ makes rhe song even better to hear what hee dude thinks 🔥🎵🎶,@faronhenry156,2023-06-28T17:55:24Z,1
"What is that sound that kind of sounds like a chair sliding over a floor at moments like 1:04 , 1:17 , 1:30 ? It doesn't seem to be on beat consistently or anything, kinda annoying.",@Jesusaross,2023-11-03T15:02:07Z,1
In the drop top ride w u i feel like scarface** my fav verse,@HannahHilton-zm3yh,2023-05-27T02:37:53Z,1
Dude on them vocals is crazy,@larrypannell9955,2023-09-14T04:25:59Z,1
Straight heat  🥵  straight rider 🔥  just listen to the lyrics,@ACENextGen,2024-03-09T19:05:23Z,1
so vibe i cant bro,@filipudiljak4174,2024-11-25T20:58:37Z,1
This beat takes you to them good old dayz,@rafaelcervantes3929,2024-09-20T05:22:30Z,1
The song was good but my brother's being annoying,@AlainaAva3436,2024-06-07T00:37:33Z,1
130.9 Million view wow this was the faster Sza music video/audio on YouTube to reach milestone,@Lavinemptines,2023-11-03T04:20:54Z,1
"Anyone else hear the beat of this song and think of Beyonce's ""Me, Myself and I""? Beatiful track this is 🙌🏽",@Stoic-ds4so,2023-08-13T02:22:29Z,0
this a whole vibe,@7.62_splattt,2024-08-14T06:30:25Z,0
Im 41and this has a 90s RnB vibe,@BenEightyOne,2023-07-10T21:35:01Z,0
My new beat better than lil pink cheez-itz 😂 ❤❤,@glendafrancis4556,2025-04-23T11:51:40Z,0
"Well, first of all we’re not big bags is that why your father is dead and second of all is is actually good if you actually listen to her way better you actually should lyrics and I’m pretty sure next her next album is gonna come out. Hey this girl is stupid. This boy is crazy, I’m bout to say your mom said ha ha ha ha ha ha ha ha ha ha ha ha ha ha ha ha ha ha ha ha ha ha ha ha🎉",@WillowRar,2024-11-09T15:53:42Z,0
The first verse is the embodiment of a ride or die,@bassickbeats2296,2023-11-01T10:23:05Z,0
"Her voice is not bad. It looks like she’s trying to look like Whitney Houston. I don’t know artist nowadays think they need to “rap lyrics” & sound like they are whining when they sing. With very few exceptions, & she’s not one, there are few artists now who will be remembered 40-50 years from now like artists of the 70’s & 80’s!",@k17reactions,2023-07-11T03:37:08Z,0
So heavenly a melody 👍,@RPi-fl9ww,2024-02-22T19:24:33Z,0
Deep,@GotaloveM3,2023-11-06T02:34:34Z,0
this song deep make me want to get a girl on my own,@zodiacmartnio7256,2023-09-16T02:12:44Z,0
In Love w this melody…..,@Swanky97,2023-11-03T01:14:50Z,0
That's the vibe?,@RafReyes1993,2024-11-10T03:47:12Z,0
"I have no idea what this song is about,i love the melody,instrumental,when i first heard jt i hummed it for a month",@kevincoates5066,2023-12-18T00:42:05Z,0
"She does a good job promoting violence, negative acts, killing & having low self esteem   by using it as a love song to fire up negative emotions that obsession emotion can  influence a mass of ppl to help them get locked up in the system to fill that jail cell the industry owns so the government will pay them for a filled cell.",@Queenie-A1,2023-12-23T21:56:25Z,0
Song overrated asl.. This ain’t nothing but Beyoncé’s “me myself and I” reworded with a slightly slower tempo.👎🏾,@MiaaDavis,2024-02-06T01:38:35Z,0
So nice and beautiful until you hear the lyrics😂,@Fxcusbeter,2023-09-18T19:27:47Z,0
I love this song soo much that i know all of the lyrics without the sound,@Trending_queennyla,2024-10-14T03:37:38Z,0
Sounds a lot like Beyoncés me my self and I beat,@junioriturbide7861,2024-07-09T04:33:01Z,0
2025 and this is still a vibe,@TheQueenGlam,2025-01-04T18:10:13Z,0
My boy Leon Thomas (Andre from Victorious) gave us a BANGER with this one 🔥🔥🔥 You can definitely hear his vocals in the background,@nickcrim6735,2024-11-11T07:34:42Z,0
Who’s doing the male vocals?,@egeneraltnf,2024-05-04T18:01:49Z,0
This is some nice shit! Makes my Sunday vibe nice.💯,@cresanes0071,2025-06-22T00:35:35Z,0
Vocals go hard tbh,@MrDisappeared,2024-08-11T17:21:32Z,0
Vocals are crazzie,@jordanmoore7689,2024-06-18T23:21:24Z,0
"I hate that SZA makes songs that nobody can sing but HER. Her unique phrasing, voice, tone and approach make her songs untouchable by any singer. Or else, the song will lose that OOMPH, if you know what I mean.",@vincelao2026,2023-09-10T06:04:11Z,0
Didnt ashanti do this beat and I'm sure someone did it before her too,@CoRoy-G,2024-02-01T13:07:37Z,0
so no one gonna post some lyrics? :'<,@Bapafa,2024-03-08T01:54:31Z,0
YOU DESERVE THAT HIGHER SPOT*** #ckeybeats,@KarimCalcagno,2024-05-03T23:13:00Z,0
you had a love that would sent just for you all URS but your mind don't like that and your poor heart just beats but feels nothing the love or the danger I'm scared for what you just threw away the love you threw away can't be bought or measured your always in my mind and heart,@JanetDouglas-ym2kc,2023-08-14T02:16:40Z,0
I just feel her vibe back when i was 12 now im 14,@JETSBIGFAN,2025-02-23T21:53:57Z,0
I love this so much and I'm happy that even Jk played and vibed with it ❤,@Sudikshya_7,2023-10-06T16:07:17Z,0
Why does the background melody reminds me of Lloyd - Southside,@carameloduro,2023-07-31T03:22:18Z,0
Damn even as a nigga I’m screamin these lyrics lol,@t2thek,2023-10-19T07:13:53Z,0
"Babyface, Leon Thomas and Justin Bieber made magic with this song. Minus the toxic first verse 😂😂😂. I love it tho 😅",@MIHI_by_Grace,2025-02-14T10:01:06Z,0
Listen to the lyrics  it's a crazy love song,@michaelingram8815,2023-10-14T00:39:48Z,0
Milk gave me kidney stones. They don't tell you that tho,@oceanlangstaff7426,2023-09-07T20:59:56Z,0
Destiny child’s old me myself and I beat. Dope pick,@bossman7944,2023-06-02T08:10:11Z,0
U cant play anyone emotions,@SandraGONZALEZ-o6v,2024-08-22T04:56:36Z,0
It’s all the vibes in shit. It’s all good,@IraAmberCook,2023-07-01T07:08:21Z,0
I love you La’starr you make feel like nothing else matter !!! You make me feel emotion I have hudden from others …you bring out the life in me,@Kay2WildTv2024,2023-06-24T04:54:21Z,0
Its crazy that babies were conceived to these lyrics,@deesavage5198,2023-12-01T04:04:10Z,0
Trippin on beat.much luv an flow from V CItY $tandddd up!!!! 604,@VB-yc7cn,2023-10-23T03:41:41Z,0
Dam LOVE u make my heart skip a beat how u flowing like a overfilled cup 😩,@jaybloc6485,2023-06-05T21:42:07Z,0
C'mon lyrics!❤❤🔥🔥,@radiantlibra87,2024-02-06T22:06:45Z,0
Here in August 2024 going to 2025 continuing with the rhythm❤❤❤❤,@esthermartin1033,2024-08-03T23:17:50Z,0
best song to vibe to on a night drive best song ever :),@LeonardoTran-oh2kx,2024-08-26T20:36:42Z,0
A vibe 🔥🔥🔥,@staydownpromo,2025-05-03T23:26:29Z,0
You're sucha vibe ❤,@TheMcklyde411,2023-05-23T01:30:25Z,0
What’s the original song to this beat ?,@Caligrown_93,2023-05-16T22:33:00Z,0
This is my alarm ringtone 😴😌,@alexiscampbell601,2023-05-15T19:58:48Z,0
This whole song is a vibe but the guy at the end gets me !!!! ❤,@rachel8355,2023-10-15T13:24:31Z,0
Vibes but,@nikitabonita93,2023-07-12T06:05:25Z,0
@ 2:02 I know is her singing but the lyrics hit what we men go through,@Morethanlife-tw3bh,2024-09-09T21:06:20Z,0
Sza is so down for these lyrics. Just really listened to this track today for the first time.,@JoshuaGroves-n5k,2025-04-25T22:21:56Z,0
I Love This Song But It Hurts Me So Deeply Everytime I Hear This Song It Reminds Me Of My Babymother That Recently Passed Away On God That Was My Other Half This Life Shit Ain't Fair,@mazeratirick89,2023-11-19T05:25:52Z,0
This is not a good song... this can cause some trouble and unnecessary violence... some people take things like this seriously when it's not that deep,@thornless9073,2023-06-29T23:12:46Z,0
"The beat has Me, Myself, and I vibes from Beyonce’ first album, just slower and different pitch.",@dyikems1665,2023-12-03T13:19:35Z,0
"Infelizmente permitir que meu coração se quebrasse mais uma vez,cada pedacinho que se espalhou só com o tempo vou poder juntalos por inteiro..",@Silvabsjsjksmeek,2024-06-12T16:00:04Z,0
awesome song wit a sexy vibe,@wesleyshelton1986,2023-08-17T14:22:40Z,0
Wow girl what a beat❤,@AmeerahRosenberg,2025-03-13T16:24:51Z,0
She different her music crazy that 1st verse the best  verse I heard All year ❤,@aaronpatton2612,2023-12-30T03:10:14Z,0
Snooze by SZA is in the key of Ab Major. It should be played at a tempo of 23 BPM. This track was released on 2024-01-01.,@GabbyLalonde-p1x,2025-01-03T20:21:56Z,0
Stone Meadows,@MaryDavis-m4m,2024-10-08T15:24:42Z,0
951 Beatty Squares,@ZofiaDusik,2024-09-23T16:39:33Z,0
Your voice is so beautiful and soulful ❤️,@peterwatson1072,2024-07-08T21:27:24Z,0
Cheryl Lynn wasn't available for a g̶r̶a̶t̶u̶i̶t̶o̶u̶s̶ nostalgic cameo?  Woulda been nice.,@gabrielmillines6908,2025-06-17T00:15:41Z,0
The song sounds beautiful the lyrics are absolutely a testimony of bondage... So very sad. Deliver your lost Lord... In Jesus name I pray amen.,@JoshuaHarper-of3oy,2024-08-11T20:27:06Z,0
When i play this song she just puts the window down n the smell of her hair is all thru the car than she just massages my back.....Love what would i do without you my rib my only true experience that I truly explore to deep down,@ShoNuffSlowPoke,2023-06-23T06:20:33Z,0
"When she said “in the drop top ride with you, I feel like Scarface” I knew she didn’t write the lyrics 💀",@_TwoDot,2025-04-15T17:47:22Z,0
THE A VIBE IS VERY GOOD,@guibsonfelipe4375,2024-11-09T12:34:02Z,0
"n every relationship there is a song that will always tie one to the other. This song I hold precious to my heart. The melody, rhythm, warmth, it belongs to us. It’s unimaginable how many things we’ve gone through. Evidently, it’s never enough to shift our hearts. The desire I have to hold him when I hear this song. The pictures curated in my imagination listening to the soft sounds. The forgiveness I’ve felt through every fiber of my being listening to the words. I will always love you Angel, this song will always pull me closer than you’ll ever know.",@fishskickgod4334,2023-08-04T23:07:47Z,0
This song has that 90's carefree rnb vibe to it.,@jonnydangerous2497,2024-12-12T23:33:43Z,0
"I probably had the worst year ever in terms of dating. Broke up twice, but I could never get over my 2nd ex. I literally got into SZA because of her. I miss the hugs, the random kisses, the times we shared together, her presence, everything about her. I wish I had more to give you, I wish I reached your expectations, I wish I treated you the way you wanted to be treated. Well I guess shit happens huh?",@jtof9371,2024-10-08T16:27:09Z,0
"JaKera LaShay Williams I love you oh so deeply I see your growth and maturity even hear it bleed through the music and hope you see my growth as well. I love you and always going to 🤞🏼💯💍🌸✍🏼🎭I appreciate everything you do and all your effort 💕🤞🏼💯💍-- Love Williams Sr Dean and Founder of Love Williams Learning University Inc wrote, thought of, and approves this message 🌸🌸💕💍😩🎭💞",@LoveWilliamsLearningUniversity,2024-02-29T10:12:16Z,0
Unpopular opinion/take... i don't know why but I get Beyoncé and Jay Z vibes. Like relationship wise I mean. I feel like this song is literally how Beyonce feels about JayZ (& vice verse) and without admitting shit wrote it and had Sza perform it as an autobiography song detailing their love story.... never mind I need to go to bed,@KaethaGoddess,2024-07-17T05:54:45Z,0
This song has Mariah Carey We Belong Together vibe,@12k-y4q,2023-11-01T04:35:31Z,0
shes a vibe i like the vibe of the song,@victoriamugenyi4968,2024-11-24T00:50:25Z,0
If you just sit there an vibe out the music it's a great feeling! Simple & plain,@JamesOdaniell,2025-03-19T07:27:41Z,0
Love this girls vibe man,@Queensavagexx,2024-03-03T19:26:38Z,0
This an beatiful wow,@MatheavinesseMesahon,2024-11-23T06:16:55Z,0
Sweet vibes ✨🇩🇿,@ANN8.,2023-07-26T12:26:41Z,0
she’s irreplaceable and can’t be replicated feels like some artists who are more generic are getting participation trophies over and over because of some hidden agenda this is music gold 🎶,@badjujusworld,2024-03-27T11:53:03Z,0
Bro I think the first 10 seconds of this song needs to be sampled and made a rap song here harmony is crazy man,@drw4953,2024-06-11T23:43:25Z,0
Yall listen to the lyrics? Lmao,@OMGitsTerasu,2023-10-26T19:01:37Z,0
"The lyrics to part of this song is so beautiful and the melody is beautiful and it could bring beautiful memories to a beautiful love story, but you have some lyrics that could really cheapen the special love affair, ❤️",@lindairving4427,2025-06-07T20:54:40Z,0
"To aqui de novo. Ja faz um tempo que vc me bloqueou. Eu queria tanto que tivesse sido vc pretinho 😢. Eu estava disposta a tudo para ser sua cúmplice. Essa sempre vai ser a música que me lembra a vc. Eu me apaixonei por vc, vc me fez acreditar que tudo seria possível. Nunca senti algo tao intenso quanto senti por vc, vc donimou a minha mente e se foi da maneira mais cruel que alguem poderia sair da vida alguem sabendo dos sentimentos dela. Se um dia ver essa mensagem, não me liga por eu tenho certeza de ainda vai estar doendo e eu não posso ver vc partindo novamente. Eu te amo❤ vc sempre vai ser aquilo que eu queria viver 😢😢",@thaisteixeira6492,2024-08-31T06:27:52Z,0
"This song sounds wonderful!  But it reminds me of the song by The Isley Brothers, ""Choosey Lover"".  Sza's song is another pitch and sped up, but riffs sound similar. Still sounds good.",@chriscarlton665,2025-08-07T15:03:06Z,0
Cara essa musica e a vibe perfeita pra um dia de chuvaa ❤,@gabrieledeoliveiraalves4988,2025-01-30T19:23:25Z,0
🎉VIBEZZZZZZZZZZZZZ🎉,@LaShaundag,2024-06-09T13:18:43Z,0
"I love this song but in the chorus snooze sounds like lose so the chorus open ""i can't lose when im with you which i prefer",@jessISaRicePrincess,2023-10-18T01:44:52Z,0
Ok but what does she actually sound like without autotune?,@usmcpound,2025-02-13T01:09:40Z,0
"everytime her phone vibrates in the song i check my phone its so annoying, it happens so much to it really kills the song for me fr",@berry887,2025-01-04T01:26:55Z,0
First female song i vibe too this shit slappin 😂😂😂,@totochavez396,2024-07-23T08:46:48Z,0
Slow smooth beat that has the words 4 lovers who are with each other cruising N2 the sunset or just cuddled up on the couch or by the water,@darrylmangum6631,2024-04-02T13:22:23Z,0
Listen to the first verse closely,@buildingwithbowman7007,2023-09-30T06:50:45Z,0
this gives me Mickey and Mallory NBK vibes!!!,@hiphopwhooray5550,2024-02-27T03:01:33Z,0
This song is toxic AF but if you don’t pay attention to lyrics it’s a vibe,@lunagodessa574,2023-08-13T19:21:35Z,0
"This was the deepest hardest song I had ever heard and I can t believe they messed it up with that video. Justin Bieber man 😂😂😂come on now SZA, I thought this was gonna be a Bonnie and Clyde video with somebody like lil Durk, this was so disappointing to the hood bcuz you was that one. That video was so disappointing, this was a LOYAL ride or die song, now everytime I listen to it I gotta blot the video out of my head. That shows you just how out of touch these record labels and Hollywood is with the people. That was the weakest video ever",@afrikahgodsson7184,2024-01-10T15:16:58Z,0
Who’s vocals is that in the background?,@dreambrown7010,2023-10-23T17:42:00Z,0
Nostalgic ✨,@user-wx5lq4iq5y,2023-08-05T05:44:56Z,0
This beat is Lloyd's Tru. It was racking my brain for months. I know I heard this beat before. Beautiful song too.,@DaveStinger,2023-08-18T14:39:40Z,0
❤ good good vibe song,@EvelynClemons-x4h,2023-08-05T02:54:31Z,0
Divine beats...,@dynasoar4190,2023-08-05T18:44:19Z,0
Beautiful.  R&B vibes,@pennieclinton6567,2024-06-29T01:39:41Z,0
Kendrick & Sza giving Method Man and Mary J Vibes,@nateclaycoleman5169,2025-03-29T05:06:51Z,0
This song 🎵 is a vibe,@chantellefrancis1456,2024-10-12T22:49:54Z,0
Justin Bieber Sza Snooze Lose Kq Letra Lyrics SONG LOVE,@GisellePadilla-jt6qh,2025-07-13T03:40:50Z,0
Playing on repeat🎉🎉isafire is stuck on this vibe2023🎶🎶🎶🎶🎶💞💞💞💞,@ISafireSamuels,2023-11-16T16:17:39Z,0
Met her 2 months ago nvr knew that was her on the bridge with the male auto tone voice this song is none other who sing as a man auto tone “ main one lieing “,@roderickbuford7466,2023-08-23T19:29:14Z,0
The lyrics on the first verse is wild crazy tho,@keevinantoine5284,2023-10-15T13:56:16Z,0
"I am a 23 year old man from South Sudan, I have spent most of my life in a continuous war, it was a normal day 2 weeks ago as I was fighting. Then, the Sudanese fighters played this absolute masterpiece, we then began to all put down our guns and dance to this lyrical masterpiece. Thank you, sir. For Peace this song changed my life. My entire view of everything that exists in this world, in fact, even in the entire universe. I can never look at anything I know the same way again. This song represents emotions that most humans could never understand. But I can. Thanks to this song I was awakened to many things previously considered unimaginable. Thank you for this exquisite song. This video is an exquisite masterpiece, out of every single video I have ever even heard of on the entire platform, this by far has enlightened me to do fly, lose 90 pounds and even become the president of the United States, and I'm going to tell you why this is such a masterpiece as if hearing the creators, no, god of this universes luscious voice. I would like to express my thanks to you. My gratitude for your indisputably magnificent assistance is almost infinite. Your efforts have not gone unnoticed. I really like your contribution that you have in our society, you really make a difference and help others out, the world could always use more people like you. Gosh, what a polite and humble fellow. It is such a kind honor for someone as low as me to be in contact with someone of a level such as yours. I thank you once again my good friend. A world without you, would be a world I would not be able to live in, and I believe I share that opinion with most people. I can rest easy tonight knowing you helped. I appreciate you and everything you stand for and on behalf of everyone on planet earth, thanks. Yes I 100% agree no lie I am 10/10 with you in this statement no question. You are completely absolutely correct and have made no mistake in your sentence whatsoever and I applaud you for that as you have made a thoughtful statement that many agree with and those that disagree are in the minority because your statement has absolutely no faults and thus is completely without a question correct and deserves nothing but agreement. and by the way, super saiyan blue theme is a very powerful, moving song that showcased the capabilities of human emotion. It used groundbreaking technology to create stunning sounds that would mesmerize the listeners. This song is suitable for all ages; whether you're 5 years old, or 50, you should listen to this song. It is inspiring and it showcases the spectrum of human nature and how humans communicate with each other. This song revolutionized the music industry and set the bar high for other songs. In the future historians will look back on this song and regard it as the pinnacle of human achievement. It was a roller-coaster from start to finish, the nail-biting song will leave you on the edge of your seat from start to finish. Listeners will find themselves absorbed by the heartwarming tale of a relentless, determined African tribes who didn't let societies standards shape his/her/it's life. I was shocked by how intense and gripping this song was. The plot is rich, unpredictable and touching. This isn't your typical African war song, this song is a war with one's emotions. Tales of Africa is a stirring masterpiece that only comes once in a millennium. This thrilling instruments makes it a jaw-dropping performance that properly utilizes the medium. I rate this song 10 African tribes/10 African tribes, and will never listen to it again as every time I get saddened by the the fact that there will never be a song to match this masterpiece.",@enchantedchat1237,2023-11-14T05:04:02Z,0
Willow is a whole vibe ❤,@weeweeherman,2024-07-10T03:17:34Z,0
The opening verse 💪🏾💪🏾,@andrecollinssweet7426,2024-02-14T21:01:16Z,0
💥💥 Tony Terry- When I'm With You.. similar cadence on chorus. Beautiful song🙌🏽,@gkarjack504,2024-07-10T05:41:12Z,0
This is song I could see the old drake get on… his beat and everything they would do well together,@lancasteredc7773,2023-09-09T04:15:37Z,0
Is this a Isley brother sample on the beat,@alhamdulillah-22-33,2023-11-17T16:14:30Z,0
Dis song too deep if yall listening she was Cheating her dude that came n was her nigga sayin he trying but you so far gone it’s crazy smh too hear this song knowing what I knw ion gone lie dat shyt hurt fr,@jimmyflosss2047,2024-10-01T21:36:52Z,0
got me living ina alternate reality super metaverse,@hemplord15,2023-07-25T16:07:46Z,0
"This song was already good But when dude whoever he is came in with them vocals ""WHY YOU FRONTIN ON ME WHEN YOU THE MAIN ONE LYING"" Lil things like that makes good songs Great songs to me",@amkeepingit1003,2023-07-26T10:14:04Z,0
In the next couple of years I will be in depression bc of how nostalgic this will be,@King_Art_The_Clown,2024-07-20T03:05:42Z,0
"Broo, her first verse, Bars",@em6441,2023-09-12T09:41:13Z,0
Still my ringtone… Still that gas in 2025🔥🔥🎶🎶🥰,@YoungS89,2025-04-23T04:04:03Z,0
This song makes  me feel good and filling the vibe,@WilliamPortillo-h3w,2025-02-06T05:04:36Z,0
Song has no hook? Verse is good,@Stoneabba9999,2023-10-24T00:05:11Z,0
Good song 🎵  I like it! Almost like Harmony 👍,@DinePride-l6t9o,2025-06-02T14:47:02Z,0
This beat is fire! 🔥 Can you tell me the BPM and price for this track? I'm ready to lay down some bars on it! 🎤💯,@JoyVanessa-qw5bt,2024-08-10T21:41:30Z,0
"The beat, her voice 😭",@4rySatoru,2025-02-28T17:39:42Z,0
"These lyrics, and the way she ride tht beat oweeeeeeeee this hit the ♥  straight for my baby Tee Jay",@cyndibarnette8684,2024-03-26T14:23:59Z,0
2025 still a vibe❤❤❤,@TPTheRealMusicianMusic,2025-01-05T18:52:37Z,0
Is it just me or does the beat sound like Immature's never lie !!?,@pisceschicc94,2023-07-04T06:33:51Z,0
For God so loved the World he gave us this vibe,@watchwanchotv,2023-09-26T19:46:49Z,0
the beat and the background vocals babbbbyyyy,@nayealexandria5722,2023-06-22T03:58:00Z,0
This vibe is serious,@rodneymerritt7391,2023-06-17T03:58:05Z,0
The beat remind me of Funeral by Mac Miller 😢.  It's legit probaby the exact same tempo.  Rest easy King.  Shout out sza on this one too,@matthewbailey8588,2023-06-16T16:01:00Z,0
This song help me to relax it’s the vibe 😊,@Zoey-y4c5e,2025-07-29T17:53:56Z,0
That first verse is different,@blizzmontega7026,2024-08-08T05:38:05Z,0
GANG CANT KNOW I VIBE TO THIS.,@Randoezzz,2025-06-28T11:01:01Z,0
Man did I hear the same beat as Funeral - Mac miller with different key but anyway both songs are precious ❤,@jessadamatchatikun7514,2023-12-30T07:45:48Z,0
"It’s so catchy, because it’s Beyoncé’s beat from “me myself and I” chopped and that song is etched in my brain lol",@26cnel,2023-05-31T03:13:10Z,0
Ty $ is the GOAT of writing feature verses that lyrically have nothing to do with the song,@kjvmsc,2023-05-29T02:13:52Z,0
Okay look i was like Ice spice verse was hard but then pink panthress girl here verse stole the show it was definitely impressive I’m shocked this shit slaps lol,@shamarlucky9939,2023-05-24T15:47:04Z,0
Still here it’s my everyday list 2025 July 6th summer vibes watching my bae shoot hoops 😍😍😮‍💨🙇🏾‍♀️😍😍,@shantecarswell396,2025-07-06T15:47:29Z,0
Sza is just the most amazing being In the universe ❤,@Maya-w8j9w,2025-07-19T15:23:30Z,0
This song is for the people who love deep. 😢,@GreatestOfalltime-y9m,2025-05-02T09:45:31Z,0
Looking for lyrics,@kisama459,2024-09-10T09:25:04Z,0
Nobody posts lyrics again in the comments?,@JFrancis94,2023-12-25T16:32:33Z,0
You know thisssaaa vibe 😊,@GurbForDaWin,2023-05-10T17:58:39Z,0
