comment,user_name,date,likes
"…why would y’all change the higher breathy vocals at the “i’ll be better on saturn, none of this matters” part 😭😭😭😭 the mastercard performance was sm more ethereal :(",@alolaninetales,2024-02-23T00:23:20Z,3388
"I don’t know if anyone will ever see this, but i feel like this is a good place to talk. This song is one of the most meaningful ones to me. I feel like it really describes my life. I always stick tot he people that don’t really care about me that much, and I always wonder why I’m still there. But I know it’s because of my fear of losing everyone, so I just want to find someone who cares about me. The lyrics ‘I’ll be better on Saturn, none of this matters, dreaming of Saturn’ reminds me of how I’m dreaming of finding someone that understands me, so I’m just waiting for that day. Thank you Sza, this song is one of the best💗💗💗",@hello.poppydiy,2024-05-25T13:33:39Z,537
Your vocals sound amazing as always but... please please PLEASE drop the mastercard performance version SZA. There was some magic in it that's missing here.,@r.barrow57,2024-02-23T02:33:27Z,499
"can she post the version where she says ""ill be better on saturn"" high pitched? it sounds better that way but still much love",@maheletebinyam4511,2024-02-23T00:10:37Z,226
"Listening from SOS deluxe🥺🥺different time,different era and a whole different vibe🥺❤️‍🩹",@ReneilweSekoko,2024-12-20T21:21:32Z,176
She loves changing the tone of the song like what she did to good days but still love it 😭,@vkaii7152,2024-02-22T23:38:23Z,168
SZA melodies are always so dam good and catchy ✨,@jessie1564,2024-02-23T02:56:36Z,157
"0:01 i know this beat somewhere, but cant remember the name of it",@andreimations,2024-06-07T12:33:19Z,138
"SZA's most personal song, I love that she has the courage to show her feelings and express them so well in a song with her rhythm and lyrics, I LOVE YOU SZA!!!!!",@LuanaCatalinaGUZMANCARRANZA,2024-11-15T22:11:58Z,72
You know you're aligned with the universe and this song is a sign to get out when you stumble upon it and it could be your life,@dannymarvels9883,2024-04-14T18:36:44Z,34
Sza's vocals are top tier❤❤❤,@grammynomineesbts1086,2024-02-22T23:07:21Z,23
Every time she puts out music it perfectly puts my emotions at that moment into words,@0.0Bleu,2024-02-22T23:47:17Z,23
Just when I thought she couldn’t top any of her last music she breaks this out. I’m obsessed and this totally fits my vibe right now! Thank you SZA for this gem! 💎 ❤,@myadoua06,2024-03-12T06:44:54Z,20
"you know what I love? the fact that this single cover reminds me of the love galore single cover :,) so nostalgic",@prodbyxchvnel,2024-09-16T05:57:16Z,14
the fact that just a few small tweaks from the live version can give the song a whole different vibe ❤ shes so talented,@blw-5311,2024-02-25T14:51:17Z,12
SZA is simply one of the greatest vocals we have ever witnessed on both Earth and Saturn,@abanoubalexander4047,2024-04-29T15:36:20Z,11
SZAAAAAAAAAAAA I NEED AN ACOUSTIC VERSION OF THISSS MAASTER PIECEEEEEEEEEEEEEEEE!!!!!!!! RIGHT NOWWWWWWWW,@Hellosukii-es2vg,2024-04-29T21:50:27Z,9
"This is the best song, so relaxing, so perfect and just gives me this vibe. LOVE YOU SZA",@Halloweenbree,2024-05-03T22:59:40Z,9
This song vibe❤,@MimiPExtra21,2024-04-24T03:27:18Z,7
44million people feel or have felt these lyrics before that’s wild lol #letsmakeearthgreatagain,@jeromewilliams9271,2024-08-14T02:54:46Z,6
Anyone else disappointed that the chorus doesn’t sound like the live performance?,@cupcakkeslawyer7915,2024-02-23T02:33:13Z,6
SZA got endless hits can not wait for her next project you always deliver a vibe,@bigjohnson721,2024-02-22T23:04:45Z,5
Melodies and vocals bringing the sun out!!!🙌🏾🙌🏾,@Benjaminuzoma1,2024-05-05T19:09:11Z,5
"I WISH TO GAAAWWWDDDD, that she kept the high vocals on the chorus (bro had me levitating unlike ever before) but those low harmonies do be doing something to me icl 😮‍💨😮‍💨",@mmhmmyurr,2024-02-22T23:54:24Z,5
Every time I hear this song I get emotional because I’m gf move to a different country and now I will never get to see her because her parents are strict and does it really get to use your phone so I just get sad,@Seahawks_fan74,2024-06-27T04:31:40Z,4
"SZA, you are incredible, you have a deep voice but you still know how to do vocals, your voice is so beautiful, you deserve much more recognition, you are incredible SZA !!",@kauazinho8004,2024-02-23T17:22:32Z,4
Vibes feels like the chill wind of 2019,@gernvillareal7088,2024-09-22T15:00:13Z,4
LIKED THE CHORUS😌,@introvertyui,2024-08-23T10:33:59Z,4
"Love this song, Saturn is my favorite planet. Relatable af lyrics too.",@jinx17,2024-05-20T01:23:22Z,4
I think i  replayed that first chorus about 30 times in a row lol. The flow of this song is so good with her vocals and the bassline complemnting eachother. Perfect,@Illiyinmusic,2024-04-13T10:38:55Z,4
Her voice and lyrics touch my heart,@iputcreamcheeseinmyramen,2024-04-08T17:21:06Z,4
"Wow, this song is really wonderful because it has an unbeatable sound, thank you very much. :3",@VictorVillagaray,2024-05-12T01:58:49Z,4
we love you sza and whatever the story is behind this its powerful. well done queen,@thatpersonmariee,2024-04-21T09:14:54Z,3
Samples Bee Gees Emotions for those who don't know,@mauricehenry7585,2024-04-15T03:23:17Z,3
"The sweet and ethereal sound of her singing is discordant with the deeply Satanic nihilism embedded in the lyrics. This song presents the idea that life on earth is terrible, meaningless and cruel, and that the only dream to escape it is Luciferianism (Saturn represents Satan in the occult). A message that will lead people to Hell",@TravelLoverForLife,2024-03-29T19:55:28Z,3
"what a beautiful song with that deep, enigmatic feel of nostalgia.  I've been aware of her for quite some time, but just now starting to appreciate the breadth and feel of her art as a whole. Sza is my new celebrity crush...I adore her. Whether she's thick or thin, her unique smile , with those beautiful lush lips, shines thru like no other.  And this song takes me to somewhere else, somewhere only in a dream, can the feeling be understood. 😍🎶 ❤",@joshgooley1492,2025-07-02T02:18:14Z,3
The lyrics are so deep. Saturn = Satan. The God of time.  Saturn materialize all life form.,@romel4761,2024-02-24T00:34:58Z,3
Bro this song is so nostalgic... And it's the fact that she used the sample of a song from a tiktok trend back in I'm guessing either 2020 or 2019,@NiaMulaa,2024-04-20T21:36:16Z,3
March vibes so hard 😊,@aestheticaillies441,2024-11-05T23:24:42Z,3
"I'm in love with this song, they play it on the radio and I'm blown away by the bass, but now I'm reading the lyrics and it's really relatable. Deep and beautiful in every aspect. Amazing song.",@leperface,2024-06-24T03:12:02Z,3
"It subtly interpolates the opening hook of the Bee Gee’s “Too Much Heaven”. It’s in the background at small breaks, hummed as a melody by either her backing vocals or her own vocals backing her. Recognized it immediately. They’re not credited. Wondering if that was oversight, or it’s not considered an outright sample….",@i.quintanilla,2024-04-30T00:01:56Z,3
I dont get how people think taylr swift has meaningful lyrics when stuff like this exists taylor sswifts just writes about the same 5 breakups,@JayCee-qh7zt,2024-05-02T15:31:44Z,3
“Life is better on Saturn” HER VOCALS ARE EVERYTHING,@alora_chavez,2024-02-24T18:16:58Z,3
if there's another universe pls made some noise,@zul5181,2024-05-06T01:19:03Z,3
"Sza, omgg girl this is my new fav song im tryna get all the lyrics stuck in my head so i can prefrom this infront of my school. xx",@MLtoks16,2024-05-20T20:06:57Z,3
Bro at any emotion in at SZA makes it better😊,@RazanSarama,2025-01-07T22:37:23Z,3
I call this the Ice Cream song because of the background melody. Love it!,@casalcairo3207,2024-07-27T06:15:20Z,3
What a good fn song. I love the chord progression. The vibe. Word choices. Everything! This song can float around in my head all day! 🤩,@devanorth2119,2024-04-29T21:28:13Z,3
Bro if no lyrics the saturn is like sweater,@dexterolasa,2024-05-02T18:58:08Z,3
Getting S vibes,@ededdandeddytv5164,2024-03-08T10:15:12Z,2
"I just love this song, but the vocals in are just beautiful",@ellaschannel9903,2024-03-21T19:06:29Z,2
"This song is a whole vibe, SZA never disappoints. 💯 🌊 😎",@corythenbavyondandanimlov7802,2024-05-14T06:54:23Z,2
Listening to it as the last song on the deluxe version gives a deeper meaning i want to cry,@anonanddamned,2024-12-24T01:15:46Z,2
SZA YOU KILLED THESE LYRICS,@HOTPINK_4ever,2025-02-11T00:51:05Z,2
Even if its 2025 this song still feels nostalgic this will be my favourite song ever :),@Realbloba,2025-05-26T06:07:08Z,2
"Yo this song is one of them ones that give u chills . The lyrics , background vocals ,  the instrumental everything .. Masterpiece 🔥🔥🔥🔥❤️❤️",@zimurray6563,2024-05-06T20:06:44Z,2
Essa música é tão boaa! 😩 Que vibe maravilhosa ela temm! 🫶🏽✨,@ChloeHadassa,2024-02-22T23:11:47Z,2
This shxt is a vibe SZA can sing stop playing with her this shxt go hard on god🔥🔥🔥🔥💯💯💯,@josephburns8608,2024-03-06T23:54:05Z,2
Stevie Wonder Saturn song is still one of my favorite...im only here cuz im actually studying Saturn....the black cube .. celebrities are heavy into Saturn Worship so was hoping she would drop some powerful messages but its just a cute SZA song,@Theconsciousoutkast,2024-03-24T15:25:49Z,2
✨️Sza is a vibe✨️,@Y0ur_Fr13nd,2024-02-28T08:36:19Z,2
New ringtoneeeee 😭,@vlogsbyife,2024-02-22T23:12:48Z,2
This song gives me ctrl vibes,@jyeanzzzzzzpl,2024-02-25T01:01:57Z,2
"Sza I'm deeply in love with you because of your beauty and wonderful personality. I was js wondering if u thought the same as I am a wonderful man I would say so myself. All ik asking is a chance and I'll treat you better than anyone you've ever encountered your entire life. Your beauty is like a art and your personality is perfect and different from others. But one thing I ask from you is to stop posting on social media bc ur mine and only mine. I'm the only one who is supposed to show you love and affection and you won't accept that. So stop playing hard to get baby bc I know you want me. look bae im not trying to be overprotected and abusive or some shit but you fine asf and im tryna make you mine babe. Just say so and ill make it happen. You know me ment to be u just playing hard to get. Im the one for you and i just need a chance to show you that, you the one for me. Just stop playing hard to get bc you know you want me and i want you so just make it official my beatiful.",@justice5964,2024-04-20T04:10:14Z,2
"I love this song but the chorus from the commercial was so much more idk like heavenly, and keeping me centered is engraved  in my brain what happened to it😭",@goose.hayden,2024-02-23T05:21:02Z,2
NOO what happened to the vocals on the ill be better on saturn part </3,@hannahm543,2024-02-23T05:17:08Z,2
"This song touches my soul and mind. She always goes deeper than just lyrics , BLENDING her voice with every note!❤❤❤",@nancymarcelo3454,2024-09-24T18:47:32Z,2
I love this vibe huhu sza my queen 🫶,@JustinCruz-vx8ri,2024-04-24T03:09:43Z,2
Why she change some of the lyrics :((( the performance was soooo goooood. She needs to release that version,@Hesoweird,2024-02-23T22:59:08Z,2
The vibe,@Aimaxnj_ellojaja,2024-06-03T06:17:25Z,2
It’s giving me ‘A’ vibes 🤞🏽,@thebaileykid,2024-03-09T17:03:25Z,2
This song a vibe in a dark room with candles at night time hanging with your man,@MisunderstoodKt,2024-04-26T00:25:21Z,2
The beat sounds like smth form Mario Galaxy and I love it sm,@JudeBarela,2024-03-04T14:34:45Z,2
SO VIBEY,@lilyclairmont,2024-04-27T09:18:32Z,2
This song is a vibe 💕,@its._sophiaaaaaaa,2024-02-24T14:36:18Z,2
"This is easily one of SZA's best songs. The melody, the lyrics and the vocals all come together so beautifully. Sza is easily one of the most talented artist of our generation",@jVortex,2024-02-22T23:02:42Z,2
Such magical vibes I love it 🪐,@xKeepTheFaithx,2024-02-23T00:33:07Z,2
Explained all my emotions ❤,@ntombihadebe4822,2024-03-24T15:39:03Z,2
This song is much deeper than what people are giving her credit for.,@JuanMartinez-tr8ww,2024-07-26T17:40:34Z,1
I cant stop dancing to Treasure- Kingkong .... the beat drops like crazy,@btsup10tionwinner31,2024-05-29T12:36:35Z,1
"Heed 2 Corinthians 11:13-15 and I would love to tell you The Truth from The Holy Bible about what is going on. However, I politely encourage you to read it for yourselves. By The Way, check out Truthunedited and Stephan Darby's sermons to get a deeper understanding for The Life. May YAH bless you, your families, and HALLELUYAH!",@dugproductions2556,2024-08-25T19:43:43Z,1
AHHH FINALLY! TYSM SZA I TRUTHFULLY LOVE THE MEANING AND THE VIBE OF THIS SONG 💗💗,@mak.thatprettymf,2024-02-23T01:18:08Z,1
"Omg saturn gives me mad nostalgic, im gonna cry",@calexander12,2024-12-22T04:04:39Z,1
"Like is worst on saturn. First of all you would be dead. No one is there. Cold af. Songs stupid and depressing, just like her listening audience.",@kingpinsmith22,2024-03-27T13:30:22Z,1
La vibe pretty good good music,@marcustvchannel5885,2025-01-28T00:45:19Z,1
The best lyrics ever sza Jesus girl smh 🐐,@larrykinghigh,2024-03-22T12:05:54Z,1
This song is so Anti God when you listen and read the lyrics,@TravM991,2025-03-13T10:08:00Z,1
"Song melody reminds me of Suzanne Ciani's ""Rain"".",@rolandrodrigo9691,2024-05-20T01:39:21Z,1
"the feels from this song omg... have it on repeat, i love it. such a vibe. 🪐❤",@eixxo,2024-05-26T21:35:48Z,1
“Anonymous Ones” Vibes🍃,@klakapri,2024-02-22T23:22:31Z,1
It reminds me so much of stardew valley the melody of the song... The lyrics are just being out in the wasteland left for dead...,@MustangDijon,2024-05-18T00:43:36Z,1
This song is such a vibe,@Fr33_CLIPZ,2024-05-02T00:09:46Z,1
The vibes of this song are completely the beaches,@yan2410,2024-05-15T07:28:24Z,1
ganda po ng lyrics SZA,@Joyuri-222y5,2024-11-20T14:19:51Z,1
"Love the beat of the song but the lyrics…don’t believe in paradise?? Guess she’s an atheist. Anyway, that’s a hugeee mistake. God, Paradise, hell, rewards, punishment are all exists. Must have faith n patience. The time will come and lots of the disbelievers are deeply regret for not believing and want to have a second chance but chance after chance, signs after signs given still no effort to learn, discover, research",@chatilaj3114,2024-05-01T00:50:37Z,1
This song is such a vibe... I adore her 😢❤,@DontPlayWithMePlayWithYaMama,2024-12-26T05:35:03Z,1
the vibes of song 💐🪐✨🌌💗👑🌼,@MFiqriNajari,2024-02-25T06:05:18Z,1
Oh she just sings to my heart and soul like no other an the beats just ❤,@Chunpjflowers7338,2024-02-28T20:54:15Z,1
"I usually do not like Sza's music especially the boring hits like ""Snooze"" and ""Kill Bill"" but ""Saturn"" has a nice melody with some nice synth work.  And its not dreary.",@garypamatat3167,2024-02-22T23:54:59Z,1
"I remixed this song lyrics with heaven instead of Saturn 🪐. Life’s better in heaven, repent for my sins, thank god. I’ll be better in heaven oh god",@boneharvester_eth4021,2025-01-06T00:30:32Z,1
This is a really good song. Thr lyrics are intelligent. I appreciate there is no swearing or using the N word.,@JordanjamesX,2024-02-23T04:04:06Z,1
"Instrumental is stunning, her voice is beautiful, it's super catchy, and the lyrics are relatable on a deep level. Great song",@JThePlante,2024-03-05T08:52:49Z,1
Good job girl your my favorite person when I’m emotional I listen to you,@shinknapirtle5646,2024-03-27T21:28:15Z,1
Normal Girl vibes ❤ I can hear  the Weeknd on this too,@primppoutnycbytokyokho,2024-12-21T15:52:11Z,1
I need four more verses,@birdturd3207,2024-04-18T02:05:46Z,1
WAIT I LOVEEE SZA BUT DID SHE GET THE BEGINNING BEAT FROM THE BOY IS MINE BY BRANDY??? IT SOUNDS THE SAMEEEEE I LOVE IT THOUGHHH,@ugh..durritsme22,2024-06-09T23:40:30Z,1
Sza won a Grammy she makes since many relatable songs she comes up with such great lyrics. Sza is a great artist who deserves much love ❤,@Drew.that.guy45,2024-09-17T01:42:43Z,1
I love you SZA. This song is so beautiful and such a vibe. You deserve all the blessings that come your way.❤,@TheeCaptainnow3817,2024-02-23T01:16:27Z,1
Saturn is such a vibe! It lightens up my day so much! I love SZA ❤,@wonjianfan,2024-04-18T11:10:43Z,1
"Nikola Tesla said “If you only understood the significance of the numbers 3,6,9 you would have the keys to understanding the universe” Earth is the 3rd planet in distance from the sun, Saturn is the 6th, and Pluto is the 9th. Can someone please help me understand how can I use this information to enhance and enrich my earthly existence the way this song enhances my emotional state? Before I move onto other realms I want the absolute best of this one, is that too much to ask for? I want to increase my “goodness threshold” but I need material wealth to do so. The goodness threshold is how good can things get for you before you sabotage it by your own thoughts that this is too good to be true so a tragedy must be looming the horizons. How good can this song be before I hate it for being so good? Please help me understand🥹",@kaseymarcelle007,2024-11-03T17:59:02Z,1
One of my new absolute favorites! It's impressive how much I can relate to almost every one of these lyrics! Thanks a lot for making this!,@jeremyshields8285,2024-05-15T22:20:54Z,1
"Feeling so good listening this while watching saturn and the rings with the universe,in  slow motion",@SeraphineParadiso,2024-05-11T01:47:44Z,1
SZA you the truth this Manny Strongs reppin Phillies West Philadelphia section 5500 Summer and I can't wait to my music with you and and also history I can't be moved like historical landmarks ride wheater light or dark since a adolescent kept one on each side with a Dalls Teflon vest metal plate protecting my chest no need to be vex because I'm about to have things my way to a different degree hotter than the earths core for those who don't know that's under the earths floor deeper than the trenches I'm beyond this world somewhere like Saturn better yet a whole nother galaxy get rid of niggas in disorderly fashion I'm one of the best artists you heard perfect wit bars like this I'm deep as it gets been through the blood sweat and tears I speak nothing but non fiction all facts that's what the industry lacks I sat back and set my trap now let's see who can adapt to another level of this shit niggas better prepare their manuscript I'm blessed with this gift transitioned from cartel and triple beams so I could make my way to the industry I'm all  jigged up but I don't give a fuck gotta give it what I got because this one of my niche s I'm vicious,@EmmanuelButler-u2u,2025-02-21T19:26:47Z,1
"How can this be so catchy, her voice is so unique",@judyali178,2024-02-23T00:51:56Z,1
sza plz give us the higher chorus back,@hidingly,2024-02-23T17:26:32Z,1
I have manic depression and the lyrics are exactly how i feel so often. Such a beautiful song. And szas voice is so beyond beautiful,@Naenezzy95,2024-08-25T09:43:56Z,1
Someone really vibed with tanerelle at that Philly show 🔥♥️,@nasasimp588,2024-03-19T13:29:35Z,1
"Okay, here is the story. SZA is the real deal as a singer, not sure if you write your songs and music but i would say lyrics would be your forte. This style suits you (even if it borrows from the Bee Gees). You are about the only refreshing popular artist that has a sound all to yourself. I listen to thousand of songs each year from the complete unknown to the top (payola) artists with all their backing and not many put out good songs, certainly not consistently like you SZA.  One day i will write  a song with you or even for you, this is my goal.",@nocowshere,2024-05-20T02:53:30Z,1
the gang musn't know i vibe w/ this,@frey6955,2024-08-18T14:41:48Z,1
This song is catchy as hell as soon as I heard it it stuck in my head😂,@kevsmith6783,2024-08-04T22:19:57Z,1
I love the vibes of this song,@aquairvin335,2024-06-13T12:41:07Z,0
"the grammys performance was a much better version of this song, im dissapointeddddd. the vocals and music were so much better like when she says ""i'll be better on saturn none of this matters dreaming of saturn"" its so much more majestic in the grammys version???",@s0ftlygl0wing,2024-02-23T01:50:40Z,0
Beatty Green,@JettaHasler-n5r,2024-10-03T19:22:09Z,0
"❤ SZA you are the best person in the world <33 you are a good singer I have some of your merch, I have a few song ideas you could do. Now I’m posting this on may 14. So you might not see this but I am still gonna post it ! ❤ the first top 3 are: what is love, mirror and finally colors now the lyrics can be anything you want I just think you are so pretty and I love ur style ! ❤ 😊 you are so sweet and an amazing person!! I just listen to your song Saturn and kill bill after school they are so good I love your music and I really want you to post more songs or make maybe a daily life acc?? I’m just asking u pls! SZA i love you so much! I would love to see some content or more music from you! I know you are a new singer and all of us welcome you ❤ we are so glad to have you as a fav singer!! you are my fav singer! ! your lyrics match the themes of your songs, thanks so much SZA for the amazing voice you have!! 😊❤ love you SZA !!!!!",@BLELLY,2024-05-15T03:17:03Z,0
0:53 beautiful chorus 😊,@snow_onthebeach,2025-07-17T09:40:22Z,0
The Return of Real Lyrics that make sense and intelligently produced music that actually hit the mental state of this crazy prison planet we live on. I'm gonna listen to this whole album.,@dos-modeofficial83,2024-11-05T21:11:53Z,0
"This song gives me ""Undecided"" by Chris Brown vibes",@Don-WiQ,2024-03-24T06:36:09Z,0
"Ok, don’t get me wrong, I love this song. I just hate this version! The live performance made me love this song! And when I heard this version it slapped me in the face! I was mad af! Why would she just say the chorus like that?.. I needed that high angelic feeling like the live performance! Trash this version and put the performance version on your album @sza",@LjTheGem,2024-03-25T22:01:38Z,0
"The mixing on this version is a mistake btw, sza said this will be fixed soon",@zenzenxo,2024-02-24T08:17:59Z,0
I love the lyrics I can relate so much.,@tonytt424,2024-08-02T11:49:44Z,0
Stop messing my vibe up.  Love the song . Would love ro enjoy this vibe without interruption,@theone-tg4ey,2025-06-07T18:19:26Z,0
so stunning✨🌟💛 Bin so stolz auf dich Melody!!!!,@hyunjilee4721,2025-05-18T21:22:47Z,0
"Love the vibe,  relaxing and chill great for an afternoon walk",@ulisesbelmonte8354,2025-03-04T23:32:12Z,0
i like the song but its a copy melody of breezys undecided,@isaiahfigueroa6844,2024-05-12T00:05:23Z,0
I can’t be the only one trying hard to like this version. The unreleased version just had a more magical feel to it. She also changed the lyrics from “I can’t break this pattern” to “Got to break this pattern”. The high pitched “I’ll be better on Saturn” was changed as well and the “wooh oh” before”life’s better on Saturn” on the second verse.,@WayZenNi5,2024-02-24T16:52:53Z,0
This got undecided by Chris brown vibes,@darriuswilliams5654,2024-08-18T09:15:22Z,0
Oh no!!!!! That's why she won that Grammy she's clearly talking about satan yes the devil...saturn has a deeper meaning than just the planet...I'm hating here go look it up...do your research and you'll find the meaning...the lyrics just spooked me,@RumbidzayiChigiji,2025-03-23T11:06:31Z,0
Doja beat,@AmyForbes2,2025-07-30T19:19:53Z,0
"never like SZA personally, but this song makes me feel so many emotions it works perfectly",@BigBoiGunna,2024-09-30T19:41:13Z,0
You know it’s bad when she has to copy the beat from “Juicy” by Doja Cat.,@F_And,2024-05-13T14:03:43Z,0
"Great vibe, beautiful voice. Book of Ecclesiastes has the answer this song is looking for, Bible!",@taylorwehrle6016,2024-08-13T00:52:24Z,0
The beat is amazing! Following that!!,@joseflores-mz2rl,2024-06-23T03:57:46Z,0
WE NEED THE HIGHER BREATHIER CHORUS,@inFamous06,2024-02-23T07:45:58Z,0
✏️ describe the vibe in the comment ❤,@Lilipam308,2025-03-26T04:34:08Z,0
MY FAVORITE ARTIST MAN ❤❤❤❤❤❤❤❤❤❤❤❤❤❤PEACE WITH THE BEAUTIFUL HEAVENLY VOCALS . NO DRAMA JUS VIBES FEEL LIKE IM IN EDEN WHEN I LISTEN TO SZA . ONE DAY ILL MEET SZA ❤,@dretheartist2885,2024-02-26T08:09:03Z,0
girl your songs are just so good they're magical i love u so much u KILLED these lyrics FASHOOO just showing u my love and my support have a wonderful happy life i will listen to your song until my last breath,@MARRI-221,2024-02-23T00:58:21Z,0
I have to sing this in chorus yay!,@heh_leebit_slays.,2025-01-15T01:57:16Z,0
Thank you SZA🤌🏻❤️but when is this gonna to be released on instagram because I wanna put this on my notes asap 🥰❤️,@tatyannadelatorre5139,2024-02-23T06:17:06Z,0
"I LOVE the instrumental, it's giving Björk/outer space/fairytale vibes🤩🪐🌌",@PatrickRoyale-zn2ec,2024-12-20T19:03:23Z,0
amazing lyrics,@sarthakjoshi21,2025-02-04T09:01:25Z,0
I listen to this song atleast once a day because idk if y’all HEARING what she saying. I thank you sza for this song because the meaning and message is deep for me and keeps me pushing everyday🫶🏽,@heavencaraway8354,2024-06-23T19:36:59Z,0
I need summer walker on this. This is just her vibe.,@barbztherapy2685,2024-02-22T23:05:01Z,0
"Being honest, ive always wanted my ashes to be spread around the universe or on saturn or teh mon",@twizzla147,2024-06-08T09:21:43Z,0
I need her to talk about the lyrics and the meaning of this song 😢,@marryanemaile8472,2024-03-01T02:00:31Z,0
"people are saying that the chorus doesnt sound dreamy anymore, but personally i think it fills out the song more",@brokendreqms,2024-03-04T02:07:51Z,0
Great melody reminds me of the beginning melody of Zora‘s Domain from The Legend of Zelda: Ocarina of time.,@cruz1984,2024-05-11T03:58:09Z,0
Mother we need the lyrics,@natcha.matcha,2024-02-23T00:12:12Z,0
THE VOCALS OMG,@josemorningstar6776,2024-02-23T00:15:10Z,0
Now why would she make the tone lower for “I’ll be better on Saturn”,@jayk8499,2024-02-23T00:21:00Z,0
"i’m so emotional rn. this is a masterpiece :,)",@izzy6345,2024-02-23T00:24:11Z,0
am i the only one that thinks that this song is so painful and deep or am i just over reacting,@jowiii5024,2024-02-23T09:06:36Z,0
Who else just found their new favorite song?! 😁🙋🏾‍♀️ ALSO WHERE DID THE COMMENT WITH THE LYRICS GO? PLEASE COME BACK 😭,@auriaslove,2024-02-25T01:45:44Z,0
SZA melodies are always so dam good and catchy,@AnnaThibault-d9d,2024-02-23T09:26:09Z,0
This song makes me so emotional 🥰🫶🏾,@fifthsweets9487,2024-08-19T13:16:40Z,0
"I found this song sensational and also with the instrumental very nostalgic from my point of view, of course I loved everything even the lyrics which by the way are very relaxing and beautiful.",@Dueltz1,2024-02-26T20:51:46Z,0
"Sza please give us a video to this song, I could see it now…You astral projecting from earth into different dimensions, dancing with extraterrestrial beings from the universe. It would be magical",@AlexJay-fs9gn,2024-07-25T01:55:04Z,0
This sounds good with @thelifeee on a verse,@EarthyMystic,2024-06-28T20:41:26Z,0
vibes kelulusan 😔,@klateamos,2024-09-02T09:41:24Z,0
Ill get the vibes of vacation when i hear this especially at the concert,@NoNomaiden,2025-02-19T07:08:17Z,0
"Props to the musicians that made this, i really want to know who made this melody",@yamilionz,2024-09-17T17:58:05Z,0
mr beat,@longdot054,2025-04-19T14:38:10Z,0
Present Emotions: 💛✨🌺🌸🌼🪐🌠🦚,@LodiniYellow-u8p,2025-03-09T09:55:02Z,0
I would love to be her friend... No strings attached. She is a vibe ❤️,@troymelodic,2024-11-25T03:05:48Z,0
The melody is just too good,@PokeXD,2025-07-26T19:55:04Z,0
Absolutely stunning lyrics ❤wow,@AliceMisaEffy,2024-02-23T15:11:17Z,0
I’m sorry but the Mastercard was so much better I need the higher pitch and the lyric I can’t break this pattern is better than not to break this pattern,@andrewjackson4336,2024-02-24T21:52:04Z,0
this is emotional and my bojayna likes it😍😘😍👁️👄👁️💅💅💅,@AnnamaeIbutnande,2024-06-21T14:11:48Z,0
this song and good days are literally the definition of earthy girl vibes and I LOVE IT!!!! Thnx for the sister songs SZA,@ReaganFletcher,2024-05-22T23:24:10Z,0
someone do harmonic reverb for this pls,@Leilaaaa4l,2024-03-31T13:22:29Z,0
Absolutely loving the vibes from this music—it’s just what we need to energize our day! The visuals are also incredibly beautiful. Wishing everyone watching a day full of joy and overflowing happiness. Enjoy and let the good energy lift you up!,@HeatWaves987,2025-05-21T08:30:54Z,0
"Sza I love you, but the melody in the ""I´ll be better on saturn..."" part in the grammy performance is what made this song so special and beautiful, this version for me lacks all that magic",@samuelgomezrodriguez3172,2024-02-25T00:12:36Z,0
Ouda Dis World - UniverseGamers - Andromeda Galaxy - Outofbox Thinking 😍🤩⭐🌟🌠,@2SunsAndDad,2024-06-14T19:33:27Z,0
The way I feel these lyrics 1000% ❤❤ 🙏,@sheemac20,2025-01-09T13:02:36Z,0
"Wish it had a bridge, breakdown, and a build to a third chorus. Great song regardless",@WindigoMac,2024-07-14T01:56:27Z,0
"Saturn sounds like ""that urn"" and the lyrics sound like someone sick of this life and wishing to end it. 😶",@jemimabiananila6033,2024-03-04T02:44:22Z,0
As a depressed capricorn the lyrics is legit,@Hehehehehe24,2024-09-24T15:12:23Z,0
":12 If there's another universe please make some noise, give me a sign.",@Asmith1010,2025-06-02T01:36:12Z,0
EVERYTHING IS RIGHT WITH THE UNIVERSEEE,@T4NUKII1124,2024-02-23T00:53:01Z,0
"even though you changed the pitch, I still love you Sza and im so excited for LANA❤❤",@hersha777,2024-02-24T23:02:51Z,0
Toney Motorway,@SimpsonWright-w3i,2024-09-06T09:09:55Z,0
Isekai vibes anybody?🤔🤔,@Infamous_Alias,2024-05-31T20:48:16Z,0
Can someone tell me what chords are in this song please,@evictionbeats,2024-02-23T04:08:27Z,0
s.o.s got me through my worst years in an abusive relationship please never stop making music ❤,@kelseywilliams5002,2024-02-23T00:56:12Z,0
"SZA’s ‘Maybe I need a new planet’ is my new affirmation. If Saturn’s not coming to me, I’ll build my own damn universe!  #SelfMadeCosmos",@TheGratefulSimba,2025-05-23T19:50:11Z,0
Most annoying r&b voice up there with that khalid guy,@idorus,2025-05-10T07:27:17Z,0
This is a great song to vibe to 0:58 if this song gets 1K likes before next Friday then i might ask my crush out on grad,@jillcorriveau816,2024-06-14T13:49:29Z,0
This hit my soul deep.,@IbrahimMahmood-yd5zk,2024-09-26T02:11:23Z,0
Need Beats?,@sunnygobmanasse,2024-03-05T17:33:34Z,0
Melanie Martineze wrote this.. Im sorry.. Top to Bottom.. The voice tones.. Damn near the whole “ Fairy 🧚 Style “ album…,@UprightSpitta,2025-01-31T01:46:06Z,0
I just realized the intro to Saturn is the same intro to juicy by Doja but in a lower tone,@samanthaespinosa-mu4et,2024-05-28T18:28:47Z,0
Good song... The chorus is divine. ❤,@haypayne8937,2025-06-25T02:58:07Z,0
Sza's music gives the same vibes as The lumineers/Cigarettes after sex,@rafaelthakoer1533,2025-05-01T14:55:03Z,0
I cry every time I hear this song and I'm a dude.  I've always felt my soul belonged to the universe.,@AJ-zp6er,2025-02-05T04:45:51Z,0
The Vibe is Fantastic. So addictive,@ettajohnson8234,2025-05-16T17:44:42Z,0
If there is another universe please make some noise give me a sign this can’t be live if there’s a point to losing love repeating pain it’s all the same I hate this place stuck in this paradigm don’t believe in paradise this must be a hell is like there’s got to be more got to be more sick of the head of mine Intrusive thoughts that paralyze your Nirvana not as advertised there’s got to be more been here before ooooooooooooh life’s better on Saturn got to break this pattern floating away ooooooooooooooooh find something we’re saving it all for the taking I always say I’ll be better on Saturday heard none of this matters dreaming of Saturn ooOooH if Carmas really real how am I still here just seems so unfair I could be wrong though if there’s a point to being good then where is my reward the good die young and poor I gave it all I could stuck in this paradome all I see is terrible making us hysterical there’s got to be more got to be more sick of this head of mine intrusive thoughts the paralyze Nirvana‘s not this advertised there’s got to be more been here before ooooooooooooooooooooh life’s better on Saturn got to break this pattern floating away ooooooooooooooooooooooooh find some thing we’re saving it all for the taking I always say I’ll be better on Saturday none of this matters dreaming of Saturn oooooooooooooooooooooooooooooooooooooooooooooooooooooooooooooooooooooooooooooooooooooooooooooooooooooooooo,@queensynxsgaming7332,2024-07-31T04:37:40Z,0
SZA this girl sings like universe depends on it.,@mccnbinnie9840,2024-03-04T11:19:10Z,0
"you've yet to drop a song I don't like. Even if the lyrics aren't that complementary, your voice manages to make them sound good (even though I love the lyrics in this song)",@tamecountess,2024-04-04T16:11:45Z,0
This song has such a deeper meaning when you realize that Saturn is the planet of Karma & Restrictions in astrology,@kiyaaa222,2024-02-23T04:51:10Z,0
No cap I’m from the corner frfr and I listen to my baby SZA for every emotion that runs through me and I promise she has a song to match everyone of them ! And that’s coming from a confident heterosexual Africa American Man that will Vibe out to SZA & in the same breath Slide on whoever and whenever bout whatever! Yea really on that type of time!Babygirl is a real live artist for real💯 And A Beautiful Reputation Of Our Black Intelligent Queens!,@staydown417,2024-02-27T12:25:27Z,0
The opening beat kind of reminds me of latch by sam Smith,@pokemasers,2025-08-02T21:18:44Z,0
Drop another album please!! artists check out my beats here https://youtu.be/jcaczYAWw4c,@KelvinSarrz,2024-02-24T15:09:04Z,0
She never misses to write  lyrics that’ll cut through my veins,@Nowwelearn,2025-01-09T13:01:31Z,0
Who ever produces this music and is Incharge of making sza’s amazing chird progressions and melodies is a genius,@yamilionz,2024-07-10T14:26:46Z,0
"there is something so beautiful about this song, whether it's the lyrics or the music itself, i love how sza is able to put such intense emotion into a song and make it so beautiful. i love, love, love this song, thank you sza for making such a heartwarming song 🤍",@foodjunkiieee,2024-08-07T03:31:41Z,0
whenever the chorus hits i just low key start floating like i defy gravity i dont even tell no one keep it to myself because defying the laws of physics would raise some eyebrows feel me so i keep it to myself,@saintmichaelsingh,2025-06-09T16:09:21Z,0
Saturn is actually what keeps us trapped in this awful paradigm ironically,@mkpsyops,2024-02-24T17:58:56Z,0
I get emotional every time she drops 😢,@smokahontas4657,2024-02-23T06:05:26Z,0
I've been looping this song since sza dropped it. Saturn has a dreamy vibe to it~ feels gewd to listen to it while studying,@thevatharshinitiruchellven8902,2024-02-23T04:47:20Z,0
"giving “good days” 2020 vibes, i loveeeeee it🩶",@imaatommik,2024-02-23T02:46:10Z,0
feels so ethereal and wavey vibe ^^,@Cleo.myspace,2024-02-23T02:01:26Z,0
wow i resonate so much with the lyrics of this song.,@kittenj1nx,2025-03-02T00:34:40Z,0
"They lyrics, the beat, the vocals… SZA MAKES FAVORITE SONG MATERIAL. ✨",@adam_allan,2024-02-23T01:56:53Z,0
Intro sounded similar to HER. Just hearing this and I like the melody.,@liz8crtravis670,2024-08-24T20:45:11Z,0
"The ""Reapeating pain "" is the worst . CM 💔 NW Where is my reward for being good 🏆",@NikkiiNicoleee,2024-04-10T19:29:12Z,0
NOW WE WANT THE OFFICIAL LYRICS,@lucas-bi3xr,2024-02-22T23:39:36Z,0
Great song excellent lyrics awesome meaning,@GMANN83,2024-07-06T00:05:30Z,0
I love the vibe of all her songssss this one is so gooddd,@PinkiiASMR,2024-02-22T23:38:22Z,0
beautiful lyricism & vocals are per usual,@friedbolognasandwich,2024-02-22T23:11:05Z,0
bro rip the w vocals on 'none of this matters' that was ong one of my favorite parts of the song 😭😭😭,@anakxnn,2024-02-22T23:08:41Z,0
VOCALS ATE 😍,@joaquinw18,2024-02-22T23:04:42Z,0
This sounds so monotonous,@AbdulhakemAmri,2024-02-22T23:04:25Z,0
Beautiful song. Though the lyrics are a misnomer.  First world problems of very powerful matriarchal toxic women lamenting “love” choices predicated on material goals.,@earthmeetsmoon,2024-03-07T22:35:08Z,0
lyrics gotta drop quick🔥🔥🔥,@catperson5942,2024-02-22T23:02:14Z,0
