comment,user_name,date,likes
I love how it’s nowhere as upbeat as this 😭,@VillagerNewsNetwork,2023-05-26T20:50:48Z,106
Put the song on speaker and then put it in your chest. Wait for the chorus and the heartbeat will shattered your soul into pieces. Thank me later. I'm cryingggg😭😭😭,@KateJaschaPerrion-ki7ev,2023-05-30T01:39:56Z,23
This came up in my recommended and when i tell you my heart skipped a beat… i was prepping myself 🥲 lolll I thought it was the real thing for a second. I was like “omg how is it out already??” 😂,@onikidman,2023-05-25T09:46:49Z,2
OH NOW WHAT THE FUCK IS THIS!!!!! Moody and an 8-track dance beat are u fuckiny w me??????,@meghansullivan6812,2023-05-25T10:23:28Z,0
