comment,user_name,date,likes
"Same vibes as ""Heartbreak is the national anthem,  we sing it proudly."" 🎉",@mylifeasRakhi,2024-08-24T09:46:17Z,188
Happiest tune with the saddest lyrics.,@stickgirl3784,2024-09-03T02:44:32Z,42
"Let's take a moment to appreciate this beautiful comment section. All the top comments are praising Taylor as they should. I'm tired of the narrative that has been going during all this year about Taylor being not just a mediocre artist (she is not, dealt with it, idiots) but also an awful human being. People are just waiting for any action or any mistake she makes so they can judge her and eat her alive. It's tiring. Yeah, she is far from perfect but what y'all want me to do it. Cancel her?? Stop listening to her music?? Nah, i love Taylor's music and particulary i love TTPD and i'm gonna keep appreciating it, and there is nothing the haters can make me do to stop enjoying her work.",@ismael4237,2024-08-21T07:30:14Z,28
"❤ I have 4 children and 3 with autism & I am the biggest Taylor fan one day we will go, they love her just as much as I do, her lyrics have helped me through me through so much! Truly inspiring to me to be the best mommy for my kids with special needs & disabilities ❤You are so loved Taylor ❤",@AudnessEverdean,2024-09-11T17:47:45Z,20
THE WAY THE LYRICS SYNC W HER AND THE CROWD IS SO WHOLESOME I LOVE THIS SMMMM,@bethysblog,2024-08-21T08:56:45Z,16
Wanna cry when watching this.. 😢seeing so many backstage footages.. it’s nostalgic,@Annie-ny9op,2024-08-21T03:43:37Z,9
I can't believe I get to live in the same era as Taylor Swift! Every single win of hers feels deeply personal and i can't really express how she makes me feel. I love you Taylor!,@TanyaRawat,2024-08-21T03:03:45Z,9
"As announced by Taylor herself during her last concert in London, she is the first artist to play eight times in one tour at London's Wembley Stadium, the UK's national stadium. She beat Michael Jackson with his Bad Tour in 1988. An incredible achievement!",@balearicrob,2024-08-21T08:45:23Z,8
Taylor Swift is probably the worst thing that ever happened to America,@settleit4u,2024-09-11T05:04:21Z,8
This is so emotional .. I suddenly remembered New Romantics MV,@youngestkittenlady,2024-08-21T03:09:33Z,8
those practices seem like so much fun everyone is smiling always the vibes look immaculate,@anikasbooknook,2024-08-21T08:44:15Z,7
The new music video is a masterpiece! The different atmosphere and the behind-the-scenes clips really gave me a deeper appreciation for the artistry involved. It's definitely one of my favorites.,@SetiawanAliong,2024-08-21T12:25:40Z,7
"The true fact is half of Taylor Swift's fan base is under the age of 18 and cannot vote, and the other half are lost liberals that were voting for Harris anyway, regardless of Taylor Swift's useless endorsement. Just another way for Swift to keep her name in the news now that her tour is over. Now it's time for the NFL fans to deal with this annoying mannequin!",@DerangedLeftWingers,2024-09-11T15:12:50Z,7
This felt so personal and emotional!!!!!!Eras was the most iconic thing that ever happened and I will cherish those moments forever it’s amazing that she let us in into the backstage with her a little bit. I’m so DAMN PROUD OF HER! 🫶🏻🫶🏻🫶🏻,@mariamaia2507,2024-08-21T04:23:22Z,7
Thank You Taylor for the powerful endorsement of Kamala Harris to lift people up like you do with your wonderful music.,@stan4now,2024-09-11T08:31:14Z,7
When the lyrics exactly describes your situation 😢,@sangaylhamo2128,2025-06-01T17:25:40Z,7
This had me thinking that this blonde woman is everywhere on the news. Who gave her permission to be handed over the microphone and belt her heart out to some of the most phenomenal and mind shattering lyrics I've ever heard throughout my last thirty years of living on this planet. That's something to ponder on from time to time.,@tristanferrer0192,2024-08-21T12:44:23Z,6
Who's taylor shift?  A Taylor acoustic guitar with a capo. 🤣🤣🤣,@mozaffarCU-o4h,2025-05-21T07:06:52Z,5
"Amazing video! Real footage, sweatpants, no make up. Deeply personal and sincere",@atenville,2024-08-25T08:17:19Z,5
"Some trade secrets should never be unveiled lest the show should lose its special mystique. Taylor's ability to perform even with a broken heart serves as a clear testament of her complete professional dedication to her fans and unparalleled musical career. Ironically, the last thing a true fan would ever want to see is their favorite artist wallowing in deep emotional pain while millions of people sigh at her every move. May she really find a special someone who stays be her side even when the going gets tough. For a unique artist so loved by millions of fans to feel underappreciated by her own lover is a tragedy sincerely worth avoiding, especially if the show must go on. As Freddie Mercury once sang, ""Inside my heart is breaking, my makeup may be flaking, but my smile still stays on.""",@alamartin,2024-08-23T01:10:17Z,5
Taylor's show was the best one I've seen my whole life. So unforgettable,@izzyzle,2024-09-26T10:05:41Z,4
I love this song the fact that she worked so hard everyday to rehearse made me love her even more. To see her dad in this video so happy it makes me emotional every time especially since he just got surgery im so glad he’s recovering well and Taylor and Scott are both there for each other and my dad never liked me much I didn’t meet him till i was 5 its complicated 😭,@alltooswiftie_13_22,2025-07-24T02:30:01Z,3
People who think taylor swift is the most overrated singer and makes very average music with lyrics that make no sense whatsoever 👇,@NathanUpton-sz2mi,2024-08-21T21:17:27Z,3
The vibe of this song is unmatched.,@SueñoProfundo-g7b,2024-08-28T00:48:31Z,3
As A Metal Head all my life... I can honestly say I’m a Swifty  have been since 2008 her lyrics are impeccable,@Wikkedn8v6669,2025-05-22T20:07:13Z,3
"I’ve grown up with her music and she never misses. Taylor is at just a singer, sheas a whole universe. Forever inspired by her strength, creativity, and kindness.",@ErinDonnelly-x1u,2025-07-25T20:34:22Z,3
am i the only one who actually really loves these concert vids??? it's so cinematic and emotional!! i loved new romantics too but i see so many ppl complaining about this type of vid and i rly don't get why😭,@ksmurthy1148,2024-08-25T22:04:22Z,3
Ronaldo beat you 😂😅,@slimcars,2024-09-11T16:25:25Z,3
There is so many lyrics i can relate to in this song,@TigerQueen-x5j,2024-08-21T21:32:11Z,3
Everytime it's anything about Tay Tay idk why I feel so emotional 😭 ❤,@aisdb2213,2024-08-21T14:51:04Z,3
This was disappointing. I was hoping for a behind the music raw emotions of her with a breakup during the tour. This is just her practicing?,@user-oc7cz3ep6f,2024-08-26T15:25:07Z,3
"I have zero clue how swifties can dance to this song and then shout “more”. This song has broken my heart since the music video came out.  Actually read the lyrics; they arent happy.  If she played this song on piano, it would change everything you think you know about TTPD and probably eras in general.  Like, eras wasnt just a concert.  It was a musical and ballet all in one.  theres so much symbolism in choreo and even the cast of dancers.   There is no way i could not not cry during the entire TTPD and Midnights set",@ButterBunBooks,2024-12-01T02:28:55Z,2
I Can Do It With A Broken Heart by Taylor Swift highlights Taylor Swift's original vocals and very creative music. The way that the song describes being on the receiving end of  feeling heartbroken in Taylor Swift's I Can Do It With A Broken Heart takes one of life's tragedies of coping with heartbreak with music style/elegance/class.,@stellacarrier8341,2025-01-21T01:02:46Z,2
This made me emotional for some reason lol,@SaigeCummins,2025-02-11T21:46:05Z,2
Wow this song is awful,@p1stons570,2024-10-17T07:26:23Z,2
this resembles new romantics vibe so much ❤❤,@volgensiuswilson3765,2024-08-21T06:49:38Z,2
"Im still struggling to understand, shes not a great singer, some songs are catchy but its a bit too bubblegum for  a woman whos nearly 40",@trulyunruly7783,2024-09-02T12:49:34Z,2
She’s a fake. It’s just been proven that she lip syncs her concerts.  It’s recorded music and all she does is move her lips. What a phony!  What nerve she has for charging as much as she does and the vocals aren’t even live. She’s a fake.,@DrMoto-Ph.D-182,2024-11-08T08:30:34Z,2
I am ashamed to say...I am 49 years old and...I am just hearing this song now.....and its only because my 17 yr old played me her beach playlist that her and friends created which includes this..😂 and I thought...what a catchy tune. 🤦‍♀️🤭,@erinrick2563,2024-08-26T04:21:40Z,2
"She needs to retire, she can't sing for shi, all she does is scream cringe lyrics.",@ZamanChronicles,2025-07-06T08:49:20Z,2
"Her music is the definition of generic, I'll never ever understand how people like listening to this.",@R-no59b,2024-09-12T08:37:33Z,2
"Used to have some admiration for this girl, but that's gone! Such a negative vibe with her.",@holly_kay5570,2024-09-12T18:24:27Z,2
"I am so moved by the authentic truth and honesty in not only the lyrics but also the tour, the tone, the fans, all of it. I loved attending the Eras concert. It was magical beyond words ✨ This song is heartbreaking and so real. 💔",@thejenniferlove,2024-08-21T16:06:02Z,2
Very emotional 😢hard work but she is smiling all the time ❤,@heniuprawdziwy1400,2024-08-22T08:27:08Z,2
"I think Taylor Swift is just a recycle bin at this point, using again and again lyrics and instrumental from 10 to 15 years ago, but without the talent. Listen to Agent Orange, it's better",@Skate3menace,2025-02-02T18:32:27Z,2
Taylor I the definition of  my whole personality family and friends my life everything everywhere everyone my mental health my personality my heart ♥️ my anxiety my anger my emotions my eyes my voice too and *MY LIFE*,@XwintersnowX-c4v,2024-08-31T19:39:38Z,2
This video gives such similar vibes to New Romantics ❤,@aashnashesings,2024-08-21T08:45:26Z,2
The vibe of this song is unmatched.,@BookMusic-r9m,2024-08-23T02:39:03Z,2
I love the sound of the synthesizer. ❤,@danelbonnet4808,2024-08-24T23:32:13Z,2
"Don’t ever listen to Taylor, but this song I like. Something about the rhythm hits",@Imprisoned1995,2025-07-20T02:25:15Z,2
Giving red music video vibes 🎉,@RandinuJayakody,2024-08-21T17:29:57Z,2
Who are you ? Ronaldo beats you and your followers,@rayanegraba5882,2024-09-11T09:57:36Z,2
"So overrated, cant dance ( at all ), average vocals, average songwriting skills",@stenmusicGR,2024-08-24T15:07:52Z,2
The first hour you were released it I watched a bunch of times and I know the song from back. I literally know all the lyrics. It’s fun to listen to by Norah Taylor.❤🎉😊❤🎉😊,@kelseystephens5408,2024-08-28T00:40:47Z,2
She has the most powerful hit with kidney bean under the muse:):):).,@romanromanich1631,2024-08-30T19:22:55Z,1
My first thought when I watched this is that it is a love letter to her fans and to her team. It is funny how upbeat I felt after watching it.,@1gravityworks,2024-08-22T14:25:59Z,1
The synchronization of the video to the lyrics is my roman empire,@EVIE_ASH,2024-08-21T18:46:08Z,1
This music video is sooooo beautiful and so emotional. I LOVE IT ❤️❤️❤️,@noelle9887,2024-08-21T14:17:54Z,1
"I can’t tell you guys how much I actually love her, her music and her lyrics 🥹🩷",@theresastenger9690,2024-08-21T14:58:41Z,1
This is giving “I wanna push Travis out of my life so I can make another hit” vibes,@EdKingCole,2024-09-15T23:52:23Z,1
"I could have guessed the song even without the vocals, just Love it💯❤💃",@brendanabulwala1923,2024-08-21T07:56:38Z,1
Achei que o lyrics video tava mais animado e na vibe da música jkkkk esse ficou um tanto sem energia,@naoeonomequeeuqueria,2024-08-22T18:24:23Z,1
"Taylor, if u see this, I want u to know that I am one of ur biggest fans. I have been a fan since 1989. I love all of ur lyrics, and u inspire me so much. I went to London N7 and I had the best time ever. I even lost my voice a little! Ur lyrics and vocals are so iconic. I would love to meet u someday!!!!!!! THIS SONG IS A MASTERPIECE!!!!! Love u Tay!!!!",@avery.moody27,2024-08-21T10:58:31Z,1
"All the emotions, the hard work, the excitement and love ❤❤❤🎉🎉🎉🎉😊😊😊😊",@kamyasaxena6160,2024-09-04T15:07:49Z,1
Your music has a depth that touches the soul. Each composition seems to tell a story that resonates in a unique way in those who listen to it.,@InteligenciaMusical-k9x,2025-01-13T01:04:17Z,1
That air piano part was the most striking moment in this for me. She looks so deep in reflection.,@hugomendoza5665,2024-08-24T17:02:46Z,1
I am so happy Mark Rober finally beat tailor swift in subscribers,@MRayyan744,2025-01-12T19:10:38Z,1
Not a swiftie tho but always loved her songs and still loving it❤ feeling all the emotions that I have never experienced and those I have experienced makes me feel more of myself I love her haha just wanna attend her concert once ❤,@pjm_31,2024-08-27T11:10:09Z,1
That Live Concert Music Video reminds me of RED (2013)🕰️⬅️ and NEW ROMANTICS (2016)🕰️➡️ vibes 🤔💭,@diosdadodionisio7335,2024-08-21T03:08:25Z,1
NEW ROMANTICS MV VIBES😭,@itw4smaroon,2024-08-21T13:06:50Z,1
The worst video,@aldo3860,2024-08-27T05:11:09Z,1
Great lyrics; she and kelly m should collab on this.,@anonymouse7877,2024-12-31T02:52:18Z,1
"Aw, corny but cute 🌽🌽🌽🌽💝 horrible song, truly an awful sound. Literally I actually might even hate it entirely as a music piece but for some odd reason I still have a soft spot for the Swifties and the swift herself, a chance exists, must be the human in me💟🌽👩‍🎤",@CCCTTT3737,2024-08-26T07:47:52Z,1
"I can’t stop crying by watching this video and listening to this amazing Taylor’s masterpiece. I’m 17, I’m in japan I’m having so much exams to pursue my future career,at the same time, I was forced to do so under my parent’s huge expectations.  I want to stop this cruel hard life,but I’m not giving up continuing in agony.  BECAUSE I AM SWIFTIE !! She would never give up if she were me.            Thank you for reading my poor English, but my dream as a swiftie is to be able to understand all of lyrics and emphasize her feelings. -from Japan high school swifties",@hanana531,2024-08-21T01:44:30Z,1
"This is one the most humble and kind human beings on earth. I remember those days while I drank for 20 years. His story is deeply inspiring. 15 years sober now, I still remember where I was at in my life when I had my last drink. Thank you Post Malone for being so genuine and reminding us how beautiful life truly can be...HOPE.",@ThatBigN8V,2024-08-21T18:49:22Z,1
"Taylor, I know there is probably a 1 and thousand chance of you seeing this comment but I wanted you to know I love you so much the moment I hear one of your songs I start singing the lyrics immediately I have been wanting to go to your concert for 1 year but I can’t and it would mean the world to me if you  respond to this or even just like it I LOVE YOU SO MUCH❤❤❤❤❤❤❤❤❤❤❤❤❤❤❤❤",@stGradeRockstars-,2025-03-15T18:05:57Z,1
"This is by far my favourite music video of hers now, it was pretty tough to beat All Too Well and The Man but here we are!!!!",@stopmotionstudios4261,2024-08-21T06:53:35Z,1
"Strong powerful physique, is she trans?",@Ben-x8p8t,2024-09-27T20:46:47Z,1
I love you Taylor whenever you helped me through the hardest time in my life when my parents got divorced and my dad hit my mum i kept having CPS and police detectives to see if i was okay tysm for helping me through all of that! we were homeless back then ! I would always put one of your songs on and dance to the beat xx I LOVE YOU TAYLOR !,@Lucy-o2f7c,2025-06-21T09:46:14Z,1
omg i love taylor shes the best musician in the world like why do people hate on her shes kind and beautiful and she has the best singing voice in the whole entire multiverse,@PiperHaas,2024-12-07T21:00:54Z,1
This gives me New Romantics MV vibes,@notsurebutwillbe,2024-08-21T13:00:14Z,1
"""FROM BROKEN TO BLESSED ""BY TAJ PACLEB POWERFUL WATCH TRUE AMAZING STORY FROM HAWAII ENJOY UNMISSABLE WATCH ❤",@max-nm6qx,2024-08-29T04:52:53Z,1
I don’t really have money to buy a concert ticket but your always in my heart And  im a Swiftir  i hope u see this comment becuase everybody loves  u deep in there heart love how kind u are and u support uther poeple the only wish is to meet u im a girl this is mij brothers acount❤️,@nsbucky2585,2024-10-05T15:04:34Z,1
This beat is infectious! Can't help but dance every time.,@MúsicaparaDormir-t5m,2024-08-24T08:25:48Z,1
"The video makes me miss the memorable experience when i was immerged myself in the concert in Singapore. The songs were from my childhood i listened so much on my tv until now I still listen her songs repetitively. Hopefully, she can have another concert in the future and i will be in her concert",@MaiNguyen-uy2jy,2025-07-15T15:38:10Z,1
Who agrees that the chorus is so catchy,@squishmalloweditz-j8b,2024-12-24T03:29:50Z,1
This song is a modern Mona Lisa. The EDM parts are so attractive and beautiful. The lyrics are so proactive and clean ❤❤🎉🎉,@jpkqz.703,2024-08-21T10:32:50Z,1
Terrible music just awful,@RALAJHSTARKS-u3p,2024-09-07T14:09:50Z,1
47 and emotional 😂❤,@sspence5784,2024-08-21T08:56:19Z,1
"Slaying, always. Even when the world just wants to beat the life out of her, she will always win. Because she’s made of love.",@Fortheluvofgem,2024-08-21T11:44:59Z,1
She’s the best cat lady in the entire universe 🛸🛸🛸🛸🛸🐈‍⬛,@Kimberly-qg3ks,2024-08-21T18:04:15Z,1
I actually like the other video better (from The Eras Tour movie) cause the timing and gestures with lyrics there are so perfect!!,@iblueys,2024-08-21T19:35:34Z,1
"I don't know how it's possible, but she somehow combined all my emotions and what I'm going through irl into one song 😀😀😭😭",@PenelopeEaton-q3x,2025-02-20T03:33:12Z,1
👨‍👩‍👦‍👦💨 *All your music's fake because of what you do in private get togethers it is just awful yeah people love you they must love hate children too because you do!*,@FirePlacement-di8go,2024-09-11T17:57:31Z,1
Rip Taylor swift worst singer in the world 🤮🤮,@Crezgame2,2024-08-22T10:06:42Z,1
But why did I cry with such a cheerful rhythm 😭,@linaedith_,2024-08-22T06:38:42Z,1
I wish i was one of those swifties in the vid its literally so perfect capture all emotions and feelings,@Swiftie_13.87,2024-08-21T20:13:14Z,1
This is very very powerful 😭😭😭😭♥️♥️♥️,@Maxthefirst.,2024-08-22T08:00:58Z,1
She is spooky her songs. Don’t even have a rhythm is just saying boo-boo.Boo boo🤢🤢🤢🤢🤢🤢🤢🤢🤢🤢🤢🤢,@bczeruogo,2025-01-26T13:58:54Z,1
"It's giving ""NEW ROMANTICS' vibe 💯",@ashmita-204,2024-08-21T03:15:33Z,1
❤ I subscribed to your channel. I appreciate you are using your powerful influence to be in the right side of history and advocate for everyone. This talks about lot about what values as person you have.,@72capital53,2024-09-12T00:50:30Z,1
getting all the fearless music video vibes 🥹,@roji.ar1,2024-08-21T06:13:52Z,1
"💔❤️🌻🙏🏻🙏🏻🙏🏻🙏🏻🙏🏻🙏🏻🙏🏻🙏🏻🙏🏻PLEASE RELEASE A TAYLORS VERSION OF BOTH Reputation and your Original 1st Album... Please please please! I need it. I especially need the acoustic version of ""Dancing with my Hands Tied""... That was so healing for me during my current divorce process. Please release the acoustic version of that song please please. 🙏🏻🙏🏻🙏🏻🙏🏻🙏🏻🙏🏻🌻❤️💔",@jeanbest9995,2025-06-19T07:36:50Z,1
The fact that we were clowning for Rep tv and she dropped this beauty is absolutely ICONIC! Unforgettable night!❤,@annavolokhova6283,2024-08-21T04:50:02Z,1
Cam is a whole other vibe 😂❤,@JamesDunleavy-l9c,2024-08-21T11:00:14Z,1
"The chorus of this song sounds exactly like another pop song.. Which song was it? It is pretty much the exact same melody and sound. UPDATE: Found it. ""Everything is Embarrassing"" by Sky Ferreira (2012). Ouch. Stolen. I hope Sky gets paid.",@laurenell1112,2024-09-11T20:39:06Z,1
I am the only one to cry? She offers so much emotions with this tour ❤,@Charmix16,2024-08-21T08:51:10Z,1
"One of the most catchy songs on the album! Once it gets in my head, it never gets out! Love it💖",@LilBraille,2025-05-25T01:45:40Z,1
This is just a vibe ❤,@WheelsZ1,2024-08-21T01:56:02Z,1
She really should get help with the lyrics,@Kiddowesth,2024-08-21T08:23:29Z,1
Got another top fan badge on Facebook. They’re diamonds 💎 I’ll synthesize myself.,@Projecx,2024-12-07T07:44:02Z,0
"I don't get the attraction.  She overproduces average pop music, her singing sounds coached and contrived, and she can prance well enough.   Maybe if a natural beauty like Joni Mitchell or Carly Simon had dressed and strutted around like a Vegas chorus girl, it would make some sense.  What am I missing?",@tonyreilley2842,2025-01-14T15:33:14Z,0
Taylor is a powerful and beautiful woman. She and her crew put so much work into the eras tour. The eras tour and Taylor changed lives,@Sillylilmonkeyjumpingondabed,2024-08-23T07:06:39Z,0
"Powerful resilience in this one. As a southern rock artist, my songs echo that same unstoppable spirit—give them a listen if you're feeling it. 🤘❤",@Joshuatracks,2024-11-29T20:20:35Z,0
"Swift’s artistic vision and emotional depth shine through, making it a powerful and memorable visual experience. ",@Developerexpertpro,2024-09-06T14:43:04Z,0
Omg I don’t know why I feel so emotional that is awesome,@theohaha,2024-08-21T07:10:12Z,0
The Swiftie Universe Loves You!,@jaycito4717,2024-08-21T12:18:00Z,0
Hanna montana the movie vibes 💗,@vaniaibanez444,2024-08-22T01:43:35Z,0
Hello you too much you're the worst and you're the worst you,@dodoshanna7239,2024-10-12T15:36:16Z,0
"""They say the hardest part of love is realizing they were never meant to stay… 💔 I turned that feeling into my own song called 'Never My Prince.' If you love songs that tell deep stories, you might like it too. Would love for you to check it out!""",@missprincessvibes,2025-03-17T16:58:06Z,0
Guys I have a new chant idea! After ‘WHOS afraid of little old me’ we will scream Ike ‘ah’ really high pitched,@Siennasbrightlife123,2024-08-21T20:39:54Z,0
"I’m not joking when I say this is one of the worst songs ever created. Lyrically, sonically. At this point she’s just doing the absolute bare minimum and she’s getting away with it.",@KyuubiNemesis94,2024-09-02T13:36:48Z,0
This song is so annoying,@duolangue96,2024-08-28T14:19:24Z,0
It's so exciting to have lived an experience like the Eras Tour and to see how the team has beautiful vibes with Taylor🫶🏻,@nahiagustina.ramon01,2024-08-21T07:53:16Z,0
"Taylor Swift never fails to deliver! This song is so powerful, and the video captures the emotion perfectly. I’ve had it on repeat – it hits right in the feels! ❤🎶",@JavierSalinas-r3s,2024-08-21T12:28:39Z,0
"I've been going through a lot lately and this just made mine and I'm sure a ton of other swifties' day!! Thank you Taylor so much!! 🤍✨ Also, throwback to the rep era bts and the making of. I'm getting nostalgic!",@daphnedaffodil1838,2024-08-21T08:26:03Z,0
"I wish the Vocals were a lot clearer,,, and so muffled, I have the volume up but can barely understand her..",@eddiespain2410,2024-08-31T20:01:41Z,0
"An adjustment is what i was needing, thanks for bringing it to me. Super excited now for Shang- daughter weekend 3 yr in a row. Going to miss Harmony Park..Makes it's hard know it is going to be awhile before i go back",@carmenarteaga-schutte3705,2024-08-26T06:05:35Z,0
"If this message finds you, realize that you are WONDERFUL! Life's rollercoaster of emotions, from grief to joy, is daunting yet formative. Keep faith; improvement is on the horizon. I wish you happiness, serenity, and beautiful experiences, under the watchful eyes of the divine.",@lovesong1108,2024-08-31T00:48:11Z,0
It's giving New Romantics mv vibe✨,@octo911,2024-08-21T09:22:28Z,0
"Am I the only one actually concerned for her mental health, especially in the light of these lyrics? Like, she never gets a break from that pressure, and her enduring isn’t admirable, it’s concerning.",@RIAMARCILJ,2024-08-21T13:55:32Z,0
"Great video, but I prefer the official lyric video because I think it depicts the sadness of the lyrics more.",@juliedillman2990,2024-08-21T20:22:12Z,0
Thank you Taylor for the fantastic eras tour and all the efforts you put into it! Attending Eras tour with my friends and my brother was definitely an amazing and unforgettable memories!!,@sunnyhuang5098,2024-08-21T16:00:42Z,0
Watching this makes me feel so emotional; it really takes me back to the day I was standing in that crowd🥹🙏🏻,@beautyloverlisa310,2024-09-21T20:02:16Z,0
"imagine you have to remember all those choreos, lyrics and notes when playin guitar and piano for 3 HOURS, it's longer than musicals or any show!!!",@skylight_gameuse,2024-08-23T09:04:02Z,0
"“Even if she doesn’t love me anymore, I’ll always carry her in my heartbnot to chase her, but to honor what she meant to me. My love doesn’t need her to return it lives in how I treat the world, how I grow, and how I never let this heart turn bitter. That’s how deep my love was. That’s how real it still is.”",@Beautyofnature1494,2025-07-28T19:12:58Z,0
Don’t let urcristiano beat Tay  Tay ❤,@errorcodemonke9369,2024-08-28T13:16:08Z,0
She is very deep in love cuz the one she loves always there to boost her energy,@hannah8267,2024-10-17T15:22:48Z,0
This song is so deep https://youtu.be/hL4tlUiyMfI,@KatMoo-BookGuru,2024-11-28T15:49:42Z,0
Taylor is a strong woman and is very powerful and she using that for kindness unlike some other people,@mariolahodun3353,2025-01-26T15:45:13Z,0
"Taylor, are you truly really okay? You deserve true happiness like everyone else. These lyrics are deep & depressing… I hope you find healing & true happiness!",@chidinmakingheartumeh,2025-04-30T22:08:46Z,0
"my ""in your dreams"" dream would be a 2 year document series after the tour has concluded with new weekly episodes dedicated to each collections of shows for all the performed in cities. insights i would love to know are 1. permits/red tape for each city to be able to perform these shows  2. Taylors reaction to the massive crowds in and outside stadiums 3. logistics of getting everything to and from cities and all the drama we don't see with that aspect. 4. how she picks the surprise songs 5. all her friends/family coming to the shows and their conversations 6. set list changes and costume changes. 7. All of the emotions and conversations for the shows that had extreme difficulties (Like South America & Vienna) .  I know that wont happen but that's why its a dream",@jessicafoss,2024-08-21T15:22:07Z,0
"The emotion, the lyrics, and that unforgettable melody—everything about this song is perfection🎶",@myhanhtran4950,2024-08-21T04:08:49Z,0
This song is so catchy! It's exactly the vibe we feature over at HitzMe. Anyone else obsessed with this vibe?,@HitzMeMusic,2025-05-06T00:54:28Z,0
"I'm so emotional and I don't even know why. I'm just glad I witnessed the eras tour live, it is a memory I'll hold on to forever.",@bevbevbev_,2024-08-21T08:01:55Z,0
"electro 80's music beat, i like it",@jorgecotyzen4162,2024-10-09T04:29:29Z,0
UR Cristiano will beat you in subs,@Владимир-ч1т1э,2024-09-09T23:37:40Z,0
Melody Wells,@ShaunSteele-n7b,2024-09-03T01:21:55Z,0
Taylor Swift has the worst YouTube channel in the world,@melaniehamann5571,2024-08-31T03:19:21Z,0
Its beatifual clip,@Oliviarodrigobloxversion,2024-08-21T09:24:51Z,0
This catchy tune and the tour footage is the perfect marriage!😊,@scottietheshark,2024-09-01T21:18:04Z,0
Do you understand how powerful hotdogs are?! 🌭,@DragsOfDestruction-m2x,2025-08-01T13:35:45Z,0
"Every chorus is anthemic, making you want to sing along at the top of your lungs.",@RicskyMusic,2024-10-17T14:00:58Z,0
This song is very deep. I love it ❤,@nataliedemers4360,2025-04-18T01:09:58Z,0
why is it giving barbie movie vibes hope her voic eis in one of animated barbie movies if possible....,@shreya5916,2025-05-06T12:59:36Z,0
So annoying,@lucky_duck323,2024-12-17T16:32:10Z,0
#LoveVibes360 first watch❤ if you satisfy subscribe 🎉,@nasmadhushanka,2025-05-03T16:24:13Z,0
ITS GIVING NEW ROMANTICS MV VIBES,@StielOcampo,2024-08-21T05:55:39Z,0
THE RHYTHM AND LYRICS ARE SO CATCHY WHATT,@MarisolFernandez-g2s,2024-10-28T21:06:56Z,0
Idk why the official cleaning cart confirmation makes me emotional 😭🩷,@KaylaNoel101,2024-08-21T03:51:01Z,0
I dont want to be annoying but I still want to know when Reputation TV will be released,@FSportuguese,2024-08-21T03:38:15Z,0
"""Taylor Swift never fails to pour her soul into every song, and *I Can Do It With A Broken Heart* is no exception. 💔🎶 The raw emotion in this video truly captures the essence of heartbreak and resilience. Taylor’s vulnerability shines through, and the visuals take us on an emotional journey that feels so personal. Every note, every lyric—powerful and relatable. She’s truly the queen of turning pain into art. 👑❤ What an incredible piece of storytelling and music! #BrokenHeart #TaylorSwiftMagic""",@Mussannahnovas,2024-11-26T12:41:28Z,0
Is anyone else getting major Fearless music video vibes from this video??,@strangest.collector,2024-08-21T03:31:28Z,0
"A suprise we needed alot!!!!!! This is so much better, it gives “New Romantic “ video vibes.",@tanishabhandary8089,2024-08-21T03:31:23Z,0
I wish i could feel your vibe. IRL. In her prime is on point.,@JordanGraham-ur3ll,2024-08-30T03:32:36Z,0
"If universe won't allow me to be there. I admit, i felt jealous that many of you can see this live in physical contact. But I realized, I'm fine and okay for what I had ❤️ cause I'm really trouble when I walk in 😅",@KARMA-z2j,2024-10-26T14:50:52Z,0
TS ngl ur giving pick me vibes but this song is still slay,@Jacklynn-h8r,2024-08-22T21:45:33Z,0
"Dear Taylor, People have been saying that you are going to make a new album. Can you add the name “Melody” for me? It would mean so much! 🥺",@PiggyLover-zp8eu,2025-03-21T23:31:25Z,0
The outfit is giving Major Rep vibe.,@maongatsong2958,2024-08-21T02:50:12Z,0
"This song hits all the right notes! The emotions are so raw and real. The visuals perfectly complement the lyrics, and I can't get enough of it. Truly amazing work!",@HeatherSeagroves,2024-08-21T12:14:52Z,0
All those fans singing the lyrics so perfectly made this video even better💝💝,@ShohiniRoy-p6e,2024-08-21T13:42:50Z,0
Why did this make me so emotional? 😭,@JanetSnakehole43,2024-08-21T02:18:11Z,0
"I knew it! All the easter eggs made me think a video 😅.  Everyone is wanting Rep TV, calm down it will come and this is why she said fans wanting more. I know its hard but let her do her job. Rep TV will come, stop pushing it because it takes a lot for her to rebrand and make new lyrics.",@brittanymason4998,2024-08-21T02:14:23Z,0
The vibe ❤,@Incognitowitch-p4n,2025-04-18T08:53:39Z,0
"This is so amazing she is so amazing! She is so powerful and let’s talk so it the absolute best performance ever in history! The eras tour! I’m so thankful to have Taylor in my life as an artist! I love her so much, and hope one day I could meet her! Love you so much Taylor you are such an amazing person continue to be the greatest person in the world! ❤",@Riley-p2k,2024-08-21T02:04:50Z,0
"Giving ""New Romantics"" vibe",@br1mca,2024-08-21T23:49:08Z,0
"Taylor, I have been waiting for this for so long. I am a huge fan and love all your albums, songs, lyrics, and you. This video was so fun and creative. Thank you SOOOOOOO much for doing what you do best. Inspiring people and having fun. And being an uplifting person. LOVE YOU TALOR!!!!!",@lordkate,2024-08-21T01:44:33Z,0
Nearly cried from this one. Hearing the lyrics while watching the process. This woman is so strong and I love her 💕,@arianavail,2024-08-21T01:35:23Z,0
"Love you taylor ,this got me emotional ❤ love you always",@avanipatidar3401,2024-08-21T14:36:09Z,0
4 chords,@J.L.1705,2024-10-10T23:35:22Z,0
Worst music ever created.,@PeterTierson,2024-11-02T04:00:22Z,0
"I’m proud to say I know the lyrics to every Taylor Swift song now, I am a real swiftie 💕",@dominicsdailyvlogs178,2024-08-21T03:14:03Z,0
The saddest song with the most cheerful beats!,@aimmybusabongkot4790,2024-08-21T13:08:12Z,0
Why do I feel emotional watching this 😢,@jenniferletran1127,2024-08-25T01:12:43Z,0
I LOVE YOU TAYLOR IN EVERY UNIVERSE🥺💓🎀,@iahshanelle,2024-08-30T14:07:57Z,0
Awful junk music.,@darkspy666,2024-12-09T11:27:50Z,0
"not minding the lyrics, just smiling whole through out the video",@uncleglyn,2024-08-21T06:02:31Z,0
"Don't forget, that the onwer of the best and strongest Supernatural powerful is our Highest Holy Almighty Creator. We never where is our Highest Holy Almighty Creator but Im sure, he wants for the best of this world specially changes for the best to all of us people, only his Workers.",@holyalmightycreatorgroup2015,2024-08-22T05:57:50Z,0
"Taylor Swift: auto tuned backing tracks, large % of live is lip sync and live vocals auto tuned...they pay to watch her dance",@martincvitkovich724,2024-11-11T20:55:33Z,0
Ugh this music is not memorable; the lyrics don't have any deep resonance. I don't get the hype about her at all.,@Ayan44,2024-08-24T15:14:30Z,0
i’m so emotional 😢,@queenalim,2024-08-21T08:40:07Z,0
"TAYLOR IS SOOOOOO BEAUTIFUL AAAAA I LOVE YOU TAYLOR, THANK YOU FOR EVERYTHING, UR SUCH A WONDERFUL AND POWERFUL WOMAN, EVEN THO I WON'T GET TO GO TO THE ERAS TOUR, I'M GRATEFUL TO BE IN A GENERATION WHERE YOU EXISTS😭❤",@itz_Eunicegacha,2024-08-21T14:46:51Z,0
"What’s happened to music, best pop star is now Taylor Swift who is not honestly bad. What happened to the Beatles, wonderwall, queen and MJ",@aaronyboi1232,2025-04-03T19:42:05Z,0
Are people aware that this is technically an awful song,@leightongraves8775,2024-12-14T12:54:00Z,0
1:45 fortnight vibes❤❤,@irenemartos1756,2024-08-21T08:31:22Z,0
This video makes me emotional!!! She really works so hard! I'm so proud of her and all she's accomplished.  So glad to live on this timeline with her. It's been a pleasure to see her transform since her 1st CD. She's a mastermind!,@aalejandre1,2024-08-21T07:29:03Z,0
Are we emotional balancers or balancers' emotions?,@graysonsoldahl,2025-04-05T03:51:00Z,0
"Taylor Swift has done it again! 🎶✨ 'I Can Do It With A Broken Heart' is a stunning mix of vulnerability and strength, perfectly capturing the emotions of healing and resilience. The visuals, the lyrics, the storytelling—absolute perfection! ❤👏 #TaylorSwift #TheTorturedPoetsDepartment #ICanDoItWithABrokenHeart #SwiftiesUnite",@IntimaciesInfo,2025-01-28T14:52:02Z,0
"Such a touching moment every single time! It's incredible how Taylor can evoke such deep emotions, making even the simplest moments feel profound. Witnessing this kind of connection reminds us of the beauty in genuine human bonds and the timeless power of love.❤",@LuxMusek,2024-09-21T15:55:58Z,0
This is not a lyrics it's an emotion 🥰🖤🖤🥰👌🎬,@sanjayjerryofficial4u,2024-08-23T09:50:02Z,0
"I love this video, but it makes me pretty emotional because I love Taylor so much 🥺🥺 I really really miss her and she’s just so important to me and I really care about her and yes I’m missing her 😭 want to go back to my eras tour❤️",@skyeruthardt7616,2024-08-21T16:51:49Z,0
Youtube slashing the bitrate for free viewers is so annoying,@theShadeslayer,2024-08-21T05:17:04Z,0
❤❤❤love it!! I will definitely miss this tour when it’s over 🥹 I’m always looking forward for the livestreams💖 the acoustic sections man I will miss all her song mash ups 😭😭😭 but she deserves to relaxed spend more time with family and maybe get married and start  a family of her own ❤❤❤❤,@mjvance7956,2024-08-21T01:56:52Z,0
taylor is the worst tbh but the swifties worse tyler the creator is better,@ABX-t9l,2025-01-25T12:00:52Z,0
"Taylor's exceptional lyrical skill inspires awe, crafting immersive experiences that transport listeners to the core of each song. Her masterful storytelling enables vivid visualization within its narrative framework. Her talent constitutes an extraordinary contribution to the music world. The global musical landscape is enriched by her presence. Should you have the privilege of witnessing her live performance, consider it a rare gift. Her legendary status will endure perpetually, transcending temporal boundaries ❤",@toniciarfella,2024-09-18T04:31:37Z,0
"""UNCLEAN SPIRITS UNPLUGGED ""BY JOHN LOMACANG EX DJ FROM THE BRONX POWERFUL WATCH ❤UNMISSABLE ❤",@max-nm6qx,2024-08-29T04:52:14Z,0
Why all her songs sound the same how do y’all know the lyrics,@Malcolmblacc2024,2024-08-27T20:01:37Z,0
"I'm just here, to listen to the lyrics after watching Smile2.",@renevanderwesthuizen1520,2024-12-08T07:33:46Z,0
"Yes, Taylor when your a Sagittarius & you get hurt or someone breaks our heart in a million pieces we go to work!!!! Success is a beautiful & powerful form of healing and revenge all at the same time!!!! Especially if he tells you that you can't do it without him...",@sunnyside_up6460,2024-08-21T22:38:05Z,0
"Her songs seems so generic, I don't get the praise",@a_naotenhonome780,2024-09-12T19:43:49Z,0
This video makes me so emotional omg. So proud to be a part of this unbelievably wonderful community,@marilunam,2024-08-21T14:32:55Z,0
"I can't stop watching! The visuals, the sound, and the emotions in this video are all fantastic!",@HitWavePop-c3n,2024-12-25T14:31:16Z,0
this beat is hacking my brain!,@TobyManuelito,2024-08-22T12:47:13Z,0
💔 Taylor's voice hits so deep in this one. The emotion is so raw and real! How do you think this song compares to her other heartbreak anthems? 🎶 I can't stop replaying it! 😢,@PetCareWorld365,2024-08-23T10:32:58Z,0
"This is first time I heard this Swift person sing. A lot of people like her, so I thought I should check her out. OK, I came I heard, and I don't get it. Am I the only one who don't get the swift thing? She's passable in vocals, but I don't think she great. I've heard way better. Why is she so popular? I don't get it.",@AtomicChicken-c1q,2024-10-18T16:39:25Z,0
"Wow, this track is absolutely amazing! Taylor's voice and style are just unmatched. The lyrics, the melody, everything is pure magic. It really captures that special feeling she brings to every song. I actually created a song inspired by her style too, and I'd love for you to give it a listen. Here's the link: https://www.youtube.com/watch?v=dzHxodaQ5h8. Hope you enjoy it!",@All-in-One-BTS,2025-02-22T20:24:00Z,0
I am so emotional and teary-eyed watching this MV. Only those who get it will get me. 🥲,@denisemartha,2024-08-21T08:21:50Z,0
Such a vibe ❤🎉🎉🎉,@WhimsiStudy,2024-08-21T13:59:02Z,0
Gosh that song is awful!,@Stronggi,2024-08-21T11:22:39Z,0
This made me emotional - end of Europe tour - feels like the end of an era,@QueenoftheNorth,2024-08-21T12:34:47Z,0
Taylor is such a powerful woman I wish I could meet her ❤! I'd do anything to meet her.,@S1mplyNina,2024-09-26T20:28:41Z,0
are you okay I couldn't help notice how depressing the lyrics are,@Violetchengg,2024-08-22T16:58:28Z,0
Can she sing acapella?  No! Another voice drowned out by synthesizers. As phony as they come.,@truthbetold4120,2024-09-15T08:40:05Z,0
Who agrees that some of the lyrics in the clean version is better than this one x❤,@Swiftie_Rules1123,2024-08-21T07:12:52Z,0
Is it me or are the shoes at 1:31 are giving me rep vibes? 🤡,@dooditsheather1,2024-08-21T05:08:28Z,0
"Oh I so love this. The parts of rehearsals & the fun & enjoyment, let alone the brilliance of the lyrics. I ❤ TS.",@zoea2812,2024-08-21T09:16:58Z,0
"OMG!!! Infertility, severe emotional damage & a whole lot of daddy issues. So this is who the swifties look up to.",@zotives,2024-08-22T23:02:20Z,0
"Única e irrepetible. Admiro profundamente su inteligencia emocional, su maravillosa capacidad de resignificar sus poesías y melodías a través del tiempo. Taylor es atemporal.",@claudiadanielaigoa7649,2024-08-21T17:28:00Z,0
i can’t stop watching!!!! i’m so emotional 🥹🥹🥹🥹 eras tour in paris & lyon were the best nights of my entire life and now I CANT LIVE WITHOUT THIS FEELING,@paultrz04,2024-08-21T11:42:51Z,0
BROKEN HEARTS DONT BEAT. TT❤,@Scarletv-f5j,2025-06-11T10:54:45Z,0
New Romantics vibes,@bang0914,2024-08-25T18:38:25Z,0
"Ronaldo is almost beating your sub count lol, just only in 8 days 😂",@SLH_44Editz,2024-08-30T03:57:28Z,0
Whats uuuup check my new Beats right now,@chriskali1470,2024-08-25T13:55:33Z,0
I have new Romantics vibes :),@wawawekii5937,2024-09-21T10:35:38Z,0
"idk why but this video is so satisfying, the beats and the part where its like ""and they chanted MORE""",@AmeliaAngela239,2024-11-24T01:40:09Z,0
Why am I lowkey emotional rn😭 this is amazing,@akshajprasad1570,2024-08-21T10:10:26Z,0
Looking back in my 2mons vacay somewhere at Subida  specifically in Tuban playing along in all state. Highs and lows. The Genuine beauty 🎉 priceless getting to know the shape of love. The vibe and emotion i love the song ❤❤❤,@Sandy-m4h,2025-03-20T11:56:58Z,0
This song is so annoying that this keeps playing everyday...,@jorgemedina-gb9fj,2024-10-31T04:49:19Z,0
I see they are limiting comments. Classic behavior from the powerful elite. 🐍🐍🐍🐍,@Jordan-pn7fy,2024-09-13T14:04:04Z,0
"""I act like it's my birthday, every day,"" - DEEP cut to al us girlies who hate ourselves.",@maijavarda2482,2025-01-19T01:36:58Z,0
"How Taylor Swift makes billions from her music. With mine, I have put 9 compositions online since the beginning of the year, I earned 4 euros and 68 cents on bandcamp.",@epteloru,2024-11-15T01:55:20Z,0
Awful,@Doxerwolfisascumbagbtch,2024-08-21T11:18:43Z,0
This song is my ringtone bc there are some days where I just stay in bed but I have to keep moving. This song helps me so much.❤ Love the MV!!,@christineslack8779,2024-08-21T06:28:42Z,0
"Couldn't afford a ticket, but could afford the internet bill to watch these immaculate vibes on yt 🔥",@VillagerBudz,2024-08-21T15:51:11Z,0
Turns out Tay Tay massive bully with Blake Lively awful,@Dubaihabibti,2025-02-02T12:03:30Z,0
"If this message finds you, realize that you are WONDERFUL! Life's rollercoaster of emotions, from grief to joy, is daunting yet formative. Keep faith; improvement is on the horizon. I wish you happiness, serenity, and beautiful experiences, under the watchful eyes of the divine.",@Musicmix1108,2024-08-27T01:31:29Z,0
Such an eighties vibe at 03:17 Love it!!,@dazzerman189,2024-08-21T17:06:00Z,0
"My least favorite kind of song from Taylor.  She been hurt but can go on, but really the hurt doesn't show in the song.  The song is mainly upbeat cheery Taylor song.  It's not really honest.",@jamesdeich6102,2025-01-17T23:28:14Z,0
"I am just so, so sad the tour didn't come to India. This video makes me emotional",@shubhangimisra29,2024-08-23T13:21:00Z,0
0:46 anyone get delicate MV dance vibes here??? more rep clowing 😳taylor come on!!!,@SaeeTheCuber,2024-08-21T05:54:59Z,0
The eras tour is the beat tour ever,@lunarivera2002,2024-08-21T10:14:31Z,0
new romantics MV vibes🤍,@1989TaylorsVersionn,2024-08-21T03:27:24Z,0
TAYLOR COMES AGAIN WITH MORE RELATABLE LYRICS! I cannot describe how much I love you Taylor! I explained everything I love about you in The Story Of Us music video. I WILL FOREVER BE A SWIFTIE <33,@laurainyoarea,2024-08-22T02:46:53Z,0
Nice beats 🔥,@matermixmj1836,2024-09-16T04:52:00Z,0
I love taylor swift shes just amazing and so powerful this may be my new favourite music video!,@jasminef9507,2024-08-21T08:56:49Z,0
Ronaldo is coming to beat you,@wvxg,2024-09-09T05:48:28Z,0
Love the vibe ❤️🛸⚡️🧲,@GrandmasterUV,2024-09-09T16:50:28Z,0
"""Taylor Swift never disappoints! Her songwriting is so raw and relatable, and her ability to capture emotions in every song is unmatched. She's truly a musical genius!",@ElianaVib,2024-12-07T20:49:03Z,0
OMFG how annoying is she?!,@MaryJubilee-f8l,2025-08-07T20:26:47Z,0
RONALDO BEATED TAYLOR..,@Editor_saad,2024-09-13T22:25:28Z,0
whats magıc musıcc beatflll  :),@tengrice,2024-08-22T06:34:44Z,0
Idk but the background 80's beat doesn't really fit the lyrics. I like the 80's beat though.,@leoaguinaga584,2024-10-24T00:26:54Z,0
"Mamma mia Taylor! Tu sai sempre come stupirci! Questo video del backstage è meraviglioso ❤lo aspettavamo da tempo! Soprattutto aspettavamo di vederti sul carrello delle pulizie per capire come ti saresti trovata lì dentro!!! 😊 Amazing! 🎉 Questo video è un memorabili ricordo di memorabili tappe nel mondo di un tour che mai dimenticheremo e dimenticherai. Divertimento allo stato puro ❤grazie , ci mancherá tutto questo.❤😊",@MsGemma86,2024-08-21T09:40:22Z,0
New romantics vibe,@thefireflysparkle,2024-08-21T05:48:12Z,0
It was enchanting to meet you in Hamburg Mum ❤🥹 Unforgettable,@Lovefashion-l1k,2024-08-21T04:45:43Z,0
her song always give me energy and positive vibe.......,@studygostudy-o8h,2024-08-21T10:25:55Z,0
Amaiiii kochirungu huchi magudusludhu aya Taylor ndazipigwa #Goodvibesdaddie  signing in 🎉❤,@tafadzwachitate9914,2024-08-24T07:18:32Z,0
The lyrics sound like it was written by AI,@ricktyman4709,2024-08-21T11:02:42Z,0
I AM SO EMOTIONAL RN,@raquelcpalma,2024-08-21T08:27:12Z,0
Nah cause the stage looks so goofy without the effects 😂😂😂,@MiriamLiederman-o5y,2025-01-26T08:27:14Z,0
Illyas butter borg. Bungle face dug now zenocrap. Fever pitch. Bubble ball babes. Picks his nose. Toe nail ick. Smaokes in bathroom. Planes and train. No pay. Cheese too. I see all paper walls. Favorites. Classic guitar bois. Bourgeouise. Lenses. Naughty cheeks.,@Bionicgirl05,2024-08-22T12:46:33Z,0
Deep as f*ck.,@scn9621,2025-01-22T12:46:54Z,0
Sadly none of any her song will be timeless. Can never beat Freddie Mercury or Beatles or Led Zeppelin.,@phng-c7c,2024-08-21T15:29:11Z,0
I have been a fan of Taylor for almost 6 years now and I can say she is an amazing woman she is powerful in every single way and this song and all of her other ones prove that point.,@sydneyreynolds2765,2025-01-18T12:10:44Z,0
"new romantics vibes, I looove💕💕💕💕",@anavictoriamejiarecinos7448,2024-08-24T14:22:25Z,0
Dear Taylor I have been dieing to go to one of your concerts but I don’t have the time and money for that so all that I’m asking is can I meet u in person pls- from keystonekate,@Officialkate.byrnee,2024-08-26T17:41:08Z,0
"Did anyone else who went to the Eras Tour feel emotional watching that? Because, same 😢",@katiedavies8562,2024-08-21T16:47:29Z,0
❤❤❤❤❤❤❤❤❤❤ I AM THE BIGGEST SWIFTIE IN THE ENTIRE UNIVERSE,@Sophiaaa-2013,2024-08-21T07:22:15Z,0
It’s so emotional 😭❤️,@KaungKaung-ut2fz,2024-08-21T03:02:43Z,0
i love it. It makes me so emotional 😭😭😭,@meb234,2024-08-21T04:54:32Z,0
"Ok I’m not a Taylor hater but this looks more like a glorified lyric video, but without the lyrics",@Silly_Dill,2024-09-03T00:54:22Z,0
She is the vibe tho,@Shreck_lover,2024-08-21T20:04:45Z,0
"This song hits all the right notes! The emotions are so raw and real. The visuals perfectly complement the lyrics, and I can't get enough of it. Truly amazing work!",@HeatherSeagroves,2024-08-21T12:14:34Z,0
The lyrics ❤,@irakozeinglidsuper2441,2024-08-22T15:39:34Z,0
Gives me 80's vibe. And she almost remind of me Debbie Gibson ❤,@GlamourBella,2024-09-04T02:24:24Z,0
Follow this vibe in life,@AmbyYin-o9i,2025-04-22T22:03:18Z,0
Thank you for this video that gives us - the fans - a bit of insight of your work. Greatly appreciated. You picked the best song! ❤️‍🔥 I love it. (And a tiny bit it reminds me of the melody of Captain Future. 😅),@mimarho,2024-08-21T10:21:03Z,0
"Another generic pos, its like games from ubi lll",@lucasomeister2823,2024-09-12T07:10:10Z,0
Who else is here after CR7 beat her on subscribers,@amour0072,2024-09-12T08:48:49Z,0
"I love this song, and it recently helped my through dark times. I'm from Germany so TTPD came out at night and I was really excited to listen to it next morning. At this time I was struggeling with hairloss. It wasn't the first time for me and realizing I would struggle with it again and again so I never be bautiful in my eyes hit me extremly hard. At the morning of TTPD I couldn't listen to it because when I woke up I couldn't to anything except crying and screaming in my bed. Finally I listened to TTPD an ICDIWABH. It literally gives me new hope! Now it's over and I'm healing. This track really helps! Thanks Taylor for sharing your emotions! If you are ging through hard times, keep going. Someday it will get better!",@mast7617,2024-08-21T04:54:39Z,0
"I couldn't help but feel deeply connected to the emotions portrayed, even though I have a loving boyfriend. The song resonates with the strength it takes to endure heartache and the resilience to keep going, no matter what. It reminds me that we all have our own battles, and sometimes, even in the happiest of relationships, we can still relate to the pain of past experiences. This song is a beautiful reminder that we're all capable of moving forward, even when it hurts. ",@MichaellaMencheroNapay,2024-08-21T02:57:42Z,0
So many emotions right now!!!  Thank you Taylor!!!  We love you girl.,@harpmk01,2024-08-21T02:55:29Z,0
The excitement of the people singing this song telling me that I’m not the only one feeling this hilarious and emotional song ❤ TY TS 🫶,@amandamyb,2024-08-21T02:49:12Z,0
"This is one of my least fav songs from her. This sounds like a generic TS song, lazy, and uninhabited.",@rachidirachidi6822,2024-08-27T23:53:31Z,0
Tyler you have to concure all universe for fan,@JuliashgomangoGomango,2024-08-27T05:10:59Z,0
Never beating the cleaning cart allegations,@pedlie7541,2024-08-21T02:13:46Z,0
This beat is infectious! Can't help but dance every time.,@SueñosSerenos-c2q,2024-08-24T03:39:21Z,0
Dis y'all break up its giving broken up vibes? I mean i googled it qnd it said there are rumours.  Anways keep on making awesome songs!!,@AnimalAna12,2024-08-21T01:38:20Z,0
"as a long time swiftie, this made me so f* emotional. She really did it!!!! 🥺🥺💖💖💖💖💖",@beabeaoliva,2024-09-06T10:01:31Z,0
New romantics vibes,@itzallanasalgado113,2024-08-21T01:27:20Z,0
