comment,user_name,date,likes
"The baby wasn't kicking, it was beatboxing🍼🎤",@boomboomninja,2025-07-09T11:52:49Z,474
"the idol vibes, that's not a compliment",@nevermention7345,2024-12-22T00:36:53Z,153
"Cara, não é arte, é desespero, não é contemporâneo, é algo que beira a atrocidade...",@achadinhosbrparavoce,2024-12-03T20:58:59Z,123
Director to the Weeknd: whats your worst nightmare?,@chirag9264,2025-05-12T16:51:45Z,119
"The pregnant woman symbolizes creation, transformation, and the emotional weight The Weeknd carries. She represents his struggle for rebirth or new beginnings, reflecting his inner conflict with fame and the consequences of his past. The surreal and disorienting imagery adds to the idea that while there’s potential for change, it’s unclear whether it’s positive or negative.",@ahmediscoful,2025-02-02T04:55:35Z,91
What on earth did I just witness?! How could anyone possibly believe this video aligns with the song’s lyrics or its concept? What the actual FUCK  has happened to creativity and artistry in today’s music production?,@mariaabshilava6423,2025-01-20T19:16:58Z,17
"Song is fire, video clip is making my inners reverse",@ΜανόληςΘωμαδάκης,2024-12-03T16:10:56Z,7
"Love the video! Out of the box...out of the ultra boring and repetitive things out there. Something impactful, something to keep us talking about it",@MizzRychcik,2024-12-01T09:53:05Z,6
One of the worst music video I've ever seen,@WeInvestHindi,2025-03-17T06:01:53Z,5
ANITTA IS VERY POWERFUL,@gabranttes,2025-01-19T05:57:09Z,4
Hat Ähnlichkeit mit der verstörenden Orbit Kaugummi-Werbung 😅 aber Musik und Melody ist geil,@raphaelhormann953,2025-01-09T00:50:25Z,4
You guys overseas are like this because of the music video; imagine if you knew the translation!😂,@Lu_pitt3,2024-12-18T19:38:14Z,4
Why the fuck this video giving darkweb vibes,@HawkeyeGaming10,2025-05-28T19:05:26Z,4
Me listening the entire  music for that single goosbump tone ❤,@KrishnaTondchire,2025-07-28T06:35:56Z,3
"The baby wasn't kicking, it was beatboxing🍼🎤",@boomboomninja,2025-08-02T16:22:20Z,3
This Brazilian funk beat is insane 🔥❤️‍🔥🎧,@Gabriel-gb7mi,2025-02-01T01:11:32Z,3
great song with worst video,@MrM4G,2025-03-08T16:01:17Z,3
"The worst thing is that, Anitta is a great success in Brazil 😭 this explains a bit the ridiculous situation that Brazil is undergoing... The population deserves the country they have, congrats fucking Brazil!",@leocopp,2025-05-14T01:11:42Z,3
"The worst music that The Weeknd recovered, because this Anitta!",@André-x2q3y,2025-03-25T14:13:34Z,3
That chorus is one of the best pieces of music I've ever heard,@scottcounty6919,2025-02-23T04:07:58Z,3
This video is even darker than every verse of the Berserk manga in its most extreme stages,@Ff.MADARA.MADARa,2025-02-03T21:42:21Z,3
The best song ever with worst video ever lol,@jozelopez5069,2025-05-29T21:56:00Z,3
How the fuck does this have any correlation to the song lyrics.,@Rottedsugar,2025-02-01T10:54:52Z,3
Sometimes... the audio is powerful enough. No video needed🎧✨,@Heyitsmealiciaxoco,2025-07-25T12:34:24Z,3
Worst music video ever,@Tutku_808s,2025-01-23T21:13:28Z,3
Yall can say anything but this is art. The vibe of the music fit so well with the mv,@Gabriel-m5o7n,2025-01-22T01:28:40Z,3
"The brazilians don't like Anitta, she's a generic and problematic singer for us",@marcelinopaoevinhoo,2024-12-04T13:26:03Z,3
Bro saw to many brazilian reels. Sounds awful though.,@maxb.6434,2025-02-01T10:37:45Z,3
"I can’t stop playing this! The way The Weeknd and Anitta’s voices blend together is everything. The vibe is electric, and the beat just makes me want to move. I’m absolutely in love with this track! 🔥🎶💃",@TheMorningSongs88,2025-01-06T09:12:23Z,3
Is this music video supposed to be at the deep web?,@rigzygaming4841,2024-12-31T17:05:05Z,3
As a Brazilian I'm not proud at all of Anitta parts in both the video and lyrics 💀💀,@M4rc05P,2025-03-18T23:25:30Z,2
"Okay that's something new, though the beat is dope",@klixriyu,2025-02-01T10:28:18Z,2
It gives Bankai 'Konjiki Ashisogi Jizo' vibes. 😂,@erzascarlet6426,2025-06-07T13:20:21Z,2
The comment section passed the vibe check,@fever8741,2025-02-19T03:58:54Z,2
Hino atemporal ❤,@iararibeiro6764,2025-05-09T14:18:02Z,2
What in the actual fuck is this video and don’t anyone dare type up the English translation to the Anita lyrics they are even worse😅😅,@eddi.Eddiee.e,2024-12-16T01:05:30Z,2
"Im sure the brazillians will murder me for bullying, if i say bad thing. But shes confusing to me. She gets invited everywhere, nominated for everything... but her music has no substance, no hits, just generic.",@marcelinopaoevinhoo,2025-06-28T20:20:06Z,2
"Im sure the brazillians will murder me for bullying, if i say bad thing. But shes confusing to me. She gets invited everywhere, nominated for everything... but her music has no substance, no hits, just generic",@marcelinopaoevinhoo,2025-02-25T02:07:13Z,2
Y'all overreacting i am gonna watch the clip and then make a edit i ont thinks its thats deep i swear,@ThomasRodriguez-zh7vy,2025-04-25T20:12:51Z,2
"Not pleasing aesthetically, at all. Musically, visually, this just ain’t it. Watch “Belong To The World” and return here and you’ll agree. Our boy Abel’s off the deep end.",@NJASZN,2024-12-04T18:46:08Z,2
Halloween vibes,@Leticia-tq6me,2025-06-26T22:37:02Z,2
The first and worst Weeknd music video😢,@ketangaming9939,2024-11-24T19:25:24Z,2
This song would be great without Anitta’s sh*** lyrics on it.,@lif3zsh0rts15,2024-12-26T12:38:58Z,2
Enough of that lets just listen to the lyrics💀😭,@hninthandarhlaing7990,2025-05-11T13:02:40Z,2
"I know the video is disturbing. But i think it means that Abel is coming. Like the weeknd has said goodbye and Abel is returning with the upcoming album. And well anitta kinda brought him back? I may be wrong, but they did a very good job making this an unforgettable video (in a bad way lol)",@shiroiakuma9656,2024-11-29T14:19:27Z,2
quwria voltar o tempo pra nao ter visto essa merda 💀,@ikitaiibii,2025-02-19T02:40:26Z,2
lyrics are good but the video is just ewww sorry don't mind im a big fan of you but what is this,@Mahnoor_gondal94,2025-08-05T16:10:56Z,2
"Im sure the brazillians will murder me for bullying, if i say bad thing. But shes confusing to me. She gets invited everywhere, nominated for everything... but her music has no substance, no hits, just generic.",@marcelinopaoevinhoo,2025-07-13T15:55:29Z,2
Worst song on the album,@Texaspoontappa18,2025-02-05T17:17:07Z,2
the worst music video I’ve ever watched wtf!!,@Sss.a449,2025-02-18T23:56:44Z,2
Doesn't the beat at 0:03 sound the same as the initial beats of Ainsi Bas La Vida?,@saisiddharthupadrashta5970,2025-04-09T17:59:17Z,2
I don’t get it it’s not that deep?,@sleepyhead8405,2024-11-30T12:17:43Z,2
This is the trashest and worst shit both The Weeknd and Anitta have ever done lol,@geminievil,2025-03-17T15:47:37Z,2
I would prefer to watch a lyrics video rather than this shit,@anjanxten,2025-08-04T19:27:10Z,2
oh nooo feel the vibes👄👄🗣️🗣️,@anzalasabila7877,2025-02-12T18:46:49Z,2
DISGUSTING AND ANNOYING except the weekend's verses,@kerem07822,2024-12-21T00:32:38Z,2
"Im sure the brazillians will murder me for bullying, if i say bad thing. But shes confusing to me. She gets invited everywhere, nominated for everything... but her music has no substance, no hits, just generic.",@marcelinopaoevinhoo,2025-02-24T00:53:23Z,2
"The brazilians don't like Anitta, she's a generic and problematic singer for us",@marcelinopaoevinhoo,2024-12-06T14:23:22Z,2
"As a brazilian person who was born in São Paulo, being Anitta's and The Weeknd's fan for years, I can say that surely...this is the worst video I've ever watched...though the song rocks. Disturbing belly.",@filemeau,2025-06-16T18:58:05Z,2
Dear the weekend you are literally insulting the pregnant women and the people who sees this MV the song is perfect the vibe too but the MV,@haniyekhavari4090,2025-04-28T18:24:10Z,2
"The brazilians don't like Anitta, she's a generic singer for us",@marcelinopaoevinhoo,2025-06-24T17:06:58Z,2
Beat and more beat,@jeangersonleiria445,2025-01-16T02:58:10Z,2
"O clipe ter cortado o tempo da música corta muito o Hype, essa é hit pelo Drop de Funk maravilhoso mas o abel desvalorizou muito a faixa",@henriquealves2472,2025-01-31T18:25:21Z,2
That traumatized me deeply,@L_bln12,2024-12-11T17:00:01Z,2
"Isso parece coisa que vc veria na deep Web, cruz credo.",@Kratos-x7f,2024-11-25T23:35:58Z,2
This beat is fantastic 😍,@luandossantos7726,2024-12-14T10:07:15Z,2
Fim dos tempos,@FranciscoElionardoAlvesdeSousa,2024-12-15T23:25:23Z,1
worst music video oat,@ils0720,2025-03-03T10:06:29Z,1
"Ruim, hem! Oq q a pessoa não  faz pra conseguir carreira internacional. Esse é  o tipo de musica/clip que daqui um tempo o artista fica com vergonha de ter feito.",@EmanoelGCA,2025-01-08T12:24:27Z,1
After watching this now i am getting weird vibes from my pregnant wife,@alienxgaming421,2025-02-05T01:49:26Z,1
Understanding❌Vibe ✅,@Soldyanay,2025-05-30T08:13:23Z,1
Uma mistura de filme pornô com de terror. Como pode weekend se misturar com esse lixo da música brasileira. Que não sei porque o estudio musical dela faz de tudo para ela ser mais famosa. Novos tempos que quanto mais despravado e de má qualidade querem incentivar.,@ddmartin8571,2025-01-25T22:14:53Z,1
The worst video I ever seen,@elafahmed5254,2024-12-15T23:02:48Z,1
"A beautiful Azerbaijani girl loves this song 😊, I called her ""Aylus"" means moon vibe girl. but she love the lies don't like the truth 🥲🥲🥲",@Aesthetic_Music16,2025-04-26T21:13:28Z,1
Visuals of reverse pregnancy,@arnavhecker27,2025-07-17T15:26:59Z,1
I simply love this mv and the lyrics. Abel and Anitta rock!,@gothic.guy1764,2025-02-23T18:17:38Z,1
The lyrics in Portuguese are killing me 😭😭😭😭😭😭😭😭,@rennyren8879,2025-02-09T21:45:57Z,1
Totally disgusting and the worst video clip in the music industry ever,@SibelBeyazt-tw5gw,2025-02-10T21:03:57Z,1
Worst music of the weeknd😭,@asdfghjkkl7231,2025-03-13T03:54:42Z,1
U think the video is bad google the lyrics in English,@raydenlawson7657,2025-03-16T21:58:52Z,1
GOAT beat? 💀🌪,@PunamTish,2025-01-20T19:05:42Z,1
"This song is trash, I cannot even understand the lyrics. Built a wall to keep it out lol.",@teknotronik711,2025-02-05T03:45:29Z,1
Worst music video that I’ve ever watched in my entire life bro.,@jemirashid,2025-01-19T21:53:35Z,1
"I think this song can be seen as a reflection of modern life, where everything seems attractive and liberal but lacks truth and real satisfaction. These emotions, combined with the name “São Paulo” – a city famous for its excitement and prosperity – can represent the contrast between the external appearance and the internal emotions that The Weeknd is experiencing.",@Laderus_Valadares,2025-02-23T15:37:24Z,1
The Portuguese lyrics of this song are absolute garbage.,@mar.eliza.22,2024-11-27T22:19:00Z,1
"Oh man, rhythm is great! Unfortunately Anitta’s lyrics are really dirty. If you don’t understand what she says, you will do fine, just don’t single it out!",@alexandreacetozi2103,2025-01-31T08:02:22Z,1
The beat was good at 1:22,@Jaydenxavi76,2025-04-18T01:34:44Z,1
Sometimes the lyrics dont need to be a song and dont need a video. Disgusting from you both.,@ez3897,2024-11-23T11:45:43Z,1
The Weeknd's worst video🤮,@compreum,2024-12-09T02:59:04Z,1
"Isso até agor me enoja, e por mais que ela não deu essa ideia do clipe, ela também tem culpa. Nunca fui fã mas prefiro a Larissa de 2013, e The Weenkd precisa ir na psiquiatria, uns tempos pra cá só tinha clipes sangrentos.",@robertarodriguesdasilva463,2024-11-23T16:01:20Z,1
The song and beat is dope. Don’t know about the video tho,@BorgesProduction,2025-02-25T05:47:33Z,1
Deep web,@rwe-on,2024-11-26T09:13:29Z,1
"😅😅I just saw it, the rhythm is good but the video made my eyes pop out",@andypusheen9316,2024-11-26T03:38:36Z,1
Essa música e toda bizarra. Nem a parte eletrônica tem uma vibe boa. Que clipe  bizarro.,@felipecorrea8572,2024-11-26T00:32:11Z,1
Brazilian beat is absurdly the best!,@EllenDickmann-d1x,2024-12-23T19:22:17Z,1
Is that all the lyrics she has? Just saying the same things again,@mikeygames2182,2025-03-16T19:17:29Z,1
Meu Deus 😢 será que dá tempo de trocar o meu lugar com os dinossauros,@Wellani_silva,2024-12-04T11:45:29Z,1
I thought the song was helluva annoying and came to the video to see if it would give me some context. I REGRET EVERYTHING. now it's annoying AND disgusting,@whiskitty,2025-04-13T04:46:18Z,1
"Im sure the brazillians will murder me for bullying, if i say bad thing. But shes confusing to me. She gets invited everywhere, nominated for everything... but her music has no substance, no hits, just generic.",@marcelinopaoevinhoo,2025-07-05T19:39:32Z,1
"The worst song in the history deserves the worst music video also! Thank you world for making this ludicrous ""masterpiece"" having what it deserves. Hope it doesn't play anywhere soon",@tomislav8226,2024-12-04T20:37:04Z,1
This awful I didn't like at all 🤮,@ELISSABAHLOUL,2025-02-25T22:07:05Z,1
"I love the weeknd, this music video is freaking weird. Dark vibes. No 👎",@fastpitchmermaid4550,2024-11-30T18:33:31Z,1
Vibe anticristo,@GuilhermeAraujo-tu8qk,2025-01-18T16:30:05Z,1
"The music is terrible, ugly, and ridiculous. It’s erotic to the point of being bizarre. I believe that if a foreigner understood these lyrics, they wouldn’t enjoy listening to the song—even as a Brazilian. Surely, something better could be created than this kind of pornographic music",@SianaOliverGiuseppe,2025-01-25T18:30:41Z,1
Fim dos tempos dois satanistas,@catfamily0206,2024-11-22T12:32:13Z,1
"Im sure the brazillians will murder me for bullying, if i say bad thing. But shes confusing to me. She gets invited everywhere, nominated for everything... but her music has no substance, no hits, just generic",@marcelinopaoevinhoo,2025-02-24T16:36:17Z,1
The name y'all should be blaming for the worst music video in history is Freeka Tet. You're welcome.,@ck.campos,2025-06-06T12:30:45Z,1
Absolutely insane .... The beat make me fly,@luthfisetiawan3077,2025-01-22T15:58:49Z,1
this represented são paulo awfully,@estelaluvs,2025-06-15T23:51:06Z,1
I fear this is worst than the big bad wolf video,@Charlie-nz6bw,2025-02-01T01:48:51Z,1
"I know art should illicit emotions, but ew.",@trevorroth4139,2024-12-31T01:53:07Z,1
The Substance kinda vibe omg,@venettericci9881,2025-01-31T17:01:29Z,1
Worst video ever,@nairdabag,2025-05-29T23:51:24Z,1
"Please don't learn portuguese. What a shame really 🤦🏻‍♀️😞 Anitta...why? Funk has a cool rithm , but the lyrics are a desgrace 🤦🏻‍♀️🤦🏻‍♀️",@LinaCortez82,2025-01-12T11:36:48Z,1
I feel illuminati vibes🤔,@JokeHubz,2025-06-23T00:48:39Z,1
"Woow, imazing vocal , 😮😮, I am from Poland , niece song , power",@krystiankiepura2202,2024-12-18T17:49:19Z,1
Que coisa diabolica!!! E mesmo o final dos tempo.,@joanaferreiradinunzio1321,2024-12-11T05:53:54Z,1
Beat gets in your head and his voice he does it everytime 😂😂😂,@samghill,2024-11-30T01:43:57Z,1
So I’m guessing no one understands the Portuguese part look up the lyrics this is all over the place I still love the song even tho I’m traumatized now,@StephanOliveira-p6b,2025-07-13T02:26:24Z,1
this and the big bad wolf have the same vibe,@saraaaa.09,2025-01-31T17:05:57Z,1
This vid be giving the substance vibes 💀💀,@ChidaluNwoga-t1m,2025-02-01T08:45:01Z,1
Tf im stoned rn,@dejvtoziomal4159,2024-12-12T23:02:28Z,1
Quem veio depois da Beat Red Carnatal ... ?,@alexrodrigues4083,2024-12-10T23:06:50Z,1
The weekend's refrain is so similar to Tokyo drift first verse lol,@pawelpawelek9047,2025-02-03T23:56:18Z,1
Someone please tell me there is a deeper meaning to this music video.,@juandoza5867,2025-02-03T05:45:01Z,1
PLEASE DO NOT WATCH THE VIDEO!!! KEEP YOUR MIND CLEAN OF THESE IMAGES! JUST VIBE TO THE SONG. YOU'RE WELCOME!,@nocommonsense0,2025-02-10T21:41:05Z,1
It’s the worst videoclip i ever seen omg !!!,@Vplm-,2024-12-23T06:23:00Z,1
Bro the worst music i have ever heard,@lucasdabarca3531,2025-01-06T15:14:26Z,1
"This song is exceptionally well-done. The melody is highly addictive and the video complements it perfectly. If you appreciate this style of music, I encourage you to explore my other works. I consistently strive to innovate and develop my unique musical identity. 💯 💢",@GtotheB87,2024-12-07T17:00:06Z,1
Bro the music video is worst than some horror films☠,@tnmustafazade7214,2025-06-10T15:36:05Z,1
"Yep, worst song of the album by far",@lucascunha5559,2025-02-16T10:18:06Z,1
Lmao wtf did I just watch? Lol.. love the Beat 😅😅😅,@Noway1212-j1r,2024-12-12T23:22:07Z,1
Anita is just the worst part,@ttn-acocpa270,2025-05-10T12:58:31Z,1
Beat gets in your head,@samghill,2024-11-30T01:48:16Z,1
The video ruined the vibe of the song for me😭,@diya_hiremath,2025-02-22T07:26:30Z,1
"the song was soo goooooooood (my favourite beat), but 🙂🤌🏻",@avaadaam,2025-05-04T16:09:09Z,1
Controversial video and song!Love it!Out of the box...out of the ultra boring and repetitive things out there.,@EllenDickmann-x4d,2024-12-01T11:35:04Z,1
The Video Is  Full Of Dark Web Vibe 💀,@srraxextra,2024-11-28T08:38:37Z,1
"Im sure the brazillians will murder me for bullying, if i say bad thing. But shes confusing to me. She gets invited everywhere, nominated for everything... but her music has no substance, no hits, just generic.",@marcelinopaoevinhoo,2025-06-23T11:39:33Z,1
I love this song but this is one of the worst music video I have ever seen,@selenamouna603,2024-11-23T23:46:04Z,1
The song has vibe but the footage is straight up Cursed and horror give me some holy water man,@CrAryan7,2024-12-28T19:24:12Z,1
"Alr but what does the music video have to do with the lyrics, this is just weird",@Jamy391,2024-12-07T08:17:25Z,1
The worst video I've watch. The song ok. 6.5/10,@roowinchua,2025-05-24T18:59:06Z,0
His every song is so hell catchy 😍🔥🔥,@sibasreeborah4358,2025-05-20T05:57:47Z,0
I listened to this on some random slow reverb and now I regret watching the video 😭😭😭😭😭😭😭😭I am sorry but can someone explain this video to me,@ITheDeathBlade,2025-04-10T10:06:54Z,0
The beat resembles Honey Singh SATAN,@PRATYUSHPRIYDARSHAN,2025-02-02T17:20:45Z,0
Annoying orange effect,@AjaniLeander,2025-04-02T21:55:12Z,0
This is the worst song from weeknd... and hopefully the last one,@tiwadar12,2025-01-13T23:46:28Z,0
I'm glad those gringos don't understand the lyrics 😂 the video is horrible but the lyrics are worse,@Brazilian3FS,2025-01-16T23:37:53Z,0
"Is the joke about this that he's ""deep"" that he's ""in her stomach""? 😅",@the007mw,2025-06-03T17:23:07Z,0
"Everyone traumatised with the video, and here I am, traumatised with the lyrics",@TheDajcardoso,2025-01-25T23:16:36Z,0
always preferred visuals over lyrics but not today ig,@rheaverma707,2025-02-10T09:52:01Z,0
A of the Deep web vídeo,@wesleyalves2825,2024-12-07T17:39:56Z,0
Worst music video ever made in the world🤮,@SourTruth-b1r,2025-05-29T17:54:11Z,0
That was awful.Probably her idea (Anitta),@arisantos1,2025-02-12T09:02:12Z,0
Lúcifer antes de matar ele humilha os seus escravos... se ela soubesse a temperatura infernal que está aguardando ela.. ela renuciava quanto há tempo... Deus tá te vendo e vai ter cobranças...,@GleisonLopes-o9x,2024-12-17T03:04:07Z,0
"Vc pra pessoas que gostam de música,jamais vão perder tempo com esse tipo de  video",@ivonidias2070,2025-01-11T14:31:22Z,0
Sometimes a song can be with only lyrics,@RITHWIN14,2025-04-26T16:23:08Z,0
Week + phonk = Melody ☁️,@rish66,2025-02-17T18:18:15Z,0
There is a very deep meaning here between the female and male genders. If of course you understand….,@olyafish7017,2025-02-17T20:18:05Z,0
I MEAN ITS WEIRD but honestly not the worst ive seen,@ELISE87654,2025-01-31T19:45:44Z,0
"Im from Brasil and i really hate this song. Brazilian funk, it's the most disgusting thing possible, I hope you foreigners see the lyrics before consuming Brazilian funk.",@deusadalua1,2025-01-31T22:04:14Z,0
The Weeknd isn’t beating the satanic allegations,@saraelamrani414,2024-12-25T09:48:02Z,0
Dude so annoying 😭,@연미Flim,2025-01-23T11:40:43Z,0
"A whole new take on a pregnant womans body, which is not bad at these awfully contolling times",@bargobre,2025-02-03T00:56:15Z,0
I feel this music is vibeing in universe♌,@HemanthKumar-c2o,2025-04-16T17:20:42Z,0
Effects of accepting satanism,@arya_21-z6v,2025-03-30T07:27:00Z,0
"The clip is horrible, awfull! Why do women have to be humiliated????",@TNoemi-ob2xo,2025-02-14T09:53:38Z,0
Fim dos tempos,@patriciadaniela2206,2024-12-10T17:13:10Z,0
Good thing I translated those lyrics bc wtf was I tryna sing along to💀😂,@chris4pf575,2025-06-25T07:44:39Z,0
This is the worst video I've ever seen in a song. He should have just let it play without the video. Sometimes a song doesn't need a video,@StephenOgutu-yx7ny,2025-04-20T19:54:53Z,0
id absolutely love to see the weekend and Marion Hill make a song his beautiful voice with her sexy sultry whisper voice would be so amazing together.... I'm positive the beat would be crazy insane too.... wow I get excited thinking about it ❤❤❤❤❤,@JamesDavey-x6l,2025-01-16T21:02:51Z,0
I think i like the lyrics version better,@Alva-k3t,2025-08-10T17:59:01Z,0
"I'm Brazilian and I really dislike this song. The lyrics on the funk part is so explicit is disrespectful in a way, it makes me feel so bad, the videoclip is horror and there are so many more ways to represent Brazil in songs, unfortunately they chose the worst.",@fredabuhid,2025-06-01T10:18:24Z,0
What the fuxk is this?! The *MELODY is really good but who came up with that shxit video clip and lyrics ??,@aneee029,2024-12-10T21:30:45Z,0
Worst clip in the world,@mor_elmas3306,2024-12-27T16:46:39Z,0
That's awfull,@LZT360,2025-02-21T16:31:10Z,0
The song is catchy but what is this music video😭,@Jinx_arc,2024-12-12T21:14:01Z,0
É o fim dos tempos mesmo,@annycaroline1251,2024-12-25T16:07:19Z,0
I have seen worst things hahaha,@damarisbissone,2024-12-04T12:06:59Z,0
"Loving the music, but the video is so f*ed up, especially being brasilian and seeing annita as a pregnant woman, which is so not her vibe..... i might have nightmares",@fabianapereira4345,2024-11-29T23:24:49Z,0
Ik im late.. but this looks like some deep web shit,@arwaarwitta17,2025-08-01T18:21:14Z,0
"The lyrics are horrible, mediocre vocals (...) video is disgusting (some parts)",@elisavieira737,2024-11-27T15:23:46Z,0
Literally it was the worst vdo I've ever seen not criticising the song it's literally great !! But the vdo it's disturbing!!,@wren0219,2024-12-01T05:38:32Z,0
I will pretend I never saw this video. I rather enjoy the song and beat lol,@TWIXXYT27,2024-11-30T22:51:00Z,0
The mv traumatized me so much that I didn't even realise that I missed the beat drop 👁️👄👁️,@adrija.c.,2025-05-07T11:20:05Z,0
Time to find the lyrics video🤷‍♀️🤡,@Wikasrikka-q4y,2025-04-12T08:47:15Z,0
The clip gives me a very bad vibe unfortunately,@NaNa-bl5vf,2025-07-27T01:57:39Z,0
Yeah ..im Just gonna listen it in a lyrics video..,@hellacsendes3991,2025-01-30T18:43:05Z,0
Worst 😔,@apzz_37012,2025-01-10T11:45:38Z,0
Best song worst video,@Helloworld-dd3vo,2025-07-08T02:35:37Z,0
Not me just thinking I would see a nice video with fancy lights and dancers like the vibe of the song 🥲,@kyriakitsonopoulou72,2025-01-09T18:40:33Z,0
The music video give me the vibe of “body horror” ! It’s so scary (but the weeknd voice was perfectly heaven ! Actually this song doesn’t need a music video),@Jennet_Park,2025-02-07T19:27:12Z,0
"De que adianta ""Ganhar o Mundo terreno e temporario para se perder a alma para toda eternidade...""",@fabioalveslimaonemanband,2024-11-25T11:53:08Z,0
Bitch I’m Madonna and Vai Malandra vibes,@marciomoraes8098,2024-11-24T20:38:48Z,0
worst music video on yt hands down,@aayushprranav5643,2024-11-23T20:40:50Z,0
"Already Anitta's chorus is so vulgar and trashy, but the Weekend part is good - got to admit. Then came here, saw comments, moved on w/o watching 🫠 Being from SP, I can only assume Anitta from RJ pulled some troll joke on SP due to the cities' rivalry ☠️",@FlaviaVasconcellos-ip8bp,2024-11-23T13:58:07Z,0
This has gotta be the worst music video I've ever seen,@jyasutisu2896,2025-02-06T01:46:21Z,0
worst song in the world holy shit🤬,@VitorGabriel-wf2wu,2025-01-24T14:59:42Z,0
Worst video from weekends account so far,@saffatulislam3766,2025-04-22T19:43:31Z,0
Fazia tempo que eu não dava deslike num vídeo 😂😂😂😂😂,@guilhermelopes6145,2025-01-12T19:58:34Z,0
I’m really trying to search for a deeper meaning of artistry here but I can’t find it 🤦🏻‍♀️,@niladodd03,2024-12-06T22:43:17Z,0
"Bro, who don t understand the Brazilian lyrics don't go look for it.",@orugutango3200,2024-12-05T00:13:35Z,0
It has an American horror stories vibe,@vicjgamor,2025-02-18T14:42:02Z,0
I deeply fw this song,@Just_shady.0,2024-12-27T06:29:10Z,0
Melody is amazing. But the words are shit and video is disgusting. Lost my respect to Weeknd. He lost his talent,@tatyanadolgikh7219,2025-04-20T13:14:45Z,0
Im getting Total Recall Schwarzenegger vibes.,@GenXJay670,2025-02-16T01:12:26Z,0
"Ok I'm just very confused...usually I love everything he does, visually, lyrically, musically, but in this visual expression I just really don't vibe with it. But I understand that sometimes art is meant to be disturbing, it's meant to draw a certain reaction from the audience. That's what I feel like Abel was doing here, because it definitely leaves a unpleasant memory for the viewer, something that will stick in their mind, something shocking and unpleasant. The reaction of which is the entire purpose of art, I feel it's purpose will be made clear to each individual later in life, as they watch this video back. Abel is a true artist and he is aiming to make an impact, which he has achieved.",@carlissaneumann8133,2025-02-10T13:57:36Z,0
"São Paulo is NOT the worst, it has the worst music video",@byłojuzpuzyno,2025-05-20T11:01:30Z,0
i’m deeply disturbed….,@Lilybaonguyen,2025-01-31T16:08:28Z,0
"I was expecting dancers, club type vibe, seductive vibes for the music video. Wow I’m disappointed",@bbxtraluv,2025-01-31T16:23:13Z,0
"Ok, let's be honest, this wasn't The Weeknd's best song. I mean, it's good, but among the video and Anitta's lyrics... I skip this part in fact 😅",@nicolefalbo6509,2025-02-11T20:45:15Z,0
The worst video,@micahgarconita2054,2024-12-05T19:28:56Z,0
First “fat juicy and wet” and now this? Just put the two together and you have the second worst sone ever. If you know what I mean,@AngeloFR5867,2025-03-26T16:55:25Z,0
"A Anita perdeu o valor a muito tempo, e infelizmente influencia outras mulheres a fazerem o mesmo.",@gustavooliveira4093,2024-12-12T17:00:32Z,0
Best song with worst video,@SourTruth-b1r,2025-05-27T20:16:24Z,0
lyrics ?,@teodortotev1697,2024-12-06T16:54:06Z,0
"Brilliant song, awfully tragic video 😢",@aggesb,2025-02-14T12:49:28Z,0
"Worst song, worst music video award",@mimosinesine,2025-04-02T14:54:40Z,0
I forgot to vibe with the song ....................,@jung-r5u,2025-02-21T06:06:01Z,0
Describe the vibe? ... Ruined,@PersonWhoAskedFr,2025-02-09T07:36:39Z,0
"Estava procurando essa musica pq a vibe do refrão é mó legal. Mas isso é musica do satanas, que porra de começo é esse, e esse clipe de merda, si fu de, como desve essa desgraça.",@demisec6675,2025-01-18T11:37:32Z,0
"Bom eram os tempos em que o Brasil era conhecido pela Bossa Nova. Essa ""música"" tem uma letra lixo e um clipe tenebroso. É a representação mais feia, vulgar e grotesca da sensualidade feminina que já vi. E o pior é usar a gravidez nesse contexto. Uma boca surge onde deveria haver um feto e ela repete o mantra ""bota na boca, bota na cara, bota onde quiser"". Que mente doentia!",@gustavoreis6752,2025-03-26T21:46:59Z,0
giving off big bad wolf vibes,@chxnce22,2025-03-02T23:51:46Z,0
Bro has the beat of la coach,@Ronaldo_super10,2025-03-30T01:48:45Z,0
How could they ruin the massive vibe of the Timeless video by pushing this one after that 😂 Can't tell 🤔,@Massa__,2025-02-04T21:22:01Z,0
This is weeknd ... He can make you emotional... and he can definatly make you vomit,@ArchitSharma789,2025-02-12T08:39:36Z,0
When the video doesn’t match the lyrics.,@Xstraightkillerx,2025-01-08T18:56:29Z,0
The lyrics is só por o gráfico it is ABSURD!,@soniaipcarvalho6201,2024-12-21T23:27:55Z,0
why the baby look like annoying orange 😂😂😂😂😂😂😎😎😎😎,@samorton-l5k,2025-05-22T21:50:09Z,0
hit atemporal,@CarlosEduardo-qh8bd,2025-02-22T02:28:27Z,0
"Já assisti  videoclipe ruim,mas esse foi a pior merda de todos os tempos!",@adrianomoraes2627,2024-12-10T01:16:22Z,0
"Sick as beat, once again terrible music  video. There was so many things that he could of done with this smh",@shernell9529,2025-02-05T14:24:47Z,0
This Is Reverse The Substance Vibes 😂,@johnnybsmooth3098,2025-02-03T01:31:16Z,0
Noooo wayyyy weekend just used the Brazilian beat in his music,@PIKIPAN,2025-01-06T15:29:01Z,0
Beat and lyrics fire tho.,@NikkyNuNya,2025-03-21T03:07:22Z,0
"Bem que o povo fala fim dos tempor, lixo",@planetadasbffs6272,2025-01-07T14:02:14Z,0
worst mv I've ever seen.... I'm literally traumatized,@삐요삐요-k4v,2025-06-10T06:59:50Z,0
The just beats big bad wolf😭😭😭,@CheerfulSnowyLake-qx5wr,2025-02-02T02:27:05Z,0
Illuminati effects ✅,@vxaop9066,2025-03-23T13:17:14Z,0
Vibe vs Video - un beatable too creepy,@czankadel6366,2025-02-11T03:17:47Z,0
"Para os crentes desviados, que conhecem a palavra da biblia, e por algum motivo abandonou,   ver essa coisa aqui q chama de video clip,  e voltem p Jesus o quanto é tempo, a abominação ta na cara😢",@clebiananunes2138,2024-12-07T21:13:52Z,0
"Gave pain physical, mental, spiritual, animal, emotional, global, trivial, cordial, superficial, impartial, moral, primordial, formal, partial, conventional, timeless, spatial, spinal, exceptional, intellectual, substantial, informal, rational, ancestral, radical, banal, conceptual, capital, fundamental, social, virtual, professional, sensorial, digital, potential, natural, ideal, material, abysmal, unconstitutional, original, factual, personal, marginal, colossal, irrational, literal, conditional, traditional, outsized, paradoxical, unilateral, nominal, interpersonal, purposeful, proportional, nominal, memorial, camp, socio-environmental, immoral, main, normal, sentimental, plural, state, supernatural, celestial, Sunday, universal, ritual, impersonal, institutional, pluvial, confidential, individual, functional, conditional, interstate, fraternal, maternal, material, social, current, temporal, providential pain physical, mental, spiritual, animal, emotional, global, trivial, cordial, superficial, impartial, moral, primordial, formal, partial, conventional, timeless, spatial, spinal, exceptional, intellectual, substantial, informal, rational, ancestral, radical, banal, conceptual, capital, fundamental, social, virtual, professional, sensorial, digital, potential, natural, ideal, material, abyssal, unconstitutional, original, factual, personal, marginal, colossal, irrational, literal, conditional, traditional, outsized, paradoxical, unilateral, nominal, interpersonal, purposeful, proportional, nominal, memorial, arraial, socio-environmental, immoral, main, normal, sentimental, plural, state, supernatural, celestial, dominical, universal, ritual, impersonal, and everything that ends with ""al""",@gaby_doorman,2025-01-19T14:30:56Z,0
Full vibe on this song 🔥🔥🔥🔥,@MovieMunchies95,2025-02-10T18:18:24Z,0
"Scheußlich. Grauenhaft. Die meisten Songs hast Du geklaut, bevor die Leute mit AI Musik machen konnten. Du hast Dir keinen Song selber ausgedacht. Es erinnert mich an den Film ""The Beatles"".",@KyoshoVintageBuggys,2024-12-18T22:36:52Z,0
"A parte da Anita acabou com a música, como pode acabar com a música com tão pouco tempo!!!",@otaku-slayer708,2025-02-24T11:20:54Z,0
Love it so fucking hot especially The Weeknd’s part but anitta did her thing for me singing her verses even tho I don’t even know what I’m saying lmaooo,@crystalthegreatest9402,2024-12-28T01:09:09Z,0
Gives me the Teriyaki Tokyo Drift vibes at the start.,@ajv9019,2025-02-02T23:54:24Z,0
LOLOL looks so stupid 😂 I vibe with the song though,@SuperFizzyjuice,2025-02-04T16:48:33Z,0
why every song english has worst videos presentation. Don't you guys have any creative or simple idea for video.,@rajveerkhanna858,2025-02-16T19:11:56Z,0
"some vids have deep meaning behind them, what the fuck was this",@kdefislazy2548,2025-02-09T08:44:48Z,0
"Reminds me of ""Basket Case"", if u know u know... Lovin the beat😅...🙏",@JayP-vp9ns,2025-04-21T20:44:17Z,0
O que essa mulher tá virando com o passar do tempo?,@williamgabrielzimmertrasel6821,2024-12-29T22:43:00Z,0
the song is so catchy but hmm. you know that,@tringophanminh4028,2025-04-21T11:39:48Z,0
"Getting real David Lynch vibes, love it",@echo_then_void,2025-01-24T21:59:49Z,0
The worst videoklip whaiˇt i ever seen,@filipsikora-ky6qk,2025-01-22T07:00:40Z,0
"Fim dos tempos,o que serão dos nossos filhos....😮",@anapaulavieira7995,2024-12-07T15:49:06Z,0
just awful,@elizabethparedes6634,2024-12-18T16:59:12Z,0
Reminds me of the annoying Orange video. Bahahaha,@SuzyMcCleveyMT,2024-11-30T18:03:19Z,0
É o fim dos tempos msm,@suzimota24,2025-01-24T00:47:47Z,0
alr The LYRICS ARE FIRE AS ALWAYS BUT while watching the music video I'm like WTF did I just see?,@techytools9712,2024-12-24T19:24:37Z,0
Don't check the lyrics and what they mean,@Nordeste-9,2025-02-21T16:36:09Z,0
"What an awful song lol. Anitta is basically a crappy rapper. I'd rather listen to ""I can't Fucking Sing"" on repeat than listen to this again.",@Kanz612,2025-02-02T12:12:54Z,0
Shit reminded me of Annoying Orange,@OVDash,2025-03-29T23:15:00Z,0
"Meu Deus, Anitta, vai dormir! Nem tudo convém, minha filha! Se preserva um pouco! Kkk  They took the worst type of funk from Rio, put a singer from Rio, put a talking belly on her...  and called it São Paulo. 🤷‍♀️ Nothing makes sense in this video.",@A.l.a.c.,2025-02-02T20:57:44Z,0
NO ONE SAYS NO TO MOLESTED CASTRATED DOGBEATER FULLSAIL VIP DOUG 🎉🎉🎉🎉🎉🎉🎉🎉🎉🎉🎉🎉🎉🎉🎉🎉🎉,@Unser-4leigh,2025-07-22T08:48:59Z,0
what does this music video even have to do with the lyrics 😭,@Xx_Shadow_xX79,2025-06-18T06:25:19Z,0
Porque sou curiosa perdi tempo vendo esse lixo,@cristalnaestrada855,2025-01-08T02:55:32Z,0
Até o demônio tá passando vergonha com isso 😅 para para que dá tempo,@Blackbelt8,2024-12-04T10:47:16Z,0
Beyonce renaissance vibe,@u.u.u9969,2025-06-18T00:11:29Z,0
Some 'Cafe Flesh' (1982) vibes on this one...,@EarlKessler,2024-12-23T16:14:40Z,0
Clipe mais medonho e ridículo de todos os tempos. Anita sendo Anita. Ridícula.,@rejanecardosodasilva7187,2025-01-02T12:24:06Z,0
Pra que? Só pra que? Eu gostava da vibe da suas musicas mas essa nao foi boa nao nem o clipe e nem a letra da musica só digo isso,@Safiraalmeidaalexandrino-m1r,2025-05-02T08:29:31Z,0
All you guys are just traumatized with the video because you have no idea what she is actually saying on the lyrics. Hahaha!,@guimazzoni,2025-02-23T08:26:23Z,0
"I take back my words... the lyrics are also disgusting... take care of your body from the waist up, like the heart, the brain, the soul.😵‍💫",@zehrayask194,2025-01-12T22:24:15Z,0
the worst music video clip I have ever seen,@musiciandoctor,2025-03-31T11:21:12Z,0
Best song with worst vedio ever in history,@karthikurs420,2025-06-11T10:18:49Z,0
"Bro the lyrics are bad but the video is... HORRIBLE (I have the right to speak, I'm Brazilian)",@skibidi-n2q9z,2025-08-01T15:13:40Z,0
The Substance vibes completamente innecesario,@gonzalobobadilla1515,2025-03-20T19:32:16Z,0
GOOD VIBE FEELING RIDING I LIKE IT SONG,@ScandyManacaud,2025-05-05T12:06:14Z,0
If you told me 5 years ago when after hours came out with the amazing videos he had at the time that it would lead to the worst music video of all time I genuinely wouldn’t have believed you😂,@christheman4305,2025-02-06T03:52:57Z,0
"Tbh I can't decide what is worst, the videoclip or the song, good job doing one of the worst musics ever!",@HelFear1914,2024-12-04T01:36:38Z,0
I get Alien vs Predator vibes,@keremjaeger4955,2025-02-28T10:21:29Z,0
The worst music of The Weeknd's entire musical career,@artpzTSV,2025-04-04T04:10:32Z,0
This is the worst song I've ever heard,@User_wfn_codfft,2024-12-01T16:49:36Z,0
Awful video.,@joaorafael1619,2025-01-23T10:04:54Z,0
this video just cut out the vibe in me! WTF is this?,@mynikeable2006,2024-12-12T08:53:05Z,0
"The rhythm reminds me of ""Rollin' & Scratchin'"" by Daft Punk... Since his collaboration with them, some of his hits. remind me of robots.",@SILVERB34ULIEU,2024-12-27T17:18:31Z,0
bro her belly looks like annoying orange meme,@misorekii,2025-01-18T06:20:13Z,0
Someone please convert this to a jersey Club beat. ITS SO CLOSE to being great.,@hoedaddy,2024-12-07T20:53:36Z,0
Very annoying 😮. This is hard to watch for pragency womens,@kushaln8145,2025-05-05T16:03:33Z,0
The worst thing is her sensualizing that belly with her mouth 😢😢,@imjuju3622,2024-12-02T13:34:54Z,0
wow this is the worst video I have ever seen,@LashaNafteta,2024-12-08T07:06:09Z,0
What a hard beat!,@mexico6933,2025-02-14T12:15:58Z,0
this is the worst song and clip i ver watch,@leonardoperin2594,2024-11-25T17:25:23Z,0
"This is the worst shit I have seen lately. Why? I just ask you that, why would you associate yourself to the lowest in Brazil? This woman represents all that is shameful and horrible in Brazil and she does not even care that she is damaging even further the already absurdly damaged ""reputation"" this country has abroad. The lyrics are horrendous and her performance in the video is even worse. Just disappointed.",@noneofusareok,2025-01-31T16:44:02Z,0
Lords of Acid vibes,@missywhittington9958,2025-02-15T10:27:00Z,0
"The lyrics are horrible, but the beat is dope",@BaianoYT_oficial,2025-03-12T20:03:18Z,0
why am i hearing the tokyo drift melody,@HotSneks,2025-02-01T06:18:04Z,0
"This is disturbing, and the lyrics are just horrible. The Weekend, you can do better than this, this collab not a good ideia. Jesus",@lauraperreypereira3261,2024-11-22T09:56:51Z,0
