comment,user_name,date,likes
The only artist keeping the 80’s pop music vibe alive🙏🏽🙏🏽,@Delta97976,2024-09-16T00:02:51Z,409
This gives me such 80s vibes!! ❤❤❤  I couldn't love this enough.,@patriciahenkel638,2024-11-10T17:58:06Z,266
"The Weeknd's ""Dancing in the Flames"" is a masterpiece. The way he captures the intensity and passion of the lyrics is incredible. It's a song that stays with you long after it's over.",@Top5FreeThings,2024-09-23T17:42:39Z,215
This song is the best gives u the best feeling ever so happy love this feeling of this song so beautiful !!! Weekend makes the best nostalgic music,@ladeziumhall4032,2024-10-21T19:33:11Z,44
"This song feels like dancing with your demons while watching your soul burn. The Weeknd never fails to capture the beauty in pain. 🔥🔥 Who else feels every lyric hit deep?""",@MaxamedJaamac-i4i,2024-09-23T11:12:37Z,44
"I'm 54 years old.   This music... that beat.. for all you younger people, this music was called Freestyle back in the 80's-90's.    Glad to hear a modern interpretation of that style of music.",@stevo181,2025-08-03T15:11:10Z,16
"I believe that somewhere in the world, there are people who feel the same emotions that I feel when I listen to masterpieces like this song 💕💕💕",@ClassicRockMusic333,2024-09-18T10:14:37Z,16
Has a different vibe now after the flames in LA,@grimeandslimeco,2025-01-09T10:51:20Z,11
I love how the last verse hints the last chapter to the trilogy! “The Final Odyssey” 🔥💯,@MurdaT12,2024-09-20T18:47:24Z,8
Bro!!!! Listen to the lyrics!!!!! This is actually happing in California with the fires!!!,@jayyhq9289,2025-01-10T04:04:33Z,8
My mum introduced me to this song today glad she did as I’m a Synthwave freak 😃💜 I love it 💜💜💜,@treasurecompanion,2024-10-14T14:30:19Z,6
I'm hoping he releases a deluxe version of _Hurry Up Tommorow_ like he did w _After Hours_ w this version as well as the accepella and acoustic version on it. I'm really hoping that's the reason this was not on the inital album release.🤞🏼,@NaomiCantora,2025-02-01T01:36:12Z,5
"The beat of the song sounds so uplifting, bright and positive although the lyrics and images are so dark.",@JG_Vietnam,2024-09-15T11:41:21Z,5
this song made cry how emotional it was like fr amazing song right here ❤️😔,@Blossom_likeflower.,2024-09-18T14:28:38Z,4
I love how the first line of each verse represents a different album from this trilogy,@microwavememes5479,2024-09-16T07:41:07Z,4
Nokia ringtone,@KadekTio912,2024-10-15T02:41:45Z,4
Just heard this on the radio. And I knew his voice and came to look it up. Love this song and beat.,@NormaSanchez-z2n,2024-11-09T06:05:14Z,4
"In my mind, ""dancing in the flames"" is like being on a dirt field, surrounded by fire, hammering the pedal swinging around the back end, kicking dirt over the fire to try to put it out, like that one fast and furious movie where he kicks up dust and reverses off the cliff. ""The exhaust is red-hot, engine is running hot, tachometer reads redline, but the flames still stand, and the car is still fighting the flames, making a beautiful ruckus.""",@bobbylobby820,2024-10-01T08:48:58Z,3
these lyrics are so funny,@thekoala1581,2025-02-02T11:07:51Z,3
Giving me 2012 vibes,@Josh-rg6pe,2024-10-07T21:48:49Z,3
I love this sound of the synthesizers reminding me of the 80's!!!,@missolivia1966,2025-03-13T19:03:30Z,3
This song makes me feel like I'm in a different universe full of hope😮,@DrewCrabtree,2025-05-20T05:27:43Z,3
this is his worst music video omg how disappointing for such a euphoric beautiful song,@cheri9389,2024-09-16T19:13:31Z,2
"The synth repetition was driving me crazy when I couldn't find the Weeknd song (this one) which had that. Then I heard it again in the car and again got the wrong name, looking for a phrase with in the lights...Yup, nothing like that. Finally found it! Wait a minute, is this video him dancing while dead?",@elainegmorrison,2025-06-17T03:19:31Z,2
This gives me 90s roller rink vibes,@fallenfrmgrace22,2024-12-02T18:00:45Z,2
We Can't be Friends vibe! ❤❤❤,@FábiodeSouza-k1v,2024-09-15T20:26:22Z,2
Nice slice of synthpop :),@MichaelOglesby,2024-12-28T20:20:03Z,2
quite mid not my vibe,@jlai8411,2024-10-19T12:20:58Z,2
"Message to: The weekend, Careful! You give me 80's vibes. This music is known to be linked to realness, imagination, hard work and pure feeling. Only ONE man has been able to do this in the past. We all know who. I can hear HIM in your music. Your noticed and, I can FEEL your music. Dont stop playa",@tgizhectic,2024-10-29T20:47:49Z,2
This album is going to be so hot!!! He just keeps evolving! Another visually stunning video and love the 80’s synth feel to the song!! 👏🏽👏🏽❤️,@jamespatrick1784,2024-09-18T23:07:42Z,2
Omgggg thıs song ıs amazing. Ariana grande vibee,@theweekndsevelerdernegi,2024-09-19T18:35:21Z,2
"Totally agree, he invents himself on every level, but keeps true to his style and emotion.",@joannaalmond3916,2024-10-10T23:22:34Z,2
The track kinda sound like Nokia keypad ringtone around 2 28 and 2 31  😅 no hate everything’s is perfect 🥰,@Khaim05,2024-09-15T17:08:32Z,2
0:00 - 0:15 blinding light vibe,@memeid7781,2025-02-07T12:13:54Z,2
"Omg I love it!! ❤️ My new fav song!! 😍 Savage garden vibes for sure. Truly, madly, deeply Genius 🎉",@marlacole595,2024-10-16T13:57:41Z,2
Blinding light vibe,@Theboywholovejuice,2024-09-15T10:33:47Z,2
Fucking daft punk vibe,@SakibulArefinApurbo,2024-09-16T16:50:19Z,2
"If you listen to the acoustic version first and then to this one, it becomes an experience.",@TheGiubani,2024-09-16T23:24:49Z,2
I know I'm old but The Weekend sounds like Michael Jackson joined up with Depeche Mode ha ha ha I love synthesizers !!,@Patricia-i8t7e,2025-02-01T09:44:29Z,2
Michael Jackson Thriller beat of the song,@Michellediy1992vlog,2025-03-03T13:29:15Z,2
The vocals are stunning,@JesusMartinez-y4i,2024-10-01T04:22:26Z,2
"Is it only me or the chorus sounds like Ariana Grande's ""We can't be friends""? At least the beginning...",@Wirnax,2024-09-16T20:50:22Z,2
70s songs' vibe is absolute greatness.,@jamesadd4566,2024-10-28T14:10:28Z,2
so nostalgic already,@engaranedrick,2025-02-15T16:58:24Z,2
Why weeknd has no bad songs 😂 his every songs has a vibe !!🤌🏻😍,@zeke2269,2024-09-18T14:58:44Z,2
The real reason why it has 80s vibes because it has 80s synthwave with it.,@MaruAngelo-bg4vm,2025-01-02T03:49:15Z,2
Wow Starboy vibes!!! 😮😊,@Damaff_e3n,2024-09-15T18:07:50Z,2
"I love this so much. I don’t know why, but it gives me vibes from the best One Piece intro ever: 'Fight Together.' And I love it!!! I got goosebumps everywhere. The Weeknd is a living masterpiece with his vocals. Thanks for giving us such great music!",@JisuTV_,2024-11-09T11:47:31Z,2
"Surprising that this flopped. It's a catchy, danceable pop  song, a bop. What happened?",@wandering_elsewhere,2025-01-31T17:33:30Z,2
"I can dig it. This one has a ""Goodbye Horses"" vibe. At times, at least. I look forward to hearing more 🍻",@matthewjames206,2024-09-15T18:51:20Z,2
Omg! I love the upbeat feel to this song. It’s such a summer vibe going to the beach and drinking song.,@ElmanLuna-u9q,2025-03-26T02:40:11Z,2
"Honestly.. from a great fan of Abel.. i'm a little bit disappointing.. i prefer the acoustic version.. in Sao Paolo this song gives me emotions but there's something wrong in this version.. the rithm, the synth.. i don't know but definetely not a great lead single from Abel.. but i'm confident about the upcoming album!",@Enrico-zg4zw,2024-09-26T00:07:02Z,1
Nokia ringtone copy 😂,@KenISBACK-d9e,2024-09-17T20:24:05Z,1
Good vibes,@ryanrowe1975,2024-10-12T05:15:26Z,1
Soooo 80’s vibes I love it❤❤❤❤❤,@Inora-j7w,2024-09-15T20:19:17Z,1
His songs with every album evolve more and more into synth80s and Michael Jackson styles which I love more and more.  Before it was one or two songs now it’s about half of an album. Getting better and better.,@norbkowa,2025-04-18T03:38:06Z,1
BEAUTIFUL SONG! Catchy beyond believe. But this feels similar to “Adventures in wonderland” themes song. It is crazy!! I knew it sounded so familiar!!,@TheTigerxpro,2024-09-27T22:40:21Z,1
The synth melody in this song is unmistakably Max Martin! Every song he produced for Abel is gold! Unfortunately Max won't get credited much...,@TheSigner1,2024-09-26T19:12:07Z,1
I'm so proud of you Abel and I absolutely love this fantastic beautiful and just magical masterpiece song Dancing In The Flames so much and I really loved this wonderful and so beautiful and magical and so stunning and really emotional video and I really love your beautiful voice that just touches my heart and my soul  and I could relate to the beautiful meaningful and really emotional lyrics so much  and I loved hearing this wonderful song in your fantastic film Hurry Up Tomorrow and I can't wait to see your concert too and hear you performing this masterpiece song! Love you so much Peace and Love and blessings. I absolutely love your fantastic album Hurry Up Tomorrow too it's just amazing! 👑🤯😭😍😘😇☺️🙏🏼✌🏼🔥🔥🔥🔥♥️♥️♥️♥️👍💯🤗👏👏👏👏🌻🌹💐🌺,@naelashakir2770,2025-06-04T22:42:10Z,1
vibe,@kenesue6969,2025-01-01T19:00:17Z,1
At sometimes In the song he sang at fast pitch and they slowed it in iPhone to match vocals of song.... Which looks weird,@YatinR,2024-09-17T01:32:13Z,1
This song has an 80s vibe,@CourtneySmith-wq8hi,2024-10-12T00:50:08Z,1
Awesome song...I feel the vibe!!!,@NarvinSeujattan,2024-09-17T21:19:17Z,1
why it sounds like a Nokia ringtone?,@xxtriplex95,2025-05-25T17:14:46Z,1
This sounds so sonically good from production to vocals from beginning to end!!!,@truescribe3496,2024-09-27T03:29:57Z,1
Sometimes in life two people who can be so in love with each other but aren’t in a relationship have to say goodbye. Like you both understand each other and deep down maybe you two did love each other or maybe it was only one sided & maybe the person who thought loved you was just being nice. Anyway this is what this song feels like two people who were in love had to split up for whatever reason.,@Itsnoahscott,2024-10-10T12:27:40Z,1
Genius with code able lyrics!,@zanasucic6050,2024-12-01T13:01:37Z,1
The song needs more DJ and  effects but it’s good 😊 not (hate) ❤ but it’s good and simple enough >.< ^.^  ~.~❤,@ImanElouardi-c5n,2025-05-27T11:54:18Z,1
Geometry Dash Beat Dancing In The Rain is better,@aremios9556,2024-10-18T18:54:49Z,1
Thanks for the new catchy tune 😍😍 Love the direction 😍❤️🎶 80's are back ❤️❤️,@sweetangelx75,2024-11-21T17:31:46Z,1
Did he choose a default ringtone for the beat,@Mr.eyad_sir,2024-09-19T22:55:56Z,1
Bad ass 80’s vibe,@christianbonilla8722,2024-09-16T05:23:23Z,1
"If the era of The Weeknd is coming to a close, this is one hell of a banger to send it out with a bang.  He makes some awesome synthpop!",@marcusdj813,2024-10-26T16:50:10Z,1
The chorus sounds like “We can’t be friends” by Ariana. 😮😮😮,@tomaskraus860,2024-09-18T11:52:26Z,1
worst song ever,@dopaminefree8400,2024-09-21T11:55:26Z,1
"Honestly, this one feels a bit overproduced. If there was a studio version with the adlibs from the live concert and a bit less of synth, I have the feeling the song would've been better. The acoustic version alone is magical. A shame it didn't even make it to the standard album either, just like Runaway.",@Th3F4lc0nBl4ckBlu3Xd,2025-02-04T04:01:21Z,1
"The Ad for this song was so catchy that after watching it ten times, i finally caved. Now im here",@kalfolter22,2024-09-21T17:55:37Z,1
The vocals ❤,@rikkim007,2024-09-18T15:03:47Z,1
Iam from you tube vibe😅,@bunnyreddy6387,2024-09-16T12:04:59Z,1
3:03 that beat dropping the same time as the foot hits the ground is so good,@L33C333,2024-09-16T15:31:06Z,1
the main melody remind me Wreck It Ralph arcade world,@mahdiyuda611,2024-09-20T13:58:46Z,1
Hey we are off the universe X.O❤,@SirJamesSanders,2024-10-18T04:35:44Z,1
This song gives me Buffalo Bill vibes,@calvinluna3944,2025-05-27T09:05:04Z,1
I'm always skeptical when someone sends me stuff through the mail or on tube. I got a DVD from the mail. The Weeknd. It's soothing but I don't like the words. The music I love. Be careful what the lyrics say,@maririttner198,2024-10-07T23:32:41Z,1
The worst part about this song is that it   finished,@ruewMusk,2024-09-16T19:28:13Z,1
Petition to release the song with unprocessed vocals... The sao paulo version is the best one.,@hardrock1270,2024-10-15T11:28:45Z,1
So Fantastic Lyrics 👍❤️👍❤️. Amazing Music 🎶🎵🎶🎵. Rocking Voice Friend 👏😎👏😎.,@omparcha7068,2024-09-23T09:50:47Z,1
This is one of the worst music videos I’ve ever seen lol,@lukesinqh,2024-10-12T02:45:34Z,1
I love his voice and vibe of this song❤❤,@zelhephybesthanker3670,2024-09-15T16:13:51Z,1
"I""m 54 Years Old And I Have To Say This Song Caught My Ear The Other Day, It Was While I Was Driving Home And I Just Turned The Radio On. This Is Totally In Touch With The 80s Synth Area And Today""s Music Culture...Crazy Good!!!",@jimmymills9490,2024-10-13T13:05:11Z,1
As many people said this definitely sounds like We can’t be friends… ok work wife and husband matching vibes.,@Ariankagrindr,2024-09-15T18:01:20Z,1
"I am very biased, I love The Weekend’s songs. I listen to his music at least once a day. It’s mostly from After Hours, which is my second favorite album of all time from any artist. While I love his songs, this song isn’t doing it for me. I will admit that is extremely catchy and the audio is incredibly fun and upbeat. I’m sorry fellow XO fans",@JonSmith-oy4bi,2024-09-17T07:11:36Z,1
I love this man he is so powerful been down with his music since he was underground,@victoriamartinez2806,2024-10-07T21:21:34Z,1
I love the beat ❤❤❤,@evanslant,2024-10-13T16:37:40Z,1
"Respectfully, this song is mid. No, it doesn’t have to be trap drums and evil chords or anything like that but damn this is boring old people music.",@YeSalu-g8h,2024-09-23T19:15:15Z,1
he nails these synth beats every time,@DaWoWzer,2024-11-01T04:52:34Z,1
This song give me good vibes,@ivasebeni2440,2024-12-02T22:36:06Z,1
Synthwave ❤❤,@joanasilva8754,2024-10-21T17:05:53Z,1
why people are listening to this autotune shit?,@MatthiasDiro,2024-10-04T12:13:25Z,1
Why do all pop have high pitched voices lmao,@Unknown-wc1hi,2024-11-14T18:40:13Z,1
Absolutely loving the vibes from this music—it’s just what we need to energize our day! The visuals are also incredibly beautiful. Wishing everyone watching a day full of joy and overflowing happiness. Enjoy and let the good energy lift you up!,@HeatWaves987,2025-05-21T08:31:10Z,1
"I’m completely blown away! The Weeknd’s voice carries so much emotion, and every second of this video feels intense and alive. It’s like I’m feeling every flame. Pure brilliance! 🔥❤🎶",@TheMorningSongs88,2025-01-04T04:15:12Z,1
"I’m pretty sure the video did not help to make this song a big hit. So sad it’s not on the album, such a beautiful song. Imagine a video with a more deeply story.",@hugovalentelechugatorres4748,2025-01-31T21:36:05Z,1
I WILL WIPE OUT THE ENTIRE UNIVERSE .STOP THIS NONSENSE,@leonisachristine,2024-11-07T01:30:25Z,1
Synth Pop power in 2024!!!,@pacohervas-d4s,2024-10-15T10:22:18Z,1
"put him in the icon category, I said it, Prince, MJ, Babyface, All in one!! Phenomenal , Bruno with the high notes, but Abel with the emotion, vibes,just making timeless,  beautiful MUSIC , TALENTED AF!!!",@sabywengert,2025-06-21T03:46:23Z,1
3:34 stranger things vibe🔥,@sadmanratul24,2024-09-20T22:13:01Z,1
i think this song is little weak it dosent has strong rhythm,@olodurin6942,2024-10-06T16:38:25Z,1
"This song has ""The Never Ending Story"" vibes.",@23ofSeptember,2025-01-25T02:04:37Z,1
"This version is terrible, Apple advertisement ruined this one. Acoustic version is better",@SuperOmar095,2024-09-18T16:20:32Z,1
"Seems the same with others, abit repetitive",@Joanimate,2024-09-16T08:16:00Z,1
These classic synthwave sounds by Abel 🤌😗,@kongyang1720,2024-10-16T05:52:52Z,1
Amazing Synth !,@MaximumStormbraker,2024-09-26T11:03:04Z,1
This man's vocal capacity is longer than my life expectancy😂,@ShivanshSrivastava-p9b,2024-09-18T18:03:11Z,1
MJ Vibes,@whatsinaname5384,2024-09-18T14:22:11Z,1
5days ago and 40 mill wtf am I on the right universe,@ByaherosVictoria-hw3lk,2024-09-17T16:49:22Z,1
Lyrics for those interested..... Read more,@davidcooper9201,2024-11-02T23:50:42Z,1
Ariana remix especially having her repeat those last vocals after him like ooohh 👀🔥,@javonhstark7747,2024-09-17T06:49:20Z,1
Dude has the worst fuckin' videos...,@kevinmcnulty2310,2024-10-09T18:27:33Z,1
This is so NOSTALGIC!!!,@VSLeonYT,2024-09-18T14:42:43Z,1
The Weeknd is the king of the 80's vibes ❤❤❤❤,@anastasiapanou3017,2024-09-22T16:45:31Z,1
The whole vibe is like The Promise by When In Rome imo,@AnIsmaDJ,2024-12-13T06:34:09Z,1
This is amazing sound awesome the few few sec you hear the VOCALS WOW !! Brats just flow into another my my!!! Perfect tune nice smooth beats  lyrics are beautiful vocals music perfect performance luv it 😊❤videos amazing video 😊💯🎵⭐️⭐️🥰🛎🎥💠,@gloriacole4241,2025-05-22T11:42:19Z,1
"I am beyond excited to hear the new full album, but this song just isn’t doing it for me. The music video is visually stunning and the song is extremely catchy",@JonSmith-oy4bi,2024-09-17T07:12:54Z,1
"Since I started listening to him he never lost his ""touch"" and vibe like other people are saying in the comments. Its amazing. I love it 👍❤",@axx792,2024-09-19T18:43:44Z,1
"I love this Song always good vibes by driving in the car. Loud, louder😂🎉❤",@susanneschmidt1807,2024-09-26T10:01:16Z,0
Why does the beat of this song sound so familiar to me.,@nathankaberlein7357,2024-11-14T05:02:05Z,0
Watch the Spanish Lyrics of this song on my Channel: https://youtu.be/08sB54qeBXQ  🔥🔥🔥,@lyricsnation6112,2024-09-17T23:48:53Z,0
"He gave us a heads up on rolling stone when he said ""I'll be different"".",@davidwhitelow6536,2024-11-08T18:04:11Z,0
The rhythm of this song reminds me of my father's Nokia ringtone... 'Destiny',@perda01gov,2025-06-03T09:20:30Z,0
This song reminds me of @rihanna song firebomb. Did yall get that vibe,@y2klzter11,2024-12-05T04:37:24Z,0
Just popped on ma yt feed nd instantaneously gave WM 39 & 40 Vibezzzz arghhh what a time to be around,@raiyyanabbas1675,2024-09-21T06:21:20Z,0
I love this man... literally.. only artist that makes my heart skip a beat,@Cheetagrl,2024-09-22T05:04:04Z,0
"The Freestyle community (yeah, they're still out there) is going nuts over this. The patterns & vibe are so similar.",@RemixRick1,2024-10-11T06:18:59Z,0
Nice catchy christmas song. Fires up my christmas mood. Merry christmas to everyone all over the world☃️❄️🎄☃️❄️🎄,@alexanderakrobertgoodall873,2024-12-20T03:19:49Z,0
I can't explain how but this vibes with how i feel about my life lately.  INDESCRIBABLE indeed 💥💥,@Yaambeofficial,2024-09-21T21:18:52Z,0
"Omazing, best beat... Way Way Way...  ❤❤❤",@ChuyệnCùngHerius,2024-09-27T11:20:51Z,0
I can't even lie I don't know why but this song is surprisingly catchy. The other day I listened to it and the chorus was stuck inside my head.,@spvc4696,2024-09-18T21:51:53Z,0
"Sorry, but the ringing of this song looks too much like Nokia's ringtone called Nocturnal. It even gave me a certain nostalgia.",@TiagoFerreira-f5d,2025-01-08T00:16:47Z,0
The synth hook sounds like one of those preinstalled loops you get with GarageBand.,@BocajTreplow,2024-09-25T23:04:19Z,0
fazia tempo que eu nao curtia uma musica assim!!!!,@CristianoSouzamoraes,2025-01-25T21:05:47Z,0
id absolutely love to see the weekend and Marion Hill make a song his beautiful voice with her sexy sultry whisper voice would be so amazing together.... I'm positive the beat would be crazy insane too.... wow I get excited thinking about it ❤❤❤❤❤,@JamesDavey-x6l,2025-01-16T21:05:50Z,0
ringtone sample,@Mr.eyad_sir,2024-09-19T22:52:41Z,0
This beat would be complete trash without him. He can make anything a hit.,@Geedygeedy,2024-09-17T21:43:45Z,0
Stone Path,@AlyRaymond-t4l,2024-09-22T09:26:57Z,0
He has a talent making beautiful melodies with weird lyrics,@mitsos76,2025-05-02T14:28:13Z,0
Anyone else getting animated movie vibes from this?,@joofnah,2024-12-20T14:28:19Z,0
80's vibe,@cimerians,2024-12-20T13:16:20Z,0
"Amei a música, tem uma vibe top 😍",@nataliaellen6624,2025-02-06T01:24:24Z,0
Reminds me Nokias ringtone  : DESTINY 😅,@acdcgnrledzepp,2024-12-12T18:23:25Z,0
melody Nokia tune 😅😂😂🎉❤,@yunusoguz3180,2024-09-23T09:09:36Z,0
The verse melody seems like 'Lady by Modjo',@TewodrosTesfaye-o1b,2024-09-27T14:05:53Z,0
This beat can be in fifa….like that vibe,@mannymanolo9754,2024-09-28T10:28:47Z,0
The song 10/10 but the melody in the back its kike ringtone from nokia😂,@rioalzahrani3054,2024-09-24T18:30:41Z,0
Buffalo Bill song is in the chords if hear clearly 😅,@ruikarma,2024-11-18T19:01:05Z,0
Amazing The vibes of The weekend,@Ny26990,2024-09-18T05:25:35Z,0
Does anyone know what sample tracks this song is based on?  I recognise the melody and it’s driving me insane!! 😮,@tara59600,2025-01-29T17:45:08Z,0
The beats reminds me to @conangray boys and girls song 🎵 ❤.. oohh i love both ❤,@Loveandnish,2024-10-02T11:19:39Z,0
Dark vibes. The man has it.,@SilentChil,2024-10-12T21:56:36Z,0
It just has that retro vibe...,@grom4games,2024-11-21T16:50:21Z,0
Yall just praising weeknd but whoever made this beat deserves some mawfucking praises too the riddim itself is crazy,@chevaunneblake1133,2024-11-12T10:39:38Z,0
"This has some ""Happy idiot"" vibes by 'TV on the RADIO"" starring 'Paul Reubens' as a sort of Pee-Wee Herman Racer Driver"".",@48sharksOfficial,2024-11-21T04:43:26Z,0
the lyrics are a little bit like a DUI gone bad😅,@patricks.t.9549,2024-10-27T14:38:48Z,0
"is it just me that noticed the beginning of the chorus is also similar to the chorus of ""we can't be friends (wait for your love)"" by Ari...?",@ReinSalingay,2024-09-16T11:19:06Z,0
This one has a strong Chvrches vibe 😊,@eizeoosting843,2024-11-28T02:28:35Z,0
Freestyle beats wow love this.  Brings me back to so many happy memories,@tammyalt17,2024-11-28T01:23:04Z,0
"This whole era is insane. The emotions are so raw, the unexpected single, the amazing voice, the depth behind the lyrics, the catchy beat. Everything",@Sophia.n07,2024-09-21T04:46:38Z,0
The weekend vibe is beyond measure,@CalebMwangi-gk6vz,2024-09-15T22:03:24Z,0
anyone else that melody from a dragon ball intro game ?,@philippebrebion6203,2024-10-07T08:42:24Z,0
https://youtu.be/hc_YkUb6KdM?si=QkY_bqPyPR8rgIe_ this verse,@cky_j_official,2024-09-17T03:14:50Z,0
That freestyle beat though..,@bugokgago6056,2024-09-16T18:15:14Z,0
great vibe!,@neusac.4222,2024-09-18T13:55:10Z,0
Need vibe like blinding lights and the hills😢,@nayeemonvlogs,2024-09-22T08:00:34Z,0
Chorus melody reminds me of Everything I do - Bryan Adams,@rustyb4ss,2024-09-16T15:09:45Z,0
"This samples a beat, I just feel it in my bones. But I can’t place it.",@Eastopatra,2024-12-10T03:31:40Z,0
It's like Stranger Things vibe🤔,@fettifajrianti,2024-09-17T23:20:41Z,0
Samsung galaxy s25 ultra will beat iPhone 😆 🤣,@Noimadtraprap,2025-04-21T21:50:36Z,0
James Dean vibe,@patrickrk44,2024-09-16T05:01:14Z,0
So nostalgic,@inappropriate_auntie,2024-11-23T03:21:20Z,0
I can't stop liking this man and his 80's Jackson's superbass voice vibes.,@manuel-cecconello,2024-11-27T19:23:14Z,0
"Thanks to ""Dancing in the flames"", Abel, once again, shares with us his universe, dark and luminous at the same time. Powerful title and videoclip, first of the future album, the last for The Weeknd but not for Abel Tesfaye. Can't wait to discover it...",@annieetkristelperez,2024-10-26T17:31:54Z,0
"Io our dreams (literally) and subconscious, the car represents our body and soul, if we dream about driving a car it means how we are moving in our lives. Infact, in the music video he get into a car accident but we don't  really see any other car. Grabbing our wheel of life and deeply understanding when it's time to stop (""missing the break"") could literally save us. The entire video is a rhetorical representation. Also, there is almost a near to death experience in this video in which he get up after the accident and he starts running towards the light but when the ambulance arrives, he didn't move at all, he is still on the ground.. anyways I love how he transposes his experiences and growth as a man into music and videos + this track is more than amazing. It gives strenghts to always go on in life. Sorry for my english I hope this makes sense :)",@TheGiubani,2024-09-23T19:27:24Z,0
Amo a vibe anos 80 de The Weeknd. 🇧🇷🇧🇷🇧🇷,@jaquelinexavier5221,2024-09-15T22:13:44Z,0
beautiful. Lyrics  I love it,@TheTrueMusk,2024-09-22T16:29:16Z,0
synth pop?,@hyumoon4307,2025-01-19T18:58:51Z,0
"it's literally ""we cant be friends"" with different chords",@adeled8833,2024-10-08T08:53:37Z,0
Hearing CHVRCHES vibes alot here.,@annone3428,2024-09-15T14:09:42Z,0
This song got the Freestyle musical rhythm,@DaughterOfJacobAndLeah,2024-11-15T22:42:23Z,0
OKIE Wiwa Brawo Xoroso Klassna Melody Grustno Zwuzit Muzika Xorosia Gde Dewuska Krasawiza Klassnaia Krasawizik Will Drugs Drugan Dewuska Plazit Krasawizik Sluzai Muzika Klassnaia 🌹👍🏾🌹✋🏾🌹👏🏾🌹🤳🏾🤳🏾🌟🌈🎹🎸😘😔🤗🤔🤳🏾✍🏾👍🏾🤜🏾🌍🤛🏾👏🏾✋🏾🌬️🌦️🌦️🌦️🌦️🤜🏾🤛🏾✋🏾👏🏾,@2сар-д5б,2024-09-16T19:03:38Z,0
Gives 80s vibe. The new wave genre never dies.,@livealittle1100,2024-11-01T08:17:41Z,0
Top passa uma vibe muito boa,@bruno-ik3ff,2024-10-01T12:39:33Z,0
The cinematography is hauntingly beautiful. Abel’s voice + that fire imagery = chills. What a vibe.,@BESTREVIEWSTOP10,2025-03-29T23:07:18Z,0
"Remember ""We Can't Be Friends"" at the beginning of chorus",@FernandaRodrigues-yq4du,2024-09-27T08:33:18Z,0
Damm another blinding lights vibes ..love this ethopian man !,@samirdecaprio7018,2024-09-23T02:49:43Z,0
Anybody else hear the pokemon new gen theme song in that chorus? Or  I might b too high lol,@TheGraveyard63,2024-10-17T03:25:28Z,0
1:04 this music sounds awfully similar to old Nokia ringtone called Destiny.,@ScreenAI,2024-11-14T13:41:37Z,0
the weeknd always give us elite songs. just saw on genius and this song amaze me at every part of the lyrics have meaningful and very deep meaning behind it.,@sakurakoseki,2024-09-19T01:58:01Z,0
Amazing beat,@JaneDoe-hk9kj,2024-11-13T10:17:23Z,0
"What actune this is....... I'm memorised the lyrics already, and I only heard it for the 1st time 5 days ago",@jasonblenkinsop6766,2024-09-22T09:29:59Z,0
What's going on in this mixing?,@ikerwav,2024-12-03T14:25:28Z,0
The beat is very similar to the intro song from Adventures in Wonderland (1992). I thought of it right as I heard this fire beat 🔥,@sunnyd7270,2024-11-26T17:28:39Z,0
"I was busy jamming with this song in my car, I loved every beat of it",@oladunjoyeesther9032,2024-10-01T00:01:04Z,0
Nokia ringtone; is that you?,@SazzadHossain-lo2xx,2024-09-21T16:45:08Z,0
Is it just me or it's just sounds like Nokia Ringtone?? Although the song is awesome,@rathindas9132,2024-09-19T19:50:07Z,0
She sounds like a whaling cat and her dictation is horrendous. One of the worst songs I have heard. Wouldn't surprise me if AI  this together. She is not good at all and there are artists on this platform that will do it a million times better and create real music.,@2012lmfao,2025-01-03T19:12:26Z,0
"Leaving aside the fact he’s singing about offing his girlfriend and himself in a car accident, catchy song 🥰",@rrobbinn,2024-09-24T19:54:14Z,0
Vocal effects thrashed this for me.. Awful,@TheEgoalterer,2025-03-20T17:07:33Z,0
All the triggered feminists that are angry at The Weeknd for his old song lyrics can go emnd their livrs,@greensprite6067,2025-01-13T20:56:08Z,0
Synthwave saved pop music 😎,@TigerWoodsLibido,2024-09-21T04:26:22Z,0
This me give 80's music vibes,@beneniacox9205,2024-09-24T06:39:18Z,0
80s Free style music vibe,@JUSLAUGHTV,2024-10-24T19:42:24Z,0
1984 vibes ✨️ 😎 Abel never flops y'all. Still he keeping it his signature synths and sunglasses from After Hours,@SELSTEIN99,2024-09-16T04:10:20Z,0
Pet shop boys vibe!,@Mark-wd7ju,2024-11-20T02:34:11Z,0
Im not mastering at music but this song should've collaborated with Bruno Mars.,@white_and_gold98,2024-09-23T07:27:26Z,0
Hi Abel the Weeknd my name is Beatrice i'm 12 years old and i live in Liguria in Italy  i'm a huge fan of yours  i listen to your songs Every day. They are beautiful. I love them. In  my opinion  you are a very GOOD artist.I have four major illnesses and listening  to your  music helps me a lot .And i wanted  to ask you next  year in 2025 you were doing some  concerts  in Italy so i cloud see you and see HELLO i can't wait for you to do a concert  in Italy . A hug  from your fan Beatrice and from my dad  Viktor and my mom Francesca. Your FAN NUMBER ONE FAN 🥰🥰🥰🥰🥰🥰💗💗💗💗💗 XO XO XO,@BeatriceLytvynenko,2024-10-27T20:05:12Z,0
"Oh the 80s vibes, I loved it! 😍",@LilyIglesias,2024-09-16T22:51:58Z,0
"This song has the same vibes, melody and maybe even rhythm as CHVRCHES  Clearest Blue",@henry_2902,2024-10-16T18:38:29Z,0
Oh my word i didnt know this was out damn catchy hooks man hes awesome,@Mattyboy88979,2025-01-27T03:51:24Z,0
Another 80s vibe song 🎶❤️‍🔥,@xx_angel_xx742,2024-09-23T11:40:26Z,0
To be honest his voice and song is evolving album after album .those synths are really addictive!!! Now coming to this song ..after listening to this more than thrice ..its became addictive to listen it again and again .. abel really loves to bring his creativity in each and every song ❤ a true legend 🫡,@kanishkindia,2024-10-06T19:00:59Z,0
Some of his music has that late 80's to early 90's vibes in it.,@ainahko16,2024-10-16T06:26:21Z,0
"This video and song actually has me feeling so emotional right now. It so captures how it feels to be in a near death experience. TRUE STORY TIME: I was in a massive tent fire last year. I fell asleep in a tent and woke up to a propane tank blasting my upper left side with flaming propane, and a third of the tent on fire. I still have no idea what started the fire. But it was a homeless encampment and lots of them have been set on fire especially as of lately. I woke up to that and jumped out of the tent over some of the flames and when I looked back the place I was just sleeping was fully engulfed. By the time the firefighters had put it out, both the tent and all around it in a 15 metre radius was completely decimated. Anyways, when the paramedics gave me Ketamine to sedate me as I was panicking and going into shock with the burns on me, it felt exactly like this video. I was out of my mind on Ketamine but it was deeply spiritual. This is also how the fire felt. Everything was in slow motion. It felt like I was experiencing a lifetime in those moments. I also felt a heavy sense of foreshadowing. It felt like I was running against time and fate and wondering if I would make it to where I was running in time or not. This video perfectly captures that for me. Well done",@katrinasteines-shopa5971,2025-06-25T22:08:39Z,0
Forgetful generic pop at its finest.,@cliffordcollie6772,2024-10-07T19:31:43Z,0
Great mix! 🙌 Discover more tropical Afro House beats on my channel. https://youtube.com/@melodiessmiless?si=zzKrZzussGHkNSPu🙏🪐,@Melodiessmiless,2025-01-10T20:36:32Z,0
The only weeknd song I can play in front of all my family 🥹🥹🥹 I love the vocals and the upbeat tune 😻,@p0pscar-ADÉLA,2025-02-21T03:13:20Z,0
Great vibes 😊,@LVBJEAN95,2024-09-21T03:53:32Z,0
CHVRCHES vibes anyone?,@em__collects,2024-12-13T04:38:30Z,0
kalian ngerasa gak sih beatnya kaya ringtone nokia dulu?,@ladyamendes,2024-09-17T15:01:57Z,0
"my dream, the car the lyrics the crash, .... i see it i remember",@foreverstrong85,2024-09-24T03:16:35Z,0
"I love how dark he can really be, at the same time its like honey for your ears, everything seems perfect till you read the lyrics.",@dannyr.2732,2024-10-08T17:44:09Z,0
God I miss the vibes of kiss land. This is so pop.,@wellno3731,2024-09-20T00:12:21Z,0
😢😢😢😢😢😢 OMG imustalwayscryifihearyourbeatifulSong❤❤❤ 2:43,@MuttiCL,2025-06-17T23:38:05Z,0
The guy is a few years to late with this synthwave sound. Fm84 did it better anyway,@RealMonoid,2024-11-30T03:26:11Z,0
Using some Ai stuffs to write lyrics great weekend . Autotune rocks. 😂😂😂. Not a sign of real singer,@MichaelDhami-in8yb,2024-09-19T07:00:37Z,0
"Soooo good! The beat,the synth, his harmony. Perfection. I love the weeknd!",@strcrossed,2025-02-21T16:48:58Z,0
"Heard this and at the chorus I immediately thought of the Buffalo bill dance song, Goodbye Horses, from Silence of the Lambs.",@Arggggggggg,2024-11-06T21:11:44Z,0
"Abel takes us on yet another intense visual and emotional journey! The hypnotic sounds of Dancing in the Flames combined with that fiery aesthetic give chills. This track truly marks a turning point in his trilogy, especially with how he explores existential themes. Can't wait to see what Hurry Up Tomorrow has in store 🔥🔥🔥",@yacoubasawadogo8225,2024-09-17T09:01:42Z,0
"The virgin fabricated ""Black man say gamer word a lot"" fake ""artist"" VS the Chad synthwave Daft Punk trained true artist The Weeknd",@Kepora1,2024-10-04T20:18:28Z,0
"Is it just me or are the flashing lights used a bit to much at some parts of the video?! I feel like between the beginning and middle part they overused the flashing effects a bit to much, while the rest of the video certainly is great.",@KevinZachary-d9j,2024-09-26T23:30:56Z,0
I might get made fun of for saying this but I think I'm going to put this into the Bluey universe and make a head Cannon fanfiction I'm working on it right now is family friendly nothing bad but I'm bored and I have nothing else to do can I guess that makes me happy so I guess I'll do it,@JesusGonzales-i4f,2024-09-25T00:16:25Z,0
"Dont get me wrong. Its a very catchy song, but are we listening to the same lyrics? I know it is metaphorically, but damn. I wouldn’t be surprised if he turn out to be a serial killer",@luckygluxx,2024-09-16T09:09:47Z,0
This song is definately the weeknds houdini ...song is flopping. He has stayed with the same sound for too long now ppl will get bored. He needs to evolve. Dont get me wrong this is not a bad song its just nothing unique or special. Nice melody but has no replay value.,@seanmcnicholas3153,2024-09-30T02:06:18Z,0
"i need a love and deepspace girlie that can see the beauty of Caleb and this song to WORK with it,,",@VampireQueenMinami,2025-04-24T10:15:17Z,0
One the most annoying songs,@Scooby_Floyd,2025-02-05T23:19:29Z,0
This song is a banger ❤it lowkey reminds me of the same melody/verses in Ariana’s we can’t be friends,@julianlugo321,2024-09-17T17:49:16Z,0
Most annoying corporate radio song ever. Same with any Chappel Roan song,@jpamanse8867,2025-04-14T07:02:59Z,0
Monotone,@DotinSpace1,2024-09-18T15:56:49Z,0
The music vibes like Chris Brown New Flames but I like it,@christinasrg99,2024-09-24T04:40:43Z,0
"Such raw voices, no autotune at all awesomee",@dprssdcat,2024-09-19T11:42:03Z,0
Not as catchy or memorable as his last few singles. Maybe it will grow on me as I listen to it more. I'm down for the 80s sound though!,@guyinsf,2024-09-20T20:41:41Z,0
"This is the worst song, contextually, that I've ever heard. This could literally be the commercial for cinnamon bubble gum. The fact that this has tens of millions of views within a week is a report card on our culture.",@alexhall1862,2024-09-18T05:36:44Z,0
"Sorry to say, nothing can beat starboy",@Muhammad-fj3fv,2024-11-08T05:24:49Z,0
Anyone else get 80’s Erasure vibes??,@wlh321,2024-11-08T03:05:03Z,0
vibes🖤🔥,@Jokk12K,2024-09-20T10:23:46Z,0
"Wait wait wait , Did I alone notice that this melody is similar to Justin Bieber's song ""Baby""?",@ghalaaboo6172,2024-09-17T07:17:47Z,0
Give me After Dark vibes❤❤❤,@marcindalczynski3999,2024-09-22T16:52:42Z,0
Plss stop the ads it’s annoying and embarrassing,@avatarland7681,2024-09-17T15:23:35Z,0
"Hi Justin. Deep fake mask life going well for you. Super processed music, commercial formula executed flawlessly. Hypnotizing the listeners with your Justin sound. Feeding our minds subliminals. Right on. Good on you. I just see you for what you are. Deceptive influencer.",@missymoonwillow6545,2024-09-19T17:35:58Z,0
"The rare case of someone that still keeps the 80s traces on his songs, not fully of my taste but deserves my complete respect for keeping the ""melody"" alive.",@ManuelJmBcn,2024-09-25T07:35:03Z,0
"heard the acoustic version today, and it as amazing, true artist this person is.",@ananyasoni4660,2024-09-22T18:21:43Z,0
"This song is pretty forgettable for a single, what happened",@CG-lf8st,2024-09-18T06:06:02Z,0
HELP ITS SO CATCHY,@HiThere69-q,2024-10-04T06:16:34Z,0
My ringtone ❤❤❤,@CASTORIGO,2024-10-11T15:27:50Z,0
"This song hits differently, and the lyrics are so amazing.",@hyderabadstyleart,2024-09-17T07:09:02Z,0
"Why is the chorus the exact same as ""we can't be friends""",@MsBigact,2024-12-15T03:54:06Z,0
Stevie B vibes!!! If you know you know!!! 90s baby!!,@TvosOlehead,2024-09-18T09:56:51Z,0
This song is actually terribly generic.,@craneology,2024-09-20T19:18:38Z,0
"every time he is able to overwhelm you with his songs, every word never wasted and a melody that never tires in every song",@AdrieleScuttari,2024-09-22T21:09:41Z,0
Love the 80's vibe. A testament to the great sounds of the past.,@oriondragos5876,2024-09-20T04:02:03Z,0
such magical vibe!!,@mojo_giorgio,2024-09-21T17:23:56Z,0
I would've loved to hear 1980s Depeche Mode cover this song. David Gahan's vocals would've been awesome for this song.,@Jon.A.Scholt,2024-11-15T00:48:44Z,0
It’s a multiverse Abel from afterhours,@ifiglidellefoglie2701,2024-09-20T22:07:41Z,0
breakbeats techno making a comeback,@sfbefbefwfvwfvsf2722,2024-10-17T03:33:48Z,0
"Beautiful music, great lyrics. Perfect song.",@Jigglymuk,2024-11-27T22:42:27Z,0
This is dope! But he could've put more beat and soul to this sound.,@MistaWrightRocks,2024-09-19T23:18:09Z,0
I love this fuckin videos from the graphics and the beat,@gcodebihh,2024-09-19T07:05:54Z,0
"""Love this song, know it, by heart by now do I""! Qoute by Michael the Archangel #BookofMichael #Bookofnow #Bookoflife #testimony #living #WITTNESS #lifelessonsinmusic",@mykeybarbee2587,2025-01-19T07:58:50Z,0
Have you read the lyrics? The dude must be high 😂,@edb6412,2025-04-22T01:08:37Z,0
Ohhh man!!! this is soulfull : ),@travel6865,2024-09-18T04:48:58Z,0
"Cara só ele consegue isso, um clipe manjado, batendo de carro, correndo no meio de um temporal 😂 mas o visual é incrível 🎉❤ te amo Abel",@luizricardolimma36,2024-09-16T15:39:50Z,0
Nothing will beat after hours album.,@jimmykray9583,2024-09-16T15:56:10Z,0
Destiny ringtone on this music Nokia Smart fon,@MohammadAsyrof-m4f,2024-09-16T15:38:53Z,0
Is disgusting how some people wish the death to others but it's amazing how the universe has it's way to save people of such ugly creatures and transform them into something even more powerful than before and then the ugly ones😂😂😂boy bye !,@alexandervonsalzburg6438,2024-09-16T11:03:17Z,0
This song beat is similar to we are electric by flying steps 😅,@Moojako,2024-10-16T08:35:56Z,0
He has rhythm and his songs have pattern which is adding beauty to his songs,@quotesall3408,2024-09-16T08:11:40Z,0
80s vibes,@FilippoPenati77,2024-09-18T20:53:36Z,0
Nokia phones ringtone remastered,@hellodark4514,2024-09-26T15:02:50Z,0
Too similar in vibe to the previous 2 albums,@Pangolita,2024-09-19T11:05:25Z,0
I definitely heard that beat sometime before 😅,@pineappllllllle,2024-09-16T02:02:01Z,0
This song gives somewhat the vibes of we can't be friends,@moonlight_angel2627,2024-09-16T01:03:50Z,0
I love this music ! The chorus make me think of a song of one direction … Anyone thinks the same ?,@clmlp6094,2024-09-25T17:20:42Z,0
The lyrics hit me so hard too ngl💥🎙️🎶,@pastuchiha98,2024-09-23T19:32:50Z,0
Anyone else getting major CHVRCHES vibes?,@ricardozuniga3374,2025-03-01T05:59:36Z,0
"Nah definitely not his best, more of a mess...odessy??? Beat also is horrible!",@KatherineEstlund,2024-09-15T18:24:07Z,0
The wekndis Magic this Song Amazing vibes❤🇮🇹,@danielerocchi9324,2024-10-01T17:56:59Z,0
This gives me goodbye horses vibes,@HeyItzTiki,2025-01-24T17:49:06Z,0
This is neat music. I really love the vibes I get from this song.,@yasear2771,2024-09-15T15:10:50Z,0
quite nostalgic,@whatsinaname5384,2024-09-18T14:22:29Z,0
The acoustic version has now ruined this version for me. The acoustic version is how it was supposed to be sung.,@CfreshMN1414,2024-09-16T15:46:55Z,0
people dont really  understand how difficult it is to make a song this mediocre and lifeless,@pretty-how,2024-09-17T23:55:31Z,0
