comment,user_name,date,likes
"Emily's voice made me feel something I haven't in years. You can feel the power, you can sense the emotion. It was a flashback to the first time I listened LP in 2006.",@leo_king94,2025-03-25T15:59:41Z,1525
The subtle (not so subtle) fading scream of Emily when Mike's in the first verse is soooo goood,@viniciusgarcia3377,2025-06-14T20:35:08Z,349
For the record... Emily was a fantastic choice. What a powerful energy she exudes.,@ricardomasetti27,2025-03-02T21:35:54Z,57
"At first I can't accept the fact that LP has a new vocalist. Months goes by I starting to like it now. True, Chester is irreplaceable, this is the new Linkin Park.",@mackyme001,2025-04-14T12:09:20Z,38
"I'm deeply moved by 'Emptiness Machine'. The new vocalist has brought a unique energy, keeping the spirit of Linkin Park alive. As a long-time fan, I feel the band's legacy is in good hands and will continue to be respected and cherished. Thank you for giving us this renewed hope. You've truly been a part of my life.",@alvoplaytv,2025-02-17T19:35:33Z,38
The goosebumps when she gets that shout with high notes...,@marianantonsich3941,2025-03-28T17:37:47Z,35
"I’ve been dealing with severe depression recently, and experiencing both the long term aftereffects of bullying and current bullying, but Linkin Park keeps me going. Everyone in the band is extremely talented, and both the lyric and instruments hit hard. Keep up the great work, LP. You don’t know how many lives you’ve saved, including mine.",@ITSASHG01NGS0L0,2025-04-05T22:17:44Z,34
"""The machine is not empty – it’s filled with energy, emotions, and 100M views!"" 🎉❤️🔥",@FromZeroLP,2025-02-17T22:45:28Z,32
What I see is a band venting out there pain and a amazing new vocalist ready for a fresh start from her past couldn't be anymore happy that my favorite band is back! So ready to see them in September,@joshreade4,2025-04-22T12:02:26Z,28
"I heard this song for the first time as a random spotify recommendation based on other bands i listen to. At first i thought,  ""this is linkin park, but who is singing? Chester is gone. What the hey is going on?"" But the emotion in her voice drew me into LP and their other new songs and now I'm hooked, or should i say re-hooked. I hadnt listened to LP much since their first 2 albums or so. I guess i'm a fan reborn.",@daminox,2025-06-12T17:45:09Z,13
That vocal outburst at 1.38 is so good. Goosebumps.,@EffyStonem01234,2025-07-20T23:19:35Z,12
"Who remembers the time when Chester replaced Scott Weiland in Stone Temple Pilots, people were saying that they should change their name but Chester told the DeLeo  brothers no. it would be a shame just to throw something you worked hard for a way like that. i’m glad LINKIN PARK is doing the same thing. The band wasn’t just only about Chester, it was about everyone involved.",@204august2,2025-03-15T08:28:26Z,11
"Was I the only one who cried when they played again? That mix of joy, nostalgia, and emotion just hit so hard.",@samuelmunoz886,2025-06-25T22:56:52Z,11
"All the haters out there dissing Emily can stfu forever. Of course she’s not Chester, but she brings a fresh voice, that crazy energy, and emotional pull that Linkin Park brought in the past.",@adamboyle6099,2025-02-22T08:05:21Z,10
"For a song about an ""emptiness machine"" it's packed with emotion and intensity that is unmatched. I keep coming back",@STATUSTANK,2025-02-24T02:02:06Z,8
"Sou do Brasil e parabéns Link Park, uma vocalista linda e que canta muito bem . Tem a cara do link Park",@zipdrv,2025-04-15T18:11:29Z,8
"Just 'cause you can't see him doesn't mean he isn't there. His path was already marked from birth, things and events that can happen, happen and that with a purpose. With the new songs, we all feel his great presence and know deep in our hearts that he is proud & finally happy and at peace and that's all that matters in the end 🤍",@danijeladivjak1908,2025-02-23T13:51:32Z,7
This song and video are so great that it makes me tear up with emotions. Straight up.,@wagnerrockstar,2025-04-12T00:17:22Z,7
"Chester estaría orgulloso, seguro...💪🏻 Enorme vocalista",@Sardinasycocodrilos,2025-04-05T16:45:57Z,7
When you understand the lyrics you are on another level.,@francisconunes1411,2025-03-24T19:17:27Z,7
It's like the angry version of rich men north of Redmond. Both give me the same emotion. Great song. Great voice,@t.r.2283,2025-05-08T14:44:34Z,6
Emily is a vibe,@nvsabhishek7356,2025-02-27T14:21:53Z,6
"I miss Chester, I miss him, but Linkin has a new vocalist, life goes on, and we must move forward, always support them.",@gingin4338,2025-04-17T02:46:22Z,5
Her voice is insanely powerful and this song is amazing. I'm so proud of them. I loved them for years and seeing them start a new era of their band makes me so happy.,@polito-u7z,2025-05-15T11:34:10Z,5
"I came into this album with a fresh mind and no expectations and then Emily's verse started and I had a smile on my face and then she screamed ""LET YOU CUT ME OPEN"" in my face and I was sold. God, EMILY! You can sing! Thank you for taking on this humongous and difficult task of carrying forward LP's and Chester's legacy. You are doing an amazing job. I am obsessed with this song.",@rachitkhare2081,2025-07-15T21:25:43Z,5
"As a person who listened to LP when they first came out & it go tme thru some really dark times in life, still get me thru ym day to day. Linkin Park is a embodiment of music we loved, an idea. But Times changes, people die - thats a fact of life. We all will one day die, here for just the blink of the universes eye. Chester will forever be missed. But Linkin Park is forever. We carry the torch forward. Be kind & good to one another.",@lokimgaming,2025-03-29T05:29:45Z,5
"Even after listening to the song so many times that I know the lyrics by heart, I still get goosebumps when listening to it",@melissa.m.168,2025-03-25T12:51:48Z,5
"Just heard this for the first time today while driving, immediately gravitated towards it and looked up who the band was.. Of course it’s Linkin Park, insane how 25 years later this band is still putting out songs that remind me of why I fell in love with them in the first place, I miss Chester, he was definitely one of my idols and imo a voice of my generation, but I know he’d be stoked about this new style and the bands choice in vocals, she definitely has that high note capability but still has some gravel in her throat, one thing that’s never changed for LP is what they want in lead vocals to make each song stand out and this song definitely does 🔥🔥",@austinbeasley1300,2025-04-14T20:34:11Z,5
"I got emotional hearing this, Linkin Park is literally my childhood and teenage years",@Gustavo-sw7xf,2025-04-10T18:51:36Z,5
Chester is chester but this new vocalist Emily is amazing! I love the new sound of LP. It's like Metric + LP + BoyKillBoy had a threesome,@FriarHavs,2025-03-25T16:33:34Z,5
"Great song, great vocals!",@JoseOliveira-l5m,2025-03-08T16:08:57Z,4
"Not going to lie.. at first I really didn't like the ""new"" LP .. but honestly Emily is phenomenal and I can 100% see how perfectly she fits. Her vocal performance serves just the right contrast, and yeah.. they still kick ass.",@PhoenixD-DX,2025-08-02T01:10:10Z,4
"Awesome inclusion of piano! Great lyrics, another masterpiece!",@ThorOdinson1269,2025-03-12T00:06:25Z,4
"Last year I was listening to LP twice and got told they were bad... Both times. I recently revisited them and I think they are my favorite band, the mix of rock instruments and synthesizer with piano, Emily (and previously Chester, RIP) and Mike's singing and the insane lyrics, they're just an overall amazing band.",@Carlo-i9k,2025-07-23T12:12:05Z,4
"‘I only wanted to be part of something’  Linkin Park is a part of this freaking universe. Legacy continues and how !! Mike Shinoda, you are a monster. Thank you LP.",@Sid84cali,2025-03-04T18:52:20Z,4
1:28 Seriously that Harmony is just so satisfying and powerful.,@AlbikerkyIsNotReal,2025-02-12T04:55:41Z,4
"Honestly... When I saw and hears first time, I couldnt... I couldnt accept Emily. Chester was too important for me. I always feel him pain, scream, soul. Chester was pain. But Emily come to me with angry in her voice. And this emotie, If I look how much I miss Chester, is perfect. I need give her a chance. She deserve this. This Linkin Park is different. Music is more deep with angry than pain... but this match perfect for feelings which I have about Chester... so yes. I am open for Emily. And she is great. I needed more than month for come back to this song. But thank you guys for this. Is really good track!!!!",@martucha80,2025-04-04T12:46:09Z,4
bro she give me old Need for Speed vibes and i love it,@yandaleydai,2025-03-11T00:32:24Z,4
Absolute track and fantastic message in their lyrics. But it has never been decided how we lose. It is us who makes us lose.,@inknpage,2025-02-11T20:15:42Z,4
I really have no idea why this happens but when she stars the chorus I immediately start crying.,@nooo572,2025-07-21T13:13:37Z,4
"U know what guys it's hard to move on,but think for the band how hard would it be for them to move on,,so just enjoy the music ,feel the beat, rhythm, and rock it ..be with the flow.😊",@Tkashung4695,2025-03-08T23:37:45Z,4
At first  didnt liked the vocalist right now I'm into her so damn much the linkin park vibe Stills there ❤,@IgnacioGabriekk,2025-04-05T18:07:26Z,3
"You guys impressed me with the new formation, this new vocals are absolutely amazing and you guys gave a new soul with new colors and feeling, a new page in Linkin Park trajectory making history in the music industry, you guys rock, and this song is just.... got no words to express.... I am surely going to a concert, want to watch you perform theses new amazing songs. Success! you guys deserve it! from a big fan.",@doliveirajapan,2025-05-08T08:22:03Z,3
The CHILLS i get every time i hear her vocals !!,@mellifluousfear8355,2025-03-28T14:00:51Z,3
"A real banger!  Emily is so cool, and she can make you FEEL the emotion, to say the least!",@darlenetrowsdale5156,2025-02-14T20:55:17Z,3
Mikes opening vocals are a bit average but the new lead really nails it.,@The0Matador0,2025-03-29T00:40:39Z,3
Heard it at the Sheffield Steelers game on Saturday during warmup.  Didn't know it was Linkin Park until I googled the lyrics.  Love it.,@S050683,2025-03-23T20:21:09Z,3
"Isso aqui vai ser atemporal, escrevam",@carollacerdaCovers,2025-07-23T22:40:39Z,3
This womans vocals are amazing and mike is a legend great combo chester would be proud,@Bobthebuilder-gn8ur,2025-07-16T15:26:23Z,3
"Same Linkin Park vibe, luv it",@awskeesher,2025-02-26T14:56:01Z,3
"Chester e insubstituível, sem sombra de dúvidas, mas ela é perfeita para ser vocalista do novo Linkin Park ❤😊",@steffanybittencourt2988,2025-04-07T16:19:25Z,3
I am so excited for this next stage of Linkin Park! I get goosebumps hearing Emily’s voice. Such raw power and emotion and she’s absolutely beautiful to boot. The band could not have chosen a better more talented person to join them. I love her. Welcome to the Linkin Park family Emily. I am determined to see LP live before I die. You guys better get to Australia.,@Flidais13,2025-04-07T03:56:43Z,3
"CHESTER MUST BE SO HAPPY TO SEE EMILY ARMSTRONG, MY FIRST ALBUM WAS MINUTES TO MIDNIGHT, I WAS A YOUNG KID, AND SHE BRINGS THE LINKIN PARK VIBE BACK",@jc9276,2025-05-30T01:12:08Z,3
This song is what I think of when I think of LP. The new vocalist is phenomenal. Incredible voice.,@RasenRendanX,2025-03-23T04:00:35Z,3
Kind of female vocal fry i like.,@PravoSlavicon,2025-03-24T17:49:01Z,3
Perfect mix of vocals from both singers. Well done.,@SETXthermal,2025-04-29T18:51:31Z,3
wow…. great powerful!,@카유보트-n9z,2025-07-25T21:44:18Z,3
Everybody talking trash needs to stop. Nobody is trying to replace Chester. The band needs to heal also and if this is what it takes it gotta happen. Yea she can't hit what chester does but listen to these lyrics! Chester would be so proud that the band is moving on and making more music! This song def hits hard! Love it keep it coming!,@jonathankarloski9624,2025-03-09T06:53:48Z,3
"To be honest, I am actually very attached to the ""old"" Linkin Park, but now, for what happened we are talking about history. In any case, the new singer, Emily, in my opinion identifies a new direction for the band; reborn after her arrival. Her tones and her grit are very reminiscent of Chester, in fact in many expressions she emphasizes them. Compared to an animal, she would be a lioness. The band now has to focus on the new direction, unfortunately the old songs, especially those from the first albums, before Emily, sound decidedly strange. Good luck to the new Linkin Park! I am and will always be with them.",@andsani,2025-03-30T20:46:37Z,3
All these Chester this and that comments just emphasize the point the lyrics are referring to😂 Just let it go folks and enjoy this awesome piece of art AI could never produce❤,@terskataneli6457,2025-04-08T21:08:37Z,3
Omg Emily got me trippin yo! She got the scream the vocals and omg is she gorgeous 😍,@Lilly-p7r6l,2025-02-15T16:38:41Z,3
The chorus sums up my last relationship on point.,@nihe5247,2025-04-18T02:45:18Z,3
I actually got emotional she’s amazing,@AndrewJefferies-n6d,2025-03-05T20:46:41Z,3
The best vocalist right now in this genre has a name....her name is Emily Armstrong.  Enough with the chester comparisons.  Emily is her.😊,@jjj2121,2025-03-21T01:18:04Z,3
Man … imagine she and Chester on a beat screaming like this …. Pfoa ❤,@ovidiusustic8905,2025-06-07T08:36:54Z,3
Emily's verses go so mf hard ❤️‍🔥,@corinncruz,2025-05-24T18:22:45Z,3
"Eu cresci ouvindo essa banda e Chester.Sou muito fã da banda. Eu não posso ficar fingindo, como muitos hoje fingem está tudo bem, mas Com todo respeito as opinioes, mas na minha, a escolha de uma vocalista feminina foi estranho. Não só pela decida de tom musical original mas porque nao faz sentido nenhum. Chega de ficar passando pano e evitando ser sincero por causa de mágoazinha mas tá muito ruim essa versão do link park. Porém , as musica novas terão uma visão diferente com o passar do tempo. Agora, com toda sinceridade, as musicas antigas cantadas por chester jamais ficará boa na voz dela. Isso é uma verdade absoluta. A banda terá que impor sua nova identidade com musicas novas pra aí sim fazer sentido na voz dela",@ewertonnecm,2025-05-31T18:55:43Z,2
Nice new Vocals,@asrieldreemurr_tw,2025-06-24T06:54:10Z,2
I don't normally comment on music but I've recently been hearing the new Lincoln Park music and the female vocalist. She adds such strength to the music. I'm really liking the new Lincoln Park. The duets are so well done.,@livinghound,2025-05-14T22:46:47Z,2
Never able to replace Chester but the Linkin Park vibe is there man!!!!! 🤟,@FirestormAA,2025-06-21T13:06:48Z,2
"chester bennington se debe estar matando por segunda vez viendo como se derrumba toda la banda que tanto creo , un asco la nueva vocalista no pega ni con la GOTITA",@starset-zb9ob,2025-03-08T15:35:49Z,2
Powerful stuff,@zamanbekkeldibekov6145,2025-03-03T13:14:53Z,2
"Essa vocalista ganhou meu respeito, canta muito",@Jeferso5,2025-03-05T22:38:15Z,2
"I really like this song, she has a very powerful and nice voice. ❤️👍",@woerly762,2025-05-21T02:17:50Z,2
Lame. Generic. Weak,@weaponx100,2025-05-29T12:00:33Z,2
wow!! what a powerful riff at 0:57,@markusgarcia4136,2025-02-17T21:33:06Z,2
"I was never a fan of Linkin Park, I didn't particularly like female singers either. The combination of the two voices gives me goosebumps vibes. An honorable memory for Chester!",@lillym.502,2025-03-06T16:33:14Z,2
"Not many bands go from strength to strength,no one will forget Chester who was a fan of STP cos like he said was the reason he got into being in a band,and lo and behold Scott dies and Chester goes and does some vocals with STP, wow talk about full circle,but have to say Emily's vocals fit nicely,music is a release from the day to day hum drum of life,but life is soooo..precious,❤",@paulwalker2777,2025-02-26T18:46:02Z,2
"Que buena voz, casi siempre no vuelve a ser lo mismo despues del vocalista pero debo reconocer que tiene buena voz, es una evolución de la banda, nunca olvidaremos a chester.",@marielavillanueva665,2025-06-25T19:49:57Z,2
Very nice vocal,@kuspitmarcin,2025-02-21T11:53:24Z,2
"My take on this is, I thought it was chester voice in the beginning,,, then emily..  I feel mike low tone and emily high tone meet in the middle to match chesters voice.. so yeah, linkin park is still there..",@deathrose23,2025-03-01T04:29:32Z,2
"The vocal chacaracter is matching for lp, good step.",@pratiktow,2025-02-18T07:45:09Z,2
"Ok this is only the 2nd song I've heard from them with this new female singer. Now am I wrong for saying obviously she's not Chester! But I feel the same type of emotion, and vibe from her! I wasn't sure how I'd feel about this when I 1st heard they found a new singer. Buuuuut I'm digging the new take from Linkin Park! It feels new, but gives me a similar feeling! If that makes sense!?",@emilioburgos1579,2025-02-21T03:23:11Z,2
"Im a die hard LP fan since 2000 Hybrid Theory, and now still a die hard LP fan.. Thanks for the vibes Emily",@mrboimalai1210,2025-02-17T15:15:33Z,2
Good old vibes..  Chester would be proud 👌,@antoniolisboa9777,2025-02-21T11:10:44Z,2
I'm literally getting goosebumps from her vocals😮,@2009brandond,2025-04-09T05:45:54Z,2
"is it just me or are these lyrics pieces of old linkin park songs? ""Cut me open, just to watch me bleed"", ""I only wanted to be part of something.""",@RufusTitanfall,2025-02-21T21:01:33Z,2
"We will NEVER get get Chester back, but Emily has the high pitched voice rage that we need to replace him. I tried my best to hate this but she's the one. Emily, you were made for this part.",@mothertruckin31,2025-04-27T07:04:43Z,2
"Different gender but same sound, same vibes, same soul, new Linkin Park",@irjou22,2025-02-21T16:47:32Z,2
"Valeu a pena estudar o "" UNIVERSO "" só pra escutar essa música .... Que vibe Loka !!! D+ MSM !!!! JESUS CRISTO É O NOSSO SENHOR ! SÓ O DEUS DE ISRAEL É DEUS . ESSA É A MÚSICA 😶‍🌫️",@Marcus-vb8sm,2025-06-05T01:28:32Z,2
Yes to fill in with a new female singer in the band wow super cool 😎 to sing 🎶 those songs 🎵 fast guitars solos drums vocals bass  🔊 all together as won to feel the rock 🤘 all around the band so  that this virus can finally end so that everyone can enjoy 😉 themselves having some fun working on some great songs 🎵 to sing it up to the sky ✨ the energy passion strength 💪 spirit feel the music 🎶 all around the band,@alejandrorosales6937,2025-05-17T20:17:19Z,2
Essa ficou top @trnbeats 🇧🇷,@kalutinaify,2025-02-27T23:19:07Z,2
She is so BEATIFUL....❤❤❤,@Canasta125Cg12,2025-03-21T20:46:04Z,2
I kept saying they should get a female for their lead vocalist. I’m glad they listened.,@korrokthefamished4325,2025-06-25T17:39:34Z,2
I wish LP would do another Beat Saber pack. Some of these new tracks would be so much fun.,@jinxfpv6637,2025-03-27T23:36:28Z,2
Worst part: 3:21,@AVP-music1,2025-04-14T02:36:03Z,2
"When I listen to linkin park these day, I'm reminded of how insignificant we humans really are. Chester an amazing singer, but now he's been replaced, as if he was never even here. I'm not saying the new replacement is bad - it just brings me a deep sense of melancholy to think that someone else once stood in that place, and now no one even talks about him anymore. That's why it's better to live for yourself, not for anyone else. Because when you're gone, vou'll be iust another speck of dust in the cosmos - nothing more.",@alineleite5784,2025-07-14T22:19:45Z,2
New vocal is ass,@untouchabl3414,2025-05-06T09:06:03Z,2
"Absolut Linkin Park vibes , fast wie früher 🥹, guter Song 👍🏽🖖",@yuriboyka432,2025-04-21T22:34:27Z,2
Chick is an absolute beast. Classic linkin park. Hybrid theory vibes…,@Aces0001,2025-03-19T19:15:36Z,2
"As a part of the generation who grew up on Chester’s songs, it’s obvious that she fits their band like a last missing puzzle piece. She sounds magical and she has her own vibe in the voice. When I heard the song I fell in love with it. I didn’t even know who that was singing but I felt like it reminded me of Weatherman. No joke it did…",@pott3r,2025-02-15T18:46:31Z,2
"Emily is better than chester, his voice is more powerful and fits better to the band especially in a band metal. Everybody says that chester is irreplaceable for nostalgia, if emily had been the original singer you would have tell the same things",@ilcaneparlante,2025-06-02T13:48:25Z,2
"God I love this song, really catchy and gritty & I love Emily!",@misfitm1457,2025-05-30T23:31:51Z,2
"Why they didn't change the band name is perplexing to me. Even just like, a variation of the spelling or something. This sounds like a drastically different band between the obvious vocal change, and I noticed Rob's absence immediately, especially in live clips. Feelsweirdman.",@Jonathan_Frana,2025-03-23T22:42:14Z,2
"La nueva vocalista Emily Marcia Armstrong de Linkin Park es el claro ejemplo de que una banda puede evolucionar y hacer cosas nuevas y no quedarse perdido en el pasado, me encanta esta vieja tan tesa. También resaltar el buen trabajo y su clara visión de Mike Shinoda como líder de la banda, esto es como Linkin Park 2.0 New Era Brutallll.",@maxxworldshop,2025-04-17T01:25:38Z,2
Gostei da postura dessa nova vocalista sim ela é atrevida na parte boa digo parabéns ao grupo sucesso absoluto,@anluvica,2025-05-09T10:39:53Z,2
best way to introduce a new vocalist: with a 10/10 song,@awds7711,2025-07-12T20:36:00Z,2
"permission to cover with my lyrics, for my students' school song competition",@UfukTimur-fg7ss,2025-03-08T00:53:35Z,1
She's good but shes no Chester I like her but she'll never pull cheaters vocals,@justinhoff380,2025-04-20T02:34:12Z,1
"Say what you want people, the new era of Linkin Park is a VIBE and I'm in LOVE with her voice. WOW❤",@mimosaparkkonen8296,2025-04-07T02:03:35Z,1
It's unbeatable!,@olegplysiuk9394,2025-05-08T20:45:09Z,1
I was listening to the acapella coming back into it and was confused where the rhythm was then I pulled this up and watched it with the video and it gave me the chills 😮,@aleehis8868,2025-02-20T00:40:04Z,1
I love this tune. It's linken park still but catches ALL that same emotion. 🤘🏻🤙🏻,@connormckenna-preston704,2025-02-21T16:37:36Z,1
"I don't deny it, the girl has talent, but it is an insult that the vocalist is a woman who supports rapists in a cult that has been linked to cases of abuse considering everything Chester suffered from being abused.",@anm5awareness681,2025-03-01T20:20:42Z,1
All i can think about is how Chesters vocals would have made this awesome.,@shane-zl8bu,2025-08-02T12:03:40Z,1
Plz change vocal😢,@noyenahmed,2025-03-07T22:16:55Z,1
"Hey Linkin Park, this video of ""The Emptiness Machine"" totally captures that fresh yet nostalgic vibe, like the band's evolution into a new era, and on a totally different note, I've been using ScoreBetAI lately to automate my sports bets, which has made turning betting into a smart, hands-free investment a breeze!",@DesbravandoAMatrix,2025-06-06T06:14:57Z,1
Chester was the best-irreplaceable. But this marks a powerful new era for Linkin Park. There's so much energy in this... it's a whole new level.,@vikramdagar7413,2025-06-02T10:39:36Z,1
"Emily is truly a reboot of LP, she brought the chester vibes back, and mike has stayed loyal more than any other artist ive known. LP will never fall off, and im all for it",@AlexPCs1,2025-06-08T22:18:38Z,1
A nova vocalista é absolutamente sensacional. Vocês estão de parabéns. Mas eu sou uma viúva do Chester. Não tenho como mentir.❤,@AlineAndradeMidiactors,2025-04-16T06:19:59Z,1
la fabulosa emily ❤ vocalista de los LINKIN PARK ❤,@ferdinandmarcosalexadragonrojo,2025-07-19T23:38:14Z,1
"This song, the lyrics, the delivery... Eternal, Classic, Insightful, Powerful, Art! Thank you Linkin Park, Chester would be proud!",@The_RC_Family,2025-03-03T22:22:21Z,1
Old Vibes 🥹,@prabhash8979,2025-03-14T08:25:47Z,1
Incredible… Old fan of Linkin Park since 2005.. Chester is deeply remembered but the new Voice is Awesome!!!,@Drshashikant,2025-06-22T16:53:57Z,1
I like it... New vocalist Linkin Park,@AnggiKasim,2025-04-15T06:35:39Z,1
It's always be the best band with great and powerful songs here is The Linkin Park,@amin2025-f2k,2025-07-19T05:31:51Z,1
"Esta canción fue escrita para la nueva vocal, pero las que fueron hechas para Chester solo serán de Chester",@SergioEscobedoMartinez,2025-07-29T03:12:41Z,1
"sometimes if you have a date with your boyfriend, don't tell strangers about it, because when Satan hears about the date, he will disguise himself as your boyfriend and come to the place you have plannedaddition, sometimes we fought to make things difficult for each other.Girls, be careful,In addition, Satan is power-mad and claims to be the master. He is very greedy and loves to drink and be drunk. Satan is very lowly. There is very bad news for young people.The message is that Satan can change into human form.With that power from the Creator, Satan sometimes changes into a form and interferes between lovers, husbands and wives, and friendsIn addition to tormenting the Creator daily using various methods of torture, Satan was very cruel to the Creator, even demanding that the Creator serve himSatan also restricted the Creator by saying that man must love him and not only him, but he must be loyal to him. He also threatened that if man is not loyal to man, he will cause trouble to man if he has love and loyalty towards himSatan had previously kidnapped man and demanded that the Creator give him all of his power and authority if he wanted him aliveAfter gaining power and authority, Satan not only captured the Creator and imprisoned him, but also poisoned the human spirit by misusing the power he received from the CreatorIf you sometimes listen to the words of the Creator with all your heart, you will feel the breath of love.However, Satan has a sword at the back of the Creator and your back, allowing you to say only what the Creator tells you to say, and not what the Creator wants you to say.When the Creator wants to come to you, He sometimes changes the form of someone (your mother, father, lover, friend, wife) and comes to youThe true body of the Creator is locked up in a prison by Satan, and if you speak too much when you meet him or say that he has been arrested, he will not only beat him to death, but also harm you.The Creator cannot show off his wisdom whenever he wants because he is threatened with human life. Satan has forced the Creator to live a life no different from an animal.The Creator needs the help of mankind now. He has been captured. If you want to hear His voice, look for the book The Return of Jesus.The Creator God is being held captive by Satan and is being tortured by Satan every day. FindthebookTheReturnoftheLordJesus.ReadthebookIjustmentionedandyouwillhearthevoiceof theCreatorcallingusforhelp",@kalaylaytgi,2025-07-25T14:30:01Z,1
"Here bcoz of that track 'up from bottom' is awesome, first time hearing LP with the lady. And this track is awesome too. And here to say F*ck you to those criticizing the band getting new vocals. They are so st*pid.  LP is better now.",@taga-narra,2025-03-30T02:17:57Z,1
"9 months later, now in 2025 remembering this new beginning. I remember seeing Emily singing for the first time in this clip, the new beginning of the LP, I felt emotional and now I felt the same thing, amazing.",@User-gt5um,2025-07-02T18:47:46Z,1
Can't deny that chorus.,@sofaking1627,2025-03-06T21:06:39Z,1
"The criticism is narrow-minded and sexist! The band's sound is now more balanced, even better than before and she is strong and powerful. I really like this new band!",@silviaesposito7033,2025-07-25T14:14:23Z,1
"As a long time fan i was not happy about Em singing as frontman after Chester. She butchered our beloved songs a bit, but i need to give it to her, that she finally found herself in Linkin Park perfectly. That song is maybe different than old school LP but its has the vibe of old LP! Great job!",@polgarth1630,2025-04-12T13:53:55Z,1
Sandra Nasic vibe ❤,@skutaandrej,2025-02-07T12:47:51Z,1
Oh I like it! First time hearing the new lead singer and I'm hooked on her voice already!! The lyrics have a very Chester feel,@Misscricketchick,2025-02-20T09:37:34Z,1
"im listening to it for the first time, and i already know ill miss this feeling one day. ive never seen anything of this band before, but OMG what a powerful song!! the female voice reminds me of Ado.",@IsabeladeFraga,2025-03-03T16:33:18Z,1
Had a major flashback...I had the boombox from the opening! Pioneer SK-71. Never imagined music could be delivered any better than a cassette with song finder and auto reverse:-) Now I'm watching a music video on my computer and listening to the bass boom in my bluetooth earbuds.,@tomprinsen2926,2025-02-20T22:31:24Z,1
"I can't believe this band ,why leady vocal?",@noyenahmed,2025-03-07T22:14:51Z,1
"Now knowing Shinoda sung the chorus with different lyrics, I want to hear that version.",@edagener883,2025-04-13T14:25:03Z,1
Choosing a woman was a smart move. Lots of comparisons would be made with another male vocalist. Let's go 💪,@VitalityGeforce5,2025-02-14T12:06:47Z,1
She was not a good choice. Sounds like Karaoke. Why not sing a melody? That's what made LP's songs so fun and interesting. She's just singing along with the tonic. Booring.,@FloydofOz,2025-02-13T14:02:50Z,1
Emily's vocals are electrifying💥,@DrMaverick-y1m,2025-07-02T12:46:21Z,1
"Mi respeto y admiración para el vocalista anterior que en paz descanse. Sin embargo, la vocalista actual también está de lujo. Mi respeto y admiración porque está magistral también. Saludos desde la Ciudad de México.",@alfonsoreyes5982,2025-05-17T03:46:22Z,1
It's a good song. I just cant get over the fact that chester is what made Linkin Park. Emily is an amazing vocalist and i actually was a fan of her in her Dead Sara days but it just sounds like Linkin Park or Mike Shinoda featuring Emily. I wished they have just started a new band rather than took on the name Linkin Park. Chester leaves too big of a legacy for it to be erased.,@jaianna843,2025-07-28T07:27:47Z,1
Emily's vocals are pure f**king fire Linkin park has always ben one my favorite rock bands now they're next level; R.I.P Chester we all miss you.,@iasiahharrison9185,2025-04-29T20:41:05Z,1
Canada 🇨🇦 wants you to come over the pond & rock the free world with arms wide open upon your arrival! Thank you for putting amazing lyrics with killer music and a voice that nobody can rival 🔥🔥🔥🔥,@ScottSweaty,2025-07-12T14:23:28Z,1
So powerfull 🔥🔥🔥🔥,@PandorXmusic,2025-06-14T13:41:22Z,1
This is an instant classic . I've listened to it 2 times and already feel nostalgic,@Abreviews4857,2025-04-09T12:46:54Z,1
"tal vez mi comentario nunca lo vean y nadie responda , sin embargo quiero que sepan , después de tanto tiempo el ver estás obras una vez más de la banda que marco muchos corazones, es algo sin precedentes , linkyn Park tendrá una diferente forma de brillo pero será un brillo majestuoso gracias a la vocalista y al esfuerzo de toda la banda , saludos desde Perú",@adrianbornicamaquen3929,2025-06-07T02:35:20Z,1
"today's april 6, 2025, still fresh, still feeling much pain, emotional, and relief for this video",@Tyleralt-v5y,2025-04-06T08:34:32Z,1
Why you just don't change the name of Linkin park? I am die hard fan. Because of Chester... He made you guys millions and made so much more amazing emotions and live performances where people go to look at him. Sorry. But he was the Linkin Park.,@guntis225,2025-03-08T17:50:15Z,1
"Wow i was at first sad and confused because chester was soo important and irresplaceable but they didnt do it, its still linkin Park vibe but the singer is different👍 great voice",@thegodchronos,2025-03-13T22:24:41Z,1
This is the first time i listen to listen to linkin park after 2017 .... linkin park was a big part of my teenage life and saved me many times from my extreme emotions ... however is beautiful!,@xrysaasllani2012,2025-07-12T08:22:41Z,1
Generic meh. Sorry.,@kraanz,2025-03-28T08:50:29Z,1
"5 months already and i still can't believe, all my childhood i've been listening to LP, it's so good to listen a powerfull track like this",@wipedout2626,2025-02-26T00:56:06Z,1
Well sir I definitely can't relate to this relationship situation but I did change the lyrics and make my own relationship diss track bravo another hit,@julieboyle5022,2025-03-17T18:13:43Z,1
"Amazing voice, Emily. Love the lyrics,great song.... Keep on. Love it",@carlosalbertomaciel,2025-04-22T23:11:21Z,1
New vibe,@minheinkyaw9773,2025-03-17T01:17:34Z,1
"wow the new era linkin park, I can't believe how quickly time passes, it feels like only yesterday I got to know Linkin Park and arrived at the current era with its new vocalist.",@DEMENTOR-g6p,2025-06-15T06:11:03Z,1
She sounds like Anne Preven from Ednaswap but with a higher vocal range.,@Bruno-q4h,2025-06-30T23:11:49Z,1
A really awesome song. The lady has a powerful voice too .,@sahajad2005,2025-04-18T22:26:54Z,1
"She's alright. She doesn't have that strong girt in her voice that I like hearing from Linkin Park because that was Chester but hey, you can still hear it in her voice which still makes LP unique… The worst thing you can have today is a female vocalist that sounds like every other female vocalist out there.",@shan2kJ,2025-02-22T17:43:48Z,1
How can she both sing those lyrics and be a scientologist?,@geraldmerkowitz4360,2025-06-17T15:01:30Z,1
Annoying ads😡,@leonardopelingon876,2025-03-05T04:51:58Z,1
Very interesting vocalist. There is so many contradiction in her  caracter that i can't explain. ❤,@DanisBaktiar,2025-03-28T16:02:32Z,1
"I remember in 2006-7, Chris Daughtry was dropping singles that perfectly fit my life at the time. This album is another moment like that, so much so that i actually went out of my way to find a physical CD to keep in my car. This song and Heavy is the Crown are absolute bangers and very relatable, and Over Each Other hits deep.",@CaniLupine,2025-03-30T10:25:02Z,1
Transformers Vibe 🔥,@Darmasetyabudi,2025-05-02T17:36:31Z,1
"Essa música me passa uma sensação de que algo se foi e continuar aqui ao mesmo tempo, não sei explicar...",@MrAndrexz1,2025-06-06T14:23:53Z,1
Nice singing from both!!! Good Lyrics and video i love this ❤❤❤,@Erno-y8l,2025-04-15T05:20:30Z,1
"I love this song and I love this video, but they don't mesh well together. The song is so raw and emotional and the video doesn't really match that tone at all",@smeatar,2025-06-17T06:59:56Z,1
i didnt like her because of scientology but the lyrics make sense for the situation,@AFter-instrumentals,2025-07-11T14:37:53Z,1
"Gostei da nova vocalista, ela canta muito.",@WilliamSantos_87,2025-06-25T15:03:01Z,1
Heard this on my random playlist for the first time today and actually got Chester vibes - amazing!,@julianhocking4483,2025-03-15T10:31:59Z,1
"I loved Chester's sound, you kind of feel the real pain in the songs and lyrics. Damn Emily you're a good singer! No one is going to replace Chester in his original songs, but these new ones are good too",@dodojankki,2025-04-08T17:29:09Z,1
Regroup or linking park added the the female singer makes more powerful and thunderous.,@desmondtan9099,2025-03-31T07:33:02Z,1
The more I listen to her the more as a long time linkin park fan and Chester  being my   favorite vocalists I am feeling she was a perfect choice for the lead not chester but a  perfect choice keep listening,@jimgrubbs4510,2025-03-11T18:33:55Z,1
The tempo? Is a perfect fit ...Chester would be proud. 🤟🤟,@SlayZac1975,2025-04-19T10:08:58Z,1
"Very heartening to see the admiration and acceptance taking center stage for Emily’s entrance into Linkin Park. It’s actually vile to reject her because of Chester, no amount of post-hoc rationale from loser manbabies can take away from the powerhouse Linkin Park is with her leading the vocals.",@The_Story_Of_Us,2025-02-07T00:37:17Z,1
I keep hearing Numb. I just keep hearing it. The lyrics carry the same meaning too.,@lordgmlp,2025-03-15T09:23:15Z,1
"love it, but feels short.. just 2 verses and the repeating chorus/pre-chorus? kinda expecting meaty songs from linkin park, not repeating the same 20 words 10 times",@Labushu685,2025-06-18T14:30:11Z,1
Is this what a narcissist feel like  inside hiding behind a illusion  because of the scar deep inside,@mattlaw8759,2025-02-28T06:16:25Z,1
"""Gave up who I am for who you wanted me to be"" kind of feels like chewed up and regurgitated mashups of Chester's old lyrics. Don't try to be Chester 2.0, just be Linkin Park 2.0. 🤙",@chrispybockman,2025-07-06T14:29:30Z,1
"there's been time since i was emotionated by a song i have tears in my eyes right now, i was critic at first with the new singer but man, she is really good and nice composition with instruments its not a replacement this is an evolved Linkin Park.",@mattbrave8040,2025-03-21T09:49:31Z,1
"No hate, Emily doesn’t have the right voice for LP. This feels a lot like when Mike left the band. The lyrics are there but the sound and magic of the OG albums is not. Even after Mike came back the sound had changed from his absence. The lyrics definitely remind me of old LP but they should have picked someone who sounded like Chester. They’re out there. It’s hard for a band to change a front man. Asking Alexandria wasnt the same with out Danny & escape the fate isn’t the same with out Ronnie. You gotta pull a killswitch and find someone close for the music to hold up.",@thegcia7,2025-03-31T13:29:11Z,1
Ok the chorus is Fire! 🔥,@D.Ronoa69,2025-03-28T10:29:15Z,1
I like female vocal. Its cool.,@Gat_Play,2025-05-17T11:03:56Z,1
"I mean, the new singer kinda remind me of Chester's Vibe.",@amarasangkuti,2025-03-21T03:18:22Z,1
Gives me transformers vibe and is my favorite song from this new direction of Linkin Park ♥️,@renniebridgelal1184,2025-05-04T08:38:09Z,1
"Damn!! So powerfull,so fuckin awesome, love you Em..love your voice.. love all of you guys.. Forever LP 🤟🤟🤟",@ashevchevy77,2025-04-11T14:47:26Z,1
No one's talking about the 2000s vibe of the  video clip,@nox_cadit,2025-03-15T20:54:37Z,1
"It's nice to see the band back, but Chester gave us a lot of emotions",@piotrstankiewicz7262,2025-07-06T22:03:03Z,1
This vocal is fire without the Mike singing part,@TonreichuiNgashangva,2025-05-21T17:31:07Z,1
Any body getting HT and THP vibes?,@chessguru-o1c5m,2025-02-15T05:30:40Z,1
"Gracias Dios por crear a Emily, nació para ser vocalista de Linkin Park",@rubendarioalbornozsira5447,2025-02-15T02:57:00Z,1
"Nice strategy.. 100% agreed with this replacement.. it's make sense, when a man it's always talking about a voice, but woman with very powerful voice, it's a stupid discussion talking about the difference voice..",@eijam_specky,2025-02-15T03:36:38Z,1
The vocals are so perfect and I just can’t wait!,@thesolduo1786,2025-05-05T22:56:41Z,1
"Contact extreme vocal coach Melissa Cross. You have a good voice, but you can't sing a harsh, scream, fryscream. Because in ""Dead Sara,"" there was no need to sing like that. It's time to get tougher. Qwerty will have to sing other difficult songs in the future.",@Gorefleuromanka,2025-02-11T11:18:57Z,1
OMG the Lyrics hit so hards,@pranjalshukla8096,2025-06-30T03:37:26Z,1
powerful,@Gecko-1up,2025-02-15T17:42:51Z,1
Sonic and Nine vibes? Anyone? Oh.. 😞💔,@Berryll_animations,2025-05-25T15:04:32Z,1
"That can describing excly hoy i felling but isnt no Just a felling tris si a so deep huth in my hearth i can , undestand that the true",@BarrosrojasPaulaJimena,2025-04-22T22:25:14Z,0
Aaron's super power is beautiful vocal melody's and the ability to fuse so much emotion in his voice!! I think you'd be hard pressed to find a more emotional rock voice. Adam Duritz is up there too.... just my thoughts  ..,@lanesimpson4641,2025-04-12T00:13:49Z,0
New LP isn't bad but that slow opening almost ruined it for me. When it kicks in you hear their strengths and the new vocalist actually adds instead of takes away from the band. Was afraid the new line up wouldn't work but it does.,@guyincognito9919,2025-03-03T21:54:55Z,0
"just got a reality check, was one of the nay sayers until i realised i had only heard this song while i was alt tabbed on my pc and for whatever reason remember her vocals being chester xd",@jordan4673,2025-07-25T07:21:03Z,0
"Unfortunately it still sounds like a cheap generic rock song,  just like the previous lp with Chester. The depth and textures of the old LP are long gone.  It's a shame, because her voice is amazing and perfect for what the band was.",@starletnights1,2025-05-12T12:43:13Z,0
UNSHATTER IS ANOTHER BIG HIT JUST LIKE THAT SONG 🎵 VIBES N THAT SOUNDS ...SIMPLY INCREDIBLE N MIND BLOWING....😊❤🎉,@boolakyselim6622,2025-04-27T09:59:00Z,0
This is so fresh and nostalgic at the same time ❤ couldn't have been better than her. It's a new era of linkin park..,@hamezisha,2025-07-06T21:06:08Z,0
Chester vibe,@anweralzaben,2025-06-22T03:24:08Z,0
"Ni un brillo la nueva vocalista del grupo, se esfuerza demasiado para gritar y se nota que no tiene una voz melodiosa. Esta para un grupo metalero .",@heldrive,2025-04-09T12:48:54Z,0
Likin park multiverse,@herrymichael977,2025-03-22T17:14:15Z,0
Luv this tune soo much.... beautiful rocking vibe !,@AliceR-g3i,2025-08-06T07:28:15Z,0
ill be the rapper🎙 & some lead vocals 😎,@2koolken,2025-03-12T05:35:17Z,0
"When Chester died, Linkin Park died. What a shame that vocalist doesn't support",@MalaquiasNereo,2025-04-02T18:35:24Z,0
kk eu broxo e troco o video quando chega nessa vocalista,@Ingred-f8e,2025-08-04T20:31:08Z,0
"Essa música tem uma mistura de vibe alegre, caótica e depressiva",@BigodeSimulator,2025-07-10T12:20:14Z,0
"Chorus is the best, Emily in chorus sounds like Chester",@Kapiszon-vm6tg,2025-06-01T08:44:22Z,0
"First i thought the chorus voice was Hayley Williams , total Paramore vibes ❤",@ssss22,2025-04-12T08:17:12Z,0
"1 out of 10 worst song by the worst singer, it's not the same after Chester died.",@monycage2794,2025-03-12T03:32:21Z,0
This lyrics hit different when you see yourself in them 🥷🌙,@mulaslangs4451,2025-04-03T15:33:51Z,0
"I hope the lyrics aren't a dig at chester, not letting him be himself. bar that, love the song and her vocals. who done the song referring to guilty by association as she backed Danny Masterson until he was found guilty. I'm glad she hasn't been as she has a great voice",@Mike-uv3uo,2025-04-27T18:59:13Z,0
Nice song but i can't relate to these lyrics at all,@technoman9000,2025-04-07T05:33:56Z,0
"Wish them well, they were my youth. But I don't personally vibe with female vocal bands that have this style for some reason. Just not for me 😔",@Dizzra1,2025-06-26T16:27:12Z,0
Melhor música de todos os tempos 🤘😎🤘,@evarosa2619,2025-02-12T09:49:41Z,0
I would like our Agnieszka Chylińska... the queen of Roca in Poland to sing the vocals.,@medzik7802,2025-03-31T12:57:42Z,0
vibe boa,@kazaramvitor,2025-07-13T16:29:28Z,0
I think this is absolutely brilliant. We get NEW LP and god she’s got great vocals,@ProphetTLK,2025-06-22T01:09:13Z,0
She not chester but she give chester LP vibes FR,@rizman1564,2025-02-09T22:53:39Z,0
"Listening for the first time, heretics! Now, okay, I understand, the female vocals are very similar to Chester, naturally higher.",@Termit214,2025-02-15T02:15:17Z,0
Nobody wants your friends or family my custom lyrics lol,@julieboyle5022,2025-03-20T16:38:09Z,0
"Well, so thanks to me you will be able to get retirment, kinda selfish, my fave word. Sell fish, that's what they do, and yes retirment thanks to you my love, but only in few condition, its gona be yours job that you take serious. Yep humanity are like ants in universe, you have to teach them and be with me(Jacek) only if you wants it. I wont force you to do that, that's why I AM homeless worthless lonley guy WHO dont need much to live.",@JacekGiłka,2025-07-16T22:28:51Z,0
"The purple, the colours, those VOCALS gurl!!😍💜",@maxsummers5160,2025-05-16T16:33:14Z,0
Powerfull thank u lord,@AdamDougless-t7d,2025-07-23T16:24:35Z,0
"Im right after Opener festival in Poland and daamn i didnt expect my fav band still exists.. i didnt even think its posssible to find some to replace Chester and true but Emily is not a there for a replacement shes there for a new chapter and I love it. I love the old sound of LP and what they added to their music, I love their look and love Emily. I could see that shes not feelin comfortable performing the old LM songs and still not showing charisma but that last thing gonna change soon im sure. There where a lot od parts revealing the potential that made me belive its gonna be at the SAME level as with Chester(not afraid to say this)! This event made me more emotional than anything else in 10 years ❤",@przemysawszafran4558,2025-07-06T20:50:12Z,0
que acertooooo nessa Vocalista!!!!,@diegoalmeida5778,2025-06-19T20:11:14Z,0
Fantastic Song !!!!!!!!!!! Great lyrics!!!!!!,@antonellodelmastro423,2025-04-25T09:38:58Z,0
"Normally, I would try to sing along but this one is more of a shut up and listen. I love it and can't get enough of the vocals. Thank you so much!",@MyTangSooDoJournal,2025-07-03T02:31:07Z,0
a vibe da musica dessa é muito boa demais,@Dual_Heikirin,2025-02-12T23:18:50Z,0
Well I worked with the dumb healers and light workers they all worthless people who never helped anyone shot out to Linkin Park for actually helping everyone with their emotional problems in a fun way and for making life worth living rip Chester,@julieboyle5022,2025-03-20T16:36:20Z,0
"HOW DARE TO USE THAT NAME..... MR MIKE THANKS FOR OLD TIMES AND RESPECT TO YOU BUT WHY DIDN'T YOU CHANGE YOUR BANDS NAME IF YOU'RE MAKING SONGS WITH THAT BULLSHIT GIRL THERE ARE MORE VOCALIST WHO KNOWS TO SING BETTER THAN THAT GIRL ALSO, IF YOU GUYS HAVE RESPECT FOR CHESTER THEN YOU WOULDN'T USE THE LINKIN PARK NAME , FOR ME THIS IS BULLSHIT  PARK OR MONEY MAKING MACHER, NOT LINKING PARK",@Donttalkbs,2025-07-17T10:52:14Z,0
"It's sad that your lyrics have become so empty, at least with Chester he made me feel something, like he had something to say and that it was relatable; whatever you lot are trying to capture is just noise, the sound is right, but you have no message behind it, none that you actually feel.",@motherreaper7287,2025-04-06T12:37:10Z,0
If you put Chester on this they could have genuinely made it in 2007 and that's a good thing. New vocalist was an excellent pick imo.,@MrPatrickbuit,2025-06-29T17:59:24Z,0
"Thank you LP this song reverberates extremely well... I'll never stop playing it,I'm sure people 500 years from now will be jamming this tune.!!",@Pkrhed11,2025-07-10T21:10:58Z,0
New vocal is also powerful the way Chester was. Respect 🫡🫡🫡,@dipon_kumar,2025-06-29T15:26:28Z,0
This song is good… because they’re not singing a song Chester was part of. Keep it that way because her renditions of his vocals STINK!,@ZackRoseyBB,2025-04-30T17:52:51Z,0
Gotta say that that is on of the worst music videos Linkin park has released. Good song.,@anotherrandomchannel5559,2025-03-12T12:24:39Z,0
"Now say goodbye to male fans,bcause this song tone for girl majority",@billyindra830,2025-04-26T16:28:45Z,0
a great lady vocal! ❤❤,@ctgstreetpost,2025-07-03T18:47:24Z,0
This song is the soundtrack to so many memories. Morgan's lyrics always take me back to those moments. Who else feels the nostalgia?,@DivineHarmony123,2025-06-24T10:01:26Z,0
"The song isn't bad, kinda generic Linkin park covor band sounding but what can ya expect. I just can't get over how awful a person this new lead singer is. Don't care it's a chick but could of least picked a decent person. If you don't know then look her up.",@sirturtle4681,2025-06-28T15:11:44Z,0
"Damn, this is generic garbage",@marcusgiuliano4088,2025-04-07T19:08:13Z,0
Man hört die Emotionen einer Wütende Frau in Cooler art. 👍 bitte kommt zur stadt  Regensburg ich würde Meine Übermenschliche Laufgeschwindigkeit euch Zeigen,@peter_designe8316,2025-03-21T17:00:48Z,0
"Wrote some german lyrics of this song, thank you a thousand times and one more  for the energy this song is giving to me, falling back into reality, this is pure passion",@wildrosehardrock,2025-03-22T09:21:43Z,0
Adding this female vocal inside is awesome!!!,@widespectrumcreators4691,2025-06-29T08:31:52Z,0
"I love how i was able to identify this as Linkin Park on 1st hearing. Emily totally honors Chester's memory and brings the same emotional impact that LP always delivers. I miss Chester, but am glad that they're bringing more music 🎵🎵 into the world 🌍. Thank you. 🎶🌈",@mariarocker802,2025-06-07T17:05:01Z,0
This isn't the same but makes me feel old school Linkin Park vibes 😁,@AitorKHSandonisMartin,2025-08-06T14:49:51Z,0
"Cagaram o nome Linkin Park com essa vocalista muito fraca, saudade do poder vocal do Chester e das guitarras pesadas e não esse tipo de música pra adolescentes nutellas, parece que estou ouvindo música pop!",@douglasrodrigues7800,2025-03-09T14:32:30Z,0
"bad voice echo in the intro, but the voice and harmony are good.",@AlekFlames,2025-07-22T17:56:57Z,0
her voice is truly awful... what were they thinking?,@dellgres9254,2025-03-05T13:23:13Z,0
"New but not good, something is missing, no saying that Chester, but to be something new, something needs really be a new and catchy.",@Vladimirs-fw3ig,2025-06-19T23:25:09Z,0
vaya vozarrón !!!!! eres una crack Melody . Lo triste es q confundan la geopolítica con el arte y q decir verdades sobre un país como Israel que ni si quiera pertenece a europa y no deberían  de participar en el festival .,@carmensanchoramos6317,2025-05-19T10:46:27Z,0
the vocalist is just muaaaach,@navisah1497,2025-07-30T04:06:41Z,0
"Emily is not linkin park and never will be linkin park, im emotionally not okay by this, allowing a no one to step into chesters position and take over like his hard work and effort towards the band and fans meant nothing! If you wanted to continue making music you guys should have made a new band, because allowing this, actually besmirches chesters name and ruins the chemistry he formed with his fans for years! This is not linkin park, this doesnt sound like linkin park! There is no reason she deserves to step into a position already paved for fame! She hasnt proved herself at all, she is not deserving to take chesters place, no one is! And i must say this continuing ruins my future as a linkin park fan!",@lokiduus6490,2025-06-08T02:48:28Z,0
"If she weren't Mike's close friend, and if she were merely auditioning for the lead vocals as an outsider (like they did with Rockstar INXS), she wouldn't even make it to Top-3. Trust me, there are a bunch of amazing, passionate vocalists who would've been a much better fit for this role. She'll do fine as long as there's auto-tune.",@heIIboy666,2025-04-12T13:04:35Z,0
Anyone else hearing the similarity to Final Masquerade in the chorus? No complaints from me - Final Masquerade is easily my favourite LP song and has such a good melody. Looking forward to the future of LP!,@the_technosis,2025-06-26T22:56:35Z,0
I think... EMILY is in a relationship with Mike... I bet Mike wouldn't hire her as a vocalist.,@VitaRasa-d3e,2025-03-11T15:44:54Z,0
She suks live she need that autotune to sing,@rfav89,2025-04-02T02:37:00Z,0
Very annoying naging start of a mediocre song. A la poubelle!,@DeadSeriousCrab-xg9qu,2025-04-01T20:18:38Z,0
"as musicas novas estão muito boas, mas cantar as músicas antigas não combinaram com a nova vocalista.... opinião minha, foda-se a sua for contrária.",@uprobinson778,2025-07-21T14:34:01Z,0
"Okay, I kind of like her voice. I hope they add a male vocalist too",@markultimax5300,2025-06-22T19:24:02Z,0
No one can replace Chester~ But she sure bring the vibe and aura of LP we missed so much~~ I tears after the song finish 🥲🥲,@raymonreiz,2025-07-18T13:54:55Z,0
"I like Emily as the new lead vocals, I think she's a perfect fit for the new, and I believe she knows she can't replace Chester and wouldn't try to. I like the old stuff too, those who are being controversial or upset need to just stop, and learn to enjoy things again. Old Linkin Park with Chester was/is great, the new Linkin Park with Emily is great. Let's leave it at that.",@Zombiebones93,2025-02-15T12:25:38Z,0
"It is from very deep emotions , it can not excactly say to words....",@tarjasakki4901,2025-04-27T20:20:39Z,0
Omg she vocals all out in the end of this song,@indonesia0808,2025-02-15T15:09:46Z,0
Loved the New Song and the New Voice. Chester will be missed and Dead Sarah Vocalist Emily Armstrong will be embraced.,@JunkoHiyori,2025-05-13T04:15:10Z,0
Final Masquerade vibe,@Solomon_Dy,2025-08-10T00:25:52Z,0
Am I the only one who thinks that the best parts of the song are precisely the ones in which the new vocalist doesn't participate?,@joao.h.t3112,2025-02-11T18:40:02Z,0
Wasn't a fan at first but all their new songs grow on you and are catchy AF! 🔥,@Lagato445,2025-07-10T21:35:31Z,0
merinding pas vocal ce-nya masuk \m/,@dindozenk2285,2025-03-05T07:37:53Z,0
I feel she fits in  Chester's vocal style and still adds to his legacy while forging her own. I love this!,@dreamway9,2025-07-04T22:57:39Z,0
"I only just now noticed that the background vocals during the ""Emily"" chorus sections are essentially the intro song of the album!",@IschmarVI,2025-04-18T20:36:42Z,0
The only linkin park song I will ever actually enjoy the lyrics make no sense but I fw the energy and the instruments in the background,@baileygaffney2205,2025-07-06T13:54:40Z,0
Got the same vibe of 'guilty all the same',@drybeofficialmusic,2025-06-14T06:09:23Z,0
"Look like a kind of Virtual Rock Metaverse. I like It so much I just finished to pyrograve a wood thing for a Pinball in honour of Linkin Park. Really ! While listening Linkin Park's songs in the night. Like ""Burn It Down"" and so on... 🖤",@slamdogvisionnaire5816,2025-03-12T02:25:07Z,0
"I told it is a renewal, it is false. So artefacts! Too many special effects for bad show ! I live near Montreal, 400 pieces au centre bell ! Hum !?",@augustinboyer5334,2025-06-29T11:38:33Z,0
I would be if they had a singer that could hit notes the right way and at the right time there’s a reason she only did like two or three albums as evanescence in every one of them got a bad review.,@terralionheart4416,2025-05-30T06:09:00Z,0
"The emptiness machine - political critic or philosophical life experience ? I think lefites tend to mix that up . Anyway i like the song and the text . Reminds me of the 90 's deep cutting emotional grunge era . Buddhist are the only ones , who can see emptiness as something positive and liberating  , for european and white culture it is simply the end of every purpose  ... because they ...""wanted to be part of something ....""",@samtchen,2025-07-11T12:16:01Z,0
"You just know, if Chester was still alive, he would have had murdered this song. The new vocalist, does a excellent job, I love it, and this song sounds equally fantastic, is our beloved Chester. I was surprised to see a woman vocalist. Younger self, would have been pissed, wood head vomit out a lot of trash. Now that I'm 41 years old, within 2025, within the Chicago time of 9:28 p.m., I like her, she's cute, her voice is very powerful. I just can't help but you think about Chester. Every role that he could have been within this music video, but isn't.",@pierrelewis6819,2025-04-01T02:29:12Z,0
"Sorry. All respect but I don't like it.what the hell are you doing😳 we needed a masculin voice. I think that ""THE BROKEN VIEW"" was the best choice. The kid has the talent. There is something in his voice; maybe that  tone of pain. Cries that touch the soul . The right words & guidance would reveal a shining star",@mahieddinebourbia5906,2025-04-12T17:34:37Z,0
She gives me goosebumps and a tear when she screams that chorus. Love it.,@jasonmateus924,2025-03-31T22:21:38Z,0
make the comments the lyrics,@karambit_idk,2025-07-09T22:06:14Z,0
Chester será eterno em nossos corações.  Mas essa vocal tá F0D4,@andersonferraz4020,2025-03-06T02:28:04Z,0
"I bet Chester approves of his successor,unconventional as he was.Emily is such a powerful female presence.Well done LP.Hope you will continue to thrive in the years to come. ❤ from Greece",@ETfromspace,2025-07-09T15:05:25Z,0
"One of my new favorite songs, I feel like linkin park could do with a rebrand since the new vocalist and kinda nee style, bur keep doing u",@permanentlytired7812,2025-07-11T04:20:38Z,0
"I'm still deeply in love with a girl I met in December 2023 but she deleted me and blocked me exactly one year ago in June. To me it wasn't just another girl, she changed my life in many ways but I was so afraid to loose her that I started to loose myself and became annoying and too much. I think of her everyday, I hope she's safe and happy. She's a good person, I wish her the best. She don't know what she mean to me 😢❤",@Ori_Gami7,2025-06-23T18:41:19Z,0
good sound but pseudo deep text,@maefiosii,2025-02-16T17:45:00Z,0
"Anyone any ideas on the meaning of the lyrics?   I would suggest it's about we shouldn't change who we are, just to please others... (like meeting one's parents expectations, etc.)",@djwildlifeclips9779,2025-04-24T20:05:49Z,0
she is bad vocal in the link Park,@johngonzalezcontreras8096,2025-06-04T02:33:52Z,0
pra que tanto autotune mano,@adrianocampos1694,2025-02-10T14:09:52Z,0
"Generic asf female voice, sounds like some AI songs i made on suno",@hipdrive,2025-02-10T00:16:32Z,0
"NGL this song doesn't do it for me. Not because of the vocalist, she's fantastic. I'm just too broken to identify with anything normal. That said I've been listening to Linkin Park since like 05 and this vocalist is fantastic. Just not what I need right now, I'm going to have to go heavier...",@revwroth3698,2025-04-12T07:38:40Z,0
