comment,user_name,date,likes
Bro I swear the beat is so addictive  thank you both for this banger,@jaedinbetting1152,2025-06-05T05:04:26Z,924
"the weeknd just hit different, he bring that vibes, love from malaysian🇲🇾🇲🇾",@6ixtythre367,2025-06-27T07:43:10Z,659
"Pharrell's production is otherworldly, and Carti's vocal acrobatics keep me hitting repeat, but The Weeknd's melodies are what make this truly timeless. This track just cemented itself as a future classic.",@daves-x4y,2025-04-12T22:55:11Z,571
Who else came here to clean their ear after tht god awful remix ?,@Sekai-b8h,2025-05-09T07:20:26Z,274
This song would be perfect for the Grand Theft Auto VI radio station! It literally gives off the Vice City vibes!,@xXRobin2004,2025-07-15T20:08:41Z,166
Feels the Vibe like living in year 3000 💀,@SUJOYDAS-zg4ri,2025-05-28T19:34:21Z,78
Even through he is finished making music under the weeknd name. I hope he continues to produce beats.,@Simplayified,2025-05-29T00:22:34Z,24
The drop in octaves with the synths at 1:25 is just insane and then again at 1:35 when he says rock but cuts the synth at that mark is just so good and intentional. So much work went into just the beat itself.,@brianreubelt,2025-05-01T00:21:45Z,23
"Why this is not on the radio is crazy, this beat is ridiculous, reminds me of Wu  Tang",@kenrichorton6863,2025-03-14T22:26:01Z,19
"Timeless will always be a fking classic and masterpiece between two great artists, which I love ❤️  The beat goes hard 🔥🔥🔥🔥🔥",@naomiking4159,2025-06-29T10:13:43Z,15
I’m obsessed with that opening scene and verse . 🎀🫶🏿,@sallybasi2689,2025-05-12T08:44:02Z,14
Understand 0% but aura and vibe 100%🗿🗿,@JyotiKumari-mm6zf,2025-04-18T13:48:01Z,13
This song is literly the best beat and the song don’t even get  me started,@jesussegovia-ph2yb,2025-04-22T22:55:41Z,6
Beat is so good,@BaranAvsar35,2025-03-21T22:10:41Z,5
"Love the beat, very catchy song! Keep up the grind and Collabs The Weeknd and Playboi Carti ",@SickByBirthGaming,2025-05-23T10:51:16Z,5
"doechii verse is super ass, and unnecessary button",@AlexMartinsBrazil,2025-05-12T04:24:14Z,4
"The beat is absolutely incredible, especially with The Weeknd's vocals and Carti's signature voice effects!",@nikhilnishanth8450,2025-04-04T16:23:53Z,4
"Its not that doechi's verse was bad, it just didn't match the vibe of the song and was too active. carti and the weekend have calm flow and doechi has an active one. so it's not bad, it's just the vibe",@ZEN-e5v,2025-05-15T05:19:06Z,4
Here before doechii ruins this with her awful remix,@seven44seven,2025-05-06T18:42:23Z,4
This beat is so fucking 🔥 🔥🔥🔥 thanks Pharrell ✨️,@MonicaMitchell319,2025-07-22T03:12:14Z,3
Pull up bumpin this and have people dancing n steppin to da beat on the street.,@ALFforPresident,2025-04-04T02:41:34Z,3
2:36 this part so good 3:58 yuhh 4:05 vocals is insane,@MarvinSuave,2025-06-05T21:18:46Z,3
"The second carti says “ever since i was a jit“ u 2 emotions, instant lock in or extreme lvls of confidence",@Rip_JahCraft,2025-05-17T12:46:18Z,3
I just like the beat!!! Fuck these celebrities. Bunch of flamboyant boy lovers. But TBH beware what you let your ears listen too. This dudes so demonic he’s hoping he helps lead everyone straight to HELL and further from GOD the real FATHER,@kylemanley6355,2025-05-27T20:14:05Z,3
1:41 beat drop 🗣💥💥💥,@lemonshortz0824,2025-04-18T17:15:51Z,3
1:39 💀👀 🗿 vibe start🤯,@h4xthakor73,2025-04-07T06:15:10Z,3
"This that, “time travel movie intro” type beat",@sho_dito7088,2025-05-23T03:57:32Z,3
"idk why, this beat give me TRON vibes",@Sacrificoalrey,2025-06-20T03:22:34Z,3
"I love carti so much. Bro is just good with it. He is my favorite, his music just makes you vibe.",@ohmielevisope4237,2025-04-14T16:17:11Z,3
Who's this vocals originally from?,@sapiophilo,2025-03-16T13:05:02Z,3
"This beat is so perfect, P just made beat like its NANO tech. VA POWER",@__TheJoker__,2025-07-29T22:17:20Z,3
This beat is timeless.,@kdizz928,2025-05-10T10:13:52Z,2
The beat theweeknd ❤❤❤❤❤❤❤❤❤❤❤❤❤❤❤❤❤,@divyaalphonse179,2025-07-05T20:01:51Z,2
Carti verse A.i?,@jamiestarr9421,2025-03-17T18:35:47Z,2
Best beats ever,@NZYE-h7e,2025-06-13T18:26:50Z,2
I've understand the lyrics by carti finallyyyy😅,@pesgamer6180,2025-04-24T13:03:44Z,2
SUPER-BEAT-,@robertparker2907,2025-07-16T22:25:33Z,2
"The Weeknd's ability to create an emotional connection through his lyrics and production is unmatched. His songs are deeply personal yet universally relatable, which makes his music resonate with such a wide audience",@PopMusic8386,2025-06-06T08:06:39Z,2
Cringiest video and lyrics I've ever seen. But the beat goes hard I guess❤😭,@jenniferchristianso,2025-03-24T22:35:42Z,2
The beat is so dupe!,@BPPanamaTIAplicacionesYProyect,2025-08-03T19:38:44Z,2
Hard take but cartis verse better,@gojira195,2025-04-30T03:02:16Z,2
Beat got an O G feeling real good rite now! ✊🏾,@charlesfairley2669,2025-03-13T03:47:31Z,2
Wrestlemania 41 vibes 🎉🎉🎉🎉🎉 lets run it back sin city,@LincolnZamora-e3y,2025-07-30T11:02:28Z,2
Skateboard beat all three,@TheWolfus1421,2025-06-29T09:26:23Z,2
Amazing vibe,@christopherkaya6859,2025-07-31T12:17:00Z,2
"Pharrell's production on this is otherworldly, and Carti's vocal acrobatics add such a unique layer to The Weeknd's signature sound. Another Wrestlemania banger in the making, for sure!",@eldrick-s7g,2025-04-05T02:57:36Z,2
The song with the best beat in the world,@jajxks,2025-04-29T19:04:03Z,2
The weeknd e Carti brincaram nesse beat 💖💖🎵,@dadyfranco8863,2025-05-05T07:07:09Z,2
The beat is crazy good damn!!!❤❤❤❤,@GordStarlight,2025-07-03T12:44:17Z,2
beat is 🔥,@JonLovett-u4w,2025-05-27T12:35:20Z,2
This would be 100% better without carti. Worst artist out right now.,@CogNoric1,2025-03-30T18:14:54Z,2
Max volume on beatbox is sick,@SubToYuxaVr,2025-08-07T12:42:02Z,2
The beat is crazy 🤪,@SipheleleMbewana-um5tg,2025-03-20T21:47:57Z,2
"""timeless"" gives ""yosemite ~travis scott"" vibe..",@thehomelandd,2025-04-01T17:44:07Z,1
Gunna coulda easily put this beat in paramedic,@DavidDraxler-g8b,2025-04-17T04:09:23Z,1
Another weekend vibes …,@aayan5309,2025-04-20T06:44:12Z,1
the beat hits different💯,@madolamgoa8125,2025-04-01T10:20:09Z,1
man the beat is fire 🔥🔥🔥,@ameerjafar9883,2025-05-05T11:00:07Z,1
This f beat and abell 🔥🔥🔥🔥🔥,@mku3559,2025-04-19T12:26:15Z,1
No guy not even Drake beats the weekend when it comes to pure vocal melody. Proud Canadian here having both Drake and The Weekend being Canadian Rappers  and bossing the chart,@couragenappier8130,2025-07-16T05:55:35Z,1
Dabeat too damn hard!,@Worthmore-c3j,2025-03-22T09:00:47Z,1
This beat is so fucking awesome,@souravsinghbaghel5093,2025-04-04T14:45:31Z,1
The vibe is absolutely W (wonderful),@AkarshitThakur-bv8ft,2025-07-02T15:07:48Z,1
"please, the lyrics?",@Dudiz,2025-04-13T23:30:49Z,1
ngl the beat is crazy af 😭...,@vaibhav3657,2025-05-28T16:33:42Z,1
Smoked and then blared this…. Total fucking VIBE 🩵👌🏽🍀,@BCRUNK,2025-07-26T06:10:35Z,1
"Weeknd's zesty ahh voice ruined the vibe, carti shouldve kept weeknd on the chorus only",@seven44seven,2025-06-02T17:39:06Z,1
The only beat that matters,@MbayoStephen-ik2jh,2025-07-09T08:04:57Z,1
The beat is giving,@lifeinthefastlane5451,2025-05-06T11:45:25Z,1
The video is so bad that I had to watch it at 1.5x speed. I thought the Weeknd had long since moved away from the level of women shaking asses. The worst video of the Weeknd since the album After Hours.,@Thompson001,2025-03-21T18:39:07Z,1
Beat most definitely carrying,@T2ootrue,2025-05-27T11:23:25Z,1
Beat infested my mind🤯,@livefrom0579,2025-06-05T17:10:01Z,1
"""The fact that Pharrel had the trombone or euphonium(?) brought in and maybe told them, ""You can't Blow the instrument entirely on 'THIS BEAT' . . . . ""  is ''ABSOLLUTE  GENIUS.""  WHO but Pharrel would ever thought of that??"" 😎🎺",@alexanderflores503,2025-03-27T01:33:33Z,1
These lyrics are so awful. 😔,@BlackGirlInADoggoneWorld,2025-07-02T20:21:51Z,1
Mm bro the beat is legit,@ThokozileBanda-e7v,2025-03-21T17:41:25Z,1
This sounds like someone using the synthesizer for the first time ever.,@Morgan-mf5bf,2025-03-17T14:00:59Z,1
Icl Travis Scott needs to drop a verse on this song,@clipzdailyplus,2025-05-10T18:38:52Z,1
Gives me vibes of Low Life from The Weeknd and Future from back then!,@Yazidn,2025-03-19T22:13:11Z,1
this pharrell dude really create one of best beat?,@ldthnote9992,2025-04-01T23:43:30Z,1
"Man fuck the vocals and the beat, what about them extras🤣",@aanteater861,2025-05-08T18:52:40Z,1
The beat is clean af😩,@Virgil997,2025-05-13T04:17:11Z,1
Song already feels nostalgic and dare i say timeless,@EntrEsprit,2025-04-04T01:15:20Z,1
Terminators x the vamps vibes love it ❤,@Shea-hk9cg,2025-06-13T15:27:06Z,1
"Man, i really want to write lyrics like him",@Av-fn5wx,2025-04-11T18:15:22Z,1
I need The Weeknd and Kendrick collab like Luther 70s vibe 😢. Gods of music pls,@amberlahsmademeskinny2729,2025-05-31T12:04:33Z,1
WORST VIDEO EVVER,@FloraFlo-rg4cn,2025-04-03T10:33:00Z,1
Good lyrics and Good MV,@zayarmyimt6940,2025-08-04T13:44:31Z,1
"I saw The Weeknd & Playboi Carti last night in Seattle, the vibes were out of this world! XO all the way 🤞🏼",@kingb5656,2025-07-14T04:10:04Z,1
I can’t get into this type of rap he ain’t said 💩but his beats be on point,@DrakePhillips-tv6tx,2025-06-24T21:58:39Z,1
Turn thhis comment into lyrics👇,@MrRojalOfficial,2025-06-23T06:01:12Z,1
Y’all be glazing too much. It’s not even Carti on the track 🤣 he never even wrote the song. It’s a demo verse by another artists used AI filter to make it sounds like Carti. Y’all be calling yourself Carti fans and can’t even tell different between G strings from boxers 😂,@thaskrillazpodcastradio8180,2025-03-14T04:48:43Z,1
Godly vibe,@vikrambrijwal5610,2025-04-03T02:58:50Z,1
As Usual Pharrell and Chad coming with a Diabolical Beat,@mr.classic6823,2025-07-24T13:17:20Z,1
Carti's verse saves the Weeknd...?? Since when??!!! Abel never needed a soul. He carries his own weight 😂,@Saito232005,2025-04-27T16:20:43Z,1
singlehandedly the worst rap ive heard in a long long time.,@sillohthadon,2025-07-31T19:37:37Z,1
"the video and vibe is dark and demonic,  visuals demonic... but i cant help but like the song... not good.........",@jasminepetal3972,2025-06-10T12:35:51Z,1
At 3:52 he take beat to other level,@ankitaayan7656,2025-06-24T17:48:31Z,1
Quien habrá creado este beat,@EIcebergg,2025-08-01T17:05:59Z,1
Love cartis verse,@HisoKah-zi3fc,2025-08-07T02:07:07Z,1
"ABSOLUTELY BRILLIANT--BOTH LYRICS, MUSIC AND HIS VOICE...ITS A TREAT 💙",@DrIndranilC,2025-03-31T10:00:02Z,1
The beat 🤩,@YevannaHinson,2025-08-01T20:15:03Z,1
"Pharrell: ""yeah I made this beat in 2003"" 😂",@johniesmarcello,2025-06-13T13:45:18Z,1
Yeah shes the one that beat up Adam Sandler and got a few other officers beat up report and secure yall! I asked everyday why my husband came home and why everyone including me became pedophiles elders became rude and look at us now. Honey did our will come full speed? God bless everyone thats a blessing and always continue to respect your elders!,@AyarisMcCoy,2025-03-21T08:49:36Z,1
This is probably top 5 for me all time now . The weekends verse is insane,@Wowzersg,2025-04-25T07:08:22Z,1
Neptunes on the beat is timeless VA❤❤,@gambinored81,2025-05-03T16:46:59Z,1
music vid so awful it ruined the beat,@Softheartedrose,2025-07-25T12:06:22Z,1
TBH doechii's verse ruined this masterpiece 😒,@TheFiction-yf1dm,2025-05-24T13:14:42Z,1
The beat matches perfect with the song,@Ellie-The-Tiel,2025-04-05T00:32:40Z,1
This beat is fire 🔥🔥🔥,@nocitizen,2025-06-18T02:57:54Z,1
I feel high asf thinking that there could be a parallel universe where the remix is the original and the original is the remix😂,@ArnoldMaxwell-bc3pc,2025-05-22T13:45:41Z,1
Awful,@shadowhunter2846,2025-08-06T01:54:41Z,1
"Pharrell and the rest of the producers killed the beat, Carti and The Weeknd slayed the vocals.",@hunter_rabsey,2025-03-27T11:51:05Z,1
I can finally get the lyrics 🔥 from Carti 🎉,@zedbrucelee1,2025-05-18T20:03:07Z,1
Track vibes hard & I'm in my 40's,@PlayGerri,2025-07-23T07:56:51Z,1
That's the vibe,@KingMoses.,2025-08-02T00:43:57Z,1
the beat is so friggin tuff,@ourkoratcats,2025-04-04T22:23:17Z,1
That beat goes so hard!🔥,@dats_it929,2025-05-11T12:43:36Z,1
Might be dumb asl but from (0:24) to (0:31) there’s a 4 count loop before Carti verse starts and the beat kicks in and I’m thinking this could be Pharrel’s producer tag,@themasterpiece12437,2025-04-11T22:05:21Z,1
SHOW  ESSE SOM  EM 2025 2080 3000 5000 ATEMPORAL,@vanessaamaraldossantos-mk4cg,2025-04-13T22:39:56Z,1
This isn’t rap This is mumble crap with an all right beat in the background whoever likes this bullshit has no taste in music. These people sold their souls to become famous. They have no talent they didn’t even make the beats or the edits they just were in the video people are so stupid man.,@TripperOfEarth42,2025-06-20T09:39:21Z,1
"Nice, the beat is amazing, greetings from Poland🖤",@Oster69,2025-03-18T21:21:33Z,1
The Beat is same as Blood Strike online game has🤔🤔,@RezudZerep,2025-04-19T14:19:49Z,1
I love the synth fart music 0:25,@DavidoMartinez,2025-05-04T04:41:13Z,1
"Pharrell with the drums, Mike Dean with the synths, just a unstoppable collaboration",@Ngozi-x1l,2025-03-26T01:33:18Z,1
vibe check,@tanishapatel5514,2025-05-17T08:13:26Z,1
Damn the most replayed part is right when Carti's verse ends 😬,@hfdudsfsa,2025-07-08T20:23:00Z,1
A vibe 🔥,@SpongeAaron5,2025-03-14T06:34:46Z,1
The Neptunes absolutely obliterated it with this beat.,@christines.2047,2025-03-28T21:04:40Z,0
Who's temporarily here now DDJHENEKEN ✨⭐🇳🇬🇸⭐✨🇺🇸🇧🇪🇸🇸🇸,@WealthBeauty-r7c,2025-05-26T09:57:42Z,0
"Pharrell's production on this is otherworldly, perfectly complementing The Weeknd's vocals and Carti's chaotic energy. This is going straight into the late-night rotation.",@AmyMurry-z6e,2025-04-21T01:34:58Z,0
"Bottom 3 remix oat, worst 49 seconds of my life",@melismaticc,2025-05-09T05:26:09Z,0
"You’re bopping to the beat, no need to hide it",@Daikon10,2025-04-01T21:21:19Z,0
"A los creadores de este beat, hay que ponerlos en el  cuadro de la última cena también.",@Joyboii16,2025-06-05T17:10:38Z,0
Tf lyrics videos have more views 😂,@lil_ilia,2025-04-02T20:13:00Z,0
World’s worst song,@GULYASEDITX,2025-04-20T08:11:11Z,0
Pharrel cooked with the beat,@TheFocusProtocol,2025-06-01T09:43:53Z,0
I cant w this beat its too fire,@LegitTiredwiz,2025-04-16T18:53:31Z,0
"Carti got expensive features and Pharrell got expensive beats, do you guys agree that this is a million dollar song",@LucidMlem,2025-06-16T16:50:44Z,0
I'm sure this beat was meant for another song with features waiting to happen but we all know Ye 😂,@KhanyaJongilanga,2025-04-17T07:59:34Z,0
Bro everytime I hear the first 2 seconds of da beat anywhere ik it's this song thats how many times I've listened to this😂,@Wwethemesheelandbabyface,2025-07-27T01:56:21Z,0
I can’t tell you why but this music video is giving me Kanye’s Workout Plan vibes,@memestress4627,2025-04-01T09:06:42Z,0
The beat slaps hard tho,@TGF-4F,2025-05-09T18:32:38Z,0
This beat still COOKS; It's up there with Private Landing.,@SapphireDreamssss,2025-03-26T20:26:27Z,0
love the vibes of this song! 🖤,@TheNashDari,2025-04-18T08:33:40Z,0
"It's giving me similar vibes to Samsung Ringtone ""Comet"". Which happens to be my favourite Ringtone/Alarm sound. I love this song. The music is so me.",@Lizara14,2025-04-19T17:07:49Z,0
This dude songs are always catchy..💃🏼,@shirleybiscuits5635,2025-04-06T04:27:05Z,0
pharrell williams is really a genious with this beat.,@Ironlord5,2025-04-03T11:59:43Z,0
"Donald Glover may be our generation’s Jamie Foxx. Multitalented creative, Vocals, Acting & Comedy",@herbertouma4760,2025-04-06T22:04:21Z,0
I can not every time it something new you can not ever comprehend this song and it’s vocals,@micahelh,2025-04-04T18:07:24Z,0
I can not every time it something new you can not ever comprehend this song and it’s vocals,@micahelh,2025-04-04T18:07:34Z,0
"Is anyone here finding the lyrics ""ever since I was a kid I been legit""?  And randomly go to the creepin song 🤣 and lastly came here",@Olafff27,2025-05-20T13:07:49Z,0
insta vibes,@papiahaque9545,2025-06-25T20:19:00Z,0
Wanna play this song in the universe,@TheSinu01,2025-04-29T16:38:18Z,0
This song was a vibe in Seattle 🔥,@randomstuff_21,2025-07-18T22:29:54Z,0
"stole ddg lyrics but all good, BALLING SINCE I WAS A JIT from ddg moonalking in calabasas",@alucard2755,2025-06-05T02:19:02Z,0
Randomly remembered this beat 😍😍,@insightgemofficial,2025-07-05T00:09:25Z,0
The vibes are cool 😅😅😅😅😅😅😅,@vargheseusha1903,2025-05-26T06:01:22Z,0
Is it only me or anybody else thought the lyrics were ‘ever since I was a kid I was in the gym’,@madhurgandhi3321,2025-06-12T19:12:48Z,0
Travis Scott wrote Carti verse,@madebychikar7651,2025-06-20T03:44:35Z,0
I don't understand none of the comments on here so let me just be blunt as i smoke one and say this right here is absolutley insane and phenomenal cuz this beat  and The Weeknd and Playboi Carti spitting barz is phenomeanl and Pharrell will always be alive forever jammin them beatz,@scottstodden550,2025-04-14T21:33:33Z,0
"With all the Tiktok guitar edits and remixes out there, bros made the worst remix ever.",@ChelseaCFC77,2025-05-14T23:05:11Z,0
Cringe lyrics,@kylejames8471,2025-06-29T21:27:29Z,0
"Legendary Performance at MetLife Stadium 06-05-2025, unforgettable 🔥🔥🔥",@Marajuas,2025-06-06T05:38:09Z,0
Beat🥵🔥,@Funnlab11,2025-04-14T17:24:36Z,0
🛹 beat,@ShevonMarks,2025-03-29T15:17:47Z,0
The one time I see Carti with his deep voice,@carltonlionel1252,2025-08-03T18:16:39Z,0
Carti is arguably the worst artist of all time,@andr3j917,2025-06-12T09:02:23Z,0
"Crazy thing i heard this master piece in the mall and i wanted to know the song name but couldn't  get it and a few hours later while scrolling in shorts I heard the song and it was sounding similar the beat,so i Checked the comments saw the name and I came across this song under The Weekend, who would've known this master piece was from one of my favorite singers❤🎉",@bedrocks2248,2025-04-17T02:31:03Z,0
Bro best beat and best lyrics🎉❤,@GokuBilal,2025-08-07T01:25:52Z,0
Playboi for the beat🔥,@EmauelKitheka,2025-05-11T01:20:21Z,0
Beats go so harddd,@Amro_spective,2025-03-23T20:31:52Z,0
beat🔥🔥,@ma_____noj,2025-03-26T16:18:58Z,0
The initiation vibes with this one 🫡 old weeknd will never be topped,@MangoMushy,2025-03-29T02:11:19Z,0
Vibez 😎👀,@HasinueKhan,2025-06-25T07:17:06Z,0
This fucking beat...  Jesus Christ 🥵🥵🥵,@somewhatofaprofessional7940,2025-03-20T02:22:00Z,0
Who here 2025 MY NAME IS MICHAEL STONE 💯,@michaelstone7480,2025-03-20T00:59:15Z,0
"This fake ahh carti verse, ""she singing my song she wanna die lit"" no way he said that corny shi",@userXmen21,2025-06-12T17:17:31Z,0
Carti type guy to hit that 'note' than continue with the deeper voice,@Larnn_mlbb9,2025-04-03T15:11:26Z,0
"This is the unique song that I can hear anytime and I never get bored of it. It's incredible that I realized it today, after month's hearing it. True masterpiece. There is not another song on earth that I vibe with like I do with this song.",@sn8,2025-03-18T17:35:45Z,0
Who did the beat,@kualani24,2025-03-22T02:11:27Z,0
1:38 Dammnn insane vibes 🔥🔥🔥🙌,@ManishKumar-nl1xq,2025-05-04T07:05:10Z,0
This beat is garbage 🗑️,@Morgan-mf5bf,2025-03-17T13:59:38Z,0
"Auto-tuned verses ruin this awesome song.. Mumble, mumble, mumble in autotune.. YAKKK",@notrichbutwealthy,2025-03-23T23:34:41Z,0
"This beat is fucking stubborn, you can tell easily",@jdebrain,2025-03-15T23:44:13Z,0
the beat is so crisp,@delientexquisite,2025-03-15T13:06:40Z,0
I just am so touched by this vibe🎉,@marietzannetakis7870,2025-03-15T13:04:09Z,0
Bro why all ways this guy make some banger vibe songs ❤😂 love u Weeknd,@thefunnyberserkersshorts,2025-03-15T06:20:56Z,0
This beat go fuxking brazy gang,@kevinwhitmore-n5z,2025-03-15T03:20:43Z,0
Why don’t people post lyrics in the comments no more ?,@PimpyNewMoney,2025-03-27T05:14:52Z,0
Essa vibe..,@amouryoomi,2025-04-28T14:02:06Z,0
Whos here in the heat death of the universe?,@Nyamkanymzaya,2025-05-06T04:51:17Z,0
Nintendo beats?,@Yellow_VRR,2025-03-18T00:38:17Z,0
Why is there no 4 beat count,@proshiJ.D,2025-05-22T12:12:16Z,0
"love the song but it would have been topped tf off with a quiet section followed by an ambient, reverb of The Weeknd humming and then singing the chorus in the middle of the song before going into his verse.",@Waz_WRLD,2025-03-26T16:29:55Z,0
"Are used to know all the lyrics, but I am so focused on the Minecraft so that I think I forgot almost all",@marrellmillender5234,2025-05-19T02:04:54Z,0
The beat is off the hook but the video is straight garbage! 🗑️ Dude could have wore anything he wanted and decided to dress up for Halloween. 🤡,@Immanuelwarrioroflight,2025-05-16T06:19:55Z,0
That beat drop at 00:24 🔥,@yr_news,2025-04-30T22:24:20Z,0
"Yeahhhhh I’m gonna need like 7-9 more … maybe a whole album. This was good. Wholesome, catchy, soulful clever sorta way.",@LightingDax456,2025-04-01T19:45:45Z,0
😂ayo doechii verse on that remix is donkey ahh,@TeckHigh,2025-05-15T15:25:28Z,0
"What a waste of a beat , these lyrics suck 😒",@kikkijames156,2025-04-25T21:58:44Z,0
0:22 actual rhythm ❤,@Zoneofcreations,2025-06-23T16:43:39Z,0
This beat😮‍💨😮‍💨😮‍💨🔥🔥🔥🔥,@beelotv4513,2025-05-16T21:56:51Z,0
Now I'm listening to it again n like tha beats,@suchachad268,2025-06-21T01:17:51Z,0
Pharell snapped on this beat,@djproe360,2025-03-23T02:56:03Z,0
1:15 cant remember where i heard this beat stop and flow before lol,@ItsVxctor,2025-04-09T00:25:35Z,0
who made the beat?,@ariannam.9360,2025-04-15T02:33:36Z,0
Pharrell Williams beats are crazy!,@Xacon-m5d,2025-04-14T20:36:38Z,0
The piano chords starting from 1:45 sent me to outer space 🙏,@JustDazed,2025-05-01T14:14:05Z,0
"Love this song, the beat reminds me of “Almeda” by Solange ft. Playboi Carti",@ajacarolyn7077,2025-06-19T03:58:23Z,0
🇨🇦Talent unbeaten,@chandrangmakwana252,2025-03-23T23:29:44Z,0
el beat amigo el beat.,@mateoogodoy5745,2025-06-02T01:45:38Z,0
how did they manage to hire some of the worst backup girls i've ever seen in a video though?,@prinnycupcakes4992,2025-07-12T02:04:14Z,0
Beat's from another galaxy,@domniqjj,2025-04-30T20:05:08Z,0
When you watch the official video and listen to the lyrics specially when is telling us if I were you I would’ve cut my wrist is just a way of manipulating the mind to do that.. I mean not all are that weak to do that but if you watch the video is leading to the negative and dark.. be wise.. I loved the song too until I watched the video and saw the horns and all the signals..the music frequency is also manipulating us we have to be wise💯🔥🔥🔥🔥,@blazenbootyflowchannel8984,2025-03-28T09:14:56Z,0
The vocals,@animenexus_1Wtf,2025-06-17T11:12:33Z,0
The vibes are good and the vocals are good,@vargheseusha1903,2025-05-26T06:03:16Z,0
Such A Vibe Can't Wait Until 2026,@BlackAccessDaily,2025-05-11T02:23:19Z,0
Godot type beat,@ieatgarbage8771,2025-07-13T17:14:35Z,0
The vibe start's 1:37,@VijayBhaskar-c2b,2025-03-23T17:28:05Z,0
Pharrell's production is the unsung hero here; it's the foundation for the Weeknd's ethereal vocals and Carti's wild energy. This is the kind of track you'll still be hearing in 20 years.,@venessia-c8z,2025-04-17T11:27:58Z,0
Passa uma vibe sexy meio estigante 🔥🤦🏾‍♀️,@lauannyguimaraes3274,2025-04-05T23:33:19Z,0
This beat is firrrreeeee,@A08J,2025-08-03T01:56:55Z,0
"What a song...😍🤩 the background beats make it so wonderful, I can't resist it again and again.",@bhushannasre6489,2025-06-20T05:29:15Z,0
vibe 🔥,@ghostN97,2025-08-03T21:20:30Z,0
This song is already nostalgic for me… thanks to Wrestlemania 41 💯🔥,@gabrielcisneros3426,2025-05-18T05:01:54Z,0
Love the beat,@vokame,2025-07-26T21:49:23Z,0
"Pharrell's production on this is insane, and Carti's vocal experiments are what make this track so unique. The Weeknd's vocals tie it all together for a truly timeless sound.",@LoriGommels,2025-04-19T04:53:11Z,0
THE BEAT DROP❤,@andrewmoore194,2025-03-29T10:50:07Z,0
"Fun fact : Pharrell actually produces this track, despite without his signature 4 beats count",@felixhelix6580,2025-04-19T02:41:54Z,0
"The lyrics are abomination. Absolute shite. I am disappointed that such nice melody got butchered with no real lyrics, no meaning.  Dry superfluous pseudo-gangsta mumbo-jumbo. Weekend can do better than this. We want poetry, meaning and soul-touching lyrics, we can identify with.",@Cuncvir,2025-07-16T19:39:45Z,0
Carti s verse,@AnilKumar-mg2wy,2025-04-13T17:42:03Z,0
No lie The Weekend got good voice n tha goodies beats since he started but I still listen to all his albums but tha most my nigga The Dream n no disrespect I luv The Dream voice n his best beats but he wrote all tha lyrics n he's The King of RnB..real talk,@suchachad268,2025-06-13T05:06:26Z,0
Unique beat well put together and great song and nice ending,@Nextchp26,2025-06-13T07:27:05Z,0
The weeknd beat anyone ❤,@Rashel1168,2025-04-26T06:51:11Z,0
Carti to the universe 🎉 without his verse song ain't shi😅sorry weekend,@ibrahimgushalo7414,2025-07-26T09:38:58Z,0
The Weeknd lyrics ❤‍🔥❤‍🔥❤‍🔥,@odipglance5707,2025-07-08T05:01:05Z,0
Rollin loud performance put me on the beat is Krazy 🏄🏾‍♂️🏴‍☠️ 0:21,@Skeeterboyc,2025-03-26T15:17:55Z,0
The beat switch,@shadow_x_buns6976,2025-05-07T01:22:04Z,0
"this played right after MONTAGEM LUNAR DIAMANTE (FULL VERSION - SLOWED AND REVERB) - DJDYLANFK - WXCHSXN, just perfect",@randomasspolishgarlic,2025-07-19T13:54:32Z,0
"The week went crazy on the second verse, Carti did what Carti do🔥",@tonelove4492,2025-04-25T22:48:22Z,0
I saw short video that Pharrell Williams made beats for them. And i come back to listen again after 20times today.❤😂,@edenna6557,2025-05-26T12:44:22Z,0
"Never got the appeal in Carti's music, but his vocals on this song were fucking awsome",@Special_Agent_Frank_Horrigan,2025-06-19T18:45:18Z,0
the weekend just be vibing on any fucking beat... why he sound so cold damn!,@blvcklee4332,2025-03-25T08:57:31Z,0
It's the beat I like 😩,@DracoPowell,2025-05-27T00:36:45Z,0
Carti literally killed the beat! Amazingggg… ❤️🔥,@nohlanmonteiro,2025-07-02T08:29:59Z,0
Yo when the beat starts at :25 im about ready to get naked,@pacific570,2025-05-15T14:13:32Z,0
1:36 why tf isn't all song with this beat/music along,@dragkon4479,2025-06-11T15:51:51Z,0
Glorious Beat,@0bscure_qursuits,2025-04-22T04:27:18Z,0
i just came here to say this is the worst song u have ever published and i will never listen to it till the end the intro is good but no bye,@thebestpresentor_001,2025-04-27T03:52:18Z,0
whoever made this beat needs to go back to music class. such a boring and bland beat.,@1320jefe,2025-05-11T20:30:41Z,0
Good vibes 💓,@RuksarkhanRuksarkhan-i1p,2025-07-27T19:04:04Z,0
Yooo this interstellar type beat goes hard. 🔥🔥,@dogsoup5561,2025-06-16T13:34:57Z,0
"This haunting melody corrupts the pure, guiding souls toward darkness, as the ominous sign warns.  Satan don't care about you, look at the sign there for your views.  HELL",@nikkiilove9726,2025-03-31T21:17:27Z,0
BROOOOOOOOOO THA RAPS ARE WACK........The only  good is the beat,@KHaVok,2025-07-02T10:23:48Z,0
1:38 was when the beat started to get better and 1:48 it dropped. Btw this song literally is made for car edits ngl,@ChaiCamryYT,2025-07-31T07:08:41Z,0
Banger didnt even need my man rapping kinda annoying,@patrickutreras7062,2025-04-26T17:02:38Z,0
"This is a good song, but some of carti’s vocals use AI which ruins it",@14483OYK,2025-05-23T19:45:33Z,0
"I am infatuated by the beat of this song, and I wish it would’ve transitioned into a harder beat but song still great nonetheless",@degenerating,2025-03-27T13:10:05Z,0
SENZA TEMPO DIOCANE,@davidetravagli22,2025-06-07T10:55:18Z,0
"Timeless music, timeless vibes—The Weeknd never misses!",@abhishekbahuguna007,2025-04-03T07:50:31Z,0
Pharrell need to calm down with this beat   Got me like🦗🦟🦗🦟🦗🦟🦗🦟,@medeucaa,2025-06-23T15:35:04Z,0
Good lyrics man !,@marcustvchannel5885,2025-05-20T05:25:39Z,0
...why is the beat so fudge? Is it really Neptunes?,@PlezHolmes,2025-03-28T16:18:32Z,0
Crazy lyrics dudee❤❤❤❤❤ when I am listening getting high without any drug stuff,@VARDHAN_007,2025-03-28T05:11:07Z,0
"Mélodiquement fort, les voix, les flow, le beat, merci pour ce poulet",@Yskandar,2025-07-22T05:21:34Z,0
"throw some fucking credit to Pharrel for producing the banger of a beat, mannn. beat went crazy.",@Waz_WRLD,2025-03-26T16:32:56Z,0
todays music 80% beat 20% autotuned 10% random lyrics 5% girls 5% random sublime .,@rocksnrocks,2025-04-03T09:22:57Z,0
This fkn beat is tough as fuck! TAF,@millcitychris4303,2025-03-23T03:00:36Z,0
these boring lyrics do not deserve this beat,@elpuma70,2025-06-10T15:19:49Z,0
The vibe is fire 🔥 👌,@FarjanaAwal-s4n,2025-04-19T10:04:05Z,0
🔥🔥🔥🔥🔥🔥🔥 Vibe on Mother's Day,@BlackAccessDaily,2025-05-11T19:09:34Z,0
I’m sorry I beat your ass,@DavidPerez-p2n9l,2025-07-27T08:39:59Z,0
This beat is tuff🥶,@Kellan-g5n,2025-03-25T00:49:52Z,0
"Isn't it funny that they do the same videos for over 40 years now.. same shit.. nice beat, good song ..",@guesswho737,2025-04-03T00:28:22Z,0
"The DEVIL ain’t  TIMELESS , he just getting HUMBLED BY THE TRUE  LIVING GOD SINCE DAY ONE , y’all make me laugh , nice camera effects can’t imagine all the effort to praise something worthless like Satan , Jesus forgive y’all and help you to find the way in success and true meaning in the creating content , hopefully one day being a whore of money and satan won’t be such a profitable career on Jesus I pray ,  ""Render unto Caesar the things that are Caesar's, and unto God the things that are God's"" Jesus Bless .",@yonirecinos7571,2025-07-27T19:33:05Z,0
i need lyrics dawgg,@rufahnymahardika1879,2025-06-09T06:52:31Z,0
Lyrics,@aishikibarai3839,2025-07-02T18:55:01Z,0
"I won't let it play past 3:00 if I dont get the verse right. Makes me smile every time when I do cause O hear ""oh yeah!""",@nyxavatareternal3501,2025-07-14T01:50:36Z,0
Is no one talking about the fact Ferrell made this beat and I didn't hear the 4 rhythms for his iconic beats,@YoungChosenGamer,2025-06-05T06:45:18Z,0
I loved  carti's vocals,@R_R_ReelRush_336.M,2025-06-16T07:23:17Z,0
Very cool vibes ! Memorable hits,@joaocesaralves4464,2025-08-06T11:20:15Z,0
SOOOOOO MF EXCITED FOR HURRY UP TOMORROW IN THEATERS ON MY BIRTHDAY MONTH!!!!!! ♊️  GEMINIIIIIII && IM BIPOLAR ASF!!!! BEAT THE STIGMA ❤🎉,@CelesteRios-k8d4v,2025-05-02T20:21:36Z,0
The vibes are too sexy,@timhorton303,2025-05-31T16:40:17Z,0
"Pharrell's production is otherworldly, and The Weeknd's vocals perfectly complement Carti's chaotic energy—a truly unique and timeless collaboration. This song is going to be on repeat for a long time.",@JessicaHerrera-b1d,2025-05-02T21:17:43Z,0
I'm 59 YEARS old Pharrell this beat is amazing I kid you not you my dear have out done yourself 💋❤️💃💃🫣,@austriliamorgan5821,2025-03-20T21:54:54Z,0
This beat goes so hard,@ruthebai9119,2025-04-08T06:09:43Z,0
Beat so fire even Carti can't miss. That synth coming in at the end has me in another dimension.,@AvaIor,2025-03-19T13:45:38Z,0
This a VIBEEEEE ❤️‍🔥🔥🔥🔥,@DayOne-Gcvsh,2025-03-18T22:18:56Z,0
"""Can't miss Pharrell"" does it again! Beat 🔥",@choctawgirl26,2025-03-25T22:19:43Z,0
April/May/June 2025 vibe,@IlIlllIlll,2025-07-27T21:27:20Z,0
Beat it yah beat it,@IanNjoroge-s9e,2025-03-26T11:21:21Z,0
"Feel like skateboard P, Neptune's drums with a beat!",@freesancocho,2025-03-16T21:03:32Z,0
March 2025 anyone ? ... this beat is just amazing 🔥,@ernestosandoval198,2025-03-16T15:12:47Z,0
That ngga can't sing but he put out some dope songs....😂 and Carti can't rap and serves no purpose. The beat makes the song tho....Neptunes?,@keithlamont875,2025-03-16T05:10:56Z,0
Bruh weekends verse was something else,@happy-go295,2025-04-13T13:01:06Z,0
Squid games vibes,@FootballLoverTHFC,2025-03-23T07:34:11Z,0
Carti verse is another level 🔥,@abbasalemvall5388,2025-03-30T17:51:28Z,0
Outstanding lyrics,@marcustvchannel5885,2025-03-25T04:13:25Z,0
Go figure. A Williams brotha made this beat💯,@adamwilliams8254,2025-07-27T12:42:36Z,0
This somg my phone ringtone used 🎉,@888Rustam,2025-07-07T11:41:01Z,0
