comment,user_name,date,likes
This is the catchiest tune ive heard in a while. The vocals are wicked..im in my 60s,@barbarabryonwisdom231,2024-06-22T06:35:27Z,739
The chord progression is actually so satisfying. I've been waiting for modern music to be this good for longer than I admit.,@verbosequestion,2024-06-19T09:41:40Z,663
Bro rlly just came out of nowhere and dropped the hardest beat of the decade and dipped what a guy 🙏🐐,@Randomguyorsomething-uf5sq,2024-06-20T09:13:49Z,627
THAT HAS TO BE THE MOST JUICY TASTY BEAT I'VE HEARD IN THE LAST DECADE DAMN,@CLOUDIIO,2024-07-03T11:08:04Z,353
"This the ONE.. bassline... melody simple but some nice vocals, his hook killed it 2024 VA Tommy Richman",@PaddyHustle,2024-06-23T13:37:44Z,184
0:14 when the beat drops 😌,@JacobL-du9yj,2024-07-07T22:33:12Z,170
"Honestly, I felt like I timetravelled to the 1980s and back. Well done! That beat is straight 🔥!",@philiq18,2024-07-20T13:34:17Z,147
Once again demonstrating that the funkiest of beats make the HARDEST tracks🔥🔥,@Bread.Offender,2024-11-24T04:03:07Z,96
Why does this sounds so nostalgic😭😭,@DrimpXD,2024-06-19T09:48:22Z,64
This song is a straight ‘02-‘05 vibe. Props,@allthingsclassicrock,2024-08-01T06:50:54Z,45
"When my baby brother passed away this year, this song played on the radio all the time. Hit home hard to ensure i make every effort for his final send-off , that he was Cleaned Up Good❤🔥❤... Fills me with emotion whenever i listen to this beaut of music... I will forever love you, and I will forever miss you... Till we meet again🤙",@WillieBeamen87,2024-09-08T08:48:41Z,38
"Such a mix of Hip-Hop Circa early 00’s, soul, funk, alternative, indie and pop. Beautiful sound. Vocals and beat, Nelly vibes. Takes us back, man. Tune.",@rickipaddon6962,2024-06-22T01:24:58Z,36
Why is this beat feel so good? What wizardry is this?,@swampk9,2024-10-03T12:46:18Z,28
I’m getting Project Pat 3-6 mafia vibes and funk. This song goes hard!,@korrupted1878,2024-07-05T01:10:31Z,22
"this is one song that played all DAMN SUMMER and im not even mad about it, i like the vibe it gives idfk",@ricopagel,2024-08-16T00:33:21Z,17
"Sounds like 90-2000’s music, what a blast from the past! Keep the same vibe.",@kidgohan7158,2024-06-25T04:36:54Z,15
Someone make this genre of music the new era!! Giving me Jonas bro vibes.,@AndrewPerez-gb2gn,2024-07-07T05:36:53Z,9
Hope this sh*t change a whole new era of hiphop unlike some music today this one is unbeatable and addictive.🔥🔥🔥🥶🥶,@Georgefawler,2024-06-18T00:11:31Z,9
This song gives me “GOLDLINK CREW” vibes 🔥🔥🔥,@Nao-rx9wc,2024-07-19T22:04:20Z,9
That beat is 🔥🔥🔥,@islandchicblessed3766,2024-06-22T19:11:12Z,8
so many vibes with this. such a hit. Friday vibes for sure,@owlsuns3812,2024-07-04T04:01:33Z,7
I love the beat,@rhodakekana6204,2024-09-24T09:27:32Z,7
I'll drink a keystone for every like. Challenge accepted,@thebenmcalister,2024-07-01T01:53:44Z,5
"As a music producer, this beat and master go fuckin CRAZYYYY. This song is a instant hood classic certified BANGERR",@michaelgoodsell6475,2024-07-01T10:38:05Z,5
average teens or middle aged man or even senior citizens gets the powerful rhythm of music and lyrics,@lifestyleofcj7896,2024-07-01T10:04:33Z,5
YES!!! Definitely screaming late 80s and early 90s vibes at me  ❤🔥,@LRP1320,2025-06-20T11:37:35Z,4
Gotta be one of the worst songs Ive ever heard,@Bruh..669,2024-07-21T20:58:16Z,4
"Ayooooooooo, blasting this shiii in the hellcat on repeat,this a vibe",@jhonnythunder1880,2024-06-28T01:55:40Z,4
2025 anyone?                                                                This song sounds so nostalgic now😭,@nicolekeels2335,2025-01-17T01:48:02Z,4
The song went from decent annoying asf real quick,@Yukis.aviation,2024-07-22T01:49:07Z,4
Finally found the song i been looking for this a hit and catchy as af ❤❤😂🎉,@alexisbad22,2024-07-03T16:24:31Z,4
This beat hits harder than I do when I beat my wife she would tell you but she cant walk,@AnnBoye,2024-07-29T06:22:51Z,3
Dumbest song worst track ????🖕🏻👎🖕🏻👎🖕🏻👎🖕🏻👎🖕🏻👎,@ashuroraha,2024-07-21T16:07:07Z,3
this music sick poaitive vibe im a million dollar baby,@vanessaw4916,2024-06-18T05:32:21Z,3
This beat is so daym fresh …. ! No doubt ! My ninja!!!!!,@johnscott7442,2024-07-17T19:52:44Z,3
This song is so overplayed it’s annoying lmao,@axel-es7lg,2024-09-21T16:05:28Z,3
Old school vibe is ALWAYS gonna make my playlist.,@SuzanneCoultard-m1g,2025-07-15T21:46:04Z,3
"Tommy Richman was probably that kid who always sat in the back of the classroom in high school. As each year went by, his personal style and vibe kept getting better, and you just knew that boy was gonna COOK once he got into his 20’s and figures out what he was put here to do. Congrats, Tommy, you deserve all this.",@vibes7144,2024-06-29T16:31:22Z,3
This is another proof that songs can be this good even without including explicit lyrics,@thesmolboi,2024-06-22T20:52:12Z,3
The most annoying and overused song of 2024💀💀i absolutely hate it,@MeatHead7,2024-06-17T04:50:07Z,3
one of the worst most annoying strategically overused brainwashing songs ever made,@sambt123,2024-07-26T11:11:18Z,3
"Catchy, but what the fuck is he saying?",@oddmontsoddington8961,2024-10-06T02:44:29Z,2
Dancing to this vibe bad ass tunes,@tessielopez8321,2024-09-09T02:23:22Z,2
I love the old school funk vibe! Gots me grooving ❤😊,@LeeLeesBanter,2024-07-31T17:55:26Z,2
The WORST SONG OF ALL TIME 🔥🔥🔥🔥,@DFRNT017,2024-07-05T11:18:46Z,2
This song lowkey annoying,@datbacon9564,2024-07-09T22:23:16Z,2
I hate this song - it’s annoying,@BananaNutCream,2024-07-19T23:54:51Z,2
Got  him his props like lyrics and beat speaking for myself number on rap list,@donaldfarmer9218,2024-10-21T22:46:46Z,2
THIS BEAT IS STRAIGHT FIRE!  Shout out to Tommy Richman. Million $ Baby is a f&$k’n HIT!,@R.DeeMartin,2024-07-07T02:09:50Z,2
"One of the best songs ever, it brings good vibes❤👏🔥",@IloveDemonSlayer1415,2025-03-30T06:55:26Z,2
"The beats are so damn satisfying to hear, Genuinely one of the best beats I've ever heard after a long time.",@akioyamazaki6846,2024-07-29T09:05:57Z,2
That’s the vibe 🎉🎉🎉,@queenv5489,2024-07-24T03:41:33Z,2
The beat on this goes hard 🔥🔥🇰🇪,@SamKabiru,2024-06-20T00:36:33Z,2
This is it nice sound excellent beat.,@arkanasstatelinerobinsons2209,2024-06-20T04:43:18Z,2
What a song man !!!!! 😭💯💯 Love it ❤ and starting 🎵 music vibes 🫀,@cloudieex,2024-07-25T06:41:21Z,2
"Had to track down this song to let you know it's the worst thing I've ever heard, and I skip every video it appears in.",@joshuahaskellcarr,2024-08-03T13:29:21Z,2
I love that beat...,@jasonmenjivar7195,2024-06-24T19:52:46Z,2
"I absolutely cannot get enough of this song! ❤ Wondering if the distortion with the bass is intentional or if I just have no devices, earbuds, headphones or speakers designed for this level of bass?  I don't typically listen to music with this much bass.  Pretty sure it isn't an issue with needing better quality speakers/earbuds/headphones.  Maybe it is meant to sound distorted, in which case, I'll stop worrying about it!😂",@broccolista,2024-07-24T22:08:38Z,2
This is a Neptunes type of beat FRFR,@fatceaserdagreat241,2024-09-06T15:02:12Z,1
Tommy has been blessed with the same code God uses when he is blessing black folk with the vocals❤,@kamogeloursuladlamini7537,2024-07-20T23:26:45Z,1
Love the vibe it puts off. 🔥,@reaganjacobs375,2024-07-02T11:44:31Z,1
proof you dont need good lyrics to have a good song,@UltraEpicVids,2024-08-16T16:50:12Z,1
I lost brain cells reading the lyrics to this 🧂,@SbjsksmNx,2024-07-27T19:36:08Z,1
This beat is so smooth.,@footyenm7548,2024-06-29T18:29:19Z,1
For anyone looking for more music in this vibe definitely check out Marc E Bassy. He’s got some great songs that are in this lane.,@pruett89,2024-06-26T00:30:40Z,1
annoying  ahh song,@pluhdabesť,2024-07-06T02:02:05Z,1
"*This has industry plant written all over it.  90% of the comments are bots pretending to be elderly people that supposedly love this song, and the rest are bots commenting how timeless and reminiscent of (insert random decade here) this song is.  It's a catchy song, but the insane promotion, questionable amount of monthly listeners on spotify and ridiculous playlisting all reek of payola, and gimmicks... I'm not buying it - bring back real music!*",@SquidProQuo80,2024-08-28T20:03:48Z,1
"Okay...I see you Tommy! (Blushing) Nothin' but ❤ from me, in the WV!!! Positive vibes your way, cause you makin'/made it!",@Brooke_Wallace_Tomblin_Inc,2025-05-19T08:33:13Z,1
i only came here to hate this song is so fucking annoying and trash get this shit off radio already and the songs the ppl post on tik toks and shorts this shi so ass,@idkbru9268,2024-09-13T04:40:45Z,1
It’s definitely giving 90’s vibes and I love it all ❤,@londonj85,2024-08-12T13:52:50Z,1
Pimp Juice   Nelly Vibe🎶,@Johne13,2024-07-14T03:47:32Z,1
I love this song so much-it’s my phone’s ringtone 😊🔥🔥,@detroitdiva2315,2024-07-22T18:03:50Z,1
"This song is trash. Only 2 and half minutes long, making you slide back like 10 times just to get the vibe going. It's over before it gets started...",@thailandlife12,2024-07-01T01:09:15Z,1
Vibe show 😊❤,@dalvateles1930,2024-06-25T21:51:09Z,1
Easily the worst song I've ever heard,@MexicanHammer,2024-06-27T15:19:02Z,1
0:26 im always beatboxing this part,@AdonnisSatoruAlexisGojo,2024-09-13T23:46:26Z,1
Im here because samson rock the sh1t outta this beat,@carlnorris2392,2024-07-24T01:16:54Z,1
"I most definitely undoubtedly fuks wit  & will  BangThis song.The beat is off the meat rack, Love it, man.!!!!",@shinereallight,2024-06-23T19:10:32Z,1
The teens love this beat! Including me!,@corrincumberbatch2083,2024-06-23T20:27:21Z,1
this is that Oakland late 90s beat stuff,@jaredrogers7863,2024-10-27T17:35:55Z,1
This is giving major Despicable me 1 + 2 Vibes idk if it’s just me,@HESFASTERTHANSONIC-n8b,2024-06-18T17:15:18Z,1
This is a mf vibe,@queenv4340,2025-02-10T21:28:01Z,1
Y’all should listen to Gavinzbeats version of this gong it’s heat🔥🔥🔥,@Carsandboards,2024-09-09T16:56:21Z,1
Annoying af tiktok song,@krispynachos9980,2024-06-29T10:39:58Z,1
"This is a false song, if you are for God we dont use cursed words or use the word ""hell"" for describing anything good and our lives are worth everything to God, to say your a million dollar baby is to devalue Gods creation, we don't make anything nasty, we don't pervert sex, it is for a man and women in marriage for makiny children, not just for pleasure, we are not to be doing it for anything other than procreation, oral anal and other forms pf sexual gradification are to be repented for. Its hard because the sexual demons are so deep in our existence. Watching porno lets the demons those people have into your life, it happens through sight and sound in video's, they live outside of time so they can be in the video and the people and you simultaneously.",@MankindsMen,2024-07-24T15:43:22Z,1
It's gives the vibes I will stop playing  r,@Maseline-d4c,2024-06-15T20:05:58Z,1
"Similar to George Michael's Hard Day song, including keyboards and rhythm, only the tempo changes...",@setidepp4853,2024-06-16T00:09:16Z,1
worst song ever nettspend is better,@xynvofooty,2024-09-25T23:30:13Z,1
Nice 90s sample but ruined by the trailer trash falsetto vocals. Blowing up solely thanks to Tiktok will not be good for the long run.,@RockyRakoon,2024-07-23T22:28:17Z,1
Damn Bro. This Beat Hits Harder Then My Step Father.,@Glitchy_404VA,2024-07-02T14:49:47Z,1
I dig the beat but cant hardly tell what he's singing,@mikep8058,2025-01-16T12:30:10Z,1
This is a Wham! song from 1984 without the quality vocalist.,@jaytweedy7759,2024-06-19T17:27:09Z,1
Outkast Vibes..,@khalhaguer1604,2024-06-22T10:10:45Z,1
This reminds me of Bone Thugs n Harmony for some reason...🤔🤔,@Melissa404Vee,2024-07-08T01:00:48Z,1
Beat musik nya enakeun wkwk ❤😂,@ivanapriyandi,2024-06-19T14:29:15Z,1
Easy E -ish. Great vibes,@Blindsyde5762,2024-06-24T21:02:55Z,1
The lyrics make absolutely zero sense but this song is a whole vibe,@blackhammer5797,2024-09-05T02:07:01Z,1
This Is One Of The Baddest Songs I’ve Ever Heard. You Get All The Beats & Sounds That Goes With The Words.  A Lil Bit Of This A Lil Bit Of That Sound & Lyrics👏🏾👏🏾 I Ain’t Neva Been A Saint As Well💎 Congratulations 🍾🎊🎉 On The 35+Million Views In Just 2 YES I SAID 2 Months For The People In The Back…..,@224ilivelife_tryit,2024-06-27T17:18:16Z,1
this is the worst song ever,@silky-i4e,2024-07-09T06:57:35Z,1
what on earth are people seeing in this? what's even the hook in this? not very catchy imo,@stevbosh102,2024-07-03T20:49:24Z,1
U stole these lyrics frm my nugga pother shit not right give him sum credit,@mane5942,2024-07-29T15:37:20Z,1
The vibe is most exquisite 👌 and Tommy's pull up game was cold in the beginning,@HM-cl9mg,2025-05-16T19:58:01Z,1
I just came on here to say this song is the most annoying piece of shit I’ve ever heard and tbh it’s not bad but it has been so overplayed that I fucking hate it. I hate it so much I had to come on here and just let it out! Fuck this guy fr,@s.s.5936,2024-09-17T07:09:48Z,1
"Reminiscent of P-Funk, Cameo and Brothers Johnson. Lyrics are a *little* meh",@JaredLekites,2024-08-22T05:51:01Z,1
We need a full album. Very catchy. Love it.,@lordbmills,2024-07-04T15:47:06Z,1
"It has a nice beat, but it really makes no sense. Which is most music today",@michaela6147,2024-08-09T21:29:39Z,1
"This is giving me ""Let it Whip"" by the Dazz Band vibes. Love the 70s style take here, we need more soul/funk types like these, great Job Tommy 💯",@GrindLikeNoTomorrow,2024-09-07T18:44:42Z,1
MY FAV SONG TO DA MAX! 🔥💥SO VIBE❤,@imjustadjusting.2269,2024-07-03T14:55:36Z,1
India here 🇮🇳❤️loved the beats dayum✨,@cypher-roberto,2024-08-08T17:18:10Z,1
Mmmm mmmmm mmmmm the harmony on point perfecto,@SpiritStar,2024-08-14T15:09:24Z,1
This jam is SUCH A VIBE!!!! But why is it soo short!?!?😢,@veronicam.188,2024-06-17T03:02:01Z,1
"Olala mais quelle vibes de fou !!!!! Back to the future !!!!! Énorme, ça fait tellement plaisir, merci l'artiste je m'abonne direct",@SalvyMinotti,2024-07-17T01:36:16Z,1
This rhythm is nasty,@JJBanks1975,2024-07-03T11:16:40Z,1
This song annoying af,@tabledudeyeet233,2024-06-16T20:18:11Z,1
This shiiiii 🔥 so catchy,@psykopvth,2024-06-24T02:42:44Z,1
despicable me ahh beat,@benorzo,2024-06-16T17:51:22Z,1
"This shit hot as hell. The beat, the mix, the vocals. Perfetto.",@Sanguivore,2024-06-22T15:22:17Z,1
"literalmente o beat do lançamento de teto, estranho",@elfoo,2025-03-27T16:40:48Z,1
"Such a revelation, the dude isn’t mumbling garbage, and there is a rhythm. Welcome to something close to enjoyable music, others have been here for decades.",@rsoul7282,2024-06-19T12:56:03Z,1
You know Thundercat must vibe out to this,@vibes7144,2024-06-25T04:44:54Z,1
I dont know why I gwt 90s vibe from this. Omg this song would be playing EVERYWHERE in the 90s. 🔥,@gracekami4655,2025-05-28T18:15:57Z,1
Thundercat vibes this song itches my brain so fkn good man what an ear worm,@danielsawford7788,2024-07-24T17:51:24Z,0
Mf'r dropped a new song that's already nostalgic and walked TF out.,@TURNS2STONE89,2024-08-13T18:11:45Z,0
Anyone else sick of hearing this high pitched crap?,@noryb8484,2024-08-05T16:55:03Z,0
Pharell/Neptunes vibes. Virginia.... that's all..,@giovanniealexandable,2024-09-30T19:38:09Z,0
"I need to hear ""Mom Leave Me Alone I Wanna Be Famous"" on this beat.",@SamYoungRadio,2024-06-23T14:48:07Z,0
"damn, my ex shared this song on his story and the melody is so soooo craziiii . Up up up",@bunnyhaxuta,2024-06-23T12:25:01Z,0
"It's so entertaining watching children re-enter the idea of melody and timing, and watch them freaked out over something so standard, that's not really even that exceptional. People commenting how this sounds like a song from the 70s, meanwhile there are about 10,000 songs from the 70s they've never heard that blow this one away.",@taggmanibanez,2024-08-12T04:46:16Z,0
"If you know music, these ladies KILLED ALL VOCALS. From bridge to backgrounds. This should win something",@kcceb3657,2024-07-15T15:04:33Z,0
I'm so digging these beats & this grooove! More please 🙏,@TiffASUgrad,2024-08-04T18:02:10Z,0
I love how this song feels but I hate the lyrics,@aimlesslost,2024-06-26T03:27:28Z,0
Not sure why this song is so catchy to everyone. The singing is not very good at all,@spiderdb2849,2024-06-29T17:22:17Z,0
"So Seriously y'all....i just listened to this back to back to back like 30 times! I can't think of a song that's ever had that type of impact to me. The lyrics, the hook, the beat is something special. Tommy Richmam you can put ths song under your belt forever man.",@matthewchildress810,2024-07-12T12:12:39Z,0
"damn dude what a beat, ty🤩",@antonioemilio7967,2024-06-22T00:48:26Z,0
"I'm the caveman that invented fire, bus is secretly a time traveler that brought this fire we're listening back to the stone age so humanity could exist. You're welcome.",@hefsati,2024-07-18T20:14:56Z,0
Guys. Hold on. Beyond the Spider-Verse credits?,@KotteKumar,2024-06-23T12:16:50Z,0
They gotta use this in Spider-Man: Beyond the multiverse,@hype6159,2024-07-11T10:39:16Z,0
I knew this was a white boy soon as I heard the lyrics it doesn’t really make sense it just a bunch of random phrases,@desiyadinero4,2024-08-04T12:16:10Z,0
My 9 yr old son put me up this banger.  Im from Memphis and I know a dope azz beat when I hear one.  Even DJ Paul bumping this and already remixed it.  Yes Siiiir!!!!,@cameronburrell5147,2024-12-07T04:47:55Z,0
Vibesssssssss,@deecee2501,2024-07-19T11:57:52Z,0
I change the lyrics in my mind.,@CelesteWilliams-zt1vq,2024-06-26T19:17:06Z,0
Bro drop the funkiest beat ever🥵,@funtukhurufkita,2024-07-15T10:09:54Z,0
what kind of lyrics is this,@alshafieehfz1043,2024-07-01T13:18:23Z,0
Good vibes,@facts2676,2024-08-12T19:31:43Z,0
Most annoying TikTok and IG reels song,@24ecko,2024-08-29T00:55:45Z,0
Nice beat tho 🌠,@JonathanandJeremiah,2024-06-26T21:22:01Z,0
Year 2000 or 90s vibes 😂❤,@MasaAlalam,2024-07-27T23:02:35Z,0
Top 10 favorite songs it’s beat is good,@THATseahawksGUY,2024-08-10T05:40:54Z,0
Bro beat my Ass,@LisaDoty-ti3dm,2024-10-04T23:34:34Z,0
Song is annoying af,@zp2233,2024-10-14T23:41:31Z,0
The lyrics are corny but mannn the song is so good lol,@BriasPretendBakery,2024-08-21T22:05:50Z,0
This is like a long-lost Bone Thugs & Harmony song someone found on an old floppy disc drive.,@TheClandestineConnection,2024-08-21T20:28:51Z,0
Okay nice beat nice tune I guess he's the modern-day Casey and Sunshine Band,@GMANN83,2024-07-02T13:56:21Z,0
Getting nostalgic feeling for a 2 month old song,@roshanchakaravarthy,2024-07-08T17:36:22Z,0
Im 400 years old . This song is a vibe y'all,@MrHOTPEANUTZ,2024-07-03T04:52:35Z,0
i want 2 more verses to this,@625-g3q,2024-07-05T00:48:01Z,0
I’m 60 can’t get this beat out my head 🔥☄️,@angelnava6217,2024-07-02T15:43:44Z,0
Most new gen wont recognize the beat. Mr ice cream man for most who dont know....,@MegaMadewell,2024-06-29T06:05:11Z,0
Roller skating off this song. I be clowing.😂 I love this song!!! The 🎵🎵 music/lyrics. I've played the video Xfinity times .. music 🎶🎶🎶🎶🎶🎶❤,@SheilaJackson-fu4kv,2024-08-20T23:44:41Z,0
Is it weird that I absolutely FUCKN LOVE this song but don’t know even half of the lyrics 😂😂 OH WELL 💃🏿💃🏿 MILLIONAIRE BABAAAAEEEEEEEE,@kenyareap2944,2024-07-02T07:30:07Z,0
The beats sounds exactly like pimp juice by nelly but carry on 😒,@deborahjones7409,2024-07-01T23:38:15Z,0
This song is lit im loving the beat to it cool,@deborahartopee673,2024-08-21T15:29:42Z,0
I see all this love everywhere for the chorus but guys THAT OUTRO IS SO HARD,@CesarGonzalez-bw2hz,2024-09-13T15:11:51Z,0
.....this reminds me of a throw back UGK beat,@MissTexazTenn,2024-07-30T22:31:27Z,0
Sounds like a missing member of “Bone Thugs ‘N Harmony 😁”,@brucestro18,2024-06-21T19:09:05Z,0
My daughter got me here. This is the worst type of music. Remaking someone else hard word.  Shows no creativity.,@FreshAIR-rd8zq,2024-07-19T20:16:43Z,0
This would go so hard as a track for Spider-Man beyond the spider verse as miles is just swinging through the city,@BradleyBergman-u8w,2024-08-12T09:38:54Z,0
I absolutely love it! The beat and the artist ❤😊,@JamieTramill-l1l,2024-07-17T20:02:37Z,0
Am I the only one that finds this song annoying for some reason ?,@Negus1k,2024-07-28T03:32:27Z,0
"70s beat, with that southwrn 90s rap sound.",@alexgirl8336,2024-06-19T01:30:03Z,0
Que vibe foda,@lucasbarreto2149,2024-06-18T22:51:31Z,0
"I've been searching for this song. I explained to ppl ""it's the new song with an old school vibe"" in love with everything about this song. ❤🎉❤🎉❤🎉❤🎉",@goddesslr4692,2024-06-18T22:38:20Z,0
The chorus 🕺🪩,@YusufAhly,2024-08-15T06:26:34Z,0
This dat Bop!!!💯...if I only get the dance to go wit da beat!!!😮😅😅😅😂🙏🏾✌🏾,@34bratdoll,2024-06-24T02:00:51Z,0
I still dont understand the lyrics,@2RiRi212,2024-12-30T02:23:26Z,0
"Nice beat, but can't understand much of what he's saying  but ""million dollar baby"".",@user-gg8jq4td3u,2024-12-08T20:21:58Z,0
"GTA song vibes for sure,just watch😂",@teecope488,2024-06-16T16:29:55Z,0
"Fab as it is, its yesteryear's vibe that's incorporated making it a tooon! 😂 Nothing new about doing that as old music is the best considering some bish out there today. Wishing you great success! 🎉😊",@czm8672,2024-06-16T09:36:18Z,0
BEST SONG OUT THERE RIGHT NOW. MY BOY DROPPED A HIT!!! What a great vibe.,@SandA425,2024-06-16T05:17:08Z,0
It's gives the vibes I will stop playing  r,@Maseline-d4c,2024-06-15T20:05:58Z,0
It's gives the vibes I will stop playing  r,@Maseline-d4c,2024-06-15T20:05:58Z,0
It's gives the vibes I will stop playing  r,@Maseline-d4c,2024-06-15T20:05:59Z,0
It's gives the vibes I will stop playing  r,@Maseline-d4c,2024-06-15T20:05:58Z,0
It's gives the vibes I will stop playing  r,@Maseline-d4c,2024-06-15T20:05:57Z,0
It's gives the vibes I will stop playing  r,@Maseline-d4c,2024-06-15T20:05:57Z,0
Is this old remix song??? Cus its giving 90's vibes,@bebika_0,2024-08-28T14:53:11Z,0
"Cringe, corny, annoying, overplayed, and overrated. God please let this song die already",@slappytitz,2024-06-27T00:07:27Z,0
Love this song love the beat and lyrics,@alexishector6448,2024-06-29T05:46:10Z,0
"Luv the vibe, 27year old me, smoking the WEEEEEDDDDDDD",@TheresaBielewicz,2025-06-10T08:59:42Z,0
This sound awful. Sorry.,@ArtificialIntelligenceSound,2024-10-04T12:57:54Z,0
"This song is so annoying on my feed, tik tok ass song lol",@gliderism,2024-06-29T15:30:44Z,0
The vocals are trash fr,@franshaesmith3346,2024-06-26T15:46:19Z,0
The beat is fonky as a mf tho!,@tommyebrown7400,2024-06-29T21:51:08Z,0
Synth funk? What is this? I need answers.,@surshot56,2024-11-12T01:26:54Z,0
"I’m already calling it as of July 1, 2024 that he finna fall off so hard. He’s a one hit wonder no offense to his fans and to everyone that seems to like the “catchy hook” or the “beat”. The lyrics aren’t even that good tbh, just being real with yall. But yeah I’m calling it yall, bro either finna fall off hella quick after this one hit, or he going to hire ghost writers to keep making him songs to stay relevant in order so he can continue making bags of money. Money talks so if he hires ghost writers he can easily make more money to keep paying them. But if the songs are just terrible, than nothing will save him.",@kevinanton6797,2024-07-02T01:37:16Z,0
Reminds me something bone thugs and harmony would have put out,@loupaduto9183,2024-06-23T12:04:22Z,0
Never heard of this dude but beat from video clips drew me in. Add to it I though it was some new music from Bone Thugs lmao,@rtoriq,2024-07-13T19:30:02Z,0
I really like this song my baby girl just showed me the dance to this 😍 very cool vibes great job this is real 🎶 music no cap just caption #RealMusic,@Beautifulsoul80,2024-06-25T16:50:25Z,0
He needs a rap artist guest appearance on this track to Spirit of verse make a remix maybe HMU,@stevenfortunato8494,2024-07-04T01:21:55Z,0
Probably the best worst song I've heard. Not hot trash but far from fresh and prime,@heypal8072,2024-06-24T01:54:55Z,0
who put a 12yr old on the beat and its just making my ears bleed how did this go onto the radio😭😭,@ilikethedark_darkness3130,2024-06-23T18:01:22Z,0
"Got a real Earth Wind & Fire meets Funkadelic groove, imagine James Brown on vocals",@leonardfarm416,2024-08-02T21:15:23Z,0
Have no idea what this dude is saying but i dont care cause the beat is fire!,@coryvandenbroek8510,2024-07-16T17:32:49Z,0
Love this song! It has that old school Confunction vibe!,@tonymendoza5399,2024-06-21T16:01:32Z,0
I like that reverse reverb,@ClaytonJonesImages,2024-06-21T15:25:11Z,0
That beat hard 💥,@oldsk00ldaz,2024-06-21T09:48:55Z,0
That beat is so damn good. The first time I heard it I had to look up the song and been vibing ever since. It’s a story I will probably tell to my grandchildren.,@stev6963,2024-06-21T07:46:29Z,0
This shit sounds good but there is zero anything special about it. As a matter of fact this exact cadence and melody has been done before,@ceades75,2024-10-06T14:32:49Z,0
Very catchy,@sabett198x,2024-07-12T09:05:07Z,0
Worst song ever created what kind of npc listens to this sht,@j1fferson,2024-08-07T11:29:33Z,0
#2 for the worst and most annoying song in the world. #1 is ice spice,@JimmyJohnny64,2024-09-19T22:10:59Z,0
Good stuff. I like the vocal tones. Respect.,@ericsartanahorner,2024-08-11T00:01:17Z,0
Gives me across vibes of a 70s and 90s tune. Love it.🔥🔥🔥🔥,@KingD-light,2024-07-10T02:20:41Z,0
"Deym, feels like listening to Kendrick vibe🔥🔥🇵🇭",@Reminisce-c3o,2024-07-27T09:07:00Z,0
Has Three 6 mafia intro vibes wonder if DJ Paul touch this beat….,@rcuevas76,2024-07-29T20:48:04Z,0
"Everyday, all day i blast this from my car and at the office...........pure vibe",@therealsavagepete,2024-07-22T07:22:29Z,0
Song got annoying after TikTok spam,@solidify8888,2024-08-09T02:58:11Z,0
This beat and vocal is so hard to,@Workmanneednotbeashamed,2024-09-13T01:17:09Z,0
White iverson chill bill vibes- new throwbacks,@LisiTubbee,2024-07-28T02:19:56Z,0
blake stone aliens of gold,@mortonmindy,2024-07-17T02:58:35Z,0
This beat world wide 😮😮😮,@angeltaylor1969,2024-07-04T22:34:12Z,0
does anyone know abt songs that have the similar beat like this ?,@NguyenHai-xq4dz,2024-09-15T05:59:27Z,0
This jam is the shiz!! Bringing back the og vibe!!,@lorietipton1717,2024-11-17T04:56:51Z,0
Has a Marvin Gaye / Earth Wind and Fire vibe to it,@ElronHumpperdink,2024-09-22T16:08:34Z,0
Dope beats man,@jasongcole7621,2024-08-19T06:13:54Z,0
Gen X soundin beat through and through,@dgm6655,2024-10-14T03:07:32Z,0
I'll say it. It's just a song. It's really not that crazy. It just loops and loops with the only thing changing being the lyrics. Lyric music < Instrumental music.,@AndyBjerregaard,2024-07-03T16:09:26Z,0
good vibes song,@pisychoace869,2024-08-26T23:10:20Z,0
you not a colleague your a f****in colonizer😮😮😮 deep where is the lie Kendrick is saying about Drake in this ????,@andrecureton6862,2024-06-25T10:18:25Z,0
Just discovered this guy and  song wow instant classic digging this song and vibe my new favourite this year,@tristanlyons2883,2024-07-06T10:18:46Z,0
"I absolutely despise trap beats but for some strange reason I like this, maybe it's the synth and harmonization",@babysis6.059,2024-06-30T23:43:58Z,0
I’m 60 can’t get this beat out my head 🔥☄️,@angelnava6217,2024-07-02T15:43:55Z,0
Herbert the pervert got bars and his iconic melody 😂❤💯,@soothingsounds70,2024-06-28T12:01:33Z,0
"Awful singing, horrible beat. And really this dude is from Woodbridge,  VA. He isnt in the struggle. His dad was likely a federal employee or military officer making 6 figures. This whole vibe is weird and off.",@9395gb,2024-07-11T05:10:32Z,0
"A hit song with one verse, incredible",@bofamusic,2024-09-22T00:29:10Z,0
"Im just blown away by The beatBangs LIKE GANGS IN THE 1990""s",@artisannurse,2024-08-04T00:02:02Z,0
Beat sounds like germ's u dig. A banger it is,@ahimbisibwebrian316,2025-01-20T16:33:02Z,0
Love the song even if the lyrics sound like a bunch of non-sequiturs. I have no fucking idea what's going on.,@losthighway1091,2024-09-13T20:38:24Z,0
Memphis vibes,@transmisionwebeo1821,2024-07-01T04:34:01Z,0
summer 2024 vibes bro💪💪,@itisyoboyht,2025-07-05T00:29:24Z,0
Great vibe. Makes me think it's 1974....stuck in the 70s....lol,@Nobodyzghost,2024-07-03T07:32:14Z,0
"This is just Seven Wonders by Fleetwood Mac…wow, exact same chords. Nice try, Carpenter",@charliedwight4753,2024-08-28T21:40:11Z,0
"This isnt music, it's a jingle.  Lyrics are weak, beat is soft, flows like a turd being flushed.  Has a catch 6 second jingle for all the insta wannabes shorts.  Garbage, like all music in this era.",@jamespearson00,2024-07-01T09:51:53Z,0
❤❤❤ fireeeeee that deep voice keep up I. Too fast is best❤❤,@Baby.com-baby,2024-09-04T13:25:33Z,0
"My favorite song of all time, you've beat imagine dragons.",@AsgoreAndThe7IceColdBeers,2024-10-04T01:11:32Z,0
Best drop beat ever,@BlakePermut-l3w,2024-12-02T05:27:45Z,0
"This is the complete opposite style of music I typically listen to, but it’s been stuck in my head like crazy lately. The beat goes hard and it has such a great flow and vibe to it.",@hyperdrive282,2025-01-11T03:24:52Z,0
Here after seeing dj Paul get down to this on his mixing table,@Darrell1981,2024-07-15T00:54:18Z,0
Tectone,@rockyflores2088,2024-07-26T17:45:10Z,0
why when i saw this song at the the first time in my life i can sing the melody perfectly and remember i hear this song before 8-9 year ago and realize that it release like 4 months ago,@Stupidcat4777,2024-09-03T13:40:42Z,0
80s hiphop vibes love it,@Goated12348,2024-06-23T02:32:46Z,0
The beat insane!!!!!!,@Vdgiftsella,2024-06-22T07:32:02Z,0
Now i know y i like this song now. It reminds me of the Nelly song pimp juice by the beat,@jermainerobinson2975,2024-07-01T04:36:20Z,0
Reminisce of a Dj Paul and Juicy J beat 🙌🏾,@keanonking4847,2024-09-05T18:45:11Z,0
@Yall deep funk #CrankItUp,@ConniesCountryLivin,2024-07-04T11:38:15Z,0
awful,@pingew,2024-06-19T19:31:16Z,0
this sounds awfully like scp 3008,@DigitalCrypteria,2024-06-19T17:09:20Z,0
Pimp C would have loved this beat,@xxx52bmo43,2024-06-19T16:11:46Z,0
Herbie Hancock vibes,@p_c5428,2024-06-24T05:53:25Z,0
Throw back soul beats and that hook . Either you love it or hate it . The song still moves you and  turning into a pop masterpiece.,@donrevelle,2024-06-24T04:44:16Z,0
I thought this was Sampha for awhile til I finally saw the artist name lmao you both sound almost exactly alike vocally and musically,@MadsMikkelsenisliterallyme,2024-08-03T14:51:28Z,0
Beat song in 2024 🎉,@lifewithdq1923,2024-07-14T04:34:30Z,0
Gave me Pimp C Bruno mars vibes...He did his thang on that joint.,@pearlmossberg,2024-07-09T11:18:18Z,0
"Ah, yes, the oversexed Wingstop commercial song……could be a meme…",@reguluspastor,2025-05-16T00:10:20Z,0
This beat sucks ass. Since when is this sound acceptable?,@nnble-i7p,2024-07-15T18:33:20Z,0
It has a memphis vibe 😮,@kimihakimiha9029,2024-08-01T08:59:20Z,0
This gives me Pony by Ginuwine vibes,@alfonzogarganta1922,2024-08-30T19:47:59Z,0
"I don’t even fully understand the lyrics , BUT THE BEAT? instant classic",@mrchicago87,2024-07-01T00:22:34Z,0
Yo Tommy this is the dopest song every and I listen to it on repeat every day my parents are literally so tired of it but I memorized the lyrics 😂,@NaiaHenderson,2024-07-13T17:59:57Z,0
Do you guys have any suggestions for songs with a similar vibe ? I tried spotalike but nothing came out of it...,@fionakoum4570,2024-07-25T16:44:19Z,0
Feels like a 1998 Timbaland beat,@michaelwhitsey4137,2025-05-16T06:26:58Z,0
The crazy dude smoking a J lip syncing this song brought me here. Such a vibe!,@N1ght.Marefu3L,2024-09-13T05:52:56Z,0
Love this beat ❤🎉❤,@billienova,2024-06-30T21:22:41Z,0
that Phonk beat is so tough,@prod.illumi,2024-07-28T19:50:34Z,0
Its so soulful bra. Homie got a classic for history.,@2KGbaby,2024-07-28T23:07:05Z,0
Only here because Ivan Toney said this is his song on repeat currently 🙈😂,@sarahlouise7318,2024-07-10T10:42:02Z,0
This is a good song nice beat . But it seems to me that he took a page out of DJ screw book and U.G.K,@jwriley8933,2024-09-08T14:23:19Z,0
"Boi why tf am I not at all surprised that this blew up so fast. Love the song, beat and all but we not doing this again.",@neow2545,2024-06-24T15:21:20Z,0
So so lyrics though,@michaeltudyk8660,2024-07-04T15:05:24Z,0
This song gives me major GTA VI soundtrack vibes,@natew.1381,2024-10-01T00:03:36Z,0
Inside peanut butter outside jelly vibes,@jjm5989,2025-05-12T15:53:00Z,0
"who is here because of Yoshi's moment in Weverse ????,👇👇",@Teume_gllit,2024-06-19T15:45:54Z,0
The apocalypse comes with catchy theme music,@caineoconnell9947,2024-06-19T14:34:19Z,0
Dope!! 💯 Killer beat,@jasonhand2439,2024-06-19T11:28:43Z,0
Man this 1 of my favorite songsi play when I vibe alone nocapp,@rellogutta,2024-08-27T07:57:46Z,0
It sounds like he sampled different neptunes beats. I hear hot in herre.,@m.5658,2024-07-04T16:25:31Z,0
"I thought this an Album from the 90s , it's really good Miami vibes Music 🎧🔥",@redn9x,2024-07-04T11:11:02Z,0
The UGK beat I hear Pimp C and Bun B is killed by Tommy Richman,@adventurousloner,2024-09-05T01:13:01Z,0
"Luv it. 4 yrs old tho Only heard it just now  due to my Alexa .  So I checked name n here I am following it.   I'm 72.  Still know what to do.   This has vibes of 70s rockers; Hugh masekela horns mix; may not be on purpose, but this vibes very deeply with fusion of found poetry n baby come here ..",@irmagonzalez2134,2024-08-06T04:18:28Z,0
Nem parece que já se passou tanto tempo kkkkk um salve pros viajantes,@Planteumaideia,2024-10-26T02:14:05Z,0
"Yo!!! YO!!!!!!!!! No for real Tommy!! NO. Where’d you come from? I know VA, im just so intrigued. The beat, lyrics are cute too!! This is my shit!! This and Not Like Us is all we listening too! I promise ❤️❤️❤️❤️",@nikkijones825,2024-06-27T00:46:47Z,0
Took such a wield turn from the intro to the verses,@replayitplays3864,2024-06-17T16:04:41Z,0
Summer vibe❤❤,@ugniaskaa,2024-06-16T18:08:38Z,0
Different vibe,@Plumberry2024,2024-07-23T13:05:33Z,0
"song is way too overplayed, beat is good, mid lyrics/delivery",@JustCarrotz,2024-06-21T03:33:03Z,0
Boom..it has something of latest 90s london house music and R&B vibes,@Defectedinthehouse89,2024-06-30T21:49:10Z,0
Million Dollar Baby Lyrics Videoke Guitar Lesson Monster World,@eduardocanonigo8635,2025-08-02T04:40:02Z,0
Eminem can still beat this,@FazeKingp1011,2024-06-27T02:45:06Z,0
Y'all ain't listening to the lyrics thooo😭,@Dddddddzon,2024-07-04T01:54:29Z,0
It's gives the vibes,@Maseline-d4c,2024-06-15T20:04:05Z,0
