comment,user_name,date,likes
If the entire album has this vibe we might have a classic on our hands,@Dappis,2024-03-04T16:21:18Z,2118
"WHY I DONT SEE ENOUGH CREDIT about how SMOOTH is the tempo change at 1:35. Cause Its not just two random tempos. Josh plays the fill with triplet notes and then makes them the ACTUAL Downbeat and in fact turns them into 16th notes and stays there. Such a cool idea, blew my mind while the first listening (still blowing)",@maximgvozdetskiy5884,2024-03-01T21:21:52Z,1122
1st time i heard i wasn't prepared for 'welcome back to trench' but the bandito lyrics one second later 'i created this world' got me literally crying for HOURS,@havendeveraux1440,2024-05-26T19:03:48Z,831
BRO this feels like a Trench MIXED with Blurryface kinda vibe. THIS IS INSANE,@evansonhakeem,2024-03-01T15:12:26Z,769
"the introduction to this song could literally just be the first track. the ""welcome back to trench"" through the beat switch gives me chills. adore the bandito integration. excellent track.",@sheekshow,2024-03-01T23:29:11Z,304
Josh's drumming on here and the production are both clllllllleeeeeeeeeeaaaaaaaannnnnnnnnn. Tyler's flow is better than anything we've gotten from them in 5-6 years. The tone is back to having some darkness. Welcome back to Trench. A reintroduction in the grandest way.,@brandonrust4114,2024-03-06T23:16:48Z,235
"Literally can’t stop listening to this. The intro is like being in a movie, the call back to previous albums with the Bandito lyrics and “welcome back to trench” is a reference to the last 15 seconds of Levitate. Then the switch on tempo is so badass. I’m INVESTED in this album.",@cjhummer,2024-03-01T17:06:58Z,233
Absolutely insane. Tyler and Josh are complete artists for tying all their albums (almost) into this universe. Could make a movie out of this one..I hope history doesn’t overlook TØP,@jhall_79,2024-03-04T01:44:42Z,169
1:35 that tempo change is the best,@EstebanUrizarTICS,2024-10-06T03:48:45Z,106
the bit of bandito and then josh's awesome tempo transition keeps giving me goosebumps,@yasminh,2024-03-02T08:28:55Z,105
"I feel such "" prodigy"" vibes in the first part of this  song and I love it",@scottherrington2885,2024-04-08T23:47:16Z,69
Lol fueled by ramen acts like our president himself listens to it. I'm just a teenager trying to stay alive. I understand the lyrics of Next semester. This week was very hard mentally and physically. There was a big shooting in Moscow. I'm so scared of it and i don't want anybody to die. Also there's so much homework at school and i have to choose my job for the rest of my life and write the exams. I'm very nervous and the only thing that helps me is the music of these guys. Thanks fueled by ramen for hurting me :'),@lenivoesushestvo,2024-03-27T18:19:23Z,51
Tyler dancing off in the distance is such a good vibe.,@lisam.willson1679,2024-03-01T15:20:08Z,46
That whistling sound in the last verse is simply 🔥....3:30.,@darionovelli2256,2024-03-28T02:05:07Z,26
Petition for them to make anew extended edition of the opening section before it cuts to the verse,@DefinitelyAPerson1,2024-03-04T21:39:23Z,26
0:46 the neon gravestones gave me the chills,@NoelleWalker-yg1st,2024-03-09T16:33:13Z,26
"Taking the sound of sai for the show time part and mixing it with a dark feeling(trench and blurryface) is fantastic. This shows how they feel and how bishops want you to feel. These feelings in one single person, clancy",@andy_3825,2024-03-04T23:28:43Z,18
The changes in the tempo are amazing,@nikolexion,2024-03-01T15:08:28Z,18
Anyone deep in the lore? I’d love to know all the little details in this music video. Tyler is such a genius and has always stunned me with cinematography. Overcompensate is a masterclass in music film!,@veryuselesschannel,2024-03-04T15:40:36Z,17
The masters of creative lyrics and the perfected tempo change. Excellent. Josh Dunn is the greatest drummer currently performing. Such an honor to enjoy their music.,@tdevoe1333,2024-03-01T21:13:18Z,13
the balance between the vocals and the drums . chills .,@saltcheese900,2024-03-05T18:54:58Z,10
That Beatswitch 🤯,@daystrict,2024-03-01T20:27:44Z,9
"Taking the sound of sai for the show time part and mixing it with a dark feeling(trench and blurryface) is fantastic. This shows how they feel and how bishops want you to feel. These feelings in one single person, clancy",@collabchannel120,2024-03-08T00:59:47Z,9
"I'm new to TOP after their Game Awards performance but god damn if this isn't a tune I don't know what is. Such a vibe, love it!",@dannyb016,2024-12-24T22:57:23Z,9
"I'm 47 and I relate more to this guys lyrics than alot of my generations stuff this guy is truly lifted lyrically, you can tell he puts his heart and mind into being a benefit to people man it's a breath of fresh air in a world consumed by selfishness",@one4thought776,2024-09-18T22:07:03Z,8
"I memorised the entire dance and performed at my school fair, won first prize. People love this shit. (My best friend played the drums I did vocals)",@Jack-c4s5s,2025-05-25T01:52:46Z,7
"Esta canción me trajo una cadena de sentimientos entrelazados tan bien, que me siento fuerte al escucharla, tiene todo lo que me gusta de top, su lore, rap, un beat de batería potente y mi estrofa favorita en toda su discografía, genuinamente se siente genial ser parte de esto desde el inicio, y seguir para el final... Igual que Clancy, ya no tengo tanto miedo como antes.",@ai_maaaaaaaar,2024-03-06T02:43:49Z,7
Intro ❤ Drum Groove ❤❤ Composition ❤❤❤ Twenty One Pilots ❤❤❤❤.,@59secvibes,2024-03-02T10:50:38Z,7
I think Josh is just an omnipresent drum deity that shows up whenever someone drops sick beats.,@astroidadams5456,2024-04-04T12:14:25Z,7
intro reminds me of Moby/Fatboy slim. that exciting synthesizer/sampler work is just so rich. awesome storytelling too,@stevenshaneyfelt,2024-03-04T00:37:37Z,6
The opening minute or so is giving me a mad prodigy vibe and I fucking adore it!,@colerobinson2628,2024-03-06T11:20:06Z,6
4:17 worst part of the song,@StxrskyMCFC,2024-03-02T18:59:10Z,6
"Ooh the vibes, man! I'm a 40 year old dad and this hits hard. They disappear for 3 years and return with such a powerful vibe. Can't wait for the whole album!",@IzhanZubir,2024-04-01T06:35:17Z,5
Nobody says how professionally Tyler conveys emotions at the end,@JodyPorter-p8q,2024-03-01T16:23:30Z,5
"The Radiohead piano intro, into a EDM style secondary intro, into a hip-hop Latin groove inspired verse, into an alt. rock style chorus… it’s all very jarring, but somehow it works. Hoping the rest of the album has some more cohesive tracks, but as a stand alone piece of modern art, this is a decent song.",@BahamutBreaker,2024-04-26T15:24:10Z,5
It kinda gives me heavydirtysoul vibes,@SerenadeScribe,2025-02-03T10:52:55Z,5
SOLID Music!!! reminds me of PRODIGY Vibes,@robertogalleon3436,2024-09-12T03:12:55Z,4
IM SO HOOKED ITS A VIBE!! 😫,@KOTD19,2024-03-11T05:13:49Z,4
"the prodigy vibes, love it",@NicolasCardenas-yd4yx,2024-03-20T14:28:47Z,4
"Hi Tyler, if it’s not too much trouble would you mind adding one more verse and a fade out of the chorus to end the song for the album version? Thank you in advance. 😂",@yogafrog2052,2024-03-09T17:21:21Z,4
"Thank you so much for always helping me through the darkest parts of my life! Seriously you guys lyrics have saved me. I just lost my mom, I think that everybody leaves. Ily guys thank you!!!",@megganevans3472,2025-03-13T14:20:35Z,4
this drum beat is so insane.. love it!!!,@ihsandana8420,2024-03-05T10:40:32Z,4
BEAT SWITCH GOES CRAZY,@itszaza,2024-03-02T05:51:44Z,4
It is giving me Chemical Brothers vibes.,@Gdjica,2024-03-04T11:00:20Z,4
"Can't believe I'm still here since 2015. Bandito lyrics hit hard, these guys shaped who I am and created a world where we all feel connected. CLANCY IS BACK!! New era, here we go!!!",@KellyDHouck,2024-12-01T11:23:15Z,4
"Josh is an incredibly dynamic drummer.  I think he'll be listed right up there with the greats of rock and roll.  Tyler is highly underrated as a rapper, mostly because he can actually sing as well.  This song is highly polished production wise, but I'm going to have to find the lyrics, because it's a bit too fast for me to grab just playing it.  Probably not as commercially viable as their previous stuff, but the fan base will sell it.",@ffjsb,2024-03-02T16:51:33Z,3
Prodigy vibess,@anastasiatrifonenko1761,2024-09-15T18:25:40Z,3
Paul Meany of MuteMath helped produce this album and it is definitely oozing with MuteMath vibes. I love it. 🤘,@deltarazorback870,2024-03-05T02:43:02Z,3
Awesome lyrics & sound.  Not just a song but an experience,@Gypsy-o1k,2024-12-09T04:16:29Z,3
Yeah some electronic vibes  !!,@devilblueduke,2024-03-22T20:59:02Z,3
"god damn ever since trench the writing in these new songs is just so lazy, repetitive, and uninspired, plus the music itself is just so overproduced and so generic it honestly makes me sad that they went from self titled to this. it doesn't even sound like twenty one pilots anymore its just sounds like it was made to get radio play and make money rather than his heart really being in it :(",@sour3270,2024-03-06T06:08:59Z,3
This song gives me vibes from another planet..,@lorenafleitas7777,2024-10-10T03:03:19Z,3
"this song has such a vibe, it'll be a classic for generations",@Upax_Arts,2025-07-06T03:47:27Z,3
That first minute and half-ish gave me some Crystal Method vibes. Can't complain that's for sure 👌,@CITYSTARS217,2024-03-08T06:45:48Z,3
The drum beat is so good in this song,@lorathiaman5931,2024-03-10T20:06:54Z,3
"Привіт з України! ♥ Fire guys, I love this music ♥♥ we all needed that vibe",@junk6hero450,2024-03-01T19:16:01Z,2
Im getting Prodigy vibes at the beginning.,@tylercurrie3800,2024-04-05T04:06:47Z,2
This gives Matrix vibe :O,@mazik6,2024-03-05T13:35:29Z,2
Anyone else get big-time “HOPE by NF” vibes from the intro going over a blue sea?,@tjking7457,2024-04-06T01:55:17Z,2
"the kings are back and WOW 0:48 was so powerful, u guys are crazy",@Sfb396,2024-03-10T01:42:03Z,2
Only TØP can play 2 seconds of synth and make me want to dance like the bishops in Nico And The Niners,@NåtusIgnisAKAPigeonOfficial,2024-09-22T15:58:27Z,2
Needs one more verse and it would be great,@reiddebruin4610,2024-03-09T03:21:31Z,2
"Scaled and Icy was for the lore, and it was a fun album, but I'm glad that they're going back to a more trench vibe.",@All-ze9cl,2024-03-16T01:23:10Z,2
Diggin the Crystal Method beats!!!,@TheDadmau5,2024-03-04T20:23:35Z,2
I getting smack my bitch up vibes in the intro SHIT IS FIRE  🔥,@GemAnointed,2024-03-12T17:37:40Z,2
"Well, i'm happy that were back to this tone, thank you t🚫p",@elmoloco6131,2024-03-13T16:36:55Z,2
"Apple music lyrics say ""CAN fall asleep twice"" and Youtube lyrics ""CAN'T fall asleep twice."" That seems like a VERY big difference.",@AndrewRunnels-h2h,2024-03-01T17:17:01Z,2
The breakdown.. giving me a vibes of Prodigy... i love it!,@siradymccoy,2024-09-20T10:19:18Z,2
So excited! Definitely getting Trench and Blurryface vibes too! You guys got me through EVERYTHING and I'm super excited to add more to my playlist! Every album is my favorite album! ❤️,@t0d0d0rki,2024-03-01T16:28:10Z,2
90's vibe.,@Tito_Ron,2024-03-05T08:00:05Z,2
"In the words of 90's slang, this beat is kickin' it hands down!  Thee best beat, rhyme, melody I've heard in a long time.  Possibly thee best of all.",@CB-fn1xj,2024-03-02T19:44:34Z,2
Is anyone’s favorite part of the song the bandito lyrics,@Jo_dad,2024-03-07T16:54:45Z,2
Gives 90's vibes,@su-5076,2024-03-09T19:10:37Z,2
"I love the MUTEMATH vibes, keep rockin’ 21P",@willyvanilly,2024-03-09T20:26:05Z,2
I'm digging the beat. The intro beat before singing has some Prodigy and Chemical Brothers vibe.,@scottverhalen5216,2024-03-11T15:13:05Z,2
"This reminds me of the ""Tyler Ghost"" performing Hometown and then teleporting to the top of the venue during Emotional Roadshow. I am delighted to see the full album cycle unfold.",@jacobglancy7523,2024-03-01T19:14:00Z,2
This music giving me fighting in zombie horde vibes,@leiHouwei,2024-03-12T10:56:32Z,2
Gorillaz vibes. Love this.,@SDJ99able,2025-05-04T07:50:35Z,2
"these references OMG, we got Blurryface on the right of the album cover, Bandito's lyrics at the beginning, Trench and Blurryface vibes are back and maybe combinated, Tyler singing in spanish for the second time (first on Polarize), I mean we've got a beautiful universe in here.",@ShantSSS,2024-03-02T21:12:46Z,2
i think i listened this track for so many times i memorized the lyrics,@DavidRGD,2024-05-13T10:14:19Z,2
"I’ve been a TØP fan since I was 6, I’m going to be 15 in less than a week and I must say it’s very nostalgic to be back to the trench. Third grade me is screaming rn.",@Kategory5,2024-03-28T21:54:51Z,2
"“Illuminati Hand Symbol”? No.. not originally at least. that’s part of the point of the story of Trench. Remember the song “Levitate”? Tyler did his history! He was referring to the Knights Templar, formerly known as ‘Brothers of/from the East’.. “East is Up!” remember “Nico & The Niner’s? Anyway, the Brothers of the East could levitate.. they had many spiritual gifts that weren’t so common (not ‘Magic’ in the sense that they refer to today) no.. sorta like Jesus Christ. They in fact admired Jesus Christ.. they were acquainted perhaps. However, they had a great respect for John the Baptist because he is said to have been the one who helped & assisted Jesus Christ with understanding and further developing his spiritual gifts. Here with Twenty One Pilots, Tyler is going pretty deep! & yes it does insight a certain “elite” group of ppl as the said “illuminati”.. but not because they’re apart of it! No.. It’s because he over-stands how it all came to be about. Through some sort of ‘infiltration’. Didn’t mean to write a story here. But I’ve been piecing this all together myself. And if you listen to the music closely, Tyler has BEEN revealing the truth.. very thoroughly might I add. Take care!",@allegro_fyre_lounge,2024-03-06T04:06:47Z,2
"Overcompensate doesnt beat the contract imo 😅, The Contract is still 🔥 tho",@senseivfx4597,2025-06-13T05:05:39Z,2
Its so nostalgic with that Bandito Lyrics.,@ironcoleyt,2024-09-23T01:47:49Z,2
Sounds like a Prodigy beat 😮,@Triangulum303,2025-02-19T18:03:27Z,2
This doesn't sound like the same twenty one pilots I remember. It's not really catchy,@Def1nitelyn0tac0p,2024-03-04T19:14:32Z,2
"This and the last album sound way too overproduced. Bring back raw 21P. Where’s the emotion and grit of Migraine, Water, Kitchen Sink, Car Radio?",@skylermccrary,2024-03-02T15:33:31Z,2
"Red lights in Blurryface represent the bishops, but the red lights are during the song bandito. Tyler just came back from Dema, and is recovering from being brainwashed, but has been harolded a hero, and called Clancy. The brainwashing the bishops did is being taught subtly to the banditos. Far fetched theory I know. Tell me what you think. Also, he opens a door 1:34 . At the end of paladins straight, blurryface opens a door, and says so few so proud so emotional.",@johniversen7067,2024-05-26T01:52:33Z,2
The drumming gives me Prodigy vibes,@stuartcutting1949,2024-03-01T22:36:35Z,2
The way that beat breaks down! 😊😊😊,@g00gle.me.bichez,2024-03-14T00:46:19Z,2
Dude the tempo switch it's amazing!! Love it,@superekisde,2024-03-11T21:17:55Z,2
The beginning has strong Crystal Method vibes!,@xmasu,2024-03-19T11:05:48Z,2
"Omg. This video, this lyrics, this story - it is MASTERPIECE!! You guys rock!!",@veronikaj5613,2024-03-03T20:13:27Z,2
This is catchy af omg,@d2h655,2024-03-17T15:46:37Z,2
Tyler dancing off in the distance is such a good vibe.,@ShirleneHarnist,2024-03-02T00:25:16Z,2
Love the Chemical Brothers-inspired intro and the sick tempo switch 1:38...,@Flexorigin,2024-03-01T17:58:48Z,2
gay as fuck wtf beat went hard for a sec ngl,@anp0214,2024-04-04T07:50:02Z,1
That whole start gave me prodigy vibes and I'm here FOR IT,@crimsonbear1776,2024-03-18T02:42:43Z,1
After last album being kind of a letdown this already feels wayyy better. Gimme that wall of sound and lyrics I half understand!,@namayra299,2024-03-07T05:25:32Z,1
Such a beautiful and touching song. I have been so obsessed with the flow of his words and the layered emotions of how Tyler sings this. And oh how I love the live version of this!,@TheAnxiousGreyhound,2025-02-18T17:50:15Z,1
"Prodigy vibes fuck yeah ,when i heard it for the first time on the radio i thought Prodigy is up with something new ❤❤",@zzdravvkoo,2024-06-27T18:18:25Z,1
"Icy and Scaled was literally the Beatles Abbey Road album, prove me wrong. Trench feels like home. Love this.",@UR_gg,2024-03-20T04:04:13Z,1
The vibes are SO good,@stormdoggy3972,2024-03-02T05:52:45Z,1
I have to admit it is catchy,@BrianFleming-h7d,2024-03-08T02:52:13Z,1
That drum rhythm change gives me life 1:38,@YewnieRacerr,2024-05-15T03:35:35Z,1
"Tyler joseph has been the best songwriter in pop music for a long time now, but what stands out about this track for me is the production and mixing. People are ""fans"" for various reasons, but I hope casual listeners can appreciate that this mix is just so much more complex and interesting than just about anything else you'll hear in popular music right now. Cant wait for the album.",@richhamilton,2024-03-09T04:46:26Z,1
He uses the some of the same lyrics from Bandito,@slimcollision,2024-03-09T14:21:08Z,1
"I know that nobody will hear me. Bandito was like a key to my deep mind. I was always crying with this song. I was dreaming about to dive into trench world. And now, when I see this song with my favourite not just album, but song…. I got something that moves me forward, not just keeps at the same sad memory. Only if someone will hear me, but… Thank you, Tyler. I will buy your merch jacket right after sanctions end.",@reall_3615,2024-03-10T13:47:41Z,1
"Straight vibes, no cap! 🚀🔥",@CareyAmandaJ,2024-05-07T13:31:30Z,1
This is my favorite song so far by a lot. The others are great too but something about this song and Tyler's dancing is such a vibe.,@benallmon5613,2024-05-03T07:57:12Z,1
"The mark of the beast is on their faces. Lucifer, as always, is handsome and suave and will lead you to hell to the rhythmic music.",@den_kos5,2024-03-16T06:52:56Z,1
"Kinda Enter Shikari vibes, love it!",@GawaynSc2,2024-03-08T11:47:17Z,1
"""EARNED MY STRIPES 300 TRACKS IN MY ADIDAS TRACK JACKET"" Bro needs to calm down with the fire lyrics",@yourlocalvillager127,2024-05-09T05:57:53Z,1
"The intro is strange, from 0 to 1:37 it feels like a Moby song building up, slipping into a down tempo/deep house tune, then at 1:38, it drops into a pop/rap.",@RacerXGTO,2024-04-07T06:02:36Z,1
I’m getting Mutemath vibes,@twincitymedia3463,2024-03-01T21:52:52Z,1
You guys are so so good! Love the sounds and vibes of this so much! ❤️,@ootitooti,2024-03-21T22:58:18Z,1
I am listening  your after a long time but But the vibe is also the same ❤❤,@Slowandreverb446,2024-03-06T02:43:12Z,1
Man the beat at first is epic,@bobbymatienzo7089,2024-03-08T15:43:51Z,1
Only complaint is how short the singing in this song is...the chorus is way too good to only be 2 minutes and some change :/,@54beastLIV,2024-04-10T19:22:41Z,1
"With how epic the intro is, the tempo and tone switch up at 1:30 is kind of disappointing tbh. If the tempo stayed the same and Tyler started rapping like he's done in the past with Heavydirtysoul, this could have been their best song of all time. It's a great song regardless.",@MrBTOdell,2024-05-30T00:24:20Z,1
Sickest beat switch of all time,@NeezDuts-lm3wd,2024-03-07T05:02:25Z,1
what an awesome rhythmical wonder piece!,@levdzhepko1884,2024-03-03T03:03:28Z,1
"Oh that ending… I was skeptical, the lore or lyrics didn’t really catch me… but that ending!",@marcelburdon9795,2024-03-06T17:26:46Z,1
This is what we needed!!! The beat on the intro then drop 🔥🔥🔥,@ronamartinez11,2024-03-07T18:46:33Z,1
the switch of drum beat 😋😋,@احمدابراهيمعلى-ب6خ,2024-03-01T16:35:39Z,1
Chilli Peppers chorus.,@Iencyde,2024-03-03T06:47:29Z,1
"I started listening more to TOP in 2022 and I'm glad I did, as I genuinely feel the sense of belonging. I find the Clique very supportive and predominantly positive which then leaves me with the same emotions as I watch some videos related to TOP. I truly want to thank you ❤",@dwaeniirdo1148,2024-03-02T11:58:33Z,1
I see neon gravestones in the intro :),@jacksonjahnke3519,2024-03-06T15:26:39Z,1
Angelic voice and amazing beat,@g0d2o19,2024-03-31T18:55:04Z,1
This is such a great song and tone setter for the album. I can't wait!,@damianpryde2777,2024-03-02T19:48:43Z,1
"Getting some Rob Zombie ""Dragula"" vibes here...?",@TheMollyVella,2024-03-05T21:49:58Z,1
Rhcp vibes definitely inspired this flea need a bass ft.,@romancanales573,2024-03-05T11:25:12Z,1
"“But your structure compensates and compensation feels a lot like rising up to dominate” ~ Levitate lyrics about Blurryface. We going to war, grab the four door, fren lol. This is the revolution",@ghost_in_the_robot,2024-03-02T22:12:05Z,1
Explain the lyrics please,@hannahrsmith96,2024-03-02T08:39:55Z,1
The beat change 01:35 is so smooth 🔥🤟,@Neeraj-cu8bo,2024-03-12T04:26:26Z,1
Glad y'all made a new song have not heard y'all in a moment the beat is amazing,@StarCrow77Gaming,2024-03-16T03:24:03Z,1
"I just hope, no offense, but that we are back to the duo. The group vibe never sat well with me. It's not twenty one pilots. I know Clancy said they made him perform so I'm hoping that's in the past! No disrespect to other musicians they are all great and respected with their own bands.",@rockpunx51,2024-03-04T22:43:07Z,1
"To be honest, I saw a lot of contexts related to Hecate in the clip, and echoes and continuations with the Nico and the Nineкs clip. If everything is really so, then it`s unreal and it is a very powerful work.",@АнтонМоро-ц8ы,2024-03-22T22:10:37Z,1
"I feel myself becoming obsessed with tøp again. I lost my obsession a bit during SAI era. The album was great but at the time I didn’t vibe with it as much as the other albums. I’m more into SAI now though. But, this song is reminding me of Blurryface and Trench (the first two albums/eras I was in the fandom for) and I love it",@Wastedsorrow,2024-04-23T03:36:18Z,1
u guys get me everytime love the chill melody and harmony the words r perfect LOVE U GUYS and im a metalhead that says something,@ronaldcasselman1190,2024-03-11T18:54:33Z,1
"Some Fatboy Slim´s vibes, I love it!",@paumillas9834,2024-03-08T04:07:56Z,1
"Damn im getting a prodigy vibe off some bits of this , unreal",@eoghanm303,2024-03-05T14:57:34Z,1
The drums alone are a vibe,@ConflictingChaos,2024-05-23T21:00:42Z,1
Drummer vibes of BLINK 182,@hamrosansar8809,2024-03-15T16:26:55Z,1
"The video, the music, the lyrics all of this is amazing",@camilazavala8612,2024-03-02T16:54:16Z,1
Some The Prodigy vibes :),@kevr5376,2024-03-10T14:34:24Z,1
I don't get the lyrics.,@krystalcherry448,2024-03-23T13:26:52Z,1
When the tempo changes...oh shit so good,@TheJennick13,2024-03-24T06:17:57Z,1
"I've been listening to that music non stop for the past day. I didn't know there was lore behind their music until they released the ""I am Clancy"" vidéo, and it's so amazing to understand the story that the lyrics and the clip are telling!",@marleypiedefer8521,2024-03-02T11:45:37Z,1
Big Pendulum vibes from the first part of the song,@andrejrepka,2024-03-08T11:07:59Z,1
"Personally, I think the first 1:30min of the song is the best part in comparison to the rest of the beat switch.",@summ.3433,2025-08-05T04:01:14Z,1
"As a huge fan on Mutemath- this shit ROCKS. I know it's produced by paul, but the drumming even has a Darren King vibe.",@PlanetDrewpiter,2024-03-04T19:50:12Z,1
This has Chemical brother's vibes,@reuben.jane01,2024-03-22T21:01:53Z,1
"Sick beats, sick guys!!!",@cgmaster,2024-04-14T05:52:33Z,1
I love this German sentence on video point 0:20 at the beginning: Diese kleine unheimliche Insel hat mich zu einer Waffe gemacht. It is a wonderful sentence. And I also totally like that song. It is very rhythmic. And I love rhythmic songs in a very big extent. ⭐⭐⭐⭐⭐,@emiljannbrahmeyer,2024-03-06T20:13:38Z,1
3:07 danzel curry vibes,@igorekkracegames4700,2024-03-05T11:02:54Z,1
"The intro had some serious Crystal Method vibes, but I feel like it went downhill from there. IMO not one of their best offerings.",@misterj6789,2024-03-06T17:58:05Z,1
"It’s crazy how one needs to be inside this hole thing from long time ago and know it all to really get in touch this deeply, Tyler describes the path of mystic and spirituality in specific ways that many of us relate to, it also always come in the right moment to me",@polarsunrise,2024-04-26T00:13:01Z,1
"no tienen idea de lo mucho q me ayuda su música chicos porqué mi vida no ha sido fácil, me inspiran fortaleza mas que moda contemporánea o ritmos de moda, me enseñan una forma de vida, atte Pamela Godoy medica general de profesión de origen Boliviano.",@pamelagodoy2793,2024-06-02T04:28:14Z,1
Nobody says how professionally Tyler conveys emotions at the end,@JoeDarell,2024-03-01T22:58:24Z,1
“There’d be a tempo change every other time change”,@G1ngerpocalypse,2024-03-01T21:03:29Z,1
Love 21Pilots but I can't help but comment that the lyrics are a huge letdown for the overall song quality,@Youhavebeenbanned,2024-03-07T15:21:48Z,1
I don't know why but in some way those dance moves are really interesting even tho their are not complicated at all. Overall this song it's something that i didn't expect and I love it great drumming and really beautiful vocals thank you for blessing us with Your music once again ♥Lots of love ♥,@TheSakve,2024-03-02T11:11:22Z,1
"From start to finish, just an absolutely brilliant song! What a vibe ❤",@kalbreezy,2024-03-09T07:47:46Z,1
I love the start of the song that drum beat is sick.,@MR-puffnstuff,2024-03-18T13:11:54Z,1
the production levels are absolutely insane on this one. beat go crazy,@leoroth6162,2024-03-01T16:01:38Z,1
"me surpreende a sonoridade excelente de 21 pilots, esse single se encaixa perfeitamente com os álbuns anteriores, e  é uma vibe muito boa, ""ressalto"" (amei terem colocado parte de leave in the city no começo!)",@isaiasfranca612,2024-03-01T15:34:49Z,1
"Great sound, just a great performance and pitch",@Black24997,2024-08-20T20:23:56Z,1
"Am I the only one who saw Tyler Joseph upload a new song on Sunday, May 12th, 2024 where I can’t remember the title. I recall the thumbnail of him playing piano, with that instrumental shining in the song and a haunting chorus. But it was gone the next day😢",@ethanmatarese2684,2024-06-04T14:17:06Z,0
Wow Mutemath kinda vibes.,@imlilycierra,2025-01-18T07:29:19Z,0
Nunca habia visto moverse los números de vistas en youtube solo con TwP 😅,@xavvvi,2024-03-05T16:48:17Z,0
the beat switch bruh was  so smooth 1:33,@edmarlandbrug2275,2024-03-11T21:21:26Z,0
Just listening that track gives me goosebumps the instruments being played and the flow of the lyrics yooooooo,@andreabel6769,2024-06-27T13:27:19Z,0
Dumbest lyrics for a 21 pilot song.,@JamesSmith-cq7jk,2024-03-06T10:20:59Z,0
This album is gonna be crazyy. Such a throwback to Blurryface vibe!!,@ghostie7790,2024-04-27T00:30:56Z,0
"This video has always reminded me of the video for Mantra by bring me the horizon. The cult vibe of it, lol",@tnetennba725_3,2024-11-12T08:45:31Z,0
I really enjoy the chorus because it vaguely reminds me of something I'd hear from Red Hot Chili Peppers and I love that style,@uhoh67670,2024-03-07T06:18:59Z,0
"""I created this world.. to feel some control."" Hits really deep knowing that we seek the depths inside of our heads where we still feel that we are in control of everything or even some control as it's stated.",@OsamaRiyad-q1f,2024-07-26T23:11:37Z,0
Massive chills when Bandito lyrics stwrted to spew out,@JesbaamSanchez,2024-06-06T03:27:25Z,0
Rhythm,@suilyfelipe8212,2024-03-11T01:39:45Z,0
That beat change sent me to another dimension,@austinmorris274,2024-03-06T15:31:41Z,0
That smooth tempo change 🔥,@ronaldmagno08,2024-03-02T13:52:37Z,0
I'm just obsessed with this. All the lore being tied together....The clever lyrics along with amazing drums...this song is absolutely amazing. Im sorry for those around me that do not appreciate this fantastic duo as this os playing almost on reapeat..lmao,@jenniferearls5603,2024-03-05T04:52:14Z,0
Jason is one of the greats beat artists of all time man,@louweezy09,2024-04-16T08:59:27Z,0
"I WON'T BE SURPRISED IF THIS BANGER IS ON FC 25, JUST HAS THAT VIBE!",@WowIActuallyExist__,2024-03-13T10:43:18Z,0
i feel like there's a deep meaningful message that i don't get for some reason,@AhmedMohamed-fj7fw,2024-03-30T14:43:18Z,0
This sounds like it should be the end credit to a Bourne movie. The best of modern beats with a feel of nostalgia of the good pay times of the early and most 00. ❤,@Froshow,2024-06-13T14:03:50Z,0
Plz bring back more of a calm ish vibe like you older songs im sorry but you guys can’t rap,@Rippedboredom,2024-07-04T17:12:12Z,0
What's that melody/song right after the piano intro? Doesn anyone know?,@natink1454,2024-06-21T13:38:16Z,0
Man the beat is fire 🔥 🔥,@kilod1346,2024-11-05T17:07:22Z,0
"I love this song, the rap and the beats remember so much to trench and blurryface, like if they were fusioned, so good to be again in Trench ❤‍🩹",@Mairaahhh7,2024-03-16T19:00:30Z,0
Powerful!!!,@Karen-rk2fq,2024-03-11T17:34:26Z,0
"fun fact; I shazamed what song this was so I could come here and tell you how much this track sucks, repetitive garbage",@dirtjockey3220,2024-10-21T23:37:05Z,0
"Concept- one is in withdrawal when not playing music except the withdrawal effects on ones face is as someone in withdrawal but the bags under the eyes could be a color. Any effect of withdrawal would be in a color say fuchsia instead of how it would normally look of one is going through withdrawal. The only way to ""get well"" would be to play music or some other arbitrary action. 🤷",@corinnemuir1542,2024-03-13T06:49:55Z,0
"If you're going for an industrial type, you've really gotta put as much focus on the drummer as you do the vocals, make it hurt.",@jaywolfie5445,2024-04-06T13:46:26Z,0
I absolutely love that they're touching rutes with their old albums. I can't say that there is a single song by 21 that I can't vibe to.,@chrisconner169,2024-05-12T06:12:07Z,0
Awful.,@galvanoorbi2700,2024-03-12T16:29:54Z,0
LOVEEEEE THIS and trying to figure out the hidden meaning 👀✨✨always a DEEPER meaning !!!♥️♥️♥️peace and love Tyler and Josh,@AWAKENINGLOVE777,2024-03-01T17:01:52Z,0
"Tan bueno es el Beat que no. Había notado el ""Corazón*, si no se me va el alma",@Witherin,2024-03-01T16:36:56Z,0
Reversed cross lamps. Confirmed! 😶,@eulse...,2024-03-06T16:03:50Z,0
THE BEAT IN THIS SONG IS EVERYTHING MY SOUL NEEDED TO HEAL I CANT HELP BUT GET HYPE HEARIN IT HOLLLYYY MOLLLYYY😩😩🤞🤩🤩🫶😮‍💨🙈,@renschick463,2024-04-10T19:29:22Z,0
If only half the lyrics were actually written by them. Good thing the real writer actually likes there music. too bad he closed his public social media accounts. But I'm sure they could find a way to future collaborate. Same goes for several other newer artist not being mentioned in the here or the now. I'm sure they know a round about way to use mutual contacts to reach the person.,@JaycsBetterwood,2025-02-02T03:04:51Z,0
"Cool vibes, reminded me something from my 2009s",@SingaED,2024-03-01T15:05:27Z,0
"It’s crazy how I just now realized that they have lyrics in German, French and Spanish at the beginning of the song and it’s saying: This little eerie island has turned me into a weapon. We both believe we can use it to change the momentum of this war. 0:33",@Kurosaki901803,2024-03-01T21:38:39Z,0
the beat at the beginning slaps so hard,@agosesco7134,2024-03-01T17:04:45Z,0
How do I like this 100 times ❤One is not enough I love the beat change thanks for the new stuff keep it coming,@milothebanditokitty8341,2024-03-01T17:22:32Z,0
Alguien mas siente las vibes de Half Alife con lo de las manos? jajaj,@OscarGómez-h7z2h,2024-03-01T19:36:09Z,0
The transition / tempo change 1:35 is one of the best things they’ve done maybe,@MrCoolTre,2024-03-01T19:39:46Z,0
Emotional...,@GNGResurrected2,2024-03-01T21:51:38Z,0
"I strongly need some Skeleton Clique to explain the whole Dema universe and how the various Trench, Vessels, Blurryface and Scaled and Icy songs are connected to it. It's fascinating as heck and I want to understand it so bad!",@cynder623,2024-03-26T13:47:11Z,0
I KNEW THE BEGINNING SOUND REMINDED ME OF SOMETHING!!! Who remembers the scene from Game of Thrones when Cersei blew up the citadel??? This slow piano melody was playing!!! Holy shit,@alexandrosmachl,2024-03-02T07:53:32Z,0
yo what……the beat switch up had me stuck 🥹,@caitlyncontreras2602,2024-03-21T03:26:10Z,0
Heavy dirty soul vibe,@JoeyKacir,2025-05-06T00:49:26Z,0
that beat is too damn spicy,@maverickonthemic,2024-03-03T18:32:34Z,0
"Been listening to pilots nearly for 8 years, love their music, and now got interested in red tape on the album covers, googled it up, this shits deep,only getting to know what is its lore",@limon3516,2024-03-02T18:12:27Z,0
Guys where's the lyrics??,@logantanis42,2024-03-01T18:46:10Z,0
just sheer vibes bro,@survivorturnover,2024-05-28T14:52:27Z,0
It sounds very well.very good video and lyrics❤❤❤❤❤❤,@neusmedina4117,2024-04-26T20:38:54Z,0
"i grew up with twenty one pilots, and i've loved them since i could comprehend what music is, im almost 14 now and they still haven't failed to amaze me with new and more creative music and lyrics than their last albums. long live twenty one pilots. |-/",@sillygoobernuts,2024-06-15T22:00:36Z,0
COOl BEAT EVER!,@Максим-ж4у1ш,2024-03-02T06:49:00Z,0
This song is perfect for the intro of Spiderman across the spider verse or spiderman: Miles Morales game,@YuuraLee-k1t,2024-04-10T20:19:58Z,0
Must have in eafc25 track. Bringing the vibes of kasabian,@EMN9,2024-03-09T10:51:24Z,0
I knew this was going to be great from the start. My heart beat fast when I saw it pop up,@nonplus86,2024-03-03T05:08:35Z,0
The chorus is the best,@imrusekmuzykoman646,2024-03-06T08:22:10Z,0
Moby Play Vibes 🤍,@aprilcot1973,2024-03-06T05:47:56Z,0
Im about to go deep into some lore starting with a marathon of this albums music videos.. let’s go! 😎,@elnr7779,2024-05-30T02:42:28Z,0
I wonder when it will become nostalgic,@Sofasit1806,2024-06-05T00:12:27Z,0
Cyberpunk vibes,@victorbiersix9626,2024-03-08T01:48:53Z,0
The beginning sounds like a Tame Impala type beat and lyrics,@unknowguy3894,2024-11-28T16:45:44Z,0
but they changed the lyrics?!?!? omg it's not the same,@zofii33,2024-03-04T21:19:34Z,0
man....... oh man.... this is goooood. loving the RHCP type chorus melody. tooooo good.,@dean-michaelallison1164,2024-03-06T09:31:24Z,0
Bandito lyrics still makes me cry,@ЯЯя-о3т,2024-03-03T12:05:36Z,0
"They switched the beat..,",@ideasmatter4737,2024-03-07T02:13:35Z,0
"I don't know if this is a theory anyone else had since I'm pretty new to the lore, but I was relistening to a lot of TOP like all in one sitting as you do and I reheard morph and in the second verse it says ""[nico] told me i'm a copy"" or something like that, and I'm wondering if Tyler and Clancy are separate people, only in that one is a copy of the other? Because I know now we're saying they're the same person, but something just doesn't click. Plus, well maybe i'm reading into it, but it's weird how there's tyler with the mask on and tyler without, like they're separate. And then the tyler with the mask  turns out to not be tyler, but there's still a tyler back at voldsoy, so I think Tyler was controlling Clancy, his copy. I dunno, that's just a TOP theory!",@ChaoticWafflee,2024-03-04T05:05:40Z,0
"The comments highlight a passionate community that cherishes the depth and energy of this song and its place within the larger narrative of Twenty One Pilots. Many express excitement for upcoming projects and tours, along with personal connections to the music's themes, especially around mental health and overcoming challenges. Continued storytelling and insight into the song's symbolism could deepen fan engagement even more.",@riverdaleai,2025-07-16T05:37:47Z,0
gee. how come the singer dont sound like he a native speaker when google says this.....problematic sounding something....is from ohio....a lotta good things coming from ohio....but the vocals here aint it^^,@johnnyterra1309,2024-03-01T18:44:43Z,0
I can’t believe that I got hooked on tøp way back in 2015… wow it’s been a long and wonderful journey! Every album these guys have dropped has been stellar in its own way. I’m just so excited to see what kind of vibe this new album has!! 😁,@Coachukai,2024-03-14T04:36:18Z,0
awful music,@calebchildress5478,2024-05-09T21:59:54Z,0
Didn't expect the first intro beat 🔥,@CapstoneDavao,2024-03-14T18:36:16Z,0
...the MuteMath vibes on this one. 1:38,@cjl212,2024-04-05T05:29:29Z,0
"Ive rewatched this probably going on ten times now, I don’t know how but I still get goosebumps when I see the gravestones, the pitch changes. It just feels, dreadful. 0:45",@Blank-LLC,2024-03-04T20:19:00Z,0
O que está acontecendo com as músicas do Tyler? Cadê o som? Beat?,@titon_vex3104,2024-09-03T05:09:36Z,0
Essa é mto a vibe burryface que a gente aprendeu a amar em 2013,@HJonas-rv6qd,2024-03-02T02:18:16Z,0
"THE DRUM SET OF JOSH ITS EVERYTHING ABOUT THIS SONG. TRY TO LISTEN IT WIHTOUT THE DRUMS AND TELL ME ¿IS THE SAME SONG? HYPE FOR THIS NEW RECORD. GREAT MESSAJE,  MELODIES  AND VOCALS , TYLER. WELCOME BACK TO TRENCH.",@jorgeabed3349,2024-03-14T02:38:23Z,0
Gorrillaz vibes,@Bonez207,2025-01-10T09:58:42Z,0
The opening drum beats were insane! I wish there was more of it...,@nolanlewis538,2024-03-04T07:47:15Z,0
I really hope this redeems Scaled and Icy. I've missed the vibe of Trench for so long,@firemane5654,2024-03-01T21:20:17Z,0
"It's a good song...but unfortunately, in today's climate dealing with culture vultures, Eye hear my nagaz influence heavily...and it makes me not want to appreciate the rhythm and beauty of this gem...funky, rhythmic...good song, I'll give it a pass...even though I'm on the front line of the melanin rich race wars",@brotherhood302,2024-05-20T00:14:52Z,0
this kinda gives scary vibes but it's twenty one pilots you gotta love it,@bubbleonroblox,2024-03-02T17:51:19Z,0
Nice melody on this track,@KristiEnigl,2024-04-17T13:55:05Z,0
Am getting prodigy vibes and i like it,@DRAGONADElol,2024-03-26T11:01:48Z,0
"I miss the old TOP... compare car radio's lyrics with this one, meh. Can't relate to his songs anymore. He's just another pop singer to me rn 🗿",@ohpls,2024-03-04T22:37:57Z,0
They are escaping. The siren like beat at the beginning sounds like an alarm system. The ending too supports this notion of them escaping.,@mr.joesterr5359,2024-04-17T11:18:00Z,0
"I like this vibe, its like to Red Hot Chilli Peppers",@MarioEscuderoFerrer,2024-03-01T20:08:50Z,0
1:35 has to be my favorite drum fill & beat switch ive ever heard,@NeezDuts-lm3wd,2024-03-05T09:31:51Z,0
Awful,@trippyz2072,2024-03-02T08:46:19Z,0
"Is it ""BURN SYMBOL"" or ""BEND SYMBOL"" ? burn feels like the vibe hits",@calebdavis719,2024-03-02T11:06:24Z,0
Anyone else realize the chorus of stressed out doesnt rhyme at all but its their biggest song yet? GOAT STATUS WTF,@NeezDuts-lm3wd,2024-03-05T09:34:04Z,0
I wish he would’ve rapped over that first dirty synth! Still like the song though!!,@ethanmcdonald3383,2024-03-01T17:41:35Z,0
I can't stop listening! So catchy,@FrumiousMing8,2024-03-16T18:18:26Z,0
"Late Club Gen X reporting in... these beats and time sig changes are ownership of a specific skillset.   The universe is yours, Twenty One Pilots. Clean Space and Happy Flying.",@slimpickinsGI232,2024-05-06T08:01:12Z,0
Essa tem que estar na 4° temporada de DARK,@victtorsillver,2024-03-06T00:25:30Z,0
I love them so much but it makes me think of a queen latifah vibe.. idk I love it but yeah that's what makes me think of.🎉😂❤,@CrystalLedford-mm5ye,2024-03-05T23:02:29Z,0
This so gives Incubus band vibes.,@Asta-Blackbull,2024-03-04T20:12:00Z,0
"pls pls pls tell me the chorus sounds familiar, i swear i heard this melody before.",@IVektra,2024-03-07T14:42:25Z,0
"57 and more of a old metal / thrasher kinda dude , but can stop exploring their catalog....These guys and Daft Punk Random access memories are in my wheel house atm , it scratching some 80;s vibe I apparently am missing ...buy ya they wont see this but ...ya sweet man hella sweet.",@mark_white.,2024-03-26T18:58:00Z,0
the beginning has vibes of Drown,@ricardoalonsocruz5040,2024-05-03T05:25:55Z,0
Oh wow this is so catchy ❤,@Bubblyk1899,2024-03-06T12:55:21Z,0
I'm always hyped to hear a new take and see your next adventures. Thanks for the good vibes n times guys ^-^,@RisGames,2024-03-01T22:36:58Z,0
Love  intro  then   tempo change  1:39  Really  cool  song and video ❤💯,@kathyguerndt2795,2024-03-02T11:08:57Z,0
Is it just me or are the drums off beat and the lead in reverse to convey the feeling of going back in time (as well as while singing lyrics from the previous album) and regressing inside of dema?,@fantometriste1080,2024-05-21T07:58:37Z,0
Gives me 2008-2010 vibes. Congratulations!,@KuyaJseph,2024-03-10T13:15:30Z,0
"I enjoy all their other songs, but I just don't vibe with this song. It doesn't hit me like the past albums. Guess I will just wait for the next releases and hope they vibe for me.",@colemanerik,2024-03-07T16:47:07Z,0
It's bad. I don't feel that vibe i felt before.,@TheAxeMurderer576,2024-03-09T16:25:55Z,0
My friend said this band was annoying 😮😮😢,@Kyleeee-s6r,2024-06-12T18:07:50Z,0
"Always a Vibe and an electric excites,, lyrics always confusing but on point",@habiloduor5599,2024-03-27T06:20:16Z,0
They always change the vibe but not the theme and it's so sick!!!!I love 21 pilots!!,@cameroncleaver2660,2024-04-19T15:20:49Z,0
Been a fan of tøp since 2016. It’s amazing seeing how far they’ve come. Trench is my fav album and hearing “welcome back to trench” and then bandito lyrics right after had me screaming LMAO. So excited to see y’all in concert this September <33,@Tenisfruity,2024-06-10T23:39:34Z,0
There needs to be a geometry dash level to this beat,@marcushale7468,2024-04-21T05:56:45Z,0
the bandito lyrics at the beginning were 🔥. glad that the three years since scaled and icy is up so it’s time for this!!,@brandonklewer9347,2024-03-03T02:59:48Z,0
That drum beat slaps!!!,@ryancalococci8389,2024-04-05T02:41:06Z,0
"I love it , that beat too",@SpookyRedz,2024-03-04T22:20:36Z,0
oh guys i'm so glad that you're back! Make the begining with lyrics from previos song was amazing desision!,@janefoster6218,2024-03-03T15:02:39Z,0
"Horrible. This video was put automatically by youtube as an advertisement, right in the middle of a wonderful song of Elio e le Storie Tese, destroying the melody. Too Bad.",@alessandroferruccia3708,2024-03-07T20:23:56Z,0
Pilots are always creating a vibes❤,@prakashdas58,2024-03-01T15:57:59Z,0
"mentally, spirtually, and emotionally i died",@ncityyv5,2024-04-08T01:28:48Z,0
It’s has a Sean Paul vibe to it. I like it ❤,@arkatheprod,2024-03-06T19:25:57Z,0
Great beat selection for the fight song!,@JinniScience,2024-07-06T00:26:10Z,0
"I wonder if the dead person Tyler is controlling is the first/original Clancy. Hence, Clancy is dead aka scaled and icy but now Tyler is Clancy. Just a theory but it would make sense I think? I’m into the lore but not super deep so don’t hate me if I’m way off 🙏",@epfrazier,2024-03-02T04:25:45Z,0
The beat sounds very Chemical Bros esque,@DayzedGamingDG,2024-03-02T03:10:58Z,0
"the opening drum beat reminds me of the one that opens choker, but instead more slowed and deliberate",@nyquildaydream,2024-03-02T02:45:34Z,0
I feel some justin timberlske and some vibe from lady Gaga just saying,@Rick-f8l,2024-03-06T01:22:41Z,0
That chorus sounds so amazing! i have been a fan since the hiatus and loved trench.,@Andrewthomas102,2024-03-01T23:52:44Z,0
"I absolutely love the drums! And easy, clever, catchy lyrics and melody. Love it!",@martinstuvland8620,2024-03-01T23:46:44Z,0
They have that RHCP vibes,@izzadharith7272,2024-04-08T09:00:51Z,0
"YES YES YES YES YESSSSS BLURYFACE MOOD AGAIN! Punch rap lines, Deep base, LETS GOO",@elmundoderabbit,2024-03-01T20:32:07Z,0
Some vibes of bluryface a love it,@samoudleo1483,2024-03-01T20:26:56Z,0
Production and is a dark vibe. I love it.,@tannerdixon6433,2024-03-01T16:16:45Z,0
"such a good vibe man, i fucking love these guys",@leoroth6162,2024-03-01T16:02:22Z,0
"The rhythm reminds me of the songs that played in the movie ""Charlie and Chocolate Factory"" lol I loved it❣️",@Raissa-t4c,2024-03-01T14:50:24Z,0
