﻿comment,user_name,date,likes,compound,sentiment,sentimento_manual
the switching between the deep voice and “high” voice is very addicting-,@bratzzp,2025-01-13T22:59:56Z,2131,0.0,Neutral,Neutral
"I'm almost 31, Charlie just turned 32 and that is a big reason I've become a fan today because the vibes of her brat album definitely give me those myspace era days  vibes and she gets it. Got it down packed 😭I just love the retro aspect of her and actually being able to feel like you're reliving that era is nice.",@ashhhx93,2024-08-31T00:07:54Z,612,0.886,Positive,Positive
WHY AM i BLUSHING SO MUCH FROM HEARING BILLIE'S VERSE 😳😳 THIS GOT ME VICARIOUSLY YEARNING 😫,@CorinnaScheper,2025-06-16T07:46:51Z,185,-0.1697,Negative,Positive
THEYRE LITERALLY TALKING TO EACH OTHER BUT IN LYRICS FORM IS CRAZZZY😫,@aaishayusra,2025-02-18T00:16:38Z,30,-0.5927,Negative,Positive
"It’s not a religion, cure for world hunger or peace, just a catchy rhythm accompanied by two female artists at the top of their game. Enjoy it for that folks",@InterpolArticle1,2025-03-01T23:44:11Z,24,0.7579,Positive,Positive
"Like ik im late and everything u jus wanna say that the fact i know they are singing about really dirty things the song is such a vibe😭😭😭 like im literally vibing to the part ""i have to GUESS the colour of your underwear..."" 😭",@martinc_b1,2025-03-18T18:06:12Z,14,-0.8908,Negative,Positive
This beat goes craaaaaazyyy,@Ivithatgirl,2024-10-19T00:27:48Z,11,0.0,Neutral,Positive
Unpopular opinion: Billies verse is my favorite.,@kirarankin4230,2024-09-04T02:29:15Z,8,0.4588,Positive,Neutral
"1:36 that synth in the drop is fkin nasty, daaaamn, I love it",@catalinpaul2617,2024-08-26T20:20:43Z,8,-0.128,Negative,Positive
JoJo needs to take notes,@Eroc12,2024-09-11T03:28:47Z,7,0.0,Neutral,Neutral
"Lord knows how this got to be ""Song of the Year"" at The Brit Awards. I can't anticipate anybody singing it two or three years from now. Shouldn't endurance still be a test of a song's quality? Even a brief look at the lyrics shows how shallow and self-indulgent ""Guess"" is.  And before anybody has a go at me, I freely admit that I am probably an old fuddy duddy and don't know what I am talking about. I am cool with that.",@neiltheasby4431,2025-03-03T15:40:48Z,7,0.8402,Positive,Negative
That technological melody hits🎉🎉,@MurasakiMurasaki-fo6qq,2024-10-26T04:07:06Z,7,0.6597,Positive,Positive
Literally here after seeing Taylor vibe to this song in the grammys,@mahizakir3,2025-02-03T20:18:13Z,5,0.0,Neutral,Positive
Im obsessed how she’s walking in on beat at the beginning,@Yeeeeeeeah,2024-10-10T13:19:51Z,5,-0.1779,Negative,Positive
this song is like weird and catchy at the same time,@vastsummers,2025-02-12T00:49:22Z,4,0.2023,Positive,Neutral
0:38 WHY IS IT SO CATCHY😭✋,@allhaitifamily1710,2024-08-24T05:58:13Z,4,-0.208,Negative,Positive
I feel like everyones talking about Billie BUT CHARLI'S VERSE WAS AS GOOD!!! I MIGHT EVEN LIKE IT BETTER,@Ryujinie,2024-09-16T09:02:01Z,3,0.9576,Positive,Positive
0:59 the beat drop when billie comes in is soo catchy omg,@glencoconut,2024-10-21T21:45:07Z,3,-0.2732,Negative,Positive
possibly the worst song ever?,@j0hnnychr0me,2025-02-11T08:38:45Z,3,-0.6249,Negative,Negative
"The mixing work is impressive, with the spatialization of voices through panning (best experienced with headphones: the panning makes Charlie and Billie talk in each ear and move from one to the other) and the evolution of basses that play with the tension.",@GSam-jh9sb,2024-09-02T13:26:37Z,3,0.8225,Positive,Positive
Absolutely awful,@nkentable,2024-10-01T14:32:20Z,3,-0.5095,Negative,Negative
Honestly if ima be fr it’s really not that bad I feel like people are kinda overreacting about it like yea the lyrics are talking about sex stuff but like a LOT of music artists talk about it to and it’s really not that bad😭😂,@Paige.Mcquillen,2024-09-30T16:36:36Z,3,0.9132,Positive,Neutral
"The visuals on her music videos are so tough, completely different vibe to just listening to it",@Saoo100kSubsCommenterChallenge,2025-02-27T00:02:20Z,3,-0.2479,Negative,Neutral
"One of the worst songs I've ever listened to, who ever wrote these lyrics needs to be made to listen to this song over and over again until they are forced to delete it from history. (And congratulations on Charlie xcx getting the world record for worst singing ever before heard in a music video!)",@JasonGreene-fz5gy,2024-08-25T09:17:09Z,3,-0.8221,Negative,Negative
Why do i feel billie is laughing to death from inside but tries not to show it from the lyrics 😂😂😂,@JumanaAhmed-td4es,2025-03-26T10:07:12Z,3,0.9042,Positive,Neutral
"If this is music and ""lyrics"", sign me out.  B.S.",@ShaggyDJ73,2024-09-21T05:09:51Z,2,0.0,Neutral,Negative
"BIG VIBES of Daft Punk - Technologic, very similar",@sandrine29cravo,2024-10-23T23:26:03Z,2,0.0,Neutral,Positive
Looked this up to see who beat out the Cure from 40yrs ago on the recent Brit Awards. 😲 how disappointing. Oh well. The box has  been checked. Life goes on.,@mikeoittinen5623,2025-03-03T13:32:05Z,2,0.5423,Positive,Negative
"cool music, has a cyberpunk vibe.",@alysxns,2024-09-16T11:39:26Z,2,0.3182,Positive,Positive
Im so glad Charli xcx is still making music! This might be a constraversial opinion but she shouldve blown up first before Iggy....As far as i know Charli is a lot less problematic than Iggy but Iggy did put out some good beats tho!,@Demonic.Faerie,2024-12-27T21:46:37Z,2,0.4888,Positive,Positive
1:00 the way Billie sings it’s kind of creepy lol especially with those lyrics,@ThainaaHatesScience,2025-04-17T21:57:38Z,2,0.4215,Positive,Neutral
Sorry but this is crap. Both the music and the lyrics are crap. 👎👎,@ktom5262,2025-06-29T02:41:13Z,2,-0.7876,Negative,Negative
BRO WHEN BILLIE COMES IN ITS SO GOOD WITH THE SOUND AND BEAT OH MY GOSHH IAM DYINGGGGG❤❤😍😍,@dimaadass6689,2024-09-12T12:24:43Z,2,0.9681,Positive,Positive
worst song ive ever heard in an add,@justinlaughlin9133,2024-09-01T17:36:12Z,2,-0.6249,Negative,Negative
Idk why but the way she dances to the beat itches my brain just right,@pstahr23,2025-02-12T05:31:14Z,2,-0.0516,Negative,Positive
Technologic (Daft Punk) vibes 🔥,@PamyRocksJapan,2024-11-08T06:18:21Z,2,-0.34,Negative,Positive
That really had a great 2010's vibe. Great stuff!,@TheJespah,2024-09-05T19:08:06Z,2,0.8675,Positive,Positive
Obsessed with the silly playful sexy vibes in this video. We need more!!,@emsysuffs,2024-10-01T20:36:58Z,2,0.7418,Positive,Positive
This is awful 😆,@chavsnaps,2024-10-02T15:39:38Z,2,-0.128,Negative,Negative
I wonder what the pitch was like for this song,@marquiswolf2766,2024-08-25T02:53:32Z,2,0.3612,Positive,Neutral
Not my vibe but ok,@NAT2411,2025-03-02T12:37:53Z,2,0.4215,Positive,Neutral
HELP I'M SORRY BUT THE LYRICS AREN'T IT 😭,@URFAVVBELLAFR,2024-10-11T20:23:40Z,2,0.6163,Positive,Negative
Absolutely crap song and lyrics a joke surely.,@NeilMcgilligan,2025-03-02T02:49:15Z,2,0.2975,Positive,Negative
Best beat and melody so perfect,@Musicissloveee,2025-04-14T11:45:29Z,2,0.8733,Positive,Positive
Unpopular opinion-but the only good part of this song is the sampled preview of Billie’s verse 😶,@onelife7266,2025-02-06T21:50:15Z,2,0.4404,Positive,Neutral
i cant believe it only goes for 2 minutes 40. This is the WORST break up ive ever had,@joshuamaher614,2024-09-23T09:35:15Z,2,-0.7034,Negative,Negative
Billie giving that slim shady going to the emmies vibes,@pascal5704,2024-10-29T22:31:34Z,2,0.34,Positive,Neutral
"for those, 1:37 is the partto vibe to 😍",@Hiadrianhere_onRBLX,2025-02-06T08:11:55Z,2,0.4588,Positive,Positive
Deliciously trashy but classy and humourous. The track is positively a catchy bass grinder. A totally bitchin' duo.,@clintk4993,2024-10-04T07:42:30Z,2,0.9371,Positive,Positive
I CANT EXPLAIN IT BUT BILLE HERE GIVES ME HUGE CARL GALLAGHER VIBES,@ellafulgencio3602,2024-11-06T19:38:05Z,2,0.4497,Positive,Neutral
Essa música tem muito a vibe de 2012~2014,@ravenabelem,2025-05-13T02:21:49Z,2,0.0,Neutral,Neutral
"This is quite possibly the worst song I’ve ever heard in my life. Not only is the music terrible, the lyrics are completely lacking any substance whatsoever. 🤢",@rachelclifton3613,2024-11-11T16:01:17Z,2,-0.8158,Negative,Negative
This is the best lyrics they could come up with???!!!! 😂,@mohammedmakki5910,2024-10-27T22:47:34Z,2,0.8692,Positive,Negative
This might be the worst thing I've ever seen or heard.,@bluepandaman,2024-11-18T05:37:58Z,2,-0.6249,Negative,Negative
Billie's verse is sexy af. 🥵,@Eyeofthetiger69,2024-09-16T23:34:37Z,2,0.5267,Positive,Positive
The worst song of the year could have been better if the lyrics weren't so vulgar and bad.,@Maya_rake,2024-08-23T18:37:41Z,2,-0.7152,Negative,Negative
These are literally the worst lyrics I have ever heard for a song... And people love it...,@Shazam_575,2024-08-23T17:28:55Z,2,0.0258,Neutral,Negative
You wanna guess the color of my underwear (finish the lyrics),@Blu_Does_Shtuffs,2024-08-23T15:37:33Z,2,0.0,Neutral,Neutral
Who’s dropping the lyrics,@Kirstenadelekeady,2024-11-08T00:10:26Z,1,0.0,Neutral,Neutral
"No soul, no melody, no real instruments, nothing good about this. It's just bad and trashy.",@SneakyTuxie,2024-10-21T02:40:48Z,1,-0.652,Negative,Negative
"As a longtime fan (since 2014) I was extremely excited seeing Charli finally getting her flowers after decade+ of hard (and exceptional) work... the very day this song came out on the deluxe I was sending it to my friends, all elated that we got such a gem as an additional gift to already flawless body of music. I liked all of the remixes and was overall fascinated about how good of a rollout this era had. Unfortunately, this particular remix along with all of the excessive draining the brat trends in social made me stop listening to the album completely. Unnecessary, distasteful lesbian references from Billie along with her exceedingly forced what-is-supposed-to-be-sexy tone made the song unlistenable to me. It is such a shame that promotion of explicit, unnatural behavior in song widely used for shorts/tik tok dances mainly consumed by young teenagers is met with reception totally devoid of any criticism. To be clear - I very much like both of the ladies' music and I have no problem with people's sexual preferences, I just stand in opposition to widespread promotion of these ideas to kids. Also, sometimes less is more and this is the proof.",@lsd_connoisseur,2024-09-01T12:21:38Z,1,0.9635,Positive,Negative
"Me gusta, Pero siento que a sus canciones les hace falta más contraste entre la tonalidad de las estrofas y los coros, y un mejor gancho. Que haga más fácil de recordar la canción. I like it, but I feel like their songs need more contrast between the tonality of the verses and choruses, and a better hook that would make the song easier to remember.",@PedroGuevaraPodcast,2024-09-11T23:12:46Z,1,0.9109,Positive,Neutral
Vocal fry gone mad. One you recognize it you realize this isn’t singing.,@FiredtoFreedom,2024-09-10T17:32:00Z,1,-0.4939,Negative,Negative
Daft punk inspired chorus,@marinamal9523,2024-09-02T05:39:24Z,1,0.4939,Positive,Neutral
This song is such a vibe,@flerouu,2024-10-11T10:21:24Z,1,0.0,Neutral,Positive
It sounds good but it's worst then lunch,@NaidaMujic-j2z,2025-06-07T13:38:11Z,1,-0.6908,Negative,Neutral
1:37 I dance to this beat until dawn,@cfo6096,2024-11-03T04:04:43Z,1,0.0,Neutral,Positive
this is without a doubt one of the worst songs ever made.  actually makes womens underwear seem cringy.,@paulelroy6650,2024-08-30T21:14:29Z,1,-0.457,Negative,Negative
Todays music is pretty bad it this is a hit. Wheres the melody? The good singing voice? Anyone can sing this,@mark-ge2yl,2024-09-08T18:22:24Z,1,0.4515,Positive,Negative
"This is not ORIGINAL 🤮, this is Daft Punk and Busta rhythm",@derekvg2957,2024-09-07T16:08:14Z,1,-0.3621,Negative,Negative
Why the beat sound like main theme of the sims 2 Nightlife,@whatever1234-z3q,2024-11-14T09:46:36Z,1,0.3612,Positive,Neutral
All the people loving this beat I guess never heard of Daft Punk 🤷,@maximite,2024-09-11T23:18:41Z,1,0.5994,Positive,Neutral
and no offense but the english are the mostgod awful rapacious national there is,@ChristopherCorona-tl3nt,2025-05-01T00:50:47Z,1,-0.5618,Negative,Negative
These lyrics just make sense for Billie,@mariabella19,2025-05-21T07:33:03Z,1,0.0,Neutral,Positive
"The lyrics is inspired by the women who say ""kis colour ke chaddi phene ho""....😂😂",@Siam_0690,2025-01-25T05:16:35Z,1,0.8402,Positive,Neutral
This video gives such I’m A Slave 4 U vibes. I feel this’ll go down as this generation version of that. I love it,@jrobertr,2024-09-02T05:00:21Z,1,0.6369,Positive,Positive
"HORRIBLE!!! Computer Not music, and stupid lyrics",@stevewahrer422,2024-10-06T16:54:33Z,1,-0.516,Negative,Neutral
This banger is catchy AF 👍,@RicardoGonzalez-me5vq,2024-12-14T22:19:57Z,1,0.0,Neutral,Positive
"no one mentioning how nostalgic this song is because of the ""technologic"" catchy sample??",@M13C7,2024-08-28T21:52:22Z,1,-0.3736,Negative,Positive
The rythm gives me vibes of Daft Punk Technologic,@katarzynamazur6017,2024-09-04T18:01:31Z,1,0.0,Neutral,Neutral
Billie laughing before her verse has me in a headlock,@Beso_fr-t1c,2025-05-13T06:48:47Z,1,0.4939,Positive,Neutral
Billie's whole verse is living in my head rent free!!,@Buhhnana2283,2024-08-27T01:32:24Z,1,0.5972,Positive,Positive
"Billie eilish' vocals are really perfect for this, sheesh, best feature since R.Kelly did what he wanted with Lady Gaga's song, there",@danielstewart2602,2024-08-26T16:58:12Z,1,0.8479,Positive,Positive
Very underwhelming generic rehash,@kkfoto,2024-08-26T16:55:11Z,1,0.0,Neutral,Neutral
"Lmaooo it took five people to write this? This is so bad it’s not even funny anymore. I’m deeply concerned for people who fall for this. I think people are confusing this for music because it reminds them of music. This is very depressing, societal collapse seems imminent when I hear noises like these.",@flanneldaniel9414,2024-08-26T14:45:20Z,1,-0.9128,Negative,Neutral
GIVING VIBES💋😳☺️,@Hehehe-v5e,2024-08-28T21:53:15Z,1,0.8374,Positive,Positive
Skins vibes,@ur4bee.dumb.,2025-02-04T20:51:43Z,1,0.0,Neutral,Neutral
"My mom is in the car with me and she’s listening this song😢😢😅 she’s ukrainian so she doesn’t know the translation,she put this song only for the hard beat in the car 😅😅",@АрсенійНегела,2025-06-08T16:27:15Z,1,-0.0258,Neutral,Positive
"The awful lyrics ruined this song's chance to even be remotely good, its literally unlistenable.",@musicbyimpulse,2024-09-01T15:22:10Z,1,-0.296,Negative,Negative
"The lyrics/beat during certain parts give me Daft Punk ""Technologic"" vibes!",@pinkpixy,2024-09-11T01:05:47Z,1,0.3382,Positive,Neutral
"La rolita esta chida pero de un tempo para acá los videos musicales ya no entretienen ni poquito, les falta creatividad",@mayraalejandravazquezgal-gp6ms,2024-10-03T02:46:46Z,1,-0.296,Negative,Negative
I honestly missed the 2010s music  vibe it’s fire idc,@Crazypastanoodies,2024-11-28T15:45:27Z,1,-0.1531,Negative,Positive
Jesus this is just awful,@premidspremium,2024-09-06T22:29:13Z,1,-0.4588,Negative,Negative
Not a Charli fan (or even a billie one) but this lowkey ate even drowned in autotune,@ElectricZinnia,2025-03-24T05:07:40Z,1,-0.7802,Negative,Neutral
Billie's voice on this beat is freaking  awesome❤ such a hit 🔥 and I turned fan of Charli xcx bcs of Billie when I saw this music video with the 2 of them❤,@fatuxa8789,2024-10-07T17:17:10Z,1,0.891,Positive,Positive
Don't agree with the lyrics but- I do it with the music.,@火Lenamai,2025-06-08T16:55:42Z,1,-0.1419,Negative,Neutral
Geiler Beat 😁👍,@djlabello,2024-11-23T23:57:09Z,1,0.4588,Positive,Positive
That beat drop thou,@pyroromancer,2025-08-08T11:38:47Z,1,-0.2732,Negative,Positive
This is fucking awful. Big yikes,@ErinEmergencyx,2024-08-25T04:44:00Z,1,-0.5095,Negative,Negative
Dumbest song I've ever listened to.  The beat sounds like shit.,@timokroger6611,2024-11-25T19:39:21Z,1,-0.6597,Negative,Negative
Get kid Cudi to do your beats on the whole album it should work! Superbowl halftime,@Andrew-g3p8c,2025-03-11T14:28:56Z,1,0.0,Neutral,Neutral
It need a 3rd verse with Melanie Martinez,@crazy12345595,2025-07-12T16:49:02Z,1,0.0,Neutral,Neutral
This song gives the vibe🤘🤟🔥🔥🔥🔥🔥,@Julia_Redleather,2024-11-15T20:24:08Z,1,-0.875,Negative,Positive
"0:33 love heer, totally waiter vibes",@AliKandirr,2025-02-07T08:31:51Z,1,0.6369,Positive,Positive
This song is the reason I'm following omg I've never been sooooo intrigued with a video and the lyrics. Amazing!!!!! This is the song I'll have on repeat ❤,@marikamillard7008,2025-02-08T02:29:27Z,1,0.8798,Positive,Positive
This is a fucking vibe and a half,@ConnieMarie25,2024-10-07T16:45:37Z,1,0.0,Neutral,Positive
Vibe,@Binxthecat036,2025-03-02T14:20:20Z,1,0.0,Neutral,Neutral
"OMGGGGGGGGG I CANT HEAR IT EVERYDAY, cause the beat make me overheat my heart📈📈",@ajslebew,2024-10-04T15:01:54Z,1,0.6369,Positive,Positive
Never thought I’d hear such a dirty song with such a dirty beat with GOOGLE DRIVE in the lyrics 😂😂😂😂😂😂😂,@InnovationStation237,2024-10-21T17:12:20Z,1,0.926,Positive,Neutral
Love that Billie hit that technologic beat in there,@Sadaugustfires,2025-07-01T15:22:23Z,1,0.6369,Positive,Positive
This song give me victoria secrets vibe 🎉,@tanyldz47,2025-02-26T12:14:16Z,1,0.4019,Positive,Positive
"This is awful, I miss when sophie was making her music. This entire genre died with Sophie",@Bigvagina420,2024-09-03T10:32:11Z,1,-0.802,Negative,Negative
Possibly the worst song ever made. My ears are bleeding,@ryanniv1851,2024-10-11T16:08:05Z,1,-0.6249,Negative,Negative
"Pop has certainly moved on from The Beatles' ""I wanna hold your hand""...😮",@jimbob-robob,2024-08-29T07:44:29Z,1,0.6808,Positive,Neutral
What a beat😼💥,@pinsaraanuradha,2025-02-05T15:47:29Z,1,0.0,Neutral,Positive
"Definitely inspired by ""i broke my arm"" by SNL ft. Emma Stone",@vvbbvvbb2595,2024-09-04T08:53:32Z,1,0.4767,Positive,Neutral
I’ve liked Charli ever since her song Fancy with Iggy. That collab with Iggy on Fancy really put Charli XCX on the map for a lot of people — catchy and full of attitude.,@phyumonkhin415,2025-04-26T06:11:29Z,1,0.4215,Positive,Positive
why the fuck am i blushing hard when billie's verse came,@kriskast7017,2024-10-27T13:56:07Z,1,-0.5994,Negative,Neutral
Ashnikko would have been a beater feature,@Sexyunicorn93,2024-10-14T03:42:11Z,1,0.0,Neutral,Negative
"Wow have not heard Charlie Xcx's voice in a decade. Only know her from her hook in Iggy Azalea's ""Fancy"". She looks like a completely different person in this video. Would have never guessed that was the same girl in the hook from Iggy's Fancy video .Never bothered to listen to any of her music throughout all these years. Hell, I've heard Bart Baker's parody of Fancy with a dude impersonating Charlie in the hook more than I heard Charlie sing the actual hook lol So it's fitting how Fancy made me discover Iggy Azalea, Charlie Xcx, and Bart Baker all at the same time. Learned of this track by seeing a pretty female dancing in a video short, and she was dancing to this song. Than I just kept seeing girl after girl dancing to this song in video shorts without me even having to manually search for them. The interesting part of it is that they are all dancing to Billie Eilish's verse, and cut it off where you never hear Charlie whatsoever. I'm guessing Billie Eilish is far more popular than Charlie. This actually is the first time I heard Billie Eilish in a song. Been living under a rock I suppose. I just don't listen to music nearly as much as I did in the past. I really dig this song though. I could so picture this song playing in a cinematic scene of people doing ecstasy, and being extremely sexual with each other. It's a very sexualized type of song, but I'm so digging the vibe of it all. The vibe makes me think of Demi Lovato's 'Cool For The Summer'. I so loved that song when it came out. For some reason I get the vibe that this is the type of song Billie Eilish doesn't typically make. This song keeps sticking in my head along with Billie Eilish's provactive facial expressions. They both look like their under the influence of some drug that enhances sexual libido. The song subject manner makes it seem like their both on ecstasy, and so sexually open for any type of sexual stimulation. I don't know, that's just how I perceived this song and music video. Nonetheless, it's hot and sexy, and seems so hypnotic and addictive. I highly doubt many even blink an eye to the 11 age difference between Charlie and Billie. Charlie is 32 and Billie is 21. As long as one is of legal age, age becomes more and more of a non-factor when it comes to being prejudice towards a big age difference. A romantic/sexual relationship between a 33 year old and a 44 year old would not be very controversial at all. If this came out when Charlie was 21 and Billie was 10, it would disgusting, revolting, and have Charlie imprisoned if she had even the slightest sexual relationship with a 10 year old Charlie Xcx. Age is so controversial when one is underaged with one who is at least 18.",@JaizMusic,2024-08-29T09:31:40Z,1,0.9617,Positive,Neutral
DIE ANTWOORD Beat-tracks Re-hash....  Inspired maybe?  Hmmm.......,@southpasadenan,2025-07-28T07:47:09Z,1,-0.347,Negative,Neutral
Daft punk technologic vibes,@bekuostudio,2024-09-26T02:25:21Z,1,0.0,Neutral,Neutral
"Gaga, you wrote „aaaah” in lyrics and not „ohoohooohohohoooooooo” 🥸 I came not prepared",@MarcinDiering,2024-10-25T15:05:46Z,1,-0.1695,Negative,Neutral
"When Billie arrived, my heart fucking dropped. LIke girl, she made quite the entrance. Also, her verse was the best.",@ben-neon19,2024-11-12T21:03:05Z,1,0.9038,Positive,Positive
Good music. Completely lame lyrics and video.,@8jaime8,2024-10-15T21:08:40Z,1,-0.0498,Neutral,Neutral
I love the beat❤,@theresale4956,2024-10-19T11:02:28Z,1,0.8555,Positive,Positive
"Love the 2000's vibe, bugs me that half the clips aren't in time to the beat of the song 💀 we got people making videos for free with CapCut in better time than this one",@xRaisa5,2024-09-06T20:08:23Z,1,0.886,Positive,Positive
gosh the 2nd verse hit really hard 🔥🔥🔥🔥🔥🔥🔥🔥,@intopinkclub,2024-10-21T10:25:49Z,1,-0.9548,Negative,Positive
Billie Eillish just crashed in with that sick deep bass,@Ryanmanification,2024-09-01T09:36:24Z,1,-0.5106,Negative,Positive
SPAIN IS SUCH A VIBE,@Alxdr24,2024-10-08T18:34:26Z,1,0.0,Neutral,Neutral
Im sorry. This is the worst song ever.,@iktotia,2024-12-20T20:25:05Z,1,-0.6597,Negative,Negative
A 40 something here and I love this collaboration! Fantastic edm vibes!,@kmcamcas3316,2024-09-06T05:56:28Z,1,0.855,Positive,Positive
Daft Punk vibes,@roskipp3r,2024-08-27T03:34:25Z,1,0.0,Neutral,Neutral
I’m scared to see if stone throws stuff on the stage when they perform this at a concert,@furtherseemsforever09,2024-09-06T23:24:03Z,1,-0.4404,Negative,Negative
Lot of rehashed syntho sounds and stop check rhythm lyricism from the past 30 years are in this song. But DAMN! Gots me groovin! Not bad ladies. Not... bad... at... all.,@PuffDaddyLungFish,2024-08-23T18:33:24Z,1,0.4375,Positive,Neutral
This is the first time i ever focused on the lyrics,@lolore._.laiii5,2024-08-24T06:56:02Z,1,0.3818,Positive,Positive
"this music lyrics is so well made, omg, it has links everywhere",@killerqueen8152,2024-09-24T23:38:30Z,0,0.4101,Positive,Positive
i recommend watching the video in 360p to feel the vibes that u traveled to the early 2010's where MTV played this song after midnight,@parawhore-vi8sv,2024-08-31T15:15:04Z,0,0.5994,Positive,Neutral
"Killer tune, shame the lyrics are so intensely lame.",@8jaime8,2025-04-23T00:25:30Z,0,-0.895,Negative,Neutral
Ima feel nostalgic after 13 years ahhhh💅😭,@YoRager,2025-01-12T02:05:45Z,0,-0.4767,Negative,Neutral
"The vid gives me such She Looks So Perfect vibes from 5sos 😂 just me? Okay, bye 😂",@cistelecanizabella512,2024-09-02T06:16:29Z,0,0.9089,Positive,Neutral
"What a great piece of art-work! The drive, surprise and down-to-earth vibes which re arriving at me :)",@cybermücke,2024-09-25T18:46:20Z,0,0.8588,Positive,Positive
Billie Eilish is my best contemporary!,@ІгорПопович-э4ч,2025-04-12T00:39:31Z,0,0.6696,Positive,Positive
Why we don't talk about that fucking lyrics?,@Ghazal_Amini,2024-09-06T05:51:20Z,0,0.0,Neutral,Neutral
Stop stealing from underground American producers/artists.  It's shameful.  At least credit the people you steal rhyme schemes and beat from.,@GhostlyEcheveria,2025-06-11T02:32:02Z,0,-0.8658,Negative,Negative
Fuckin annoying song very stupid not a fan at all,@Greytide96,2024-09-15T16:29:46Z,0,-0.8247,Negative,Negative
I love the beat but the lyrics are idiotic,@YetiKNation,2025-03-09T17:25:50Z,0,-0.5106,Negative,Neutral
"Perfect for aspiring ambitious women, first I thought it was generic but great beat without vulgar language or behavior and classy women being a little wild sexy. In my opinion🎉",@AbelChapa-j2r,2024-12-02T13:09:39Z,0,0.9707,Positive,Positive
The lyrics are so sad that a tear rolled down my leg 😢,@Minju.mustdie,2024-09-20T01:59:18Z,0,-0.7959,Negative,Negative
SLAVE4U vibes 🥵 #britney,@baymaxthepig,2024-08-31T02:49:54Z,0,0.0,Neutral,Positive
"I love how completely out of context the chorus was taken, and appealed to the masses on TikTok 🌈",@tenayal-a7553,2025-06-10T22:04:20Z,0,0.6369,Positive,Positive
Reminds me of Kesha's song. Same horny vibe.,@_REcon_,2025-02-12T14:09:15Z,0,0.0,Neutral,Neutral
Relax tempo,@Brio-b5m,2024-11-02T04:13:09Z,0,0.4404,Positive,Neutral
Nice beat,@DanielJones-p4c,2025-05-12T03:53:21Z,0,0.4215,Positive,Positive
"Ngl, 2009 vibes",@r.i.p.plegaming2327,2025-02-27T11:54:32Z,0,0.0,Neutral,Neutral
yall are beating a dead horse..................................,@GOONANDBATE,2025-07-17T19:15:31Z,0,-0.8074,Negative,Negative
It's the same beat as the song Wasapi,@xamal_toui2554,2024-08-28T21:09:37Z,0,0.0,Neutral,Neutral
One of the worst of 2024.  Devolution of talent & ideas.,@flyingfishsurf,2025-03-02T15:48:18Z,0,-0.3182,Negative,Negative
Anyone else getting the Dirty from Christina vibes in this?,@sbenz17,2025-03-21T11:20:33Z,0,-0.4404,Negative,Neutral
"Guess?  I will only guess if I get my rules.  Because I'll be wrong.  Agree or disagree.  5.  4. That was quick.  God.  Did we even make it to the salad?  Okay, I'll guess but it won't work.  It'll be wrong.  I'm not throwing Diplo's underwear on there.  He has to throw it himself.  Oh, and Johnny Blue Skies.  I'm KEEPING Dove Cameron's underwear for myself and who would want what's his name's underwear?  Umm.  I say ""Use Me (Brutal Hearts).""  I know.  Wrong.  But it was a good guess.  AGAIN?  Fine.  Try...I found this one yesterday.  ""Driver's License"" By Olivia Rodrigo & ""Disease"" By Lady Gaga.  Last week, I think, there's ""Make You Mine"" By Madison Beer & ""STUPID feat. Yung Baby Tate"" By Ashnikko.  AS best I CAn teLl, ""15 Minutes"" By Madison Beer is also rolling with ""Pressure"" By Billy Joel.  It's a start.  My preamble is a wreck. I'm improving.  Oh, I had Serrano's with the moms today.  She got the kidney stones last week and I didn't hear about it until after the fact but she needed some help today and I'm off today so helped set up the new wifi and put things in the vehicle.  The grams died back in December so she's going back and forth dealing with stuff.  Yeah.  Woke up and...noticed Guess.  I don't know.  Day off.  Going back to day off.",@PrinceSlimyskin,2025-02-26T23:00:56Z,0,-0.7149,Negative,Neutral
"tja een Bromance met Zelensky is toch helemaal zo gek nog niet eigenlijk.. lekker potje ijshockeyen af en toe en ach zn engels wordt vast wel wat aantrekkelijker in de loop der tijd... daar moet je niet moeilijk over doen natuurlijk op mijn leeftijd is t ook wel een keertje mooi geweest zou je wijselijk denken en dan laat je meisjss voor w🎩 ze zijn en houd je op de koop toe je rug heel wie doet je w🎩 en kan ie meteen uit de doeken doen of ie nou een toneelstukje deed of niet... want man dan ja had ie trump stevig te pakken natuurlijk die ging er met boter en suiker in hopend op een ""miracle""...",@hbnederland123UandMe,2025-03-03T17:02:01Z,0,0.4215,Positive,Negative
"Technologic by daft punk, same beat 🤯🤯🥵",@whyte_lotis,2025-02-03T00:29:54Z,0,0.0,Neutral,Neutral
"It’s bringing back vibes of old skool video clips, what a clip and track",@LexieRose_1111,2025-02-16T02:39:52Z,0,0.0,Neutral,Positive
is that what passes for singing these days? talking in a monotonous single tone?,@drwhotvfan,2024-09-02T10:25:05Z,0,0.0,Neutral,Negative
Lê Serafim vibes,@CauaFelipeartesedesenho,2025-03-30T02:42:48Z,0,0.0,Neutral,Neutral
God this is such a melody😊,@shawnnbits,2024-09-07T23:22:13Z,0,0.7964,Positive,Positive
fuuuuuck such a dope entrance... and verse,@adaydreamhd,2024-12-29T12:22:48Z,0,0.0,Neutral,Positive
"I think Rosé will earn a nomination for best new artist, and probably for Best pop vocal album with Rosie",@kendrycastellano8443,2025-05-31T23:19:31Z,0,0.8555,Positive,Positive
Song lyrics really have gone to rubbish,@francisbroadmeadows6575,2025-04-14T14:54:49Z,0,0.0,Neutral,Negative
RAVE VIBESSSSS 🎚,@ericotto314,2025-03-04T13:57:40Z,0,0.0,Neutral,Positive
Luciana vibes back in 2010 ❤,@albertobiserov9904,2024-09-02T17:30:58Z,0,0.6369,Positive,Positive
Awesome beat and Colab ❤,@jasonlee7679,2024-09-03T05:09:50Z,0,0.8519,Positive,Positive
Charli looks so beatiful😮😮😮😮WAOOOOO,@kittywilde3863,2024-08-26T21:24:20Z,0,0.0,Neutral,Positive
Im getting old - im 50 and id rather hear Oasis/ Stone Roses any day over this ' music ' .....( watching Charli at Glastonbury and im not impressed  - simply being honest....,@Kalamero,2025-06-28T22:20:04Z,0,0.1891,Positive,Negative
Skins promo videos vibes,@Grace-ig7vm,2024-09-24T13:14:57Z,0,0.0,Neutral,Neutral
Death becomes her vibes!!!,@BB5886-BlahBlah,2024-08-27T03:18:09Z,0,-0.6981,Negative,Neutral
i missed this rebel kesha vibe in pop music.,@HeyHeyNingenSucker,2024-09-14T23:44:31Z,0,-0.4497,Negative,Positive
Hmmm .wow .... I mean I like the beat a lot when Billy comes in the beginning and crashes into the wall tho hmm get girl,@juliettehigdon174,2024-10-22T01:04:25Z,0,0.743,Positive,Neutral
What the hell did I just watch? I do like the beat.,@MrBlackFabio,2025-01-27T20:31:22Z,0,-0.4767,Negative,Neutral
i dont wanna guess because you can't be serious about this song ( jk i like the daft punk vibe ),@shimotsuki96,2024-10-28T11:33:19Z,0,0.5606,Positive,Neutral
I love charlie xcx and her overall vibe,@singhshiiv,2024-08-26T13:13:05Z,0,0.6369,Positive,Positive
The MTV Music vibes are STRONG 😩☝🏽 AND I’M HERE FOR IT,@GinaDD1996,2024-08-26T10:46:51Z,0,0.4466,Positive,Positive
THE WAY MY JAW DROPPED ABOUT THE LYRICS ESPECIALLY BILLIE’S PART OMG💀💀💀,@minjusgf,2024-12-11T16:05:45Z,0,0.0,Neutral,Positive
technologic vibes,@stefaniarnr,2024-11-10T18:48:44Z,0,0.0,Neutral,Neutral
this party vibes is everything haha ❤,@zalvexs,2024-10-08T05:32:45Z,0,0.872,Positive,Positive
Skins vibes,@Jinxosiosi,2024-09-15T02:23:51Z,0,0.0,Neutral,Neutral
"lots of ""technologic"" by Daft punk vibes",@laurausman0314,2024-12-19T01:11:29Z,0,0.0,Neutral,Neutral
whelp...music used to have good lyrics,@whatyoudo9773,2025-03-06T18:42:54Z,0,0.4404,Positive,Negative
Stone butch and femme les vibes,@G0lfW4N6,2024-08-24T20:03:56Z,0,0.0,Neutral,Neutral
Electroclash revival is not needed. Cue dozens of minimal synth lines with hypersexual lyrics.,@junkshopbeats9188,2024-08-24T15:25:48Z,0,0.0,Neutral,Negative
The song without notes😅😅😅,@dadanrizqy4015,2024-11-10T00:09:55Z,0,0.4386,Positive,Negative
"Daft Punk Technologic vibes! (In a really, reallt good way....)",@clairegrant2702,2024-09-05T11:23:44Z,0,0.5378,Positive,Positive
The beat 🥳🥳,@EllianaBroxton,2024-08-28T05:48:39Z,0,0.6369,Positive,Positive
😅j'aime trop  set chanson 🎉🎉🎉🎉bonne anniverser🎉🎉🎉😊,@brigittecortesi6560,2024-10-28T09:01:26Z,0,0.9761,Positive,Positive
it’s giving Death Becomes Her vibes i love it,@via_xcx276,2024-08-23T14:48:23Z,0,0.4019,Positive,Positive
Love the beat,@Littleman24,2024-09-19T18:04:34Z,0,0.6369,Positive,Positive
I just realised that The Dare is in the background at the beginning and then she mentions “send it to The Dare I think he’s with it”. Lol. Honestly great marketing from her side with the whole “brat girl summer” vibe going on and with The Dare’s new song coming out.,@yasminmalan,2024-08-26T18:03:10Z,0,0.872,Positive,Positive
Giving me Gaga Just Dance and Miley Party USA vibes,@guyinsf,2024-08-26T23:36:05Z,0,0.6249,Positive,Neutral
The chorus sounds like Technologic 💀🤖,@joelr.1009,2025-07-06T06:03:41Z,0,0.3612,Positive,Neutral
"this is absolute artistry .. music, lyrics, video.  i want to hear it a thousand times",@elle613,2025-01-05T06:16:18Z,0,0.0772,Positive,Positive
"Cringe dirty talk, music can be good without vulgar concepts and lyrics",@laybabenedict,2024-10-31T20:34:38Z,0,0.0,Neutral,Negative
"ngecek doang...... the lyrics lmao whats wrong with ma girls, did she get h or  just caus of the beat 😂. funy.",@akashahan75,2024-09-13T14:41:45Z,0,0.5719,Positive,Negative
The lyrics are deadly but the song n collab is slay,@Alora4Life,2024-10-07T17:27:52Z,0,0.0,Neutral,Neutral
It’s giving 2000s vibes and I’m here for it,@katie.robbins,2024-08-28T07:37:17Z,0,0.34,Positive,Positive
This beats and duo❤❤,@mirjanaandrasic4481,2025-01-01T14:26:08Z,0,0.8555,Positive,Positive
"Music is good, not artists and lyrics 😐",@cookie3125,2025-02-04T06:14:30Z,0,0.4404,Positive,Neutral
PitchBlack,@Brio-b5m,2025-06-09T02:57:33Z,0,0.0,Neutral,Neutral
I didn't know a song about underwear could sound so catchy.,@sophiaisabelle0,2024-10-22T12:58:55Z,0,0.0,Neutral,Positive
Giving me - Like AG6 vibe,@leahcimtuang4,2024-08-27T02:48:46Z,0,0.5994,Positive,Neutral
This song slaps. Love the beat and also their voices just work so good together.,@cujowashere7248,2024-09-03T17:13:31Z,0,0.8377,Positive,Positive
sounds like a rip off of technologic by daft punk during the chorus usues the same beat so not really original but a decent song,@marygoins2503,2024-08-28T15:42:46Z,0,0.0074,Neutral,Negative
"This is unoriginal garbage , literally changing the lyrics to technologic with pervy stuff isnt ""art"" lol",@davidd8892,2024-10-13T02:45:43Z,0,-0.3252,Negative,Negative
Too deep,@ejj3295,2025-07-07T09:42:13Z,0,0.0,Neutral,Positive
Loveeeeee this it has an old school beat in the early days of like sandstorm and David Guetta,@jhonathanzaldivar4691,2024-10-04T12:38:32Z,0,0.3612,Positive,Positive
Billie a genius using lyrics to shoot her shot 😂,@SeussWRLD,2025-02-09T17:03:41Z,0,0.128,Positive,Neutral
What a delicious beat ❤,@micsgreen23,2024-10-12T16:32:09Z,0,0.836,Positive,Positive
Who is going to do a Mr Oizo Flat beat remix?,@smileysspeakeasy,2024-10-30T12:35:16Z,0,0.0,Neutral,Neutral
"Acapella 🌚 no está en acapella, habría que quitarle el autotune también",@nostalgic_melodie,2024-09-01T11:17:39Z,0,-0.296,Negative,Negative
I’m getting Eric Andre vibes here,@Thedarkknight2244,2024-09-23T22:02:18Z,0,0.0,Neutral,Neutral
"I love this song, but the quick chorus part sounds exactly like the bit from Technologic by Daft Punk :/",@GBPackerspro4,2024-09-11T00:38:36Z,0,0.4118,Positive,Neutral
Daft Punk - Technologic vibes.,@BLASSUE,2024-10-09T00:51:18Z,0,0.0,Neutral,Neutral
Bloodhound Gang vibe,@lindowww,2024-12-28T18:19:09Z,0,0.0,Neutral,Neutral
Awful,@SlickerVideo,2025-03-02T14:54:40Z,0,-0.4588,Negative,Negative
"bangin beat, they both sound good, but the ending 'you wanna guess if we're serious about this song'  . .  is cringe",@dustid,2024-10-24T14:55:02Z,0,0.128,Positive,Negative
I really like this song but I don't like about the underwear and stuff it's not giving the vibe,@Lynneia-l3q,2025-02-23T21:22:36Z,0,-0.5143,Negative,Neutral
The beat is the clock level from mario 64.,@JaredFc-s3k,2024-12-01T05:45:25Z,0,0.0,Neutral,Neutral
That unibrow is awful,@Livelaughlimpbizkit,2024-09-04T13:26:42Z,0,-0.4588,Negative,Negative
DAFT PUNK VIBES 🪬,@pharaohintheabyss,2025-06-08T01:44:16Z,0,0.0,Neutral,Positive
I usually like both of their music but this wasn't very good. I started laughing and I don't think that was they were going for. Decent beat.,@joaquinm7502,2025-04-18T21:24:25Z,0,0.385,Positive,Negative
This gives Alejandro vibes,@why3666,2025-08-04T01:13:11Z,0,0.0,Neutral,Neutral
I came here after listening to Stern... pretty dumb lyrics imho yet cash grab that pussy (yay?),@jbilotta,2024-10-04T16:15:25Z,0,0.5106,Positive,Negative
"bodyrox  yeah yeah yeah vibe, you yanks wont know",@joshua7barrett,2025-07-24T23:27:19Z,0,0.6808,Positive,Positive
The vibe is GOOD!!!,@DroGodina,2024-10-05T11:19:45Z,0,0.6714,Positive,Positive
Beatifull 😍😍😍,@Camiibostera,2025-01-11T23:58:46Z,0,0.8402,Positive,Positive
"The song is good, but the lyrics and the video😢",@GachaSlays131,2024-09-14T16:02:28Z,0,-0.4939,Negative,Neutral
So glad they are getting the attention ❤vocals are insane,@raphaellambert6585,2025-07-01T10:39:42Z,0,0.1513,Positive,Positive
"The collab, the song, the lyrics (especially Billie's part, I was gaping hearing it for the first time bc it randomly played on my Spotify while in public lmao) are insane but the music video SUCKS, it could have been SO fire. Makes me even more mas as someone who'd dream of being a music video realisator",@blvarin,2025-02-22T20:37:55Z,0,-0.7963,Negative,Positive
"Charli, Charli. OK. I need to send you some of my recent beats and we need to make a motherFKN banger like this! love this! 1 of only 2 things ive like in the last 15 songs ive listened to! The other was The Weekend.",@5jd1,2024-09-26T18:22:24Z,0,0.8974,Positive,Positive
The lyrics-,@Itzurgurlroblox33,2024-09-07T05:18:59Z,0,0.0,Neutral,Neutral
I 🙏 she wins VMAs next week .. Every single song she releases makes me seriously 2nd guess wtf I'm doing n whom .. She's so sexy n her vibe is always so dope...Just sayin 😍🤩👑❤️💋🥰,@PrissyB2023,2024-09-05T07:59:02Z,0,0.9511,Positive,Positive
My love knows I'm definitely serious about this song. The lyrics has seduced a whole world. Hit of the year ❤,@soders_ode,2024-10-23T14:07:42Z,0,0.8519,Positive,Positive
This is the worst song Billie has ever been in😭,@NoraClements-s2q,2025-04-02T02:05:08Z,0,-0.802,Negative,Negative
This gives me 2009 vibes I like it ❤!,@Elena-sm2hv,2025-03-16T17:02:44Z,0,0.7901,Positive,Positive
"While receiving the award Charlie said it how it is, when songs like this go to the top, shows how stuff has gone down hill for lyrics and intellect for the majority :(",@Rubina-wb2oq,2025-03-06T13:46:46Z,0,0.7845,Positive,Negative
This is what happens when you sell your soul to the corporate media overlords and old pervy men write your lyrics for you. Complete trash.,@MadameWarhammer,2024-09-16T22:39:50Z,0,0.0,Neutral,Negative
Rosé is giving Gwen S. vibes in this MV and I couldn't love it anymore,@USGunner5,2024-10-21T10:54:22Z,0,-0.2425,Negative,Positive
whiplash by aespa vibes!!,@cam3784,2024-10-21T10:30:27Z,0,0.0,Neutral,Positive
This is so catchy,@davidplowie4670,2024-09-25T21:53:51Z,0,0.0,Neutral,Positive
Technologic- Daft punk vibes ✨️,@DivineStardustAlchemy,2025-03-06T22:35:15Z,0,0.0,Neutral,Positive
I’m a gay man and I love these vibes! Billie!!,@ahthatkyle,2025-05-30T13:40:07Z,0,0.7249,Positive,Positive
Getting Daft Punk vibes from this one,@mihalic17,2024-09-29T18:47:35Z,0,0.0,Neutral,Positive
ove how Billie replies to Charli in her verse and it‘s like they are t,@Mayk570,2025-05-29T23:42:54Z,0,0.3612,Positive,Positive
"Promoting a song with sexualized lyrics about women's underwear while advocating against domestic violence can appear contradictory, as the former may undermine the message of respect and dignity essential to combating the latter. Also the  ""BRAT"" word - It's important to focus on language that respects and empowers individuals rather than diminishes them. we can find a better word then BRAT... Bloody Rat",@NathanMay-oi3xp,2024-09-04T02:51:51Z,0,0.4019,Positive,Negative
Is it bad that I'm a dude and I know all the lyrics to this song? lol. LESS GO BILLIE!,@ben-neon19,2024-10-17T04:18:24Z,0,-0.2481,Negative,Positive
as an older person seeing what young people like to hear and the story line of underwear as the lyrics to this video. My honest reaction to this video is ewwww,@MrRocktex1978,2025-01-30T06:30:05Z,0,0.7003,Positive,Negative
The you wanna Guess it for being serious In this song I go through every emotion,@jeremyhall6335,2024-09-16T22:30:27Z,0,-0.0772,Negative,Neutral
M to the b kinda beat,@raechelshiplet8619,2025-01-20T16:09:55Z,0,0.0,Neutral,Neutral
We need an extended version with another verse the beat is too good the songs just too good to finish 😢xxxx,@abbythomson7511,2024-12-12T15:43:14Z,0,0.4019,Positive,Positive
this is hot obvi but why did she think the dares sounds were so unique to make him produce this track? like this is deep tech minimalism at its core,@Ispyandros,2025-03-15T17:35:46Z,0,0.5023,Positive,Neutral
Omg this is such a banger.. when the beat drops after “Charli call me if you’re with it” is everything🙌🏻,@PositiveExoticXX,2024-08-25T13:02:22Z,0,0.0,Neutral,Positive
The substance vibes,@lou-annpuffet3548,2024-12-24T17:53:12Z,0,0.0,Neutral,Neutral
This is the worst song of all time,@mattsheehy7035,2024-09-07T07:48:15Z,0,-0.6249,Negative,Negative
I feel srry for billie bc of that one guy off TikTok who tried painting billie as some pred bc of the lyrics of this song as if it’s not about underwear,@mika-jane,2024-09-04T00:59:00Z,0,0.0,Neutral,Negative
Not Billie coming in with the hardest verse and a chuckle knowing she about to put us all throughhhh it 😂❤️,@reemahLaw,2024-10-21T13:48:14Z,0,0.6808,Positive,Positive
charlie and billie make awful music. contributed to the death and crime of no original thoughts,@ChristopherCorona-tl3nt,2025-05-01T00:49:30Z,0,-0.9074,Negative,Negative
So damn catchy,@brackster,2024-09-25T21:05:59Z,0,-0.4576,Negative,Positive
Nice and safe lyrics (no sarcasm),@largestudent198,2024-09-23T07:41:13Z,0,0.5859,Positive,Neutral
Lyrics in hindi:Kiss colour ke chhadi pahne ko?,@INTERPIN.911,2025-01-02T07:15:48Z,0,0.0,Neutral,Neutral
Love this song great video so catchy fun song,@tiffanilinde9048,2025-06-05T06:58:33Z,0,0.9166,Positive,Positive
The first part lyrics  WAS WILD ASF,@w3fd3c3,2024-09-17T13:42:42Z,0,0.0,Neutral,Positive
"Beat needs realigning slightly with the vocals in the beginning, but everything after the drop is beautiful!! Awesome work🫶🫶 So cool to hear ST in another great genre!",@sp0ngeb00b7,2024-09-30T09:28:51Z,0,0.9693,Positive,Positive
This is my mffff vibeeee,@ardiristavarez5676,2025-02-04T00:37:45Z,0,0.0,Neutral,Neutral
Billie's giving young princess nokia vibes,@thewakeandbakeshowwithbigu1606,2024-09-15T07:06:36Z,0,0.34,Positive,Neutral
"Love the 2016-2018 carefree, sweet but not overly cute vibes, we need more of this vibes from the girls!",@maryrose704,2025-03-08T05:52:00Z,0,0.3658,Positive,Positive
"UM IS THE GIRL FROM 360, AKA WAITER VIBES IN THE PARTY SCENE AROUND 0:30-0:40!? 🤯",@ASMEBUST87,2024-08-31T17:31:39Z,0,0.5754,Positive,Neutral
This gives me peaches vibes so hot!,@futuremindvintageheart9887,2024-08-30T03:20:58Z,0,0.0,Neutral,Positive
Anyone else getting tatu vibes? 😍😍🥵🥵,@rhicairns967,2025-02-22T10:26:12Z,0,0.7184,Positive,Positive
JAMES WTF I NVR KNEW UR VOCALS CAN REACH THE GALAXYS U DID AMAZING BABE,@abdullahalsaadi1383,2025-02-14T20:47:48Z,0,0.0258,Neutral,Positive
I'm really in love with this sonnggg it's such a vibeee🔥🔥🔥🔥,@user-hn1so7bw3i,2024-09-26T14:13:15Z,0,-0.4804,Negative,Positive
Okkaaaaayyyyyy 💅🏼lovin’ the vibesssss💖💖💖,@ConnieBonzagni,2024-10-27T00:39:46Z,0,0.9595,Positive,Positive
Charlie is beatiful ❤,@ElCaos...,2024-10-14T16:54:51Z,0,0.6369,Positive,Positive
The worst song i have ever heard,@Kareek120,2024-10-05T11:16:02Z,0,-0.6249,Negative,Negative
Anyone else get major Skins vibes from this? Like Effy vibes and the music video reminds me of the house parties in that show,@vixenn6,2024-08-25T04:53:46Z,0,0.6783,Positive,Neutral
Billie single handedly saved this song and probably Charlie’s career because the rest of this album is awful,@tylerrodgers1693,2024-09-01T12:48:10Z,0,-0.0516,Negative,Negative
This is such a vibe,@KariahSnicker-jq6dh,2024-12-05T08:42:59Z,0,0.0,Neutral,Positive
Sick tune Shame lyrics could be better too gender bending for the younger generation how can it be cool to be gay today!!x,@nicolekean9342,2025-04-01T10:05:43Z,0,-0.4184,Negative,Negative
I hate this song it's always playing on spotify ads and it's annoying asf,@Make2kFree,2024-08-26T10:41:15Z,0,-0.6808,Negative,Negative
The beat is amazing!!! Can't get over Yseult 's verse,@ArtificialPerson,2024-08-25T16:42:40Z,0,0.6884,Positive,Positive
Why is this giving the same vibe as the big bad wolf music video 😭😭,@ILikeWoF,2024-08-25T06:06:22Z,0,-0.7876,Negative,Neutral
Good vibes,@torijohnson6402,2024-08-28T04:41:48Z,0,0.4404,Positive,Positive
"Uma merda essa musica, o clip. Nada tem sentido, uma batida sem ritmo e frases que não fazem sentido co m nada. Não há o que apreciar nessa música, só tempo perdido. Não recomendo.",@alantrick,2025-01-18T17:39:14Z,0,0.0,Neutral,Negative
"This song has a rush vibe Troye Sivan, i loved❤",@rayewlz,2024-10-27T13:17:38Z,0,0.8442,Positive,Positive
Daft Punk's Technologic vibes,@gcanteromd,2024-11-11T02:19:10Z,0,0.0,Neutral,Neutral
The songs epic but the lyrics scar me for life,@GalaxyStar2110-Official,2024-08-24T13:27:50Z,0,0.0,Neutral,Neutral
PERFECT!!!!!!!!! AMAZING GIVIND MTV 2000 vibes,@amandafirmimo1655,2024-08-24T05:56:16Z,0,0.9029,Positive,Positive
Bro the lyrics 😭,@JadeTheOnly,2024-08-23T17:04:59Z,0,-0.4767,Negative,Neutral
This autoplayed after listening to Paul McCartney's Temporary Secretary and you know what? Exactly.,@espifreak,2025-03-29T18:47:54Z,0,0.0,Neutral,Positive
bad guy vibe,@jireoyeon,2024-08-27T23:33:47Z,0,-0.5423,Negative,Neutral
"me: ""This is such a banger! wait..."" *realizes the lyrics*",@Yyonaa_,2024-09-18T11:40:51Z,0,0.0,Neutral,Neutral
"Omg this gives me like 2007, 2008 trashy vibes and I love it there needs to be more songs like this",@SleepyRue,2024-08-23T05:00:25Z,0,0.8583,Positive,Positive
