﻿comment,user_name,date,likes,compound,sentiment,sentimento_manual
This music video has got an unbelivable 2000s vibe. I love everything about it.,@zweie_ziehn,2024-03-18T21:47:18Z,514,0.6369,Positive,Positive
"All of this is a master piece:the beat,the voice, and her. Just a master piece",@AnetaProrok,2024-04-15T07:12:22Z,363,0.0,Neutral,Positive
"Dua Lipa has such a beautiful strong voice.  Love her richness on her low, high and falsetto notes",@LaughterandJesus,2024-02-19T03:20:49Z,227,0.926,Positive,Positive
"I am just loving the progression in just the instrumentals alone, the story being told in her acting and the lyrics is sooo goood",@jensterjen,2024-02-23T03:46:15Z,140,0.4404,Positive,Positive
"This is April 2025 & this song of DUA LIPA continues to be exceedingly electrifying, enormously exciting, exceptionally elegant and exquisitely expressive. Her singing is singularly soulful, spellbinding, superb, sincere, sweet and simply spectacular. ❤❤❤❤❤❤",@kesharisuthar3268,2024-10-15T07:33:17Z,52,0.9924,Positive,Positive
It's amazing how only she can beat herself everytime❤,@richarishu9818,2024-02-18T06:49:43Z,40,0.8402,Positive,Positive
"I don’t listen to Dua Lipa typically, but after hearing Kevin Parker was producing this record I couldn’t help but listen. What a perfect match of vocals and production with so much depth! Can’t wait to hear the rest of the record!!!!",@lauren-alysgornall5017,2024-03-05T01:28:56Z,39,0.8949,Positive,Positive
Truly amazing artist. Brought the vibes from 2000s to 2024 and mixed it  with new melodies .,@Jane349-s3b,2024-04-12T12:15:32Z,29,0.7717,Positive,Positive
"I insist in the perfect production of the Dua Lipa sonsgs. Everything fits perfectly, either a piano, a synth, vocal harmonies....together with a catchy melody",@trastofer,2024-02-19T15:24:54Z,28,0.836,Positive,Positive
"I love Dua Lipa's music more than anyone else out there. Some tunes have a 70's vibe, which I love.",@davidlagrange403,2024-03-16T17:14:44Z,28,0.8555,Positive,Positive
"So much 70s and 80s dance beats to this and most of her catalogue, and bringing back the disco era.",@CourtneyCornell-pd4py,2025-03-20T10:19:43Z,23,0.0,Neutral,Positive
2:50min ABBA - Dancing Queen? Melody? 🎹🎹🎹🎹,@SilkeApel-f5h,2025-03-03T07:14:28Z,23,0.0,Neutral,Neutral
"I'm a metalhead, but I always love everything what Dua does. We, from the part of Europe that has always been slapped by history, somehow we have a special taste in common.These are special emotions😉",@hrcodrums,2024-04-11T21:48:58Z,22,0.9313,Positive,Positive
"I'm 68 and I've been a music fan since the Beatles first appeared on Ed Sullivan in 1964. I've been Dua's fan since her first Graham Norton appearance in 2019?. People I'm telling you, if you never settle for just one genre of music, from any specific era, you'll never feel old. Great music is made every year and you have to just stay open to it. Dua is incredible and I'm so glad that I'm not missing out on her talent because of my age. Age bias is a terrible thing to give in to, don't let it happen to you.",@macbirt56,2024-04-11T18:10:38Z,18,0.6553,Positive,Positive
Bridge hits chorus hits lyrics absolute masterpiece 🙌🏼 obsessed,@morningdew7225,2024-02-22T16:11:05Z,16,0.5267,Positive,Positive
Loving the Tame Impala vibes. Kevin should have Dua featured in his next album. ♥,@zimzimzalabim,2024-05-20T14:31:17Z,16,0.8442,Positive,Positive
This one song beats all of Taylor swifts songs for a mile ….,@20891,2024-02-22T05:36:04Z,13,0.0,Neutral,Positive
"Oh my God she has finally left the synth wave/funk behind, first song from her I add to my playlist since New Rules",@Lembdadelta,2024-02-21T12:07:31Z,12,0.2732,Positive,Positive
the perfect single! that chorus just feels so good.,@yoncedelrey,2024-05-04T15:58:53Z,11,0.8286,Positive,Positive
"I likee, this is really a deep song, a deep topic. I´m feeling that way, I feel like this song  also describing the way I feel about my relationships.",@Floren1111,2024-02-19T16:52:30Z,9,0.4588,Positive,Positive
When that second chorus hits and the extra layers of vocal harmonies come in and they way they're layered with those tasty guitars oooo man! The mix on this song is really great. Can't wait for this new album.,@stennesmusic,2024-04-04T15:26:36Z,9,0.7897,Positive,Positive
kevin going crazy with these songs!! fits so well with dua's vibe and voice,@thetrashbaby,2024-02-24T17:42:37Z,9,0.2324,Positive,Positive
"I like the beauty of Hollywood how dua lipa describes her relationships as simple ""training season"" however, Hollywood never had training things and seasons because creativity, beauty of pure nature, experimentations, heart breaks, and overall connection, community, and emotions waving out as waves poring life into the whole industry and the world cannot be moulded through ""training seasons"" ❤",@OsamaAzam-kk8mb,2024-06-14T18:22:19Z,8,0.9686,Positive,Positive
"Dua being iconic again, I m obsessed with her 90’ vibes can’t wait for her next tour 🤩",@veramc543,2024-02-17T09:39:05Z,8,-0.1779,Negative,Positive
Dua vocal is much better than Taylor Swift.,@SamuelSenapati,2024-02-20T00:07:36Z,7,0.5719,Positive,Positive
"This song is way too catchy, i'm so excited😊",@Jennyestsweetheart,2024-05-03T15:56:28Z,7,0.8553,Positive,Positive
Stylish vibe w/ sweet musical flare as one can always expect from the master that is Dua Lipa!,@DorothyOzmaLover,2024-02-17T13:52:51Z,6,0.5093,Positive,Positive
It's giving Abba with those piano chords 👂🏽❤,@pipingo9978,2024-02-17T20:31:09Z,6,0.765,Positive,Positive
Training Season by Dua Lipa is melody excitement at its finest.  The humorous and imaginative way that Dua Lipa is portrayed in a hypnotic and alluring way is also part of the music video enchantment.,@stellacarrier8341,2025-03-06T04:25:31Z,5,0.7003,Positive,Positive
Her an Calvin Harris NEED to make another song together it's time to go back to those EDM pop vibes,@XTheeKing,2024-03-02T22:30:46Z,5,0.0,Neutral,Positive
Amazing song. A little weird hearing her using high pitch but sounds amazing anyways. Saludos from Argentina DUA!,@themarushin,2024-02-17T21:37:16Z,5,0.8266,Positive,Positive
She's so underrated..i love her lyrics so much❤,@wutaryaadoin,2024-07-22T08:56:53Z,5,0.8733,Positive,Positive
besides the music...lyrics are actually relatable in some context like woah,@cemc9005,2024-02-18T21:16:35Z,5,0.3612,Positive,Neutral
This sounds powerful!,@k.a.m6074,2024-02-17T20:41:42Z,4,0.4753,Positive,Positive
The kind of song that the chorus plays endlessly in your head ❤,@Michael-xi5lj,2024-02-19T08:28:07Z,4,0.7351,Positive,Positive
Chorus is so catchy and cool,@maritesalvarez839,2025-02-12T07:30:39Z,4,0.3744,Positive,Positive
Am I the only one who actually likes this music video? Pairing this upbeat song with such a simplistic video like this fits really well because it's not overstimulating.,@valentinoprincejr,2024-06-13T07:17:22Z,4,0.7713,Positive,Positive
Wasn't sure about this song the first time i listened just because its got very different chords and structure than most pop but after a few listens i really like it just for that reason.,@briancrawford69,2024-02-18T01:09:27Z,4,0.4954,Positive,Positive
The worst Dua’s musical video 💀,@goslixz,2024-02-21T01:00:08Z,4,-0.6249,Negative,Negative
"quite boring song, not catchy.... the video is also somithing strange. Before the songs were much better",@zoeloseva4052,2024-02-17T17:17:21Z,4,-0.1263,Negative,Negative
90s movie vibe🎞,@水森-c4d,2024-02-18T06:32:17Z,3,0.0,Neutral,Positive
They play this song once every 2 hours at work... Very catchy,@Nasedo34,2024-07-09T06:36:12Z,3,0.34,Positive,Positive
Ironically  the song sounds like a whirlpool. Musically and visually everything begins to spin and then stops in the chorus. What makes you feel like VERTIGO.🌪🌀🌀🌀,@raymundogimenez2941,2024-02-18T03:49:38Z,3,0.5267,Positive,Neutral
I’m sick of 14 yr old girl lyrics,@Rhinestonecowgirll,2024-02-28T23:17:57Z,2,-0.5106,Negative,Negative
"It's gonna be hard for this era to beat Future Nostalgia because FN is pure perfection, but I'm so ready for Radical Optimism!!",@BubuRulez,2024-03-27T14:46:44Z,2,0.916,Positive,Neutral
Lyrics are on point ❤🇦🇷,@irenerbustos,2024-03-01T23:31:35Z,2,0.0,Neutral,Positive
"Her worst video /song. Hate her new basic look. No wonder she is in her flop era. Girl step it up, stop playing it safe!",@hlgrmdr9556,2024-04-15T13:44:04Z,2,-0.8805,Negative,Negative
The chorus EASILY could have been an ABBA song.,@justafidemyself,2024-02-17T21:05:25Z,2,0.4824,Positive,Neutral
This is her worst single,@bradenkun,2024-06-26T02:46:19Z,2,-0.6249,Negative,Negative
..the chorus reminds me of Digital Farm Animal (Tokyo Night)...,@hekuz1066,2024-03-06T06:54:57Z,2,0.0,Neutral,Neutral
Why does this lady have such catchy songs,@milky1234123,2024-03-27T23:31:46Z,2,0.0,Neutral,Positive
Ariana grande and dua lipa are carrying pop genre. Two amazing music artists. No other female music artist can beat them,@jasyillnel4402,2024-04-10T08:36:10Z,2,0.3818,Positive,Positive
Everyone song of her give different vibes ❤,@ankurdas4608,2024-02-18T04:57:05Z,2,0.6369,Positive,Positive
This song is really catchy,@yescool4030,2024-03-10T03:20:08Z,2,0.0,Neutral,Positive
Giving a Monica Bellucci from Malena vibes,@Gigixoxo123,2024-02-18T18:24:06Z,2,0.34,Positive,Neutral
Why does her voice sound pitched up compared to her live performances,@highfidelity909,2024-03-09T07:07:15Z,2,0.0,Neutral,Negative
"THIS lyrics especially For WTF human YES THAT HUMAN 🎶Conversation overload, got me feeling vertigoooooooooooooooooooooooo🎶💯😎👍 Dua Lipaaaaaaaaaaaaaaaaaaaaaaaaaaaa is beautiful woman 💯😎👍",@bitterbetterlife3037,2024-03-02T13:03:08Z,2,0.7595,Positive,Positive
"Her lyrics are always kinda... the same? Like ""Oh, I need a rush of love, can you handle it, can you handle me, come on boy lalalala?"" Lol... yeah, it's a ""nice"" pop song... but is it really?",@felipeleal6177,2024-02-19T20:52:40Z,2,0.7997,Positive,Negative
Dua has the best melody's and beats i swear,@MelisaKara-fm7im,2024-02-22T23:47:58Z,2,0.6124,Positive,Positive
"The whole lyrics hit me hard, love you Dua for this beautiful song ❤",@lelyic6338,2024-04-03T02:49:55Z,2,0.9277,Positive,Positive
Love this song but the video is awful. How do you give everything in Houdini and then sit and drink tea for 3 mins,@reissy09,2024-05-07T23:51:42Z,2,-0.34,Negative,Neutral
FINALLY getting out of that annoying disco music phase with the same annoying back track 🎉,@derek6362-v6j,2024-04-10T03:00:09Z,2,-0.4019,Negative,Negative
Cliche Pop song. Who here can name 5 pop songs literally...literally with this whole sound vibe feel and bpm? Nothing special. A Pop song from a white person vs a black country song just doesn't make sense. This song is so basic omg. If ur into music u couldn't think wow this is so new fresh Pop,@CraigNelson-lm9wy,2024-02-19T20:09:47Z,2,-0.4121,Negative,Negative
"The chorus is ok, the video is boring and derivative.",@erikjohnsen3978,2024-03-02T04:35:56Z,1,-0.3182,Negative,Neutral
I hope the worst thing I could expect in 2025,@weglik102na2,2025-05-15T21:53:27Z,1,-0.296,Negative,Negative
"Love the vibe of your new songs sooooo much!! Going through same times, can relate to every word. Your new songs give me so much energy & support every time I listen to them! Thank you for your art, Dua! Can't wait for a new album!❤‍🔥",@leilaninrussia,2024-02-17T22:03:58Z,1,0.8897,Positive,Positive
The video could be more visualising and connected to the lyrics fantasy,@georgisvetoslavov7602,2024-05-13T19:25:33Z,1,0.0,Neutral,Negative
"This song gets better and better when you listen to it more. At first I didn’t really think much of it but now listening to the lyrics carefully and the melody, this song is very addicting now ❤I appreciate it more now",@Luxebeam,2024-12-16T02:47:03Z,1,0.802,Positive,Positive
Good vibes,@johnpaulistano,2024-02-19T21:52:04Z,1,0.4404,Positive,Positive
"Sorry for the disturbance in the song. Im the influence. Whats going on is temporal telepathy with effect before cause going on. I.e you reacting, effect, before me viewing it and yeah my brain just doing its thing. 1k and ill stfu instead of singing along. Its not malicious i just cant turn it off",@plightmoreton5220,2024-02-24T02:54:55Z,1,-0.5423,Negative,Negative
By The Way Dua my Potential is unlimited .Crazy Maybe but my Lyrics and Songs will suit U .Love Ya The Humble Poet Peter,@peterjohnptak-The-HumblePoet1,2024-04-23T08:00:43Z,1,0.7269,Positive,Positive
I love the song beat the lirycs everthing at all,@cremildolemos6919,2024-12-16T10:51:55Z,1,0.6369,Positive,Positive
Bridge and chorus stolen from somewhere else some other song 💀,@ren1710,2024-03-26T11:20:37Z,1,-0.4939,Negative,Negative
The bridge hits. Chorus is amazing yessss!!!!! You look amazing,@cenlina6868,2024-02-21T02:21:08Z,1,0.8679,Positive,Positive
"Her best son yet, the buid-up is truly amazing, the lyrics are terrific!",@manantial773,2024-02-18T19:35:16Z,1,0.9359,Positive,Positive
Pretty powerful voice,@sheikhmuhammadrafiq5114,2024-10-31T07:53:16Z,1,0.7184,Positive,Positive
giving Love again vibe. making totally nostalgic.,@prabhudattabhuyan7128,2024-03-02T20:37:37Z,1,0.765,Positive,Positive
Why have I heard this melody somewhere before?,@Miles-Morales-q3w,2024-06-17T03:18:06Z,1,0.0,Neutral,Neutral
"I love this music, but is missing emotion!! On the chorus she could be standing up and dancing hahaha",@claracasa,2024-04-11T14:28:46Z,1,0.7418,Positive,Neutral
"Loved it!!! ❤️‍🔥❤️‍🔥❤️‍🔥 I hear some Get, Get Down melody and it’s perfect!!!",@monicaxsydan,2024-02-18T19:55:31Z,1,0.5526,Positive,Positive
"Great song, but the lyrics are misguiding. It’s a must the couples be willing to show what each needs and are able to listen unfiltered.",@Share_Musician_Love,2025-07-14T11:03:51Z,1,0.3716,Positive,Neutral
Vibes of weekend,@DandelionAcademy,2025-04-25T15:03:54Z,1,0.0,Neutral,Neutral
The bridge hits. Chorus is amazing yessss!!!!! You look amazing,@KevinRooney-m6k,2024-02-18T05:24:10Z,1,0.8679,Positive,Positive
"the lyrics, every dua sound is the best!!  yess",@marielbeccagliaandrade2771,2024-02-20T04:07:55Z,1,0.6988,Positive,Positive
Need the lyrics,@sanvaritha7278,2024-02-18T09:19:47Z,1,0.0,Neutral,Neutral
Great song by Tame Impala with featured vocals of Dua Lipa 👌🫡,@thisismk1,2024-02-17T21:43:59Z,1,0.7925,Positive,Positive
"is this the album that was supposed to ""revolutionize pop music"" said TEXTUALLY by someone on his team whoever tf it was?? cause this is LITERALLY the most generic a** pop sh*t I've ever heard in my life, not even bad, just radically GENERIC, medicore, vacuous 🤷‍♂🤷‍♂🤷‍♂🤷‍♂🤷‍♂ all of these singles are literally the absolute polar OPPOSITE of radical or revolutionary, absolutely f*cking ridiculous marketing they've got going on, if I'd listened to it blindly I just would've kinda shrugged but because of it I just actively dislike it",@burnacco,2024-05-05T01:10:41Z,1,-0.196,Negative,Negative
"if Emma Stone was the last person on earth I'd rather talk to a branch,hey Dua ❤ for you love that song it sounds so familiar to something but what the hey I like ❤ it",@kermetmehefrog9605,2024-03-01T17:28:20Z,1,0.9354,Positive,Neutral
lyrics and music disgust and clothes disaster,@AmadeusGarcia-e1l,2024-09-11T12:39:03Z,1,-0.8402,Negative,Negative
Worst song of dua lipa,@dunkindonutssss936,2024-02-20T05:10:49Z,1,-0.6249,Negative,Negative
ESSA MÚSICA ME LEMBRA MUITO NO INÍCIO A MÚSICA TEMPO DA PRISCILLA. 😮,@0.Maelzin,2024-08-11T22:09:11Z,1,-0.4466,Negative,Neutral
The video clip is sooooo weirdo ahaha it smells 2013 and not in a nostalgic way,@nur1739,2024-12-13T14:15:48Z,1,-0.4215,Negative,Negative
"Has a bit of ABBA song vibe, just not sure which one 😂",@garavo1,2024-03-02T05:04:24Z,1,0.2354,Positive,Neutral
I feel I want to be with her when she’s creating the lyrics. Such a powerful song,@mohammadarif6404,2024-02-17T08:48:02Z,1,0.6486,Positive,Positive
"Dua lost her mojo. Dance the night, Houdini and now Training Session are the same. So generic and boring.",@Venkman990,2024-02-17T09:02:25Z,1,-0.5945,Negative,Negative
Really like Dua but this is mediocre at best - 17th at Eurovision vibes. Very forgettable.,@kieranstewart78,2024-02-18T11:57:04Z,1,0.827,Positive,Neutral
One of the worst songs,@Robbie-s1b,2024-11-26T19:59:38Z,1,-0.6249,Negative,Negative
"Even Dua has  experienced this horrible horrible  actual dating scene, it’s just horrible out there, I always believed in soulmates and a forever love story, now I have turned completely 4b cause dating right now ain’t it, market is just AWFUL",@nenataluv.7791,2024-11-17T02:26:36Z,1,-0.8924,Negative,Negative
"New lyrics : They come from Polk City, York, HannahJerrik, Plymouth, and Boston. ¿Estás en forma, listo para luchar como un baile, listo para correr?",@MidwestSouthernwriter08241,2024-10-18T23:21:43Z,1,0.0,Neutral,Neutral
"Yes, I am. But final word and decision is on Ladies side always. Her heart is going to flow in the ocean of emotions and new frontiers.",@slobodanstamenkovic6017,2024-06-09T15:34:28Z,1,0.8248,Positive,Neutral
2020 Vibe 🎶,@tomdavidmusic,2024-03-02T09:55:12Z,1,0.0,Neutral,Positive
What a sexy and catchy Pop I cannot 😮❤❤❤,@AbdZallo-te5tv,2024-05-17T19:00:20Z,1,0.9517,Positive,Positive
"What a Vibe.Pop Queen Dua, You have rocking taste in music🎉⭐🤭🤘🏻",@ifirulledtheworld,2024-03-10T13:21:10Z,1,0.7096,Positive,Positive
"I love the song, but the video feels awfully intimidating. I was scared the whole time that they'd grab her.",@suvijii841,2024-02-18T22:16:12Z,1,-0.7607,Negative,Neutral
"The chorus is the best and vibe is like that popular girl in high school, who has all the boys hooked up on her that's the vibe it's given me",@amanbamrah514,2025-03-27T22:40:44Z,1,0.8591,Positive,Positive
Different vibes 😃,@shyamabha4510,2024-02-21T16:20:48Z,1,0.3612,Positive,Positive
2000's Vibe 🎉❤,@trisadhono,2024-02-27T13:34:13Z,1,0.7845,Positive,Positive
Has ABBA vibes ?? 😅,@maheshduki5525,2025-07-11T05:07:05Z,1,0.4329,Positive,Neutral
Thursday February 29th is LEAP Day LEAP LEAP DUA LIPA LIPA DUA LIPA LEAP DAY Muse Dua Vibe Rising Lipa Day Every Day Omm...02/29/2024=LIPA DAY,@j.a.-freed_2024,2024-02-29T02:33:38Z,1,0.0,Neutral,Positive
So Fantastic Lyrics 👍❤️👍❤️. Amazing Music 🎵🎶🎵🎶. Rocking Voice Friend 😍🥰😍🥰.,@omparcha7068,2024-03-06T09:46:31Z,1,0.9855,Positive,Positive
ego asf i'm sorry but i dont like the music video as well as the lyrics,@otmanotelma4320,2024-02-18T13:25:05Z,1,-0.0426,Neutral,Negative
The chorus is good,@AshleysGuzman,2024-02-28T19:54:04Z,1,0.4404,Positive,Positive
I STILL WONDER....WHY DO THEY SAY EVERY DETAIL OF THE VIDEO CLIP IN THE COMMENTS BELOW EVEN THE NAIL ARTIST AND IT DOES NOT SAY WHO WROTE THE MUSIC AND THE LYRICS OF THE SONG?  WHY THIS DISDAIN TO THE ARTISTS?,@Iliasmakridis,2024-02-17T10:43:11Z,1,-0.6105,Negative,Negative
Where's the lyrics guy,@saifmahmoud8860,2024-02-21T18:23:01Z,1,0.0,Neutral,Neutral
The Beat 92.5,@SamuelAttias-ru8fw,2024-02-21T00:42:25Z,1,0.0,Neutral,Neutral
"She is out of this world. Beat, groove, style.....amazing 🥰🥰🥰",@silvo_celhar,2024-03-14T06:49:23Z,1,0.9716,Positive,Positive
Dua always brought us to classic pop and discotic..i feel like just booster..when i walk or driving..just turn on this song..guys..the vibe so fucking crazy..u will happy and positive vibe from morning until midnight..hahaha,@p.g.t9775,2024-03-05T09:46:28Z,1,0.8768,Positive,Positive
"The part with her deep voice, remind me of 'Dua Lipa' album, those good old days!! ICONIC",@chillvibesmix,2024-03-30T04:41:38Z,1,0.5399,Positive,Positive
"Reminds me ""Malena vibes""",@carlosc9837,2024-03-02T01:37:28Z,1,0.0,Neutral,Neutral
FORGETTABLE,@eddieteabagify,2024-02-18T13:10:29Z,1,0.0,Neutral,Negative
"Great evolution and development for Dua Lipa in terms of music style, dance choreography, vocals, attitude and bravery from her first hit ""be the one"" she went hiatus and astonishing with her latest number 1 masterpiece jam hit ""training season"" that will gonna blast and dominates the charts aroud the world in this year of 2024 and I'm living for it❤",@marco_supernova2704,2024-02-21T15:06:28Z,1,0.9524,Positive,Positive
"❤️ THIS lyrics 🎶Conversation overload, got me feeling Verti gOOoOOOOOO🎶💯😎👍Dua Lipaaaaaaaaaaaaaaaaaaaaaaaaaaaa is beautiful woman 💯😎👍",@bitterbetterlife3037,2024-03-03T21:22:34Z,1,0.836,Positive,Positive
The rhythm in this song is so good,@namikozuki3135,2024-06-22T06:28:47Z,1,0.5777,Positive,Positive
Song gives me summer vibes 🥂🤩,@Itsama_O,2024-04-23T19:07:58Z,1,0.0,Neutral,Positive
The bridge hits. Chorus is amazing yessss!!!!! You look amazing,@BaladasDelRecuerdo2023,2024-02-22T12:54:07Z,0,0.8679,Positive,Positive
"THANKS, GURL❤ THIS HIATUS OF POVERTY AND DEPRAVITY CAUSING ADMINISTRATIVE HALT CALLED BUREAUCRACY WHERE THE GOVERNMENT SPENDS ITS TIME SLEEPING IN A SLUMBER PARTY FAILED INVITATION AND FAILED TO AVOID MONOPOLIY OF AUTHORITY AND POLITICAL EDICT OF THE SAME OL' NEO FASCISM ROBBER BARONS OF ATTENTION AND MONEY PIT MANAGEMENT FEIGNING CONTROL BECAUSE THE ZEALOTRY IN DESPOTISM IS DEADLY COMPETITIVENESS IN INCIVILIZATION OF ABSENTEEISM OF THE PHILANTHROPIC GOOD SAMARITAN, ABSENTEEISM OF RESPECTING ROYALT & ROYALTY AT THE FAILURE OF SEEING RESPECT OF BASIC HUMAN CONSIDERATIONS SUSTAINING MORE VIOLENCE BEGETTING VIOLENCE, AKA., RAPE CULTURE PLAYING OUT THE MONKEY BUSINESS OF THEFT FRAUD AND GRAND THEFT LARSENY MISDEMEANOR NUISANCE COMPOUNDED CHARGES OF HATE CRIME CRIMINAL GROSS NEGLIGENCE IN THE PERSECUTION OF MY LIFE AND ANY OTHER LIFE OF GOOD PEOPLE POISED IN THE STANCE FRONTING OFF WAR AND DISMISSING CONFLICTS LANDING THE STOIC CIVIL DISOBEDIENCE MOVING THE INDEPENDENT INDIVIDUAL FIGHT OFFER FROM CONFORMITY TO ASSIMILATION AND RESISTING TO OPPRESSION TAUNTS VEILED THREATS COLD WAR TACTICS AND FEAR MONGERING AS THE TOOLS OF THE CONSORTIUM OF TYRANNY BY THE RENEGADE PATHOLOGIZATION CAUSED BY HYPER CRITICAL OUTSOURCING TO KABALIST PRACTICE IN COMMITTEE OVERSIGHT DOMINATION WITH MANCHURIAN CANDIDACY FOR USURPING OPPORTUNITIES OF SINGLETARY AWAY FROM GOD'S MOST GRACIOUS GIFT IN ME. THE BUCK STOPS HERE. NO MORE EMPTY BOBBLEHEADED DASHBOARD CHOTCHKIES IN THE DISTRACTION DISTORTION AND DISGUSTING REALITY OF CONSUMERISM IN SYSTEMIC FAILURE TO IDEALIZE THROUGH OPTIMIZATION OPTION CHOICE SELECT OF PERSONAL BESTING NEVER GIVING WAY TO FANTASY BECAUSE THE TRUE LEADER HAS REACH, DEPTH, AND FRIENDS..FAMILIARS..HAPPY DESTINY TO TRUDGE.",@God4EverKingJAM,2024-05-22T04:40:52Z,0,-0.9949,Negative,Negative
Tame impala on the beat is crazy!!,@michaelcarranza6112,2024-05-08T20:20:18Z,0,-0.4559,Negative,Positive
"Dua Lipa is a supporter of genocide and apartheid. And this is just incredibly mediocre, over produced, autotune filled garbage.",@ZenAndPsychedelicHealingCenter,2024-05-05T03:12:54Z,0,0.2732,Positive,Negative
This feels nostalgic already,@MIckeybnoise,2024-04-16T06:08:47Z,0,0.0,Neutral,Neutral
What a beat and no dance,@nicoleduffin1489,2024-06-01T12:55:21Z,0,-0.296,Negative,Neutral
Synth audio and Electronic voice augmentation anyone can do this with the right connections and know-how. How many would be able to make it without it ?  Very few I think.,@ericswain4177,2024-04-10T18:38:59Z,0,0.0,Neutral,Neutral
"At first I thought the chorus was like ""meet someone at omeagle"" and I was so confused because it made sense 😂",@gsantos2708,2024-02-22T20:51:05Z,0,0.3418,Positive,Neutral
"Ela canta aos 04 cantos do planeta e todas os planetas não terrestres, ela é foda, canta pra caramba, está amadurecida vocalmente e pessoalmente e com uma bagagem grande de experiências, só mostrando o nível da artista que é hoje, uma cantora cheias de camadas!!",@mayborges853,2024-03-03T18:28:40Z,0,0.0,Neutral,Positive
sorry but this video is giving me 'white couch' vibes 🤢,@cullinanel2,2024-03-04T12:19:09Z,0,0.4497,Positive,Negative
there's such an interesting vibe to this video.. something that is different...,@qubyyyy,2024-02-19T23:08:19Z,0,0.4019,Positive,Positive
"I don't know about the rest of ya'll, but i get Transgender Vibes from Dua Lipa!!!",@peteepablo3035,2024-02-29T18:21:00Z,0,0.0,Neutral,Neutral
This beat feets my heart beat❤ U dua,@lastfairycoffee2000,2024-02-23T17:20:47Z,0,0.8555,Positive,Positive
"Video is unimaginative. But that beat, dear god.",@EstarmirHernandez,2024-02-23T19:38:17Z,0,0.7227,Positive,Neutral
"🤔😐Do you know what the most important thing in the world is🌎🌍 to do? It's not making money,💰💰 it's not eating,🎂🍰 or drinking,🍷🍾 much less playing games.♠♣♟ We came into this world with nothing, and we will leave it with nothing. Here everything is temporary, but on the other side everything is eternal. So the most important thing is to follow God, read the Bible, attend an evangelical church and prepare yourself for that day that you don't know when it will come; otherwise, you will descend with the other👺 into a suffering that will never end.😰😭😫",,2025-02-28T23:50:07Z,0,-0.6863,Negative,Negative
"Crazy how nowdays we less watch music video. I remember back in the day, Fifth harmony break a record for the music video of ""That's my girl"" with 5 million of view in 24 hours. And now, it's been 5 days since the release of ""Training season"" and it got ""only"" 5 million view.",@caroline634,2024-02-21T07:42:43Z,0,0.0772,Positive,Negative
Ojete Calor - Viejoven vibes,@bela8443,2024-03-14T02:45:26Z,0,0.0,Neutral,Positive
"Yes, she is Pop Music, like this music artist Duo Lipa, love listening to her music over a huge system in my home st. barths in the clubs outdoors, and i hope you all reading this will subscribe to me on my channel and listen to my “new vibe music” which is Future-Soul-Hiphop. Top life to all reading this and coming throug this great artist page.",@skinhitters,2024-03-20T00:22:30Z,0,0.9651,Positive,Positive
Essa música e o clip é perfeito. Deveria ter mais de 100 milhões  a muito tempo.,@patrickagel8863,2024-06-16T02:02:10Z,0,0.0,Neutral,Positive
"This music gives me a russian music vibe, I don't know why, but it's good",@gabrielsumimoto623,2024-02-24T00:40:06Z,0,0.5927,Positive,Positive
Beautiful music and melody. Visit the page and don't forget to subscribe😊,@manop_,2024-02-26T22:06:51Z,0,0.8902,Positive,Positive
"Look at all the future absentee, deadbeat dads in this video...",@johnbergstrom2931,2024-05-27T15:07:14Z,0,-0.2732,Negative,Negative
the chorus kinda ate tf,@AbdulMuqeett,2024-04-13T22:40:11Z,0,0.0,Neutral,Positive
The piano version is epic and very emotional. I like it more.,@nsazensaze7070,2024-03-12T18:18:47Z,0,0.5657,Positive,Positive
This pop music beat feels sooo good. Love u Dua ❤,@matheuscorrea5447,2024-02-25T18:06:26Z,0,0.9062,Positive,Positive
i wanted to like this but it just sounds the generic regurgitated popular music :( with no depth,@mirageangelica5495,2024-03-23T16:00:15Z,0,-0.296,Negative,Negative
"Cool tune. Got here courtesy of that short that that said this is another *stolen* melody from a much older song, the usual music producers stealing other's works.",@reichen609,2024-03-20T04:54:29Z,0,-0.4767,Negative,Neutral
"The song is catchy and an instant hit,but the video is degrading to males of all kind.Either i dont get it or she's represented as a goddess and men are fighting over her...right?",@MrZaRaKi82,2024-03-05T12:07:21Z,0,-0.743,Negative,Neutral
"great  video!  made me laugh at the guys , too funny! love the lyrics and beat, another big hit, love you Dua Lipa ♥",@flameztahr,2024-02-29T01:54:46Z,0,0.9771,Positive,Positive
"She´s superpretty , makes awesome music & seems awful nice too !😍",@ultrastellar,2024-03-04T18:06:58Z,0,0.8016,Positive,Positive
I like her a lot but I realize that she never pushes her voice when she sings. Her music is good but without emotion if i may say so.,@Rise-UP1969,2024-03-31T19:01:54Z,0,0.6808,Positive,Neutral
Dua Lipa impeccably portrays the deep disappointment of masculinity and male chauvinist. i loved it,@joseantonio9190,2024-03-08T20:37:09Z,0,0.1531,Positive,Positive
"Great song, great lyrics but why so much vocal post production, she sounds like a robot, or is everyone just getting used to that sound now?",@baudad,2024-05-04T15:05:31Z,0,0.81,Positive,Neutral
catchy af,@cristianacevedo178,2024-03-01T00:08:19Z,0,0.0,Neutral,Positive
"Nosé pero mucho critican a dua lipa pero si es meter el pellejo por dua lipa lo hago xq lo que la gente sabe es criticar y no valorar es esfuerzo que cuesta hacer una buen sensillo solo para que te lo critiquen, pues para el que habla mal de dua lipa debería tomarse un tiempo y verse que es si mismo nadie llegará a sus niveles si es de haré que van hacer pues sus verdaderos fans daría. Lo que sea por poner en su lugar a esa gente venenosa no valora el trabajo que si cuenta solo tienen la vida fácil será xq no les costó es una advertencia el que se critica a dua lipa crítica sus fans, y porfavor antes de criticarla a ella mirece usted primero👍👍💯",@HanielVcrz-ri6iy,2024-06-29T13:39:56Z,0,-0.5267,Negative,Negative
The bridge hits. Chorus is amazing yessss!!!!! You look amazing,@melodiamashermosa_222,2024-02-22T13:15:03Z,0,0.8679,Positive,Positive
"Great POP, SPEED, FLOW and nice lyrics, keep On Going 😍",@ev6944,2024-04-19T18:49:38Z,0,0.872,Positive,Positive
Excellent vocals and rhythm!,@nordagonce5595,2024-07-01T17:15:03Z,0,0.6114,Positive,Positive
hate to say it but u r giving 90s vibes u should make more songs beated on 20s,@JohnHofstader,2024-02-27T07:05:19Z,0,0.1901,Positive,Neutral
DUA IS AMAZING!!!  HE DOESN'T MISS A BEAT. PURE TALENT🥰,@AndrewDesogus,2024-03-23T20:27:30Z,0,0.9597,Positive,Positive
Tbh I wish it was a dance heavy or different take of the music video for such a powerful and meaningful upbeat song.,@vincentmamaril1023,2024-09-02T19:17:20Z,0,0.7783,Positive,Neutral
Dua this is too fucking catchy!!!!! <3,@christiedickman9908,2024-02-18T00:02:02Z,0,0.6538,Positive,Positive
Chorus is amazing yessss!!!You look amazing❤🎉,@Antonella7089,2024-04-11T13:01:04Z,0,0.9466,Positive,Positive
"Glad that this one doesn’t sound so much like the other ones, still fun and upbeat and she served on this one ❤",@lucasdeoliveira6948,2024-02-20T01:27:40Z,0,0.9228,Positive,Positive
"I know this is just a pop song, but the lyrics actually do have a depth, it is exactly how I feel lately and I love Dua for this.  ❤❤❤❤",@Tu_vi_CoC,2024-07-20T03:22:54Z,0,0.9872,Positive,Positive
"❤❤You are very vocal and charming, and you have many fans in Persia (Iran), I hope one day we will see your concert here. ❤❤",@آرشکمانگیر-ح7خ,2024-02-23T18:31:22Z,0,0.9664,Positive,Positive
"Great vibe 👍wrote the best song 🎸 and shortest song I have ever written 😉2mins and 3 Seconds Long. It took 15mins to write ✍️ ……….IT?! Love your Music, that is true, Love your MuSiC 🎧…. I DO 😊",@deanmcgee2787,2025-03-21T18:01:28Z,0,0.9794,Positive,Positive
"This is April 2025 & this DUA LIPA song is exceedingly emotional, exceptionally electrifying, enormously exciting, exquisitely expressive and exclusively enjoyable. The singing is singularly sentimental, spellbinding, superb, sincere and simply spectacular. ❤❤❤❤❤❤",@kesharisuthar3268,2024-06-01T17:44:28Z,0,0.9921,Positive,Positive
❤❤❤❤ this beat and she is smoking hot,@workp-ep9bf,2024-04-08T10:52:00Z,0,0.9571,Positive,Positive
Are you someone who I can give my heart too or should I have tried calling the no nouns who aren't true like the no names are now like the gun is a gain gone a bit too far for the glue to be the game is a gown worn all wrong when the truth is especially the wrong way to move especially when the fun is about to burst through to the way you tuck into the way it hurts you and you should shut up and it is out of the way for the truth is a lobg way through to the door is a wiindow turned into a well enough bruise is as known as the new as real as a burnt enough times to be true as a well is a right as rain is a tune to tight  to tame is the real as raw as the hell is the train so loose to feel the hot of a way to be going to fast as the nice isn't a nay and the knowing of the blue flame is the ice in my vains that's kicks ars to the track where the wars is the last place where I would wear what I would have worn is the hat of a glass plate where I know I am to cool for that and I ask myself is the ace I hold in my hands is no fool to paste and feel the feet that taps and throws up a real taste of a beat that raps around the girls I know who reaps the rewards of get out of the way of being harmed and that's them being a aunt that ain't neat to see the way to go on with the real red star to the East is now to the Eastern part of the bay of plenty who hits hards and that's plenty for me as a plan for me to eat to the west of the place where we would meet especially when you are a bit too much to gentle the bit too far from my home is a rush hour to rest my case to say the least is the best way we speak about the day I would love to moke you the way I meeve you the way of how smoke can lead you away from the deep south on patrol on your knees now and when you say please that's the clown posse who pose for the fun to be free for the big dollars for absolutely nothing is the fee,@Lucien-u2v,2025-02-28T12:36:13Z,0,0.9334,Positive,Negative
"Is this, don’t go wasting your emotion by abba 😂",@maylieallen8919,2024-02-28T18:29:49Z,0,0.0516,Positive,Neutral
Roy Andersson vibe,@RadoslavSharapanov,2024-02-19T11:09:36Z,0,0.0,Neutral,Neutral
the chorus sounds EXACTLY like “Tokyo nights” by Digital Farm Animals what even,@TyH-h6q,2024-02-17T21:08:10Z,0,0.3612,Positive,Neutral
"Amazing lyrics, love the message Dua. Smart and stylish! 💪🏼🫶🏻",@denisvanicek7881,2024-06-11T18:48:07Z,0,0.8999,Positive,Positive
Vibe is ❤️‍🔥,@s.i.n2375,2024-02-18T19:26:01Z,0,-0.34,Negative,Positive
Im liking this ariana grande and dua lipa music videos kind of the same vibe.,@Imrong_10,2024-02-19T10:10:27Z,0,0.4019,Positive,Positive
Her lyrics are getting better and better,@j610j,2024-02-19T13:06:04Z,0,0.7003,Positive,Positive
"I was hoping ""training season's over"" would refer to Dua herself who is now ready for a serious relationship or whatever. But no... It's another one of these tired old song lyrics that demand of men to be better men, while offering nothing in return. Otherwise great song though.",@hansdampf6916,2024-07-29T11:22:41Z,0,0.8126,Positive,Neutral
Eski sarkilarin vibeini veriyo cok guzel,@error0281,2024-02-17T16:27:09Z,0,0.0,Neutral,Positive
"the ( challenge) tone in  this AMS99W is lovely, thanks for the headsup",@Cristopher-c5l,2024-02-17T14:33:26Z,0,0.7906,Positive,Positive
The beat is insane,@Oscar.AnangeloftheLord.Perez.1,2024-02-17T14:04:40Z,0,-0.4019,Negative,Positive
And where is the people that comment the lyrics ?,@JulianOrtiz-g6b,2024-08-25T22:56:45Z,0,0.0,Neutral,Neutral
I felt the vibe like it is millions migrants from East in Europe....,@Sidelong,2024-04-17T03:25:42Z,0,0.3612,Positive,Negative
"I love this song, but the chorus of this song sounds a bit familiar. but can't really what it was.😂😂",@姜林-y2d,2024-02-21T05:19:15Z,0,0.8834,Positive,Neutral
This is just too catchy for me right now >.< :3,@Yumehana8,2024-03-28T21:40:40Z,0,0.25,Positive,Positive
This song has such a catchy beat!,@EllaLewis-p4l1d,2025-05-13T08:37:05Z,0,0.0,Neutral,Positive
Awful taste of mens awful taste of music but beautiful woman,@anjelhristow8112,2024-03-13T10:36:49Z,0,0.5187,Positive,Negative
"If you're saying this to yourself ""what does this song sound like"" I thought the same thing an after searching through thousands of 80's songs in my library,I found it. The group is Hubert Kah, they're German, the song is Machine Gun, it came out in 89. Another song that hints at sounding the same is Indecent Obsession, Tell me Something. I think it was a going vibe in the late  80's",@scottbloomquist8637,2024-02-26T14:19:40Z,0,-0.3182,Negative,Neutral
This era’s singles are so good when you don’t have some annoying white twink saying all her new music sounds like Future Nostalgia,@jlo2715,2024-02-18T18:53:56Z,0,0.5486,Positive,Neutral
"Omg this song is soo catchy, I'm literally singing it everywhere😅 dua fr slayed🎉",@Indrawati-z8k,2025-04-22T15:16:29Z,0,0.6369,Positive,Positive
"Man!, those ""The Doors"" vibes 🔥...",@natanaelvelazquezpastrana2626,2024-12-18T15:59:48Z,0,-0.4003,Negative,Positive
"Is it just me or does this song give ""Wizards of a waverly place (OST)"" vibesssss:)",@MuhammadAhmed-fp5mp,2024-07-18T18:19:11Z,0,0.0,Neutral,Neutral
The chorus to this song sounds like “Tokyo nights” by digital farm animals . I was trying so hard to remember where I heard it from . I absolutely love both tho,@tiffanylee2032,2024-03-04T06:51:18Z,0,0.7292,Positive,Neutral
"The beats and music helps us forget she cannot sing. Kudos to autotune, tho!",@tanayamohanty3058,2024-03-05T17:23:52Z,0,-0.3169,Negative,Negative
"Hi Dua Lipa. I am Lance Smith. Tell you what, I am like your biggest fan. Over night you didn't just come out with a million hits, you came out with a million really really good hits. And it is so much fun to dance. I want you to teach me how to dance to count someday. ... If you ever see a Elton John again, if he tells you he is straight, then be nice to him. If he tells you he's gay, then tell him to leave you alone. If he doesn't leave you alone, then beat the living hell out of him. ..... Dua Lipa, nobody hits high pitch vocals like do. Not even close. How do you do that? It is so amazing. Those high pitches you hit feel so good on my ears. I can't wait for you to explain to me how you get your voice to do that. You are the only one who does that. Um, seriously, how do you do that? !!!!!!! ❤❤❤❤❤❤❤❤❤",@lancesmith5574,2024-05-18T22:07:04Z,0,0.9963,Positive,Positive
15 Jan 2025 - Sexiest Lyrics,@youtubepopular324,2024-07-06T04:46:25Z,0,0.0,Neutral,Positive
"CHAU TEMPORADA DE ENTRENAMIENTO !!""!!!!",@VacaPurpura-m2v,2025-03-12T20:38:57Z,0,0.0,Neutral,Positive
Her songs are always so good this song is soo catchy 😊,@SuccessAlabi-ik9if,2024-06-06T19:51:15Z,0,0.8671,Positive,Positive
beautiful vocals,@Getbetter_182,2024-04-01T16:36:23Z,0,0.5994,Positive,Positive
first bit is awful and pointless but the song itself is amazing.,@WiganStar,2025-02-24T16:35:47Z,0,0.6369,Positive,Neutral
Surpasses any criteria of music vocalization Diaphragm Authentic and impressive that is why it is the best today HIS MAJESTY  Dua Lipa,@rafaelmorancolin3069,2025-02-18T23:20:46Z,0,0.8176,Positive,Positive
Oh yes this is a Great one from Dua Lipa. A lot of different shit that is deep. I Love it!,@camillaGorilla,2024-02-29T01:19:23Z,0,0.8268,Positive,Positive
"She looks mature, her lyrics are mature as well, I love this song, just the tittle is pure poetry",@PatriciaBermudez21,2025-02-04T19:00:58Z,0,0.8979,Positive,Positive
"yeh look, the instrumentals and vocals are on point and truly fkn amazing, this song could've gone for another 5 mins bc I'm not finished at 3 mins 46s",@bugsyd942,2024-06-16T08:55:29Z,0,0.7717,Positive,Positive
She's so good..honestly  the best of this era❤❤❤ she's giving us all what we need great vocals and amazing music ❤❤❤,@kaledboukhechba2765,2024-02-20T20:38:40Z,0,0.9917,Positive,Positive
Her vocals remind of PINK sometimes. I like the song.,@LaurenMontgomery-o8v,2024-03-03T17:42:28Z,0,0.3612,Positive,Positive
The best lyrics! Totally hit everything my mind thinks❤,@karinamojica4396,2024-12-17T14:11:57Z,0,0.8655,Positive,Positive
The Beat is so easly replaed,@PaulaFerguson-u3d,2024-10-05T20:19:08Z,0,0.0,Neutral,Neutral
"Like the deeper tone she uses around 2:40 than I do the higher pitch most of this song uses-  simply a big fan of the older unique sound Be the One, Dont Start Now really lets her pipes shine-  this song is nice sure, but I hope the people evolving her sound get her back to her unique range and power-",@BrianO-f1e,2024-02-22T17:24:39Z,0,0.8316,Positive,Neutral
"The melody is very similar to Blero's song ""Can't you see"".",@sabancingozce1121,2025-02-15T15:44:10Z,0,0.0,Neutral,Neutral
Entire Album has a different vibe!,@PinDrop.Clothing,2024-05-25T06:09:50Z,0,0.0,Neutral,Neutral
I love those lyrics!!!,@lite2317,2024-03-15T18:52:54Z,0,0.7249,Positive,Positive
The guy in the second verse that goes to get in close with dua just makes me melt he's so hot 😮❤,@pamelajones2088,2024-03-05T15:53:59Z,0,0.6369,Positive,Positive
"The autumn equinox painting, the yellow waltz preamble of the season trees, is an emotional psychological theatrical scenario of the composition of the colors displayed on the heavenly wall; the sincere gray is amalgam  with the light of afterglow, in the shades of all the perpetives of the firmament !!!  The vision of the mermaid took place on the blue stone of the sea, and under the great mouth of the moon, which sang in the tuning fork of the watery world of whales and dolphins; capturing the senses of sailors and fishermen; and waking up the deep sleep of the rocks in the infinity of oceanic thoughts!!!  A  pintura do equinócio outonal, o preâmbulo da valsa amarela das árvores da estação,  é um cenário teatral psicológico emocional da composição das cores exibidas na parede celestial;  o cinzento sincero se amálgama com a luz do arrebol, nos tons de todas as perpectivas do firmamento!!! A visão da sereia aconteceu sobre a pedra azul do mar, e sob a grande boca da lua, que cantava no diapasão do mundo aquático das baleias e golfinhos; capturando os sentidos dos marinheiros e pescadores; e acordando o sono profundo dos rochedos no infinito dos pensamentos oceanicos!!!  La peinture de l'équinoxe d'automne, préambule de la valse jaune des arbres de saison, est un scénario théâtral psychologique émotionnel de la composition des couleurs affichées sur le mur céleste ; le gris sincère s'amalgame avec la lumière de la rémanence, dans les nuances de tous les perpétifs du firmament !!! La vision de la sirène a eu lieu sur la pierre bleue de la mer, et sous la grande bouche de la lune, qui chantait dans le diapason du monde aquatique des baleines et des dauphins ; capturer les sens des marins et des pêcheurs ; et réveiller le sommeil profond des roches dans l'infinité des pensées océaniques !!! La pintura del equinoccio de otoño, el vals amarillo preámbulo de los árboles de temporada, es un escenario teatral psicológico emocional de la composición de los colores que se muestran en la pared celestial; ¡¡¡El gris sincero es amalgama con la luz del resplandor, en las sombras de todas las perpetivas del firmamento !!! La visión de la sirena tuvo lugar sobre la piedra azul del mar, y bajo la gran boca de la luna, que cantaba en el diapasón del mundo acuático de las ballenas y los delfines; capturando los sentidos de marineros y pescadores; y despertando  el sueño profundo de las rocas en la infinidad de pensamientos oceánicos!!! Il dipinto dell'equinozio d'autunno, il preambolo del valzer giallo degli alberi della stagione, è uno scenario teatrale psicologico emotivo della composizione dei colori esposti sulla parete celeste; il grigio sincero si amalgama con la luce degli ultimi bagliori, nelle sfumature di tutti i perpetui del firmamento!!! La visione della sirena ebbe luogo sulla pietra azzurra del mare, e sotto la grande bocca della luna, che cantava nel diapason del mondo acquatico delle balene e dei delfini; catturare i sensi di marinai e pescatori; e svegliarsi  il sonno profondo degli scogli nell'infinito dei pensieri oceanici!!! Das Herbst-Tagundnachtgleiche-Gemälde, die gelbe Walzer-Einleitung der Jahreszeitenbäume, ist ein emotional-psychologisches Theaterszenario der Komposition der Farben, die an der himmlischen Wand angezeigt werden; Das aufrichtige Grau verschmilzt mit dem Licht des Nachglühens, in den Schattierungen aller Perpetiven des Firmaments !!! Die Vision der Meerjungfrau fand auf dem blauen Stein des Meeres und unter dem großen Mund des Mondes statt, der in der Stimmgabel der Wasserwelt der Wale und Delfine sang; Entführung der Sinne von Seeleuten und Fischern;; Den tiefen Schlaf der Felsen erwachen lassen, in der Unendlichkeit ozeanischer Gedanken; am unendlichen Grund der Ozeane!!! JJJSSS",@danieloliveira-vz2wp,2024-04-03T00:53:10Z,0,-0.4344,Negative,Neutral
Why does the beat sound like Morgan wallens new song “love somebody” ?! 🤔,@saads5259,2024-10-28T11:48:41Z,0,0.4199,Positive,Neutral
I love this song and the lyrics 🤞🏻💆🏻‍♀️,@lau-lh,2024-05-04T23:23:17Z,0,0.6369,Positive,Positive
I love this lyrics. If you looking for ‘true love’ maybe It’s time to stop chasing love.,@WildFireXX,2024-02-25T07:57:15Z,0,0.802,Positive,Positive
The worst klip ever seen.. Why would someone shoot a video in a refugee camp like this?,@cenkgunes8779,2024-06-10T20:31:13Z,0,-0.6124,Negative,Negative
Love this its old school pop vibes😊,@amandareid9621,2024-04-06T19:52:20Z,0,0.8807,Positive,Positive
The melody of Priya's song by Shahram shabpare,@mehrando7,2024-03-12T13:19:27Z,0,0.0,Neutral,Neutral
"Already boring ,sounds generic and does not take you anywhere.Levitating season.moving on.",@666chinchilla,2024-02-25T15:34:42Z,0,-0.3182,Negative,Negative
0:15 really thought that was Machine Gun Kelly. Was expecting him to have a verse or something the whole time. Guess its not him,@NerdyThingsWithBrendon,2024-02-23T15:13:03Z,0,-0.34,Negative,Neutral
Basically tame impala with dua on vocals,@robertbrighton9797,2024-03-30T06:39:35Z,0,0.0,Neutral,Neutral
Good track lyrics also great,@maciejprandota9542,2024-11-02T21:40:58Z,0,0.7906,Positive,Positive
Though this tune is copied from 1980-90's song...because of our darling dua Lipa mesmerizing vocals...lifted this song blasting hit,@ananddiat9160,2025-02-20T17:30:11Z,0,0.5859,Positive,Neutral
"Who's making her music?! I just heard Eminem's latest song. It was sht. I'm probably his biggest fan. This Dua Lipa's song is fresh  beat good, song good, video ehh",@G.Me79,2024-03-16T14:02:44Z,0,0.8655,Positive,Neutral
"my favourite dua lipa song by far, the choreography, timing and pitch is amazing",@deanmoir5836,2025-01-21T16:57:02Z,0,0.5859,Positive,Positive
"This infuriates me this song is not higher ranked in views. I feel like this is why most pop artists are risk averse and don’t do typically do more experimental sound. The overall public can’t get behind it, won’t make as much money. Sad really, I hope Dua continues making whatever music she wants regardless of the charts",@teezysleezer,2025-06-21T12:13:20Z,0,-0.4804,Negative,Negative
"In loveeee with the lyricsssssssss, slayyyyyyyy",@duhanurer8972,2024-02-19T18:31:06Z,0,0.0,Neutral,Positive
The tune the 90's vibe ❤🎉 what a 💣,@wavythought,2024-03-06T13:28:08Z,0,0.5719,Positive,Positive
"You know she's always gonna bring it with the vocals.  That heat, though.  I gotta get up and dance as soon as I hear it.",@RyanHaney55,2024-04-08T11:53:55Z,0,0.0,Neutral,Positive
Chorus is all my happiness,@ArniMuras,2025-02-01T01:27:07Z,0,0.5574,Positive,Positive
I like the music video and the lyrics of the song is nice.,@markinegbenoseokpiabhele2117,2024-02-21T02:03:58Z,0,0.6486,Positive,Positive
"Gonna be honest, kinda disappointed that there isn’t a dance piece that the guys broke out into for the chorus.  The song has such a great beat and an awesome build up from the bridge into the chorus that would have been amazing with some choreography!",@DD-nt8uj,2024-06-29T05:13:37Z,0,0.8997,Positive,Neutral
Video clip doesn't do the justice to the beats.,@nicoleduffin1489,2024-06-01T12:21:07Z,0,-0.4168,Negative,Neutral
"Love this song ❤and also get some Ethan Bortnick vibes if you know his music ,",@paulianward5779,2024-02-21T19:15:25Z,0,0.6369,Positive,Positive
"She is so gorgeous. Great song, she always makes good catchy music",@chelsey1087,2024-02-22T01:04:15Z,0,0.9245,Positive,Positive
"Sick beat, guitar rift of the decade? 🔥 Loving it",@picas367,2024-03-08T09:40:21Z,0,-0.2023,Negative,Positive
"Love the song although it does sound like anbother song in the chorus- like plagerised lol, video sucks though",@twistedcherrypop,2024-03-13T20:57:11Z,0,0.8591,Positive,Neutral
"Esta pessoa, @anagalvaoperez, não tem habilitações para ensinar espanhol, nem conhece os princípios básicos: o seseo, ceceo e voceo. Se ela fala tipo ""sopinha de massa"", é porque não aprendeu nada no tempo que viveu em Espanha e estudou em escolas espanholas... se quer ensinar, não ensine mal... e os trocadilhos maus não ajudam...",@ElisabeteCoutinho-gn7xf,2024-06-18T19:08:51Z,0,-0.296,Negative,Negative
when the song sounds like a BANGER but the millionaire popstar's team couldn't afford captions so miss a quarter of the lyrics 😭,@alik9783,2024-03-16T22:30:39Z,0,-0.7248,Negative,Neutral
Intros like into deep sum41,@kithmalwimalaweera8176,2024-02-23T16:39:44Z,0,0.3612,Positive,Neutral
Autotune??,@alokgupta4200,2025-03-08T13:40:39Z,0,0.0,Neutral,Neutral
Need Beats?,@sunnygobmanasse,2024-02-28T08:54:28Z,0,0.0,Neutral,Neutral
"The teacher was sure, he can't sing - too deep the voice.  As he hear what there say, an Vulcano has break out and the lava was in flow ^^  (Without this stupid teacher, we have never seen her)",@super-8,2024-02-22T08:50:42Z,0,0.6726,Positive,Neutral
"Well I ik side effects were literally my bane of existence 🤣😭😆 ❤❤ been loving the mind spirit force nation we could create got the notes but they are all like this love are calling you in a few years since I've been taught not to be able to bend the door thrice ringed octopus 🦑 🦑  sacral plexus withmy lover have to start unfolding to untangle refine close to resting subject to sleep 💤 💤 💤 like a stand alone 4 pillars of eternity lasts inside 💠 👄 💓 👄 to the library under the trees the sounds4to get some 🎉🎉KrazyKoolKrew ad on a personality trait is it not 🚫 🚫 it's from the hearts beautiful tapestry intertwined through time and space theuniverse 😉 😉 💝 😘 😉 😉 ☺️ 💥 💫 🧹 💚 🤍 💜 🖖 🤞 🍄 🍀 🍁 🍁 🌴 🍀 🍁 🌈 🫧 🔥 🙌 🫶 🦻 👅 🫦 🌉 🌉 🌐 💞 ✨ 🎶 🦋 🫀 🍁 🌈 🫧 🔥 🙌 👐 🤞🤞🤞🥳🥳🧐🧐🫠🫠🥰😍🥰🤩😇👁️💟💚🤍❤️🤍🩵🩵💥🌟🌟🕳️🌟🌟----÷AO(XISA.. 9star or tenth avenue north crescent rolls 🥐 🥐 💥 🥐 💫 🧹 💚 🤍 💚 🤍 💚 🤍 💚 🤍 💚 🤍 💚 🤍 💚 🤍 🥐 🥐 💥 💥✌️ 🫰 🫰 🫰 🧝 🧙 🧛 🧑‍🔬 🧑‍🔬 🧑‍🔧 😽 💖 😶‍🌫️hills have eyes from crying the emotions to kinda explode into the internals what are the chances of as we see the moon and we have been looking at the sun 🌻 lights all the same switching to the bar hoping to see you and I can see it now but I'll have to look for the next two days in my life ❤❤💠🕰️⌛🧲🧰✒️⏳🪄🤍💚🧬🧭 💖 🙏 😽 Where have you gone, been a few years since start, seeking to be able to make it through this year would have been the seeking to be home by the love generation ❣️ ❣️ 🙈 😍 🌹 🎶 🛸 ⛩️ 🛸 🦄 🌠 💧 💯 ❣️ 🙈 😍 😍 💚🧑‍🎤🙈💚🧝🧑‍🚀🫅🖖🔮🌠🌠🌠🌠🌠🌠🌠😍🤩😍🥹🥹🤪🤐🤪🥺🥰🥰🫡🫡😳 curiosity T 3:33 42 47 to get to know you more than anything else 💞 😽 🎉😴😴🤯leavitate to a galaxy's edged  ⚔️ 🛡️ 🗝️ 🔐 🗝️ 🗝️ 🔐  🗝️ 🔐 🗝️  🔐   🔐  🗝️ 🔐 🗝️ 🗝️ 🔐 🗝️ 🗝️ 🔐 🗝️ 🗝️ 🔐 🗝️ 🔐 🗝️ 🗝️ 🔐 ⚔️ ⚔️ ⚔️ P❤bit different Toxic us family thanks for the healings bit of mirrors and smoke lazers3:334247💠 💠 💠 😶‍🌫️ 😶‍🌫️ 😜 😎 🪄 💚 🤍 💚 🤍 ❤❤🌠⛩️🎶 exactly seeking ice twice and the ocean thrice the one in and the the one 🕐🕜 times been hard going 🤣🤣🤣🤣🤣🤣🤣 yes i can switch this is the flow IYKYK IKYK told the guys not all but who knows what will happen should be able to see you with eyes only on 2 simultaneously need at least 3 for the activity of 3 sight ❤❤❤ car brain...😅😅 realistic realizations for my philosophy research genius with some flare (fucken trust you and the ones at the table forgot to check when we talked was yesterday for me xox love)",@AngMcGuire-p2f,2024-12-11T16:07:13Z,0,0.9999,Positive,Neutral
Es hermosa esa mujer ❤❤❤ Que buen beat y ritmo musical,@19752535,2024-05-05T06:07:50Z,0,0.9274,Positive,Positive
"The production on this is dire. Weak keyboard (like a kids keyboard) and the vocals are over compressed and dull, like they're covered in muslin.",@niptodstan,2024-12-27T16:49:12Z,0,-0.5574,Negative,Negative
Comment dire. Entre deux tempos 😉,@johannrenault6940,2024-02-18T00:28:07Z,0,-0.4588,Negative,Neutral
catchy,@huuduy1916,2024-02-18T14:11:42Z,0,0.0,Neutral,Positive
I can feel the sadness in every notes 🥲,@loanhua8598,2024-07-29T12:10:10Z,0,-0.4404,Negative,Negative
"Not my kind of music as such, but this a catchy Pop tune",@bluenose7966,2024-03-17T15:11:51Z,0,0.0,Neutral,Neutral
"I love Dua Lipa, she is flawless both visually and musically! But not gonna lie, this vid would’ve been way better without all those creeps hanging around her and gawking at her through the window. It gives off creep vibes and makes me feel uneasy to watch her there amongst all that!😧",@Ozzyhellsbells,2024-03-06T10:13:32Z,0,0.2695,Positive,Neutral
"To the lyrics, to the content: okay but how about a little humility. You're all about ""what I need. """,@drpepperr,2024-02-17T17:55:11Z,0,0.1154,Positive,Negative
is it just me or it gives 2000s vibes?,@cristianniviayo1926,2024-02-19T16:52:47Z,0,0.0,Neutral,Neutral
Nothing special in the song. So generic. Still arrangements are pretty good,@elforium,2024-02-19T18:40:13Z,0,0.5916,Positive,Negative
Why the chorus is similar to Tokyo Nights by Digital Farm Animals? 😮,@tnhatheoptimist,2024-03-10T19:01:28Z,0,0.0,Neutral,Neutral
"I enjoy the young lady's singing. The driving beat will be hard on the ol' head, but it's pretty fun.",@tepeassydac,2024-05-05T04:32:52Z,0,0.8922,Positive,Neutral
Stealing tokyo nights’ melody 😅,@Pinterge,2024-04-06T08:24:51Z,0,-0.296,Negative,Negative
Disco + 90’s vibes,@marvinvaleros189,2024-02-18T13:49:53Z,0,0.0,Neutral,Positive
"The chorus is good Dua Lipa, the rest is just pure junk.",@XuroX.,2024-04-15T00:40:27Z,0,0.4404,Positive,Neutral
Hold you deeper than the holy Ghost,@MatthewMacdonald-k4c,2025-05-14T02:02:29Z,0,-0.3182,Negative,Neutral
It reminds me of Jennifer Lopez  vibes I love it!❤,@GabhyTeguia,2024-03-06T18:56:24Z,0,0.8655,Positive,Positive
I love the transition of the beat and this song is the best,@bartgasior3947,2024-05-03T19:00:35Z,0,0.8555,Positive,Positive
Anyone else catching that LG “New Beginning” ringtone feel to the track? 👀,@princesskamuri,2024-02-19T18:16:47Z,0,0.0,Neutral,Neutral
"Beautiful and powerful, Dua never failed to make great music!",@helenli615,2024-11-24T19:10:37Z,0,0.9299,Positive,Positive
"I was trying to find the name of another song with lyrics that sound like _""We were happy once.... All the timeeee.... Everything's going to be Alright""_ (melancholic song sung by female with voice like Lady Gaga) but instead i found the other song I heard on radio... Every song Dua puts out ends up being so catchy 😍 9:25am 16.6.2025",@saadsrequiemforsasuke7041,2025-06-16T04:29:50Z,0,0.8631,Positive,Positive
its giving VIBE,@akss-l8y,2024-04-06T09:39:43Z,0,0.34,Positive,Positive
"I discovered today a Korean tradition according to which, the first song listened to after midnight on January 1st, would set the tone for the year. I guess cupid decided to ruin my year, I'm fucked 😂🎉❤",@PYasco,2025-01-01T22:51:25Z,0,0.1531,Positive,Negative
"Because of the evil of human beings, and the hidden tyranny of darkness, the rain will always cry with deep and constricting tears over the lost hearts of men and women!!! The moon will always recite a poem illuminating the night!!! Carmélia Cassiopeia is not a Greek mythological goddess; but a beauty of contemporary literature!!! The creator will judge the usurped throne of the stars!!! JJJSSS  Por causa da maldade dos seres humanos, e a tirania escamoteada da escuridão,  a chuva sempre vai chorar com lágrimas profundas e constritas o coração perdido do homem e da  mulher!!!  A lua sempre vai declamar um poema iluminando a noite!!! Carmélia cassiopéia não é uma deusa mitológica grega; mas uma beldade da literatura  contemporânea!!! O criador vai julgar o trono usurpado das estrelas!!! A cause du mal des êtres humains et de la tyrannie cachée des ténèbres, la pluie pleurera toujours avec des larmes profondes et constrictives sur les cœurs perdus des hommes et des femmes !!! La lune récitera toujours un poème illuminant la nuit !!! Carmélia Cassiopeia n'est pas une déesse mythologique grecque ; mais une beauté de la littérature contemporaine !!! Le créateur jugera le trône usurpé des étoiles !!! jjjsss  ¡¡¡Por la maldad del ser humano, y la tiranía oculta de las tinieblas, la lluvia siempre llorará con lágrimas profundas y constrictoras sobre los corazones perdidos de hombres y mujeres!!! La luna siempre recitará un poema iluminando la noche!!! Carmelia Cassiopeia no es una diosa mitológica griega; pero una belleza de la literatura contemporánea!!! ¡¡¡El creador juzgará el trono usurpado de las estrellas!!! A causa della malvagità degli esseri umani e della tirannia nascosta dell'oscurità, la pioggia piangerà sempre con lacrime profonde e costrittive sui cuori perduti di uomini e donne!!! La luna reciterà sempre una poesia illuminando la notte!!! Carmelia Cassiopea non è una dea mitologica greca; ma una bellezza della letteratura contemporanea!!! Il creatore giudicherà il trono usurpato delle stelle!!! Wegen der Bösartigkeit der Menschen und der verborgenen Tyrannei der Dunkelheit wird der Regen immer mit tiefen und erdrückenden Tränen über die verlorenen Herzen von Männern und Frauen weinen!!! Der Mond wird immer ein Gedicht rezitieren, das die Nacht erhellt!!! Carmélia Cassiopeia ist keine griechische mythologische Göttin; aber eine Schönheit der zeitgenössischen Literatur!!! Der Schöpfer wird über den usurpierten Thron der Sterne richten!!!  因为人类的邪恶，因为黑暗的隐秘暴虐，雨总会为失落的男男女女的心灵流下深沉而压抑的泪水！ 月亮总会吟诵一首照亮黑夜的诗！！！ 卡梅莉亚·卡西奥佩娅并不是希腊神话中的女神；她是希腊神话中的女神。 但当代文学之美！ 造物主将审判篡夺的星辰王座！！！ JJJSSS",@danieloliveira-vz2wp,2024-04-04T00:45:52Z,0,-0.9345,Negative,Neutral
A lot of harmony ..love d way picture ..of stop letting people inside.  meaning deeper great picture representation of my life ..God bless.. learning lessons ..Putting boundaries for peace 🕊️ ..but close training season 🙂😀🔥🤗,@blessyGel,2024-03-25T18:54:08Z,0,0.9443,Positive,Positive
"Narcissistic lyrics, goddamn. But the sound is great!",@HawtDawg420,2024-03-11T05:11:11Z,0,0.7088,Positive,Neutral
The bridge hits.chorus is amazing yeesss!!!! You look amazing 😊,@RubabRehmat-jv8kl,2024-08-25T20:19:43Z,0,0.941,Positive,Positive
Tokyo Nights chorus,@gagamonster1049,2024-03-16T13:16:22Z,0,0.0,Neutral,Neutral
"Awesome song, excellent chorus, outstanding music I'm impressed , entitled lyrics couldn't care any less..",@seewitme,2024-03-09T20:10:46Z,0,0.9368,Positive,Positive
"it has ""i was gonna cancel"" by Kylie Minogue vibes",@ldmrod27,2024-02-18T02:19:55Z,0,-0.25,Negative,Neutral
the most generic mc donalds music i've ever heard lol,@funkmachine9094,2024-04-20T20:26:02Z,0,0.4215,Positive,Negative
So catchy,@esc19,2024-02-18T00:51:22Z,0,0.0,Neutral,Positive
The lyrics on this song is top notch 👌🏼,@wsh0001,2025-06-15T13:47:49Z,0,0.7865,Positive,Positive
Compositionally completely irrelevant song,@thomastimmann6200,2024-03-05T14:27:56Z,0,0.0,Neutral,Negative
Great vibe 👍wrote the best song 🎸 and shortest song I have ever written 😉2mins and 3 Seconds Long. It took 15mins to pen that $HIT 😜 so to speak 😊☝️,@deanmcgee2787,2025-03-21T17:58:53Z,0,0.9389,Positive,Positive
Love Dua but not feeling this one. Miss that heavy beat and strong bass line. She needs to work with someone that really lets her beautiful voice come out. I think she's beyond this and headed in the wrong direction.,@woodyhiker,2024-02-24T01:30:50Z,0,0.8015,Positive,Negative
That second chorus parts is amazing 💖,@reza_dailylife,2025-06-25T10:59:22Z,0,0.8807,Positive,Positive
bam bam bam - im your  really big  big fan! thank you for incredible lyrics and  song! you a so incredible !,@alxndrbelov8794,2024-02-17T18:34:53Z,0,0.7131,Positive,Positive
Dua gives Monica Belucci vibes!,@ST-rj8iu,2024-02-17T17:48:20Z,0,0.0,Neutral,Neutral
Roy Andersson vibes,@miguelmontoya8027,2024-02-17T16:54:57Z,0,0.0,Neutral,Neutral
Shes becoming katy perry Generic Pop,@ricoevangelista170,2024-03-30T14:14:26Z,0,0.0,Neutral,Negative
The synth got me feeling vertigo,@MarvinVenusKanye,2024-08-17T06:48:50Z,0,0.128,Positive,Positive
Different times for sure. Most men have checked out emotionally.,@SVUE-jj9jc,2024-02-18T15:50:24Z,0,0.3182,Positive,Negative
I'd rather listen to ABBA and Shania Twain again and again then listen to this half baked inspiration. The chorus and the bridge feel so disjointed!,@rameezsuleman,2024-03-07T18:24:59Z,0,0.178,Positive,Negative
The lyrics are like my thoughts. How'd that happen? 💯♥️,@EnjoyingLife2025AD,2024-02-17T13:04:44Z,0,0.7717,Positive,Positive
too much autotune this is amazing but over usage is not great her natural voice is way better,@HadoushGaming,2024-02-17T12:28:45Z,0,-0.2158,Negative,Neutral
Dua said its bye to nonchalant emotionally unavailable men cuz theyre not competing with other men anymore but a womans inner peace with themselves,@GuyunZhongli-ow4ti,2024-02-17T12:07:04Z,0,0.6956,Positive,Negative
This gives super bowls halftime show vibe💜,@jafaralikhan3525,2024-02-17T10:05:04Z,0,0.8442,Positive,Positive
Her voice is infallible but the song sucks. Houdini sucks too. Too often the lyrics of her songs are cringy.,@thalia6731,2024-02-18T03:41:04Z,0,-0.7579,Negative,Neutral
This song so amazing so i covered it fully in my channel because its  catchy,@Taarvya,2025-06-10T07:13:08Z,0,0.7065,Positive,Positive
