﻿comment,user_name,date,likes,compound,sentiment,sentimento_manual
this song was released literally this year and it already feels nostalgic af 😩,@annabeth96,2024-09-17T15:39:52Z,289,-0.2732,Negative,Neutral
This song is a masterpiece! The video concept brings the whole vibe to life 💖❤,@JaneElaraMusic,2025-05-30T12:55:27Z,259,0.9432,Positive,Positive
"Fortnight’ is pure magic. The storytelling and emotion in this track are unmatched. As a country and southern rock artist, I connect deeply with that vibe. 🌙🎶",@Joshuatracks,2024-12-03T18:53:53Z,248,-0.0772,Negative,Positive
3:59 worst part,@the.eras.tour_swiftie13,2025-04-04T10:37:57Z,115,-0.6249,Negative,Negative
Major Lana Del Rey vibes. I love it. Wasn't expecting this style from Taylor,@Diesel_Budgie,2024-07-24T15:39:43Z,95,0.6369,Positive,Positive
"Tay’s fortnight is a profound exploration of temporal fragility, emotional inertia, and the haunting persistence of memory. It’s  an intimate narrative of heartbreak, a meditation on the nature of time, and an inquiry into the human capacity to endure unresolved emotional tension.❤",@ayebaleelijah2148,2024-11-20T12:32:17Z,73,0.0516,Positive,Positive
Already heard this twice on the radio in my car while out on a late night drive.The second it was raining slowly and I cranked up the volume and wow! This track just blew me away and made me think of my past both happy and sad memories I slightly had tears my eyes.Nothing like a late night drive out in the rain hearing this track with great 80s vibes!,@michaelvaladez3012,2024-07-25T06:29:52Z,53,0.8993,Positive,Positive
"This song reminds me of somebody else by the 1975 and also, the Drive soundtrack. Very nostalgic feeling",@Xxbizzb,2024-07-13T15:49:48Z,34,0.197,Positive,Neutral
Who's here after JoJo Siwa posted that she beat out this video for dislikes?! LOL,@bluejay0877,2024-07-20T22:33:23Z,32,0.2789,Positive,Neutral
"I don't know why this song as a lead single polarized so many people and was deemed ""not as strong"". This is one of Taylor's most beautiful, mature songs and Post Malone harmonizes and fits in with it effortlessly. ""I love you, it's ruining my life"" is one of the most simplest yet heartbreaking lyrics I've ever heard. The sadness hits hard in this one with the rich melancholic vocal melodies. Post Malone's solo toward the end is beautiful.",@christianzimm7597,2024-07-18T07:30:27Z,31,0.898,Positive,Positive
"His ability to create something so unique and innovative, mixing elements of different styles, is admirable. It is rare to find such a striking sound signature.",@InteligenciaMusical-k9x,2025-01-13T01:06:53Z,18,0.8797,Positive,Positive
"I always comeback listening to this song, such an underrated gem with full of emotion and nostalgia feeling to it. This song will never get old, a classic masterpiece.",@boiibry,2025-07-25T19:49:46Z,16,0.6808,Positive,Positive
"I just can't believe that it's been a year—TTPD has already been one year old! I remember going back home from school and listening to this song. I wasn't a Swiftie at that time; a Swiftie friend of mine showed me this song. I don't know what to say now. I'm just feeling somewhat emotional that time elapses so fast, and this masterpiece has already been a year old, while it feels like yesterday.",@leopardinmystery6886,2025-04-19T03:39:45Z,13,0.9131,Positive,Positive
"I'm not a Swiftie but this is one of the top songs I like. He likes synthpop, especially the kind that almost touches downtempo or dreampop. Song is captivating.",@Muf315,2024-07-15T16:57:56Z,13,0.9345,Positive,Positive
she is always beatiful!!!,@ΓΙΩΡΓΟΣΠΙΤΣΙΟΣ-θ6ο,2024-09-04T11:22:31Z,9,0.0,Neutral,Positive
"Even if they weren't singing about something sad, their harmony is so beautiful I want to burst",@tarahvibes,2024-08-17T07:21:18Z,9,0.6549,Positive,Positive
"Can't believe it's been a year. I can't get this song out of my head. It's like it's stuck on loop in my head. A tortured feeling I didn't even know how to express found its voice in this track. And that outro? I'm still not over it. Man, it didn't just end the song — it hit so deep, it carved out a whole space in my memory. Still gives me goosebumps every time...🤍",@endgame3113,2025-04-20T03:41:04Z,8,-0.3818,Negative,Positive
This is the most forgettable song and music video I've ever seen win a VMA🥱,@mw5213,2024-09-12T19:09:51Z,7,0.5859,Positive,Negative
"I’m never emotional. Until I’m touched by Taylor’s voice, lyrics, visuals and music. It hurts to cry. But it makes me happy and sad all at the same time.",@caroleewalker5546,2024-09-12T10:55:01Z,7,-0.3447,Negative,Positive
"This almost lulls you. It’s so almost peaceful. Such an amazing set of lyrics and beautiful voices with the delicate instrumentation. It’s like a prayer. Yes, I cried. 😢🎤🙏🏼🎶🏝️🎬💘🎼",@stargirlofantares9053,2024-07-10T20:04:23Z,7,0.9412,Positive,Positive
This song litteraly puts my 11 month old to sleep so fast. It’s so awesome. TAYLOR WHAT Kind of Vibes did you and  JACK PUT INTO THIS?!?,@autumn573,2024-12-24T01:25:41Z,6,0.7841,Positive,Positive
"Why ""Fortnight"" had hate train with masterpiece lyric, melody, vocal, story telling and visual of MV? I'm actually disappointed because many people in the world didn't know how incredible vibe this song had",@SwiftiesloveGetawayCar,2025-02-13T17:33:45Z,6,-0.4019,Negative,Positive
Absolute beauty and harmony ,@jaroslavsvoboda8570,2025-05-12T12:44:03Z,6,0.7579,Positive,Positive
"Excellent,i likes so much,with one sound 80's pure synthwave",@InnovationStart,2024-08-14T19:27:48Z,6,0.4215,Positive,Positive
The way Post Malone mouthed the lyrics at about 1:28 makes me melt🫠,@Raquel-kk3cd,2024-09-13T12:44:26Z,5,0.0,Neutral,Positive
This song takes me to another world. So powerful!,@OceanLyrics-l3v,2024-08-27T01:10:50Z,5,0.6005,Positive,Positive
"I like this song because the mood and overall vibe feels sad and mundane, and sometimes life IS sad and mundane. I especially really like the ""all my mornings are monday's stuck in an endless february"" line. This song is great when you feel stuck in a rut but your yearning for something more.",@LegoMaster421,2024-08-14T03:21:02Z,5,0.2466,Positive,Positive
"""I love you. Its ruining my life."" Damn....that cuts deep.",@pamelaibarra790,2024-09-10T03:12:18Z,5,0.25,Positive,Positive
"Worst music video ever, Taylor overrated",@danielvargas1852,2024-09-12T03:58:59Z,5,-0.6249,Negative,Negative
"I've just discovered her music. Maybe it was the Universe that bought me here but her voice is something that speaks how I feel. Thank you, my voice is defeated but there you are. 😢",@patriciasalazar3712,2024-07-21T03:10:40Z,4,-0.7227,Negative,Positive
I love Travis but Taylor and Post are such a vibe together.,@cdrecovery1662,2024-08-09T13:45:53Z,4,0.3818,Positive,Positive
Post malones verse absolutly slaps 🔥🔥🔥,@Tonesplanes,2024-08-14T19:38:21Z,4,-0.7351,Negative,Positive
Wonderful lyrics great job on the video,@Alfonso-s3t,2024-10-23T02:43:32Z,4,0.8316,Positive,Positive
She is easily the worst singer in the industry. Just sounds monotone in almost every song. I can't believe people enjoy her music.,@westernmassbass6655,2024-09-12T16:57:21Z,4,-0.6517,Negative,Negative
This is so vibes for November/ December gothic theme.,@sophialejtman5504,2024-11-12T04:34:25Z,3,0.0,Neutral,Neutral
Written and DIRECTED by Taylor Swift. Incredible direction & videography. (Plus the song composition).,@LinguaGlobalEFS,2024-09-10T16:42:27Z,3,0.2023,Positive,Positive
My mum loves this song it's her ring tone 😂,@jadehowlett4586,2024-12-03T05:55:20Z,3,0.765,Positive,Positive
"This has 80s Voices Carry vibes to it, and I'm here for it!",@CBaller2020,2024-07-25T16:35:46Z,3,0.0,Neutral,Positive
This beat we can’t be friends?💀,@jembearcubs,2024-09-12T03:39:55Z,3,0.4767,Positive,Neutral
worst video of the year to ever win. WCBF WAS SNUBBED.,@butexab,2024-09-12T03:30:33Z,3,-0.6166,Negative,Negative
"Taylor Swift, your artistry and storytelling are truly unmatched! The way you craft songs that resonate so deeply with listeners is nothing short of magical. Your ability to evolve and experiment with different genres while maintaining your unique voice is incredibly inspiring. Each album you release feels like a new chapter, filled with raw emotion, honesty, and brilliance. Thank you for sharing your incredible talent and for creating music that touches hearts and souls. Your dedication and passion are evident in every note and lyric. Keep shining and making beautiful music!",@muzloft,2024-08-08T12:38:37Z,3,0.9904,Positive,Positive
"I like most of her songs, but I have to say, I really don't like this one. I don't like the lyrics.",@markoproduction,2024-09-16T00:57:20Z,3,-0.6121,Negative,Neutral
Am I the only one who thinks Taylor swift has such a bland voice. It just sounds like she talks through her songs. They’re so monotone.,@Kameronvanslyke,2025-02-02T02:24:48Z,3,0.5106,Positive,Negative
so deeply obsessed with this mv,@hanbnantheman,2025-06-24T21:46:36Z,3,-0.3119,Negative,Positive
"Love the lyrics and melody of this song so much, love Taylor❤",@MonicaVideanu,2024-07-26T03:53:32Z,2,0.931,Positive,Positive
"I feel like there's a vibe the same as the song ""About You"" by The 1975",@TheLightBehindYourEyes..,2024-10-21T07:57:27Z,2,0.3612,Positive,Neutral
This is like the most generic song,@a.pedestrian,2024-08-15T15:34:25Z,2,0.3612,Positive,Negative
I come here anytime I want to listen to Chappell. You can’t beat this performance!!,@skp6613,2024-08-05T10:32:16Z,2,0.2225,Positive,Positive
Taylor creates music with such a deep message,@KaitoShionVEVO,2024-10-18T18:58:40Z,2,0.2732,Positive,Positive
You are the worst in the whole entire world,@MayaLise,2024-08-29T12:36:46Z,2,-0.6249,Negative,Negative
Beautiful song and lyrics  🕊,@nancychandler367,2024-10-29T20:52:47Z,2,0.5994,Positive,Positive
Taylor's synthwave songs are favorite,@PanLamda,2024-07-10T23:12:15Z,2,0.4588,Positive,Positive
"This is so beautiful, lovely lyrics and wonderful sounds & voices. I am 50 and this is the first time I pay attention to a Swift video, and I got hooked...",@theOsitoProject,2024-12-20T16:45:58Z,2,0.9345,Positive,Positive
The lyrics in this song are poetic; they paint such a vivid picture.,@FeelingLive-nw7hs,2024-08-05T00:46:50Z,2,0.0,Neutral,Positive
Swifty Vibes 💘,@ChristopherWilliams-b6r,2024-08-08T04:44:17Z,2,0.6369,Positive,Positive
"OMG I JUST REALIZED THE SYMBOLISM OF THE PHONEBOOTH IN THE LAST SCENE. I read this theory that the Post with no tattoos represents Joe, the Scientist Post represents Matty and the Phonebooth one represents Travis. The Phonebooth represents the way Travis tried to ""call"" her (sorta) by making a friendship bracelet with his number on it. And the way she was sitting on the Phonebooth when he was calling her, it's like she was at her worst but didn't realise that the one who will save her is right beside her, ""calling"" her.",@bhaktiagarwal5859,2024-12-03T16:11:32Z,2,0.6124,Positive,Positive
Perfect harmony betweenTaylor and Post Malone,@ham8830,2024-12-29T00:07:45Z,2,0.7506,Positive,Positive
this song is so great!! cant wait to listen to it in vibe winter 🥰,@DannyNguyen-cc1re,2024-09-16T14:38:27Z,2,0.934,Positive,Positive
"awful,your taste in music is bad",@ssnadera6498,2024-11-14T13:13:00Z,2,-0.5423,Negative,Negative
"Taylor swift songs are not great or musical value compared to say Cold play or Bruno Mars. She has a huge fan following especially among young women bcoz she tell their story or relates to them about their struggles and emotions in both love, relationship, lifestyles, this materialistic world. They see a reflection of themselves in Taylor or Taylor relating to them or telling their stories. Taylor swift song are so flat and unmusical. @taylorswift",@kartiks932,2024-08-13T02:11:35Z,2,0.8558,Positive,Negative
Worst song ever,@danedao,2024-09-16T00:11:41Z,2,-0.6249,Negative,Negative
Came after vma short and I am not impressed. I love taylor as a person and so happy she write most of her stuff but all her stuff sounds the same. I have not liked a song since the redemption album. She needs to get more creative. It's so monotone and put me to sleep sorry taylor fans,@hannahsosa9413,2024-09-13T23:56:22Z,2,0.1904,Positive,Negative
I'm sorry but Eminem deserved to win artist of the year and best performance and most of the awards. Taylor swift is super annoying and I lost brain cells with this song.,@MomoDe-pc7st,2024-09-16T02:23:23Z,2,0.9601,Positive,Negative
mediocre vocals.,@bipolaryx,2024-10-04T05:54:17Z,1,0.0,Neutral,Negative
There been getting me with the headphones after I use them when I walk out side I can hear a high pitched frequency coming from the drones,@ThomasDryden,2024-09-13T15:31:37Z,1,0.0,Neutral,Negative
Why do her songs always do monotone? Like it tried to get there but couldn’t. I thought I would like it but nope. Taylor Swift will always be Taylor Swift.,@JMK719,2024-10-14T18:28:52Z,1,0.6499,Positive,Negative
"This song sounds like another song, the beat.",@sandraarias598,2024-12-19T20:28:03Z,1,0.3612,Positive,Neutral
The attempts are temporary ❤❤❤.,@barbaratompkins108,2024-10-24T16:17:44Z,1,0.9274,Positive,Positive
Childless cat beatch,@Grandmasterkiller,2024-09-14T10:15:48Z,1,0.0,Neutral,Negative
I finally gave in and had a listen to this Taylor Swift that everyone is talking about....my verdict is that she's lame. Back in my generation the female vocalists would have destroyed her.,@Anthony-zo3dk,2024-09-11T17:25:30Z,1,-0.5574,Negative,Negative
❤True rolemodel and I enjoy the vibes everywhere❤.   ❤,@HandlehopecombS,2025-01-14T01:31:52Z,1,0.9118,Positive,Positive
why are all the new artist all whispering garbage. can we have some class and vocal talent please.,@hovtrd9944,2024-11-26T07:28:02Z,1,0.6249,Positive,Negative
What a vibe ❤,@Atulkarotiya950,2024-08-01T19:27:33Z,1,0.6369,Positive,Positive
WOW..this whole album is incredible and the fact that is was produced during the eras tour just proves how incerdble and amazing tay is❣❣❣❣. YOU ARE INCREDIBLE. I love how this is the first song of the album and never fails to make me want to sream the lyrics where ever i am.  THANK YOU.......,@moggy-j1f,2024-12-07T17:39:54Z,1,0.9868,Positive,Positive
"No wonder this is my most played song, it's lyrically appealing to hear yet the lyrics is so sad",@benniecute,2024-12-05T01:49:16Z,1,-0.5421,Negative,Positive
Musical collaboration is awesome. I would never be accused of being sensitive but the lyrics touch me deep.,@oenophilered6351,2025-02-03T00:38:30Z,1,0.4577,Positive,Positive
I feel like an old widow who's been divorced 10 times everytime I hear this song...So peaceful yet powerful,@NickBeller-l6z,2024-10-27T12:42:45Z,1,0.8176,Positive,Neutral
Thank You YouTube for allowing me to enjoy music that i find appealing that i enjoy the lyrics to without bending my knee too as if they themselves are something greater than those who pay their bills..Thank You YouTube for allowing me to enjoy a song that is sung without me actually embracing the creator because at the end of the  day is simply a song that is sung by those who had great vocals,@tarahewett240,2025-03-07T02:05:49Z,1,0.9538,Positive,Positive
"So beautiful video and so boring song, absolutely 0 emotions",@freezeiceice,2024-09-21T17:02:43Z,1,0.2964,Positive,Negative
"trying to understand her popularity. mediocre voice, banal lyrics, predictability. sort of interesting video though...",@jaspermeow7329,2024-07-22T09:32:41Z,1,0.6712,Positive,Negative
"I think this song is ok... I also think that ""Telephone Pole"" by Punchline is better, considering it's almost the same tempo, same concept, same baseline and came out years earlier, sound wider, fuller and with better lyrics, I would suggest everyone who reads this takes a look, Taylor and post are game changers but when you consider this has 1.9m likes and punchline got 175. This music world needs to change a little.",@5jd1,2024-09-26T18:05:11Z,1,0.765,Positive,Neutral
😢 I would like to feel the first time I hear Fortnight and it's something magical and nostalgic for 2024,@MariaAtencio-oz2lo,2025-04-20T14:58:37Z,1,-0.1531,Negative,Positive
This is perfect emotional 😭 n just right I totally love 💕,@bigbadbaby7640,2024-10-14T03:06:41Z,1,0.9053,Positive,Positive
"Wow, this track is absolutely amazing! Taylor's voice and style are just unmatched. The lyrics, the melody, everything is pure magic. It really captures that special feeling she brings to every song. I actually created a song inspired by her style too, and I'd love for you to give it a listen. Here's the link: https://www.youtube.com/watch?v=dzHxodaQ5h8. Hope you enjoy it!",@All-in-One-BTS,2025-02-22T20:23:28Z,1,0.9801,Positive,Positive
Disturbing lyrics. I hope teenagers don't listen. Anyone who thinks its Art needs a psychologist.,@Michal-ke6lu,2024-07-10T12:34:54Z,1,-0.1027,Negative,Negative
Worst song,@raysatriawijaya17,2024-07-11T04:15:47Z,1,-0.6249,Negative,Negative
I grew up in the 70s and 80s I would definitely go back in a heartbeat!! The memories consume me the music and freedom❤,@tammys9801,2025-01-30T03:02:00Z,1,0.9133,Positive,Positive
"I really hate when a song sounds like lovely song and read the lyrics and see, is about sad story and cant use to my GF😅💔",@joe-laloncho5880,2024-07-16T05:59:49Z,1,0.4228,Positive,Negative
awful song painful listen,@imnotchosingahandledude,2024-07-23T06:06:01Z,1,-0.7096,Negative,Negative
My friend doesnt belive one of the lyrics is your wife water flowers but if she sees this here 1:01 or anyone ealse lol,@sunnyxsidexup-q6h,2024-09-03T15:57:05Z,1,0.7003,Positive,Neutral
And long live to Aggressive Music! like Linkin Park Korn Deftones Tool Chevelle Marilyn Manson Nine Inch Nails and others Aggressive Bands and long live Rock Punk and Metal music🤘🏻🤟🏻,@joaquinvaleri7022,2024-09-19T21:33:44Z,1,0.1511,Positive,Positive
I love you Tay but Post… omg your voice is just electric!  The telephone booth vocals… ❤️🔥❤️🔥,@CaliJen,2024-09-21T19:04:40Z,1,-0.5983,Negative,Positive
"My love for Post Malone went through the roof after I heard this song. This is something special, it gives off folksy vibes. 💛☮️💛",@MelanieWeed77,2024-08-14T19:28:57Z,1,0.9628,Positive,Positive
Damonic song and also crazy lyrics,@eka4300,2024-08-23T17:55:42Z,1,-0.34,Negative,Negative
It has that Kavinsky - Nightcall vibe,@konradg9258,2024-08-20T21:20:21Z,1,0.0,Neutral,Neutral
WHY POST MALONE VERSE IS TOO SHORT🥲,@jamesreelsmith9292,2025-07-03T07:14:44Z,1,0.0,Neutral,Negative
Catchy !,@keithleeuwen877,2025-01-26T11:34:24Z,1,0.0,Neutral,Positive
"This song and Chappell Roan's song, to me, are a perfect pair of songs that could have been done by Stevie Nicks or Heart. Throwback 80s style production/writing - just great songwriting - melody/lyrics, beautiful sounds, synthesizers pads, wonderful harmonies and backing vocals. I got a little bit of a U2 ""With or without you"" vibe as well. Top notch.",@ArcaTubism,2024-11-09T15:10:12Z,1,0.9774,Positive,Positive
BEATIFUL CINEMATIC VIDEO🎥,@meowtwo01,2024-07-10T04:59:21Z,1,0.0,Neutral,Positive
Just gos to show u. Any one can make it. This person cannot sing a note .have alook at her on ellen show she a studio version of kylie Montague all fake effects,@DanielDavis730,2024-08-20T09:44:32Z,1,-0.4767,Negative,Negative
"Post Malone gives of that cool reliable friend, just chilling vibe.",@ANNA-g7z,2024-11-24T03:39:06Z,1,0.6597,Positive,Positive
"The way their voice blend together, sounds like heaven. vocals have me running in circles for this song post malone's voice lowkey compliments taylor's voice so well, so beautiful Their voices melted together like butter 🩶🤍 I love this song so much already. There voices blend so well together. I love Postys background vocals. She's not just a singer-songwriter, she's also a very effective storyteller. The fact that Post and Taylor visuals is wild and we all are here for it. The last midnights track hits different ending with her saying Post Malone's voice with Taylor's is the best combo/duo",@muhammadnurzakaria591,2024-11-09T12:18:24Z,1,0.9897,Positive,Positive
Post is giving me Daddy Vibes 💋😭😭✌️,@Guites.lyrics.123,2025-04-21T04:31:45Z,1,-0.25,Negative,Neutral
This chick makes the worst music in the history of humanity,@MatthewBrodericksBeret,2024-10-18T14:55:33Z,1,-0.6249,Negative,Negative
"Sorry but its awful song to me. Because i love korean attractive men, your partner is always 별로",@서지희-n1l,2024-08-13T13:09:44Z,1,0.7579,Positive,Negative
"what a beautifully done video! i really loved the visuals and the chemistry between Taylor Swift and Post Malone. but honestly, i have to say that personally, i think their musical styles don't blend as well as some might expect. it's interesting, but i prefer when both artists stick to their own vibes.",@naingthet9468,2025-01-21T13:08:44Z,1,0.8994,Positive,Neutral
Worst thing I ever. Gay af,@memoramos4833,2024-09-15T15:22:10Z,1,-0.6249,Negative,Negative
She is the worst ever,@sarahnix4587,2024-08-27T23:26:35Z,1,-0.6249,Negative,Negative
"Música linda, mas passa uma vibe tão fúnebre",@jorge.blackpink,2025-04-12T08:20:00Z,1,0.0,Neutral,Neutral
This is Powerful with Post Malone!! ❤️❤️ Love it!!,@jilltaylor6093,2024-07-19T01:05:21Z,1,0.8469,Positive,Positive
She got perfect vocal talent her voice making me fall in love every time when  i hear 💜,@kswanbangtan119,2024-08-01T05:56:40Z,1,0.9423,Positive,Positive
Poor things vibes for me 😍,@dslesingerova,2024-11-10T20:54:55Z,1,-0.0258,Neutral,Positive
"Magic lyrics, production set, Post and Taylor. New fan 🪭 👏👏👏 Art 💯+",@Shanslifeandthoughts,2024-07-24T08:22:52Z,1,0.3182,Positive,Positive
30 years old still writing lyrics like a 14 year old 🤣🤣🤣🤣,@Chinese_Water,2024-07-31T22:41:47Z,1,0.936,Positive,Negative
"I'm very surprised by the fact that no one is mentioning Sylvia Plath, the whole lyrics and mv screams her story. and it's such a  beautiful symbolism 👏🏻",@LileMerkviladze,2024-08-22T11:18:21Z,1,0.4005,Positive,Positive
"Love it , it’s giving  I’m only me when I’m with you vibes",@Noname30255,2024-08-20T22:06:20Z,1,0.765,Positive,Positive
This is banger of a song so 80s vibe,@StoicStud,2024-12-06T13:46:12Z,1,0.0,Neutral,Positive
Taylor swift is so annoying,@lucky_duck323,2024-12-17T16:31:44Z,1,-0.2944,Negative,Negative
Your music is beatifull,@valeriadelrealcastillo4310,2024-11-16T14:57:07Z,1,0.0,Neutral,Positive
The lyrics are disgusting.,@northstar1318,2024-07-28T11:23:20Z,1,-0.5267,Negative,Negative
1st song that hit me. you are brilliant i hope you realiase that? who ever made these lyrics is smart as F. keep your ground.,@kimmolaitinen8188,2024-09-27T15:01:14Z,1,0.8555,Positive,Positive
"I love Taylor's songs! A lot of the lyrics she writes are about her emotions,  and her insecurities, it's genius!",@SaraSegal-g1o,2025-01-24T06:14:46Z,1,0.4559,Positive,Positive
She is so annoying.,@lavender9825,2025-03-06T14:40:52Z,1,-0.541,Negative,Negative
Pov My Mom Telling Me This Song Came Out A Couple Of Months Ago And I Already Know All The Lyrics But I Still Don't Know My 12 Times Table 💀💀,@Gabriela_Cambranes,2024-09-15T18:39:57Z,1,0.0,Neutral,Neutral
These lyrics….. 😭🫶🏽,@brettskisayz,2024-07-28T01:01:14Z,1,-0.4767,Negative,Positive
That was a truthfull emotion. Back in the old days. I'm a bit more forgiving these days.,@mrwilfredmyers7566,2025-02-19T21:01:11Z,1,0.4927,Positive,Positive
"This is July 2025 & FORTNIGHT by TAYLOR SWIFT (ft. POST MALONE) continues to be exceedingly intriguing with story of science fiction experiment. The singing is soulful, spellbinding and simply spectacular. ❤❤❤❤❤❤",@kesharisuthar3268,2025-02-27T08:00:58Z,1,0.983,Positive,Positive
the lyrics are so poor........what a world......,@cjm4921,2024-09-16T09:57:58Z,1,0.0,Neutral,Negative
and this shit has beaten we can't be friends,@isabelriosclemente4515,2024-09-12T18:18:35Z,1,-0.8383,Negative,Negative
We got Taylor X Post before GTA 6. Trying to makes some vibes like this though.,@Iismrgreen,2024-08-04T04:52:45Z,1,0.3612,Positive,Neutral
Your the worst singer. My grandma sings better than you 😂😂😂😂😂😂😂😂,@YourSaid-u5h,2025-03-21T12:34:09Z,1,0.9638,Positive,Negative
Taylor always has the best lyrics 🤍,@Nikolsprouse,2024-08-21T07:38:26Z,1,0.6369,Positive,Positive
Disco elysium vibes,@TheDavid22,2024-08-21T13:38:19Z,1,0.0,Neutral,Neutral
"No wonder this is my most played song in Spotify, it's lyrically appeasing to hear yet the lyrics is so  depressing, it's literally so tortured.",@benniecute,2024-12-05T01:53:08Z,1,-0.7572,Negative,Neutral
"Devo ancora capire dove' l'estensione vocale di questa pseudo cantante, paragonabile a tante nullita', che pensano di saper cantare.",@carloparrini3494,2024-07-14T18:18:19Z,1,0.0,Neutral,Negative
This song sounds pretty bland until you really listen to the lyrics then it fits in perfectly with the imagery of the lyrics.,@georgesiew6203,2024-07-15T03:31:27Z,1,0.8126,Positive,Neutral
Sorry I found this very monotonous and boring.,@Elinappdpl,2024-09-13T19:50:46Z,1,-0.4336,Negative,Negative
Just a heart beat away❤❤❤❤❤❤❤❤❤❤❤❤❤❤❤❤❤❤❤❤❤😂😂😂😂😂😂😂😂😂😂😂😂😂😂😂😂🎉🎉🎉🎉🎉🎉🎉🎉🎉🎉🎉🎉🎉🎉🎉🎉🎉,@VuVu-pz1gs,2024-11-13T01:34:08Z,0,0.9996,Positive,Positive
Muito minha vibe,@marfilangel,2024-09-03T03:35:14Z,0,0.0,Neutral,Positive
The attempt is temporary.,@barbaratompkins108,2024-10-25T16:06:45Z,0,0.0,Neutral,Negative
"Wait, is the little instrument after first chorus only be found in this mv or what? Somene confirm please",@narinsakpromwongsanon8138,2024-10-30T04:56:22Z,0,0.3182,Positive,Neutral
Great B&W. New lyrics for your review: https://youtube.com/shorts/_iH8BPX84qI?si=_0FDNQgu-VZDUrXC,@scottbailey.fingin,2025-01-09T12:18:13Z,0,0.6249,Positive,Neutral
"Taylor taking notes from Madonna, madame x stan",@antoniomarruecos9429,2025-08-09T10:30:26Z,0,0.0,Neutral,Negative
Kate Bush vibes. Huge compliment,@jaycee2687,2024-10-23T13:32:50Z,0,0.6597,Positive,Positive
This is deep,@taryn-shay,2024-08-11T00:08:40Z,0,0.0,Neutral,Positive
Gives me the vibe of Sinead Oconnor. A very light Sinead,@ipilane12frog16,2024-09-14T16:14:14Z,0,0.0,Neutral,Neutral
"3:14 this part is everything. His voice blends so well, it hits so hard with the lyrics. I scream this in the car ✨",@stingray1740,2024-09-24T04:44:04Z,0,0.1217,Positive,Positive
"This is a masterpiece but for the Grammys I think icdiwabh needs song if the year it’s just blasting something so magical,fun,relatable.I have no doubt about this song being one of the best single in the history of music,but icdiwabh has a vibe",@so.long.london.13,2024-10-28T12:06:36Z,0,0.9083,Positive,Positive
Heck yeah great slow dancer not on beat you TS PM Rule! Jelly chief lol🎉😮🎉,@ryanmartin924,2024-09-23T14:23:04Z,0,0.9299,Positive,Positive
It became nostalgic so fastly,@MineYeah,2025-07-18T02:43:09Z,0,0.0,Neutral,Neutral
I dont like how post Malone is on this song and not Kendrick Lamar. I have been holding off listening to this song but Taylor swift is fantastic. The production is excellent on this song. Her vocals are a nice touch,@ThomasBrown-uw6vf,2024-11-18T21:44:54Z,0,0.9459,Positive,Neutral
We need a new synth for taylor,@ianchan2624,2024-07-20T09:43:50Z,0,0.0,Neutral,Neutral
This video is so deep smh,@MichaelLadd-c5s,2024-07-26T03:01:58Z,0,-0.3774,Negative,Positive
"03:13 till the end, best part, love the melody there!",@eliocorreia5550,2025-02-10T18:45:28Z,0,0.8655,Positive,Positive
Lana del Rey vibes...,@dianaaguilera7808,2024-09-29T03:45:46Z,0,0.0,Neutral,Neutral
OMG WHY IS THIS GIVING ME 'Severance' VIBE?,@ruchisharma7886,2025-03-11T16:05:55Z,0,0.567,Positive,Neutral
Don’t think I went away after five months I will for ever hate u u are the worst ever juice wrld is better 999,@Kpd-z4i,2024-09-29T21:22:48Z,0,-0.7096,Negative,Negative
I find that Taylor is overrated. I don’t like the rhythm at all; I think it’s boring. I don't see why everyone wants to go to her concert. There are only 2 songs that I like from all her albums.,@OphélieCarlier-k1c,2024-12-09T09:45:04Z,0,0.4019,Positive,Negative
Water boy and forking to much is aquaman deep diving on what love is,@richardfoley-kk3oi,2025-04-26T08:36:10Z,0,0.6705,Positive,Negative
"I will make it one way or another. I got some dept ill take care of it. Dude, people dont know, alot goes into those sermon. Ugh, its all week thing, it is put together last minute ALL the time, sometimes, i had the notes, I couldn't put it together, i didn't have it. Had to tell people in comments.""sorry i dont have it."" Lol yeah, well, in sermon, it takes all week.....your gather info all week.🎉 anyways, its nerve wracking! ❤love",@JefferyPolston,2024-07-31T22:43:09Z,0,0.3736,Positive,Neutral
"I love Taylor Swift and how she uses her popularity and influence to get by with putting out the most monotone, non emotional, low effort music on the radio today",@charleskimbrough2315,2024-10-11T21:14:47Z,0,0.8344,Positive,Positive
Its giving me slight Vanilla Sky vibes,@jasonfralick4748,2024-08-24T04:12:13Z,0,0.34,Positive,Neutral
I love you taylor swift you are so beatiful we're im your big big fan❤❤❤😢Please like for my com😢😢,@Nelaheree,2024-08-12T10:57:57Z,0,0.9337,Positive,Positive
This gives me Crimson Tide with Tom Hiddleson vibes and how I would feel after a break up with someone who was ready for a family and I wasnt,@LudivinaEscobar-x6y,2024-10-29T22:29:48Z,0,0.3612,Positive,Neutral
The 1975 vibes,@JPThz,2024-08-01T22:08:59Z,0,0.0,Neutral,Neutral
"Its Zion baby.......here to saronate' you with some music tonight......sit back grab your favorite drink, some chocolates, and let my body do all work, no problems, just love, and a 💋 on that pretty head of yours.......we going to get freaky with some Bible verses........ talking that Jesus talk baby......you know me. Followed up with some 50 shades of j. Dont say no.......only yes. 🎉😂❤😮😅😊",@JefferyPolston,2024-09-27T00:14:08Z,0,0.9818,Positive,Negative
More post malone collab! Please more verse for post malone,@johndarwintorreja7121,2024-08-03T16:19:24Z,0,0.3802,Positive,Positive
Giving Red vibes <3 her music doesn't disappoint!,@shahjmir,2025-03-31T10:19:55Z,0,0.7814,Positive,Positive
"For best vibe, speed up x1,10 and thank me later.",@kemalugurel,2024-09-25T11:00:25Z,0,0.7717,Positive,Neutral
"The ""effects were"" temporary = a pun / reference on Effexor?",@incorruptiblebodies,2024-10-24T09:00:12Z,0,0.0,Neutral,Neutral
"In the Midnights album, Taylor Swift tells a deep inner journey inspired by 13 sleepless nights. In The Tortured Poets Department album, the word “Fortnight” stands for fourteen nights, meaning 14 nights. This represents Taylor Swift’s 14th sleepless night.",@Mehmet_uck,2025-02-08T12:16:26Z,0,0.1027,Positive,Positive
"I don't listen to Pop quite often, this one is catchy tho.",@tiagombg,2024-10-04T14:31:11Z,0,0.0,Neutral,Positive
i love the aesthetic  and the concept of this song! i feel like this song captures the darkness within oneself that arises on having to face one's treason from someone you loved deeply and seeing your future shattered by that very same person to choose it to pursue with someone else that it kind of drives one towards the edge of insanity.,@ayanoyamada2051,2024-12-17T18:26:32Z,0,-0.1007,Negative,Positive
So now she's trying to steal new retro synthwave too lol.,@chipchippahson,2024-12-09T11:28:25Z,0,-0.1027,Negative,Neutral
I rlly love how this music video has such a Tim Burton vibe to it!,@ellamilan.,2024-09-27T12:33:55Z,0,0.6696,Positive,Positive
Today we are holding space for the lyrics of Fortnight and feel the power of that,@thalklore13,2024-11-25T10:25:01Z,0,0.0,Neutral,Positive
Silent Hill vibes happening here. First time watching I think.,@thebalance555,2024-07-17T17:34:53Z,0,0.0,Neutral,Neutral
These lyrics scream all Joe to me.,@hobofish2208,2025-03-06T08:14:51Z,0,-0.4019,Negative,Neutral
"This song is boring. Instantly forgettable mass production ware, like all but two or three songs by Taylor Swift.",@johndeer6543,2024-08-25T00:05:29Z,0,0.3182,Positive,Negative
opposite reverse i been knew about clothes tag magic and sock in general.,@AstralAwesome,2025-03-24T16:43:31Z,0,0.0,Neutral,Neutral
Synthwave is the future,@stingreytv,2024-09-02T09:51:36Z,0,0.0,Neutral,Neutral
"Awful, except for post",@EatMySauce07,2024-07-20T03:15:38Z,0,-0.4588,Negative,Neutral
Vamos Now & Then .....The beatles no tiene comparación .....,@horacio3918,2025-01-16T05:27:16Z,0,-0.296,Negative,Neutral
This woman has the most negative lyrics.,@MamaLoulaBalls,2024-09-18T03:00:32Z,0,-0.6115,Negative,Negative
We love u in the deepest part of our fricking hearts both of y’all🤍🖤,@Gaming_with_elgato,2024-08-06T02:18:44Z,0,0.9324,Positive,Positive
Worst song,@RammBirch,2024-09-03T00:52:55Z,0,-0.6249,Negative,Negative
Anybody else get a Lana Del Ray vibe with this song?,@pranjaldixit817,2024-07-23T04:57:58Z,0,0.0,Neutral,Neutral
Posty singing in the telephone booth gives me James Dean vibes from Rebel Without A Cause,@BobiG1964,2024-07-15T20:00:22Z,0,-0.1531,Negative,Neutral
Posty singing in the telephone booth gives me James Dean vibes from Rebel Without A Cause,@BobiG1964,2024-07-15T20:00:03Z,0,-0.1531,Negative,Neutral
top 1 worst f**king songs i've ever heard,@wvquarterback775,2025-02-26T03:47:37Z,0,-0.5106,Negative,Negative
"A gorgeous woman named Taylor Swift, a new version of Post Malone and nostalgic vibes. Such a great production. 👍👍👍👍👍👍",@ShawSebas,2024-07-27T01:52:53Z,0,0.872,Positive,Positive
lana del ray vibes,@crystalmccade7225,2024-07-14T16:55:02Z,0,0.0,Neutral,Neutral
Swifties….i hate Taylor but….:this song really has me in a DEEP chokehold so u know I’m streaming it 😩,@AshleyBxtchh,2024-07-14T00:10:03Z,0,-0.7003,Negative,Negative
"This song, still in Oct 2024 - the lyrics break my heart. When you have things happen, you can relate. Thank you Taylor for this masterpiece",@ahthatkyle,2024-10-31T13:19:43Z,0,0.9114,Positive,Positive
Cover  thieft melody  Taylor you made pure shit!!!!!!,@pandamisiochpodrozne-8845,2024-07-11T19:33:41Z,0,-0.6973,Negative,Negative
This is the only post Malone song I don't vibe with😢😢😢,@joshuadavidson662,2024-07-17T03:39:31Z,0,-0.5641,Negative,Negative
"Amazing vibes, Very Lana Del Rey ❤😊",@peterpeeters3720,2024-08-23T22:46:59Z,0,0.9325,Positive,Positive
"the other songs on the album are all very repetitive, but this is the best song of her career",@moolsmartim6648,2024-12-05T17:15:39Z,0,0.7314,Positive,Neutral
it's giving Poor Things vibes 🖤,@gb1312,2024-11-18T16:06:30Z,0,0.5423,Positive,Neutral
"The energy in this track is unmatched! It perfectly captures the excitement and intensity of Fortnite. Whether you're playing or just vibing to the beat, it's impossible not to get hooked",@Sanmesh6,2025-03-29T17:07:52Z,0,0.8832,Positive,Positive
So many meanings to one powerful song,@Saras_place,2025-01-12T01:19:23Z,0,0.4215,Positive,Positive
WHY HE GOT THE TRAVIS KELCE VIBE.,@Jeffreywayne87,2024-12-22T10:23:33Z,0,0.0,Neutral,Neutral
"I feel bad for the young kids reading my posts. Ask your sister or brothers to explain. Im teach 13 and up........kinda a renegade priest. Im mean sometimes, and........am i to much Taylor? They . might with Tanaka j. 😂 Native Nativity. It was a set up written........ secretly. Someone knew, progression and the cover ups. Ruins and cold misery........🎉 of course.........😅❤",@JefferyPolston,2024-07-31T03:56:11Z,0,0.296,Positive,Negative
"At almost 68, I came to appreciate Taylor Swift just recently. I did not listen to much of her early stuff as I am not really a fan of C & W. However...this album is a much more mature Taylor and her lyrics touch me. Great job, Taylor! My fave song? The Prophecy. Much love and props to the woman who made this album possible!",@Katebrinkerhoff,2024-08-30T15:38:33Z,0,0.9532,Positive,Positive
Clever to add the lyrics on the brain waves as he reads them she speaks to him from her brain 2:46,@famlyof5,2024-08-10T01:03:10Z,0,0.4588,Positive,Neutral
That chorus tho  🏆🏆,@DarrinCarlson,2025-04-10T03:06:16Z,0,0.0,Neutral,Positive
This music is like Lana del rey songs.. and it's boring as well because of cheating the girl going to the worst psyhology treatment.. like we're so much powerless.. i hope we can progress from it.. i suggest to give us much hopeful songs.. you're better than this.. https://www.youtube.com/watch?v=VuNIsY6JdUw,@isilko35,2025-01-29T09:36:14Z,0,0.5456,Positive,Negative
you changed the version… no Ai squirrel mmm interesting talking tempo… you won!?… 🫶🏻🚔,@RockieMoonPop,2024-09-12T03:25:04Z,0,0.2003,Positive,Neutral
"Does anybody remember 10-14 years ago when Taylor Swift wrote those great hits, music, albums and songs? Her recent success and popularity of “Midnights” and “The Tortured Poets Department” have been based off of popularity. Not talent, and talent will one day catch up to her. Everyone has a power that hides deep inside of us. It just needs to be unlocked. And she has unlocked that power, she has only misplaced it …",@Figglecot,2024-09-27T04:53:49Z,0,0.7805,Positive,Negative
3:39 to gcash load the ringtone should have been working with me,@richardmalaga3030,2024-09-03T01:33:56Z,0,0.0,Neutral,Neutral
I like how deep emotions Taylor gives us. ❤❤❤,@MKkkkkkkkkk1996,2024-08-07T14:47:45Z,0,0.9442,Positive,Positive
Honestly if you muted this video you would get a totally different vibe from the actual one of the song. It's just off.,@WendyDarling94,2024-08-21T18:26:45Z,0,0.4588,Positive,Negative
I Love everything The distant echoes in the song and the Nostalgic Victorian  in black and white film noir era vs a touch of color male vs female. Although the video has A Dark Esthetic Feel to it but it still is romantically beautiful at the same time as well as the chemistry between them. I simply cannot not stop listening to this song and I can’t stop watching this Video. I am definitely A matured Taylor Swift Fan now. I Love History so therefore I love classic Music & Classic Movies (Film Noir) & I love ❤the Victorian Era. This song although dark is also sensuously sensitive as well!!! I Love It All!!!!,@shonnajennings2304,2024-09-28T21:32:43Z,0,0.9941,Positive,Positive
Fantastic it has some same Vibes as Nevaeh https://youtu.be/XE-ZjRwuDhY?si=8wiP8xnLBzHn9v0m,@mandalorianihavespoke7453,2024-09-09T18:50:58Z,0,0.5574,Positive,Positive
these lyrics. undone.,@katevand,2024-11-09T01:18:41Z,0,0.0,Neutral,Neutral
...the effects were non existent.,@paulabbott9108,2024-08-28T02:12:23Z,0,0.0,Neutral,Neutral
the lyrics aesthetics,@joveninfante,2025-03-24T21:29:37Z,0,0.0,Neutral,Neutral
the beat kinda sound like “a real hero” from 13 years ago ngl,@cassandra-mz,2024-10-12T07:37:44Z,0,0.3008,Positive,Neutral
Synth perfection. ❤,@India_first-k6n,2025-06-20T07:16:38Z,0,0.836,Positive,Positive
"Taylor, I love you a key words cannot express how much you’re my favorite person in the whole entire world. Can you change my life with your incredible words and lyrics? I absolutely adore you and idolize you and everything you do I will always be your feeling and do everything you dothank you so much for being such a great person.❤❤❤❤❤❤❤❤❤❤❤❤❤❤❤❤❤❤❤❤❤❤❤❤❤❤❤❤❤❤❤❤",@ericplatz3693,2025-02-08T21:13:27Z,0,0.9994,Positive,Positive
I love the toneee❤,@seraphicchic8829,2024-09-12T12:16:28Z,0,0.8555,Positive,Positive
01:06 why this beat is not in The album version 😢😢😢😢?,@jasondlaurentis,2025-04-21T03:26:12Z,0,-0.9081,Negative,Negative
The chord professional and melody and lyrics are actually quite beautiful. Even Taylor haters will agree.,@smurf902,2024-07-27T20:26:08Z,0,0.5413,Positive,Positive
We have all been there...her lyrics put it perfectly.  Voice 💯   lyrics 💯,@TerrylHopkins,2025-03-08T16:48:25Z,0,0.6369,Positive,Positive
Fantastic visual effects and artwork !!,@icespa2729,2025-07-03T03:17:16Z,0,0.6351,Positive,Positive
"Hate these lyrics, as a woman. I'm sure all genders and non-binary folks hate talk of m*rder...  Taylor trying to fit in with the cool kids but it didn't land... Plus Post Malone is everywhere now....  So glad this didn't win a Grammy",@WinstonCharles2010,2025-02-03T21:59:48Z,0,0.1384,Positive,Negative
"You know something is truly special when it makes you feel.  This song might make 100 different people feel 100 different emotions, but it's not just something you casually hear in the background.  It grabs your attention and makes you feel, whatever your feel when you hear it.  Hope?  Loss?  Young love?  Sadness?  But certainly not ""nothing.""",@jaysabz7355,2024-12-12T23:42:09Z,0,0.9146,Positive,Positive
Post has seen some shit. That look is deep.,@alecia5556,2024-08-23T05:51:36Z,0,-0.5574,Negative,Neutral
Lana Del Rey's vibe. She really love her bestie💕,@lindanefer6557,2024-09-12T07:28:05Z,0,0.8687,Positive,Positive
I guess Jarnine would love to have this vibe.,@tuananhnguyen4983,2025-06-14T03:26:41Z,0,0.6369,Positive,Neutral
I JUST FOUND IT THIS MONTH NOVEMBER 2024 AND I FREAKING LOVE IT! THEY'RE A POWERFUL COMBINATION! ESPECIALLY POST MALONE'S PART AND TAYLOR SWIFT ECHOES IN 😍,@itsdavidarries,2024-11-12T17:28:08Z,0,0.9011,Positive,Positive
As it was vibes 👀👀👀,@J-bu2uq,2024-08-22T18:39:56Z,0,0.0,Neutral,Neutral
"💔❤️🌻🙏🏻🙏🏻🙏🏻🙏🏻🙏🏻🙏🏻🙏🏻🙏🏻🙏🏻PLEASE RELEASE A TAYLORS VERSION OF BOTH Reputation and your Original 1st Album... Please please please! I need it. I especially need the acoustic version of ""Dancing with my Hands Tied""... That was so healing for me during my current divorce process. Please release the acoustic version of that song please please. 🙏🏻🙏🏻🙏🏻🙏🏻🙏🏻🙏🏻🌻❤️💔",@jeanbest9995,2025-06-19T07:37:44Z,0,0.9485,Positive,Positive
Loving the vibe,@sparrinello86,2024-11-27T18:08:24Z,0,0.5994,Positive,Positive
HOW GOURGOUS ARE YOU??????YIP STONED  FEW COORS LIGHT PS WATCHING MY FIGURE 😂😂😂😂😂😂😂😂😂😂😂😂😂,@seanbunting-ls7qw,2025-04-02T21:58:42Z,0,0.9888,Positive,Negative
who is here in March 2025 those lyrics played differently🔥🔥 and she gave them to us in the first song💗💗💗,@jimenezjairo9050,2025-01-08T16:11:43Z,0,0.936,Positive,Positive
My first time watching a full video from both artists and hearing this song very nice melody and I'm 57 yrs old in to country music and I was country when country wasn't cool in the seventies she has an amazing voice I don't get all the songs but she is quite the performer seems to be in touch with her fans and concert goers very nice 😊😊,@yosemitesam1714,2024-10-06T22:36:25Z,0,0.9764,Positive,Positive
This is just a real hero by college and electric youth. Could have at least used a different synth bass,@bailzzzzzz,2024-08-22T11:26:09Z,0,0.5574,Positive,Neutral
"What a dreary, repetitive, unmelodic piece of throwaway music, completely worthless. How can anybody listen to this woman and think she's great. Quite possibly the most overrated person of all time.",@donaldsaigh8785,2025-04-15T04:32:46Z,0,-0.3597,Negative,Negative
Your the worst thing to happen to humanity,@christrefon3735,2024-10-03T09:08:18Z,0,-0.6249,Negative,Negative
"okay not a Taylor fan (I'm just an old school fan of rock and alternative)  but I'm here because of all of the hype in the  media, and today the news because she is doing 6 shows here in Toronto and this is seems to be the song that so many fans are most excited to hear so thought,  I really must just check out this one song and I have to say,  it's really great!!  Hope everyone enjoys the show!!  Taylor's popularity reminds me of the Beatles it's really quite incredible!!  Enjoy the music :)",@jayneyp8683,2024-11-13T11:56:31Z,0,0.9897,Positive,Positive
Synthwave <3 Love it <3,@fq1249,2024-10-03T17:35:36Z,0,0.875,Positive,Positive
She's very talented and I love the neo-80's vibes but I can't stand that fakeyness.,@randempedestrian,2025-07-26T00:12:28Z,0,0.5989,Positive,Neutral
My favorite ❤its my ringtone,@scarlet870,2025-02-07T00:48:52Z,0,0.4588,Positive,Positive
Did anyone get Lana Del Rey vibes?,@davidcho1579,2024-10-03T01:25:08Z,0,0.0,Neutral,Neutral
Hindsight with AI is 200/20 and I've always been close to 20/20 in real time... and I have perfect pitch... maybe you're in love with the wrong man?,@kevinazeltine9674,2024-12-13T18:05:04Z,0,0.7003,Positive,Neutral
Seriously this two voices are harmony 😢,@Djkupid,2024-09-29T04:52:19Z,0,-0.2732,Negative,Positive
INSANE vocals,@CamillaGilbert-cp4lb,2024-09-17T18:01:33Z,0,-0.5319,Negative,Positive
Walking beats,@kazmoflo8185,2024-09-01T23:19:19Z,0,0.0,Neutral,Neutral
"idk why everyone is not taking name of fortnight in soty...just see its lyrics..so beautiful and deep.. i love u and its ruining my life..like wtf, this thought is after such deep thinking..love u taylor",@happyndblessed,2024-11-16T16:20:36Z,0,0.4404,Positive,Positive
"I love it, it's got that synthwave feel to it. Great song",@Judgekal87,2025-04-08T03:34:13Z,0,0.8519,Positive,Positive
I didn't like the worst ending when he let u get shock,@RobertField-nn1xr,2024-08-11T12:35:22Z,0,-0.1068,Negative,Negative
I get modern Stevie Knicks vibes. Luv it!,@angelah1759,2025-02-03T04:06:46Z,0,0.0,Neutral,Positive
Emotional  coming out but the best thing sweets 😋 i mean everything i said 😊❤❤❤,@seanbunting-ls7qw,2025-04-02T22:01:07Z,0,0.9911,Positive,Positive
Gives me del Rey vibes ❤,@gazzadee3,2024-08-25T19:01:24Z,0,0.6369,Positive,Positive
u r litterly my #1 fave singer in the whole multiuniverse ur the best so is this song,@melonpanda80,2024-11-29T00:56:25Z,0,0.7964,Positive,Positive
BORING SONG AND WORST ALBUM,@FlorenceKalinga,2025-01-15T20:03:57Z,0,-0.7506,Negative,Negative
Twin flame vibes thats it,@tashreeqdavids5185,2025-04-20T21:17:15Z,0,0.0,Neutral,Neutral
The last thing a mind forgets is the emotion in a song . Dementia.,@roberthamilton8971,2024-10-04T19:51:59Z,0,0.0,Neutral,Neutral
3:14 is where the song gets amazing. Wish all the choruses sounded this way.,@jacobschwing7482,2025-05-12T21:16:11Z,0,0.7579,Positive,Positive
Sad she's lost...🙏4zLostOnes,@lindam.2739,2024-09-15T15:33:21Z,0,-0.6597,Negative,Negative
"Wait, Taylor Swift and Post Malone together? This is the collab I didn’t know I needed! Can’t wait to vibe to this masterpiece 🎶🔥✨",@Ladonna88,2025-01-09T04:32:49Z,0,0.7825,Positive,Positive
WARNING: Always be careful of comments. Person or persons could be confronted or experience Swifty rage. These comments could be or become dangerous to others. Side effects could last for days or weeks. Comment with exsteme caution. 🎉❤,@JefferyPolston,2024-09-16T01:03:06Z,0,-0.4824,Negative,Neutral
OMD vibes from this song.,@bocadillarica,2024-11-19T22:36:21Z,0,0.0,Neutral,Positive
Taylor's lyrics >>>>>>>,@Nikolsprouse,2024-10-01T05:38:14Z,0,0.0,Neutral,Positive
the first few lines of lyrics is amazing!,@kcchiok,2025-02-24T02:20:12Z,0,0.6239,Positive,Positive
nothing will ever beat hearing “i was supposed to be sent away but they forgot to come and get me” for the first time at 5:00AM ❤❤,@Jake70031,2025-02-13T14:23:35Z,0,0.9274,Positive,Positive
Love is the deepest loneliness in the imperfections of life. Love is the memory of someone that carries with it through time. I miss you Farhana.❤,@FS-bd,2025-07-12T15:31:55Z,0,0.8807,Positive,Neutral
Identity and character can coexists' together or........maul each other like dogs. Powerful but true. 🎉😮,@JefferyPolston,2024-09-07T03:51:17Z,0,0.872,Positive,Neutral
Non touch screen phone lol a stoner came up with it lol 💚. But anyways I'm trying to ask you if you want it. It's a military heat camera and possibly a finger print reader. And then ur fingers are wands lol. Crazy right 🤍🖤🤍,@cvkay9201,2024-10-27T01:52:46Z,0,0.7543,Positive,Negative
Nonchalant vibes,@ellyzanne,2024-11-21T13:31:09Z,0,0.0,Neutral,Neutral
Cosmic galactic ascension of humanity making them gods ❤. Cosmic awakening of Gaia mother earth 🌎 GAIA PISTIS ChristSOPHIA awakened ascending human consciousness beyond measure infinitely. Gaias gift of Enlightenment. Cosmic ascension. Freedom 🎉🎉🎉🎉 THE BIG BANG OF LIGHT THE REBIRTH OF THE UNIVERSE LIGHT LET THERE BE LIGHT 2025 REBIRTH OF EARTH AND HEAVEN ON EARTH. ASCENSION,@femininerisingbeyondthestars,2025-05-05T14:12:16Z,0,0.9779,Positive,Neutral
"Brilliant lyrics, thrown in with puns and delivered flawlessly. This was his best",@JamesMessner-b4m,2024-08-09T06:59:01Z,0,0.8689,Positive,Positive
Taylor Swift’s music is the worst thing to happen to humanity… because it ruined every other artist for me ;-; nobody compares.,@JustaStrangerLikeYou,2024-12-01T08:37:41Z,0,-0.802,Negative,Negative
I love how Taylor contrasts the two characters: the girl who’s “cheer captain” and wears high heels versus the narrator who wears sneakers and listens to music in her room. It’s such a simple but powerful way of showing the difference between being seen and being overlooked.,@ErinDonnelly-x1u,2025-07-25T20:35:12Z,0,0.7311,Positive,Positive
"✨️🎶Nice collab, but would remix with the final minute actually encompassing 2/3rds of the track, adding a strong blend of reverb & echoes🎶✨️😎",@ZenGlenn,2024-08-07T16:06:05Z,0,0.8573,Positive,Neutral
I was a functioning alcoholic ... Those words hit deep. Im trying so hard to get sober 😔,@SteffyGV,2025-03-16T07:35:50Z,0,-0.1447,Negative,Negative
I subscribed. I appreciate you are using your powerful influence to be in the right side of history and advocate for everyone,@72capital53,2024-09-12T00:48:55Z,0,0.6705,Positive,Positive
"Tanto clipe bom, e assa porcaria vencendo, fim dos tempos mesmo viu",@JeanMonteiro-ox3cy,2024-09-12T05:25:59Z,0,0.0,Neutral,Negative
So overrated the lyrics don’t even rhyme,@thatguy9107,2025-03-19T16:50:47Z,0,0.0,Neutral,Negative
Your the worst.,@VisualBeatLab,2024-12-14T14:43:53Z,0,-0.6249,Negative,Negative
this video has vibes of joker and Harley Quinn,@BrianCarlosZamoraCabezas-gn4cr,2024-09-14T00:54:18Z,0,0.128,Positive,Neutral
"Beautiful song, its melody touches my soul 😢❤",@denisdefreit,2024-08-11T22:51:06Z,0,0.7184,Positive,Positive
2 octaves monotone alto singer.,@youdontknowme2025,2024-10-19T21:49:41Z,0,0.0,Neutral,Negative
you're always be part of my life and it makes me happy to express my darkest shit through your music without judgment just real time emotions. And I always scream from my heart whenever I sing ❤❤❤❤,@ninixxv6886,2024-08-22T11:43:40Z,0,0.9531,Positive,Positive
The passion in billie is such a moment.  Her voice really moves you.  She sings like if it's not a struggle to hit notes. A breeze,@natalievalenzuela7493,2024-12-12T14:47:48Z,0,0.7552,Positive,Positive
I have just heard this song and i have already played it 3 times. I never was a tay fan but this song is amazing...love post malone and his vocals are just beautiful...so melancholic ❤😢,@vivianareyes6507,2024-09-12T03:33:31Z,0,0.5499,Positive,Positive
Was hoping to find a Tay Tay song that wasn't about how cool it is to have emotional issues. The search continues....,@Lt.Col.CottonHill,2024-07-19T20:55:37Z,0,0.3481,Positive,Neutral
What are the chances someone’s two favourite artists come together and make a masterpiece like this .. I feel like this song is a gift from the universe to me ❤️ I have loved them both from the beginning of their careers,@HFD993,2024-07-28T14:58:19Z,0,0.9493,Positive,Positive
This is one of my number 1 song that's😢 make me emotional and feeling like deja vulnerable. But so beautiful I can't get enough ❤ so so freaking awesome music I ever loved ❤️,@Motitasok,2024-07-18T18:46:36Z,0,0.9712,Positive,Positive
Worstt🤢,@munkhuumuugii2801,2024-08-07T18:39:55Z,0,0.0,Neutral,Negative
Offer your tracks (in suggestions) to people who still care for your songs and lyrics.,@DisBurdi,2024-08-16T18:32:36Z,0,0.4939,Positive,Neutral
Divine Rivals vibes,@thedeadindeed5083,2024-09-12T22:35:19Z,0,0.5574,Positive,Neutral
"The track, the voices, the lyrics ARE MASTERPIECES!",@its_sanah,2024-07-15T19:31:23Z,0,0.6731,Positive,Positive
Picking up Lana Del Rey vibes ❤,@justhere3794,2025-07-12T14:55:42Z,0,0.6369,Positive,Positive
"It has that 80,90's vibe❤❤❤love it!!!",@WhatsThis,2024-07-27T20:42:29Z,0,0.8827,Positive,Positive
No one noticed the pause of the lyrics? 1:07,@jo.mar_ch,2024-07-13T14:59:31Z,0,-0.296,Negative,Neutral
the woman being tested is my future wife that will reign in the ultimate cosmos of the infinite beyond all creations and all universes,@CastigadoPorDiosRedimidoPorEl,2024-07-11T19:57:35Z,0,0.3818,Positive,Neutral
Loving the vaporwave vibes in this,@AndrewDev19,2024-10-12T19:31:32Z,0,0.5994,Positive,Positive
lYRICS ARE SIKKO.🤮,@debmccleary9857,2024-10-04T04:48:31Z,0,0.0,Neutral,Negative
