classificacao,sentimento_manual,comentario,justificativa
0,0,am i the only one who feels like since her return she has been singing about her reality? Like its not just lyrics?,Expresses a critical observation about the artist's lyrical content.
1,1,Best shot is her sitting on the couch with her dog while everything changes around her. Reminds you just how deeply one person can change your life.,Expresses a heartwarming and positive reflection on the song's impact.
0,0,"This is such a beautiful song. This used to be my wife’s favorite song. We played this at her funeral as her last request before she passed away.  Every time I listen to this, it gets too emotional.",Combines positive sentiment regarding the song's beauty with deeply emotional and sorrowful context.
1,1,"this song perfectly captures what it’s like to miss someone you know is bad for you. the longing and the need for their presence is still there, but deep inside you know that they will never change their ways and will never treat you right. thank you ariana, for reminding me how i deserve to be treated & for creating this beautiful piece of music. ❤️",Expresses strong appreciation for the song's ability to capture a difficult emotion and acknowledges its positive impact.
1,1,"Eternal Sunshine of the Sportless Mind is one of my fave movies and this had me emotional. Reliving the emotions of Joel and Clementine through this movie had me bawling. Gosh, thank you, Ariana!",Expresses strong positive feelings and emotional connection to the song.
0,0,"The meaning behind this video is deep.. clearly an ode to Eternal Sunshine of the Spotless Mind, which was one of Mac’s all time favorite movies… Ariana clutching the necklace he got her as she wakes up panicking from the procedure removing her memories with him 😢 brutal",Expresses both appreciation and sadness related to the video's themes and imagery.
1,1,The beat at the beginning is her heartbeat 🥺 she literally put her whole heart into this song and project 😭❤,Expresses deep admiration and emotional connection to the song.
1,1,"We Can’t Be Friends’ hits deep with emotion. The raw energy in this track is unreal. As a country and southern rock artist, I feel that same heart in my music. 💔🎶",Expresses strong emotional connection and resonates with the artist's own style.
1,1,Gotta be careful because that scene at 3:27 will have me crying fr. Her acting is so great and I could feel her emotions and anxiety when she was looking around gripping the necklace. 😭,Expresses strong admiration and emotional connection to the video's scene.
1,1,2:58 is just so deep ' so for now its only me and maybe thats all i need. ',Expresses a peaceful and self-accepting sentiment.
1,1,This is such a beautiful depiction of the grief of losing someone you loved so deeply and needing to heal from that loss. Thank you mama. 🦋,Expresses deep appreciation and acknowledges the song's emotional impact.
1,1,I swear I watched it over 50 times now and there wasn't a time when I didn't cry at the scene she wakes up. Ari is amazingly talented and choosing Peter to play the guy was also excellent idea. They look so good together and they conveyed the emotions like Oskar winners. I love this song and video to bits.,Expresses deep emotional connection and strong praise for the song and video.
1,1,"“So for now it’s only me, and maybes that’s all I need” that touched me deeply 🥹",Expresses a feeling of profound connection and emotional resonance.
-1,0,"The fact that she was walking with someone else and saw the guy walk with someone else also shows so much. You think y'all are made for one another, but deep down, they're just a lesson.",Expresses cynical and judgmental views about the relationship.
1,1,"this captures the essence of missing someone to the deepest extent. it is how i have been feeling for almost half a year now. this video spoke so much to me that i had to cry lol. thank you ariana, again, for this beautiful masterpeice. i love you.",Expresses deep emotional connection and appreciation for the song.
1,1,3:27 that was great acting omg!!!! she really captured the emotions! I feel like she would make a great actress!,Expresses admiration for the performance and suggests potential as an actress.
0,1,"This song reminds me that some people come into our lives to leave a deep mark, but they can't always stay. The pain of not being able to be friends with someone we still love is indescribable... Ariana managed to transform this feeling into art.","Expresses both nostalgic fondness and sadness about a lost friendship, alongside appreciation for Ariana's artistic interpretation."
-1,1,"The concept of this video hits me so hard. I was sooo in love with my son’s father but he was so clearly wrong for me, the relationship was extremely toxic and abusive in every way, but he was always so good at the claw machines 😭 it hits so deep 😭😭he always won us gifts, and he’d win them for any girl he was seeing behind my back 😔",Expresses painful memories of a toxic and abusive relationship.
1,1,we can’t be friends era is an unforgettable era 👑,Expresses strong positive sentiment and admiration for the 'We Can't Be Friends Era'.
1,1,"Regardless of genre, opera, operetta, Jazz, she has one of the greatest vocal instruments of all time.  Ella Fitzgerald, Diane Shore, name the greatest opera singers, Ariana Grande is on the list of all time greats.",Extensive praise for Ella Fitzgerald’s vocal talent.
0,0,"In another universe, he cleaned up and got better, they stayed together and they were happy.",Expresses a wistful yearning for a different outcome while acknowledging a present reality.
-1,1,"How is this song not nominated for a Grammy?? But Fortnight by TS is?? This song vocally, lyrically, musically is so moving and deep and heartfelt. Not a pop song made just for the sake of being made.",Expresses frustration and disbelief about the song's lack of Grammy nomination while praising another song.
1,1,She can just do absolutely everything with her voice and this is indeed the most emotional song she's ever written and singed.😢😢😢😢😢,Expresses deep emotional appreciation for the song and the artist's vocal performance.
1,1,"Ariana's lyrics are always like a diary, that's what I love them so muchhhh",Expresses fondness for Ariana's lyrical style as personal and relatable.
0,0,team conrad received this nostalgic song for heartbreak...,"Expresses a nostalgic feeling linked to heartbreak, with an implied appreciation for the song."
0,0,am i the only one who feels like since her return she has been singing about her reality? Like its not just lyrics?,Expresses a critical observation about the artist's lyrical content and its perceived connection to her personal life.
1,1,In all Ariana's songs actually this is my best. So emotional . I listen to it continuously without getting bored it even creates feelings in you,Expresses deep enjoyment and emotional connection to the song.
0,1,"I love this song but it’s so bittersweet. Particularly the ending where the “I’ll wait for your love” lines repeat , and fade in that orchestral music. Somehow it hits a pretty specific button in my nostalgic heart. And I just Love it 😢😅",Expresses love and nostalgia with a slightly melancholic tone.
-1,1,"Every time I watch the video to this song I cry. Being in love with someone after it has ended is the worst feeling, you Mourn a living person. 😣just left with all the good memories. So I’d like to check in to that place!",Expresses profound sadness and pain associated with a past relationship.
0,0,"idk if y’all have seen Eternal Sunshine of the Spotless Mind but that film is what the album (esp this music video) is drawing from thematically. I highly recommend watching it to understand the full extent of the pain she’s been going through, it changes the album’s tone completely","Connects the music video to a film, offering a critical interpretation while acknowledging the album's overall theme."
1,1,It's not a song it's emotion 😭,Expresses deep feeling and appreciation.
1,1,This song actually give real November n December vibe❤️😭😭,Expresses fondness and evokes feelings of warmth associated with the specified seasons.
1,1,"“Ariana’s vocals are like a warm hug for the soul so effortless, so powerful! Every song she sings feels like a masterpiece. Who else is completely enchanted? 💖🎶”",Expresses overwhelming praise and adoration for Ariana’s vocals and music.
1,1,her best bridge for me. That counter melody is stunning.,Expresses admiration for a specific element of the song's composition.
0,0,Song lyrics Me and you🎧 ?,Simple expression of interest without strong sentiment.
1,1,This video has the vibe of the film eternal sunshine of the spotless mind which was a masterpiece,"Compares the video to a critically acclaimed film, expressing a positive association."
-1,1,"me and my best friend don’t talk anymore, we aren’t friends anymore, i can’t accept the fact. i just pretend we are friends :( this song really hits deep thankyou ari for your incredible art.❤ ily",Expresses sadness and inability to accept the loss of friendship.
1,1,"Lord I love this song and her voice is everything. The beat also reminds me of Robyn's ""Dancing On My Own"".","Expresses strong affection for the song and artist, comparing it favorably to Robyn."
1,0,"Somewhere in the multiverse, Mac got sober and they're married and she's finally happy. You can't convince me that he wasn't her soulmate. RIP Mac Miller.",Expresses a hopeful and affectionate tribute to Mac Miller.
1,0,give the ramadhan vibes😂,"{""sentiment"":""Positive"",""justification"":""Expresses a positive association with the song evoking a specific feeling.”}"
-1,0,So sad+emotional,Expresses feelings of sadness and emotion.
1,1,So deep. Listened 4xs.,Repeated listening indicates strong enjoyment and appreciation.
1,1,"Here before 500 million views! Great job Ariana Grande, will always support you no matter what kind of drama is going on involving you because I know deep down you don't mean harm. Keep going girl!",Expresses support and encouragement for Ariana despite potential drama.
0,0,"Anyone else think this is about Mac Miller? Her acting is SO good. It doesn’t feel like acting, but real and raw emotion.",Expresses admiration for the acting while subtly suggesting a connection to the late Mac Miller.
0,1,In a parallel universe this would win the grammy for song of the year❤❤🥰🥺,Expresses a desire for a different outcome while conveying positive emotion.
1,1,This video makes me so emotional.,"Expresses a strong, positive emotional response."
-1,0,"I am sorry that I am crying while listening to this song. You just remind me of him again that I have kept deep down inside of me for along time. Ariana, you must be responsible for my tears. 😭😭😭",Expresses distress and blames the song and artist for causing sadness.
1,1,"It's been a year since the clip came out, and emotions and feelings are the same as when watching this clip like the first time❤️",Expresses continued strong positive feelings and nostalgia.
1,1,"Everything about this song and feeling has been perfectly projected, well done very powerful ❤❤❤",Expresses strong positive feelings and admiration.
0,1,Holy shit man😮 this video is deep,Expresses strong surprise and implies a complex or profound message.
1,1,After the eternal sunshine deluxe - it's beautiful. It's art. We never experienced this powerful of an album and eternal sunshine is the healing album we all need - the deluxe is AMAZING,"{""sentiment"":""Positive"",""justification"":""Expresses strong praise and considers the album a ‘healing’ masterpiece.”}"
1,1,"One of the most beautiful songs of this year, with an impeccable video that causes enormous emotion. The song that made trending in Tik Tok... millions people share that feeling that is ""We can't be friends"". It doesn't have a GRAMMYs but it has its loyal fans, because for us it is the Single of the Year ✨",Expresses strong positive feelings and popularity of the song.
1,1,Eternal Sunshine of a Sportless Mind vibes all the way,Evokes a nostalgic and positive association with a well-regarded film.
-1,0,"Say what we will about her, she knows how to capture emotions accurately cause this whole video hurt my soul. And I may be late to the party but dang. Painful.",Expresses deep sadness and distress caused by the music video.
-1,1,This song is like grief wrapped in clarity..	When you know deep down… “We can’t be friends”because it would only re-open what you worked so hard to close 💔🥹,Expresses sadness and pain associated with the song's theme.
-1,1,i am in love with her vocal delivery in this. she sounds exactly like someone so exhausted from being broken-hearted,Expresses negative feelings associated with the artist's vocal performance.
0,0,It’s already nostalgic,Expresses a feeling of reminiscence without strong positive or negative emotion.
1,1,omg I started crying as I was singing and I couldn't even finish the song properly—the story within deeply moved me😭😭😭😭😭😭,Expresses profound emotional connection and enjoyment of the song.
1,1,“Me & my truth we sit in silence 😩 bbygirl it’s just me & you” 😭😭 even when I’m having the worst of days it’s that one lyric that gets me 🤞🏽 thank you Ari 🎉,Expresses deep emotional connection and gratitude for the song.
0,0,"Listening to this, crying while I'm temporarily being friends with my partner!",Expresses a strong emotional connection (crying) alongside appreciation for the song.
0,0,"Who knew fake Pietro-sorry, Fietro, as Agatha put it, would end up with Galinda in another universe?😅",Expresses amusement and confusion about a fictional storyline.
1,1,Ariana's vocals sound like honey... Smooth and sweet and effortless ❤🍯 #luvyou #Arianagarande,Expresses strong positive sentiment with emojis and hashtags.
1,1,"When love breaks, I turn the fragments into music that makes you feel deeply understood. I’m Deep in Love, and my mission is to create songs that become the soundtrack to your most vulnerable moments.",Expresses a passionate desire to create meaningful and emotionally resonant music.
1,1,This song is an emotional part of her career 😢❤,Expresses fondness and emotional connection.
1,0,rewatching this because i just had my worst heartbreak and oh boy does this hit different,Expresses a powerful and deeply personal connection to the song during a difficult time.
-1,0,This reminds me of a friend whom i don't want be just friends i wanted something deeper but it never came to be true i never had the courage to tell him and the felling after hearing this song i can't explain in words😢,Expresses sadness and regret about a failed romantic connection.
-1,1,someone get me off. this masterpiece is unforgettable,Expresses a strong desire to escape and criticizes the song.
1,1,This song and video is so deep,Implies a profound and meaningful experience.
1,1,"Ariana Grande’s ""We Can't Be Friends (Wait for Your Love)"" is a beautifully emotional track. The video captures the essence of longing and heartbreak, with Ariana’s voice shining through every moment. The visuals are simple yet powerful, perfectly complementing the song’s theme of waiting and unrequited love. It’s a heart-tugging experience and a must-see for any Ariana fan!",Expresses strong admiration and enjoyment of the song and video.
1,1,OMG this is so powerful and emotionally realistic 😭😭😭😭 I really love this.,Expresses strong positive emotions and enthusiastic enjoyment.
-1,1,wow. so deep. Imagine disliking someone so much or their memories bring you so much pain you wished youd never met them. I can imagine there are tons of people all over the earth who feel this way.,Expresses intense negativity and wishing for someone's disappearance.
1,0,"This is my first time hearing the whole song and watching the video. Firstly, Evan Peters is that you?? Secondly, wow, the vocals are beautiful!",Expresses delight and appreciation for the vocals.
1,0,Get some reggae vibes.,Expresses a positive association with the music genre.
1,1,Totally hooked on this song's beat!,Expresses strong enjoyment and attachment to the song's beat.
1,1,It already seems so nostalgic,Expresses a fondness for a familiar and comforting feeling.
1,1,This music makes me fell hope and nostalgic ..  My heart in this vibe 🤍🤍🤍🤍,Expresses feelings of hope and nostalgia.
1,1,And all of a sudden I’m crying 🥲 I understand this on such a deep level this is beautifully created,Expresses profound emotional connection and admiration for the song.
-1,-1,"It's the worst feeling ever when you go through a friendship breakup and your friend moves on way quicker than you do. It doesn't seem to hurt them at all but you're the one left in tears every day, remembering all the good times that will never return.",Expresses intense sadness and pain over a friendship breakup.
0,1,i feel like a lot of people are mixing up the TRUE meaning behind this song.,Expresses a disagreement with interpretations of the song's meaning.
1,0,16 candles vibe,Evokes a nostalgic and joyful feeling associated with the song.
1,0,Eternal Sunshine of the Spotless Mind vibes 🥲,Evokes a nostalgic and positive association with the film.
-1,0,al final...se ven uno al otro pero ninguno reacciona al verse...ni el... entonces significa que el tambien se borro a ella?😢,"Expresses sadness and implies a painful, unresolved situation."
1,0,This track has such a nostalgic vibe to it. It reminds me of simpler times and brings back so many memories.,Evokes feelings of nostalgia and positive memories.
1,1,The heartbeat thing at the start is actually so fun…,Expresses enjoyment of a specific musical element.
1,0,far out what an emotional rollercoaster,"Expresses a strong, positive feeling of intense emotion."
-1,0,"When that Teddy was burned, reminds me if a couple had marriage and decide to divorce, whos the victim ? Yep the kids, always think deeper before you decide to start relationship with someone, please",Expresses a judgmental and critical view of relationships and divorce.
1,1,🎉I JUST HEARD THIS SONG. VERY DEEP I LIKE IT. RESONATES🎉,Expresses enthusiastic enjoyment and a feeling of connection.
1,1,Ariana Girllll!!! You have come sooo far with your music abilities. Wow❤. Beautiful beautiful beautiful!!!! These vocals are so insanely gorgeous❤. Love some Ari Grande❤,Expresses strong admiration and love for Ariana Grande’s vocals and music.
-1,-1,I can't stand those autotuned voices anymore. Sing with your real voice Ariana.,Expresses strong dislike for autotuned vocals and criticizes Ariana's vocal style.
1,0,This view must be popular; it is the song that touches our hearts and gives us the most emotion lately.,Expresses strong emotional connection and appreciation for the song.
0,0,lol synthwave,Expresses amusement but doesn’t convey a strong positive or negative opinion.
1,1,Vocals like this don’t just sing—they heal. Absolutely beautiful.,Expresses deep admiration and healing qualities of the vocals.
1,1,This song is so catchy ngl,Expresses strong enjoyment and appreciation for the song's catchiness.
1,1,Love these lyrics,Expresses a clear and direct liking of the song's lyrics.
0,0,Um this mv is lowkey giving Britney’s everytime vibes. Don’t tell me she went through that too.,Acknowledges a similarity to Britney Spears' music while expressing a somewhat hesitant opinion.
-1,0,Everytime I watch this am gonna get so emotional and im just gonna cry and clearing my problems 😭,Expresses overwhelming sadness and distress.
1,1,I love it's cinematic vibe ❤,Expresses fondness for the song's cinematic atmosphere.
1,1,"Memory loss doesn't necessarily erase our love for the ones we care most about. The strongest and most passionate of all emotions still prevails in the end. As the Romans used to say: ""Amor vincit omnia"".",Expresses enduring love and positivity despite acknowledging potential memory loss.
-1,1,"Seriously, ""we can't be friends"" not being nominated for Best Song of the Year and Video of the Year was the worst BLAME at the Grammys this year. Ariana didn't deserve this!",Expresses strong disappointment and anger regarding the Grammy nominations.
1,1,"Impressive vocals especially around ""know that you made me 😍🤩😍❤️",Expresses strong admiration for the singer's vocals and uses enthusiastic emojis.
1,1,"Where do I even begin?! This is immaculate!!!!!!!!! From our one and only, one of a kind, unique outstanding and exceeding true Artist Ariana Grande, the transitions, the production, the set the scenery the story telling, the love, the lighting everything is sooooo incredible I’m so so so endlessly in love with this!!!!!!! That is just absolutely incredible. The lighting, the sets, the outfits, Ariana’s vocals her song writing of course is absolutely everything and so much more her aura and Evan Peters precence here is so perfect i can’t even describe how much i love this music video. You are all truly spectacular and incredible",Expresses overwhelming enthusiasm and adoration for the music video and artist.
1,1,This is called pure vocal,Expresses enthusiastic appreciation for the vocals.
0,0,"This song alone used to cut deep and take me back to a certain individual, now it just slightly reminds me but has had no “emotional” reaction from me for a while, honestly never cared to look up its music video yet accidentally came across it now and,…   I’m sobbing. 😭","Expresses a past strong emotional connection now faded, coupled with current unexpected sadness."
1,1,deep meaning behind the memory is so undestandable and appraciatbale,Expresses appreciation for the song's profound meaning.
1,0,This feels nostalgic already,Evokes a feeling of longing and fondness for the past.
-1,1,"Thia song is basically embodiment of how Marvel in general erasing Evan peters Quicksilver, reducing his best from his first appearance in DotFP to make him a forgettable joke, Ralph Bohner...",Expresses strong criticism of the song and its perceived contribution to the negative portrayal of a character.
-1,1,If this was possible I do it in a heartbeat too because the pain of living without the one I love would be too painful 😢😭💔,Expresses intense sadness and pain.
1,0,I remember sitting through a breakup wishing I could forget. The part when your truth sits in silence. Maybe better to not say your side of the story and let them live their version of it. This whole video and lyrics are perfect,Expresses deep emotional connection and appreciation for the song's message.
1,1,It's emotional 🥺🥺🥺😭 I love you and I love it,Expresses strong feelings of love and emotion.
1,1,"Ariana is best voice of vocal ......from India,  state of Mizoram.",Expresses strong praise for Ariana's vocals and specifies a location.
1,1,"You gonna be always, always, always the best video and song from 2024! When this video comes out, i get touch so deeply! I love you ariana and independent of any Grammy! You are an amazing artist and i love you",Expresses overwhelming enthusiasm and admiration for Ariana.
0,1,The one and only Ariana song that ever touched me this deep. She’s of immense talent but I’ve never been a fan of hers. This song I Stan.,Expresses both admiration and a lack of personal fondness.
1,0,This has Robyn vibes.,Compares the song favorably to Robyn's music.
-1,1,"Ok hear me out, i dont think this song is about a lover. I think this song is about the fans and critics. She is speaking to us ""wait until you like me again"" as fans are easily persuaded and flip flop with their support. She can never be friends with her fans and critics. This was during a time a lot of people were hating her therefore she wanted to say a lot on her side of the story per verse 2 but would rather just stay quiet. My interpretation 😂 dont quote me. This doesnt make sense to me if it was for a lover, read between the lines","Expresses a critical interpretation of the song's meaning, suggesting it's directed at fans and critics."
1,1,"I have a deep connection with Eternal Sunshine of the Spotless Mind, having watched it a dozen times. It was hard to find people who liked it as much as I did so this album and song really hit a nerve with me. Ariana produced wonderful work based on the source material, and I appreciate every detail.",Expresses strong personal connection and appreciation for the adaptation.
-1,1,So emotional  ugh i cant,Expresses intense negative emotion ('ugh') regarding the song.
-1,0,It’s so weird how her lyrics are literally proving the of her cheating true but the MV makes everyone take a different approach the one which isn’t true at all and shifts ppls mind away from the truth and the fools are now praising her !!! Props to her pr team tho they saved her career by controlling ppls weak minds,Expresses strong disapproval and accuses the artist of manipulating perceptions.
0,0,"This m/v reminds me of IU - 8, same vibe same concept and both soothing","Acknowledges similarity to another artist's work, offering both positive (similarity) and potentially negative (comparison) implications."
0,0,This is the same beat from Robyn's song ...dancing on my own,Acknowledges a similarity to another song and reacts in a non-specific way.
0,0,I come back every once in awhile cause when this came out my ex told me she resonated with this song. I listen to it to feel her emotions,"Expresses fondness linked to a past relationship, presenting both positive and potentially bittersweet feelings."
0,0,A reflexão que a música tras sobre  nao saber lidar com a perda de alguém e como se vc so quisesse se livrar das memórias mas so mesmo tempo não quer,Expresses both appreciation for the song's reflection and a critical assessment of the themes.
0,0,Chorus 2:58,A simple statement of time referencing the song.
-1,0,we don't need to erase our memory to forget about somebody actually we need to embrace the feelings to get some lessons and get through them.. this song give the message about running from our emotions.. it's unhealthy way,Critiques the song's message as promoting an unhealthy coping mechanism.
1,1,This makes me feel emotional! Beautiful song-reminded me why we need Jesus ❤ so we can be forgiven and move forward and remember that HIS love is eternal!!!!!,Expresses deep emotion and faith-based appreciation for the song.
-1,0,"Because my husband has the emotional maturity of a child this song, hits",Expresses frustration and disappointment related to the song's impact due to the commenter's husband's behavior.
-1,1,First time seeing this video 😢  a cancer's love runs very deep 🙏,"Expresses sadness and uses a strong, negative term ('cancer's love')"
1,1,"Great music 🎶 , great lyrics, great likes, great future, keep singing young lady. Flowers 🎉 for you, may you be blessed and try to make your music kinds like with same genre in a way same beat and you will get it like spaghetti on rice.  💓 love, love, and many of it.  Take care.  I hope that you can come here to our city, one day in Chicago.  Thanks, great day, and sorry I am up early.  Just someone fidgeting in the background.   Thanks.",Expresses enthusiastic appreciation and well wishes.
0,1,"I love this video so much..... This is one of the best videos I've seen in a long time.... Every frame every audio everything down to the detail.... Absolutely amazing.... If she was signed to a clause... An agreement not to talk about her relationship to Walton Gomez..... Well this video speaks for... Billions and billions and billions of women.... And Men 2 to be honest.... Of course.......... But I'm from the old school MTV days.... Where song and video connected..... But I'm not going to knock on the arrow where it was just songs about booty and same old same old and booty in your face g-string in your face while you're trying to watch a video and you're just waiting for the story but it that is the story it's just booty in your face and the song is just booty booty in your face..... There was an error where music reflected that reality for sure.....,. I'll take and learn from it.... But this video right here.... Everything about it from the shading the lighting the way they lighting exposes her certain parts of her body everything just tells a story what this lady has been going through..... She is so sacred.... She is a gem .....a treasure... She tells her story and I feel it so deeply dude and she speaks for so many many many many many many many many.... Billions billions billions..... But seriously... This is an artist that I truly enjoy... She's the kind of sister that I look at,. as she is a girl's girl..... She truly is..... Ariana Grande's sister I just want to say that you are perfect the way you are.... As an artist.....  a visual artist..... A little sister friend full of laughter.... I didn't know who you were 10 years ago... But I'm like wow.... I do remember Christina Aguilera singing in an interview.... She was Christina Aguilera said that she was into Ariana grande..... Makes perfect sense...... God bless you Ariana grande sister don't change anything about yourself... You're perfect girl.... Don't get anything done to your face your lips your teeth your eyes your hair nothing you are just perfect the way you are.... You are a beautiful soul inside and out..... And I thank you so much for your artistry..... It validates so many..... And your humor... Makes people smile.... Your voice is a frequency unmatched.... That's why I say you are a gem...... We have had many gems for sure..... But you're multi-talented multi dynamic.... Keep it pure sister and take care of yourself.... I know that so many love you so many appreciate you..... Billions and billions and billions and billions.... Donald Trump impersonation...🍟😂😆🤣🌈🤩💗💞💝",Expresses intense admiration miscellaneous with criticisms about the song's content and a Donald Trump impersonation.
-1,1,Amigos de Frankenstein o king príncipe ofrezca lata i was Being Who i am 326 a.m. algo in the big Girls mind peters automations latinos americanos the event b montes control population 45 of the secrets of the place evening to play news slave of the celecoxib en Harry Styles Hot love it's corporations and Coldplay long Life of the great King long one way for love in the Lucky in my love of love in the skin for b quinto crowload Rodríguez Adiós niña de atlas and this moment i was keeping Carlos long Life for the long análisis de análisis en análisis en análisis en las fábricas golden we could Kevin going keeping in the looking that's how we gone that's how we be that's how we stay in the Hall we go everyday for you can be Max powerful Matt dangerous living master dangerous believe más dangerous stay y más dangerous believin aguas believing for looking stay in this believing of the love of the great King de Tom of the impress kingdom that's how we go skipping that's how we lindos ojos en Inglaterra aquí en keep in love and my name is keeping Salamanca Alan Instagram speech Los tigres bajo the survivors ovas nobles en aguas leves en aguas libres en aguas peppers livingston,"Contains nonsensical phrases and appears to be a stream of random, disconnected words and phrases."
1,1,My Favorite singer is Ariana Grande 😅she is beatufull ❤,Expresses strong affection and admiration for Ariana Grande.
1,1,Ariana grande is the best super talented woman in the universe🥺❤️❤️❤️,Expresses strong admiration and affection for Ariana Grande.
1,0,Just giving into you vibe,Expresses admiration and alignment with a specific aesthetic/style.
-1,-1,This feels so horribly awful.  Like you gave everything for them to see and have you. They didn't acknowledge it so you say F them but it hurts because you spent time and energy making the mistake,Expresses deep disappointment and hurt due to a lack of recognition.
-1,0,"It is actually true as a psychologically way when you start forgetting that person one who you to be very important  to you but your heartbreaks badly then start forgetting even what happened between with you with person, like even how they even look and the all memories gets like blur or like erased, it is actually your brain trying to protect you from the trauma of the certain causes that can break you into deeper end. It's self defence mechanism.",Describes a painful and distressing psychological process.
-1,-1,"This is fucking ass like actually what the fuck is this; not to mention these lyrics are horrible, idk why this shit was on my home page",Expresses strong disgust and criticism of the song and its lyrics.
0,1,Beatfol,"A short, neutral statement expressing appreciation for the beat."
1,1,This is an absolute banger!!! This melody is amazing and her vocals are phenomenal like words aren't enough to describe how awesome this song is.,Expresses intense enthusiasm and high praise for the song and vocals.
0,0,Just give me Vibe of right person wrong time,Expresses a feeling of misalignment and disappointment.
1,1,Relatable af lyrics video everything 😭❤️‍🩹🇲🇽,Expresses strong connection and emotional response to the video.
1,1,Thanks Universe for Evan Peters. Amen. ❤,Expresses gratitude and reverence for Evan Peters.
-1,1,"I’m always sobbing watching this, this song is so emotional, sometimes you just want everything to erase from your brain, all the memories 💔",Expresses overwhelming sadness and a desire for erasure of memories.
0,1,This song is suitable for Saturday and Sunday nights because of the rhythm,"Describes a context for listening, not an explicit emotional response."
1,1,"such a powerful story for real, thats cool Ariana",Expresses admiration for the song's narrative.
1,1,"As a dad of for girls, you can tell all these videos collaborated together have a very deep sentimental value. Very good work🙏🏼❤️",Expresses appreciation and positive sentiment regarding the video's emotional impact.
-1,-1,Worst handwriting,Expresses disapproval and criticism.
-1,0,the song is nice but there is just WAAAAAY too much autotune.,Criticizes excessive use of autotune.
0,0,"I know shes stuck on being fixated as seen a certain way, but wish shed step out of her comfort zone & use her vocal range more. I would love her to do a song with a deeper vocal tone, i know she can do it. Maybe when she gets a little older",Expresses admiration alongside a critical suggestion for improvement.
1,1,I love this song so much I could put it as my ringtone and alarm ❤❤❤❤,Expresses strong affection and desire to use the song as a ringtone/alarm.
-1,-1,Another chipmunk voice with an unoriginal track and beat. Sooooo boring and annoying.,Expresses strong dislike and finds the song monotonous and irritating.
0,0,Omg giving James blunt vibes with the idea of video https://youtu.be/P9-4xHVc7uk?si=fAz0LSq5DW4FyE8Z,Praise for similarities to James Blunt mixed with a critical comment about the video.
1,1,Powerful song,The word 'powerful' indicates strong positive sentiment.
0,0,The best / lyrics reminds me of another song but I can’t remember????? Anyone know,Expresses a vague positive sentiment and a memory lapse.
-1,1,"All the dead-end interests I've had, but not all felt like this - of course! The ones where we spent time together and there were things that made me... well I was wrong. What's worse is... the other person didn't get it even after I admitted my feelings. No longer in my life, and I moved on. But it hurts to remember and to see others go through this. You do feel like this. You feel shame and a deep sadness. Especially if you let yourself fall for the other person. It really sucks... brought me to tears. Great job Ariana. Beautiful. I hope she never experienced this. Hugs to all that have.","Expresses pain, regret, and sadness associated with a past relationship."
0,1,"She gives justin bieber female version vibes, love her","Compares the artist to Justin Bieber, suggesting a similar, yet positive, style."
-1,0,This is giving eternal sunshine of the spotless mind vibe 😢😢😢😢😢,Expresses sadness and disappointment referencing a beloved film.
1,1,this song is full of emotions,"Expresses a strong, positive feeling about the song."
1,1,"It can't be, the acting and the emotion in this video is incredible. The truth is that it almost made me cry, the memories I had with people in the past... wow, great video 🐱🐱🤧",Expresses strong positive emotion and appreciation for the video's impact.
1,0,"This song, the title,the lyrics...all so apt. And the feeling that I can resonate with is just so immense. Its not easy to forget him but yes we can't be friends.",Expresses deep connection and strong positive feelings about the song.
1,0,Anyone else get Robyn vibes from this song?,The comment expresses a positive association with Robyn's music.
1,0,Feel this song and go to aurora. Lights it's vibe 😇,Expresses strong positive feelings and admiration for the artist.
1,1,Watching for the 1000 time and still crying over the lyrics and the song and the video,Expresses deep emotional connection and enjoyment of the song.
1,1,"Ariana’s vocals are pure magic—soft yet powerful, fragile yet full of emotion",Expresses awe and admiration for Ariana’s vocal abilities.
1,1,"Essa musica, esse clipe, uma obra de arte, dessas que vão se tornar atemporais, memoráveis.",Expresses high praise and anticipation for the song and music video.
0,0,"Never have We sent a Messenger or a Prophet before you, but when he hoped, satan tampered with his hope. But Allah supersedes the tampering of satan and confirms His verses. And Allah is the Knower, the Wise. (۵۲) -quran",Religious commentary lacking sentiment analysis indicators.
0,0,why is this song already so nostalgic??😭😭😭,Expresses both fondness and sadness associated with the song's nostalgic effect.
-1,0,This song gives me a Black Mirror vibe from the scene where the guy prefers to remove a device so he doesn't have to remember his wife and daughter anymore.,Evokes a dark and depressing association with the song.
0,0,Anyone just here for the beats and music cause they don’t wanna let themselves hurt too deep by absorbing the words? 🥹,Expresses a reason for listening to the song without explicitly positive or negative sentiment.
1,1,"I fall in love with this song more and more every day. Ariana, thank you for making this song and of course this music video... We've always seen Evan in cold and harsh roles, but he was more beautiful than ever, with his cute smile in this music video. Everything about this song and this music video is amazing and I really love it. (I might watch the music video and not get emotional)",Expresses increasing love for the song and praises the music video and its star.
1,1,Loved this vibe! Dropped a new bold anthem called ‘Don’t Touch Me’ — 💥 https://youtu.be/MkYTkXjMHXk,Expresses enthusiastic enjoyment of the song and its energy.
0,0,Not gonna lie this song got me feeling all kinds of emotions got me all teared up,Expresses a strong emotional response (tears) which is mixed with acknowledgement of the song's effect.
-1,0,I'm looking for the lyrics under to watch with the vid and it's SCORES of ppl crying. YouTube tradition lost on this one 😮hahaha.😂,Expresses frustration and amusement at the excessive crying in the video.
1,1,No one can beat this song😢🫡👏 bravo 👏 🙌🏿 Ariana,Expresses admiration and praise for the song with enthusiastic emojis.
1,1,"Wow, this video touched me deeply. It’s literally how to deal with pain,after a break up, just erase all the memories.",Expresses a profound and emotional connection to the video.
1,1,It's my first time to watch it after it releasing and dumb men this one hits so deeply in my heart it makes me cry and realized how love change us,Expresses profound emotional impact and joy from experiencing the music.
1,0,It already feels nostalgic😭,Expresses a feeling of longing and fondness.
0,0,"Eternal Sunshine of the Spotless Mind and this song, same vibes, same break","Compares the song to a film, suggesting similar feelings but also acknowledging a difference."
0,1,The most emotional song at all 😩🤍✨,Expresses strong emotion (sadness) alongside positive aesthetic elements.
0,1,The only real vocalist left,Expresses admiration for a vocalist while implying criticism of others.
1,0,This already feels nostalgic,Evokes a sense of longing and fondness for the past.
1,1,"ALL I’M SEEING IS ❤️‍🔥 EVAN FUCKIN’ PETERSSSSSSSS ❤️‍🔥. My heart literally skipped a beat the first time I saw this video…… dear Lord He’s so fine I might pass out. (Yup, still does the same effect to this days!!!!! THANK U ARIANA FOR THIS 😭🥹)",Expresses intense adoration and excitement for the artist.
1,1,"It's been a year since the clip came out, and emotions and feelings are the same as when watching this clip like the first time❤",Expresses continued fondness and emotional connection.
1,1,"This music video is truly a work of art. I wonder if casting Evan Peters, who is known for his complex and dark roles, has a deeper meaning? The contrast between the sweet 'Peaches' (Ari's character) and Evan's image creates a haunting dichotomy of a love that was both beautiful and painful",Expresses admiration for the music video as a work of art and appreciates the casting choice.
1,1,The acoustics on this is phenomenal,Expresses strong praise for the song's acoustics.
-1,0,WHY did you have to leave.. bring such and the Door Opens.. The doctor looks at the Empty Glass jar.. and sees My tear drops.. scared or Alone.. the Heart looks so scared.. but if YOU PUT YOUR HEART in my trust.. I can at least Speak to Your Heart.. and Tell Your Heart.. How much I missed Your Heart and I just love the sound of the beating.. Beating of Your Heart.. I can hear Your Heart sing.. I can hear your heart beat.. I can close both of my eyes and without my eyes being opened.. I can still listen to YOUR HEART.. can make me fall fast asleep.. holding Your Heart around my arms like I hold my Pillow in the night telling YOUR HEART.. I love YOU.. can I kiss YOU HEART.. I can tell YOU a secret.. that I never stopped loving YOU.. that I am able to love YOU.. thank YOU for giving me HOPE to love once again.. NOW I feel alive and so Happy because I can love YOU like that.. I can love YOU without YOU saying a word to me.. it is better that way because I just want to love YOU.. why can't I just love YOU.. and I look through the Glass wall.. I need YOU to come closer.. why do you have to stand afar from me.. why do you leave a distance between us.. I want to see YOU.. I want to hold YOU.. why do you have to be Shy around me.. are YOU telling me that I am a creepy person.. am I a monster.. NO.. I am a gentle Heart.. I can love you in a way that YOU can be like.. HE is Not a monster.. He has no sharp teeth.. BUT like a Lamb.. I can love YOU Like a sheep.. but Come a little closer.. tell me that YOU are not afraid of me to Love YOU.. and as I stand looking through the Glass wall.. holding the Empty Glass Jar.. I see YOU walk Out.. I cannot believe.. I guess YOU can hear me HUH.. If you are able to come Out.. when YOU try to walk away.. it must mean something.. I see your head knoding that YOU Hear me and I see your Smile.. WHY are you so Beautiful.. WHY are you so Amazingly Beautiful.. If you are able to show me YOUR SMILE and able to answer.. YOU can hear me HUH.. and I LOOK at you smiling.. I want It.. I want it so bad.. Can I have Your Heart.. Pretty Pretty Please.. I turn my head to look down toward the GLASS JAR.. Your Heart is peeking.. DO YOU SEE her.. and I Turn to LOOK at YOU.. YOU be smiling.. and I see YOU Point at the Glass jar.. your Heart.. and I am like.. I want that Heart.. finally I get to see YOU.. Finally.. DO you know I been waiting.. and waiting.. I have been missing YOU and Now DO you see me.. My finger points down too the Glass Jar with YOUR HEART.. I see YOU standing still.. and I just want to hold YOU.. I wonder how will it feels to Hold YOU.. my arms around YOU.. and just thinking about my arms around YOU.. gives me chills like goose bumps because for a while.. my arms be around my Pillow.. Holding my Pillow thinking it is YOU.. I want to Hold YOU and tell YOU I love you.. I love holding YOU.. Holding YOU makes me heart racing.. Heart be beating.. tears falling because I want to hold YOU and tell YOU.. I love you.. why can't I just love YOU.. and love you like I can.. I want to give so much Love to YOU but it seems like YOU PUSH ME away.. I want to love YOU.. tell me HOW to love YOU.. I am standing here.. looking through the Glass wall.. as I watch YOU walk closer and closer and you stop.. GOSH.. MY heart.. my heart wants to beat faster because of YOU.. I place the Empty Glass jar down.. my hand over the Chest.. DO YOU see this Hand.. my Hand is on the Chest.. my Heart is right here.. my Heart can feel something if just looking at YOU.. my Heart hits me.. beats me when I see YOU.. why can't My Heart stop beating.. why can't it stop racing.. I feel like breathe of Loss.. I feel like I can't breathe but heavy.. I really need to love YOU.. will you let me love YOU.. tell me to stop loving YOU because YOU keep on taking My breathe away.. I can't breathe right and I want to cry for Love.. give me Your Love.. I want to give YOU my Love.. I want your Love.. I want it so bad.. I watch you walk over and YOU stop next to the Glass jar.. grabs Your Heart.. and I see Your Heart.. cries.. as You are holding Her.. I am looking.. Wait.. where are YOU going.. I want that Heart.. That Heart.. She is crying.. Like a baby that Heart is crying.. and I see YOU holding that Heart.. I look.. both Arms stretches towards me.. YOUR HEART cries and cries.. I look at that Heart.. I turn and I can feel my Eyes.. I start to cry too.. I want Your Heart.. I want to Love Your Heart.. why are you making that Heart Cry.. YOU are making me Cry because I want to HOLD Her.. Give me Your Heart.. I will Love your Heart.. give me that Heart.. you are making her Cry.. WHY.. don't make YOUR HEART to cry in front of me.. why show me tears.. STOP IT.. Please tell Your Heart to stop crying.. making me to cry with That Heart.. I would see my tears fall down Hard and wiping with my hands.. and I lift up to look.. I see YOU holding Your Heart.. that Heart is in peace now.. Got me scared for a minute or two.. YOU looking down at Your Heart.. holding your arms around.. HOW about Me.. can YOU hold me like the way YOU hold YOUR HEART.. I can hold YOU back.. I want to Hold YOU.. but let me see Your Heart.. Can I hold Your Heart.. and I will tell YOUR HEART.. YOU are the most beautiful Flower.. The most amazingly Beautiful.. that I love YOU.. I love holding YOU.. I love hearing the sound of the beating of that Heart and I love Missing YOU.. and I look.. can YOU Please give m Your Heart.. I think you had long enough time with That Heart.. How about Me.. I think it is Mine turn to HOLD your Heart.. give me a time.. make me a room for Your Heart.. Let me hold Your Heart and tell YOUR HEART.. I will never stop Loving YOU.. but I will keep on loving YOU.. if you want me to love you forever.. I am sure I can love you.. But give me that Heart first.. I need Your Heart.. tell YOUR HEART.. I will be gentle.. and I will Not hurt Your Heart.. I am not a scary person.. I am not a monster.. But a MAN who only wants to LOVE YOU.. so Pass me that Heart.. make me a room and give me a time.. I need some time so that I can start to show and tell YOUR HEART How much I love you.. IF YOU don't give me Your Heart.. HOW CAN I Start to love YOU.. I need It.. I need your Heart.. Give me your heart to Me.. I only want Your Heart.. GIVE it to Me Your Heart.. I need your heart.. I need HER.. I look through the Glass Jar.. I turn on the side looking down.. both hands grab the Empty Glass Jar.. there is a SUN FLOWER inside.. so It is Not empty.. YOUR HEART will not be lonely NO more.. I am sure when YOUR HEART looks at this Sun Flower.. YOUR HEART will smile.. because knowing my Heart.. my intentions is to make YOUR HEART SMILE.. I lifted the Glass jar and YOU look through the Glass wall holding Your Heart.. DO you see this.. DO you see the Glass jar.. LOOK at the SUN FLOWER.. it is for Your Heart.. It is for YOU reminding How much I love you but to show YOU I want your Happiness too.. I had to get Out of the Room.. it is so Hard to breathe.. I get very stuff inside and I would come out.. my arms wrap around the Empty Glass Jar.. hoping that I can ask YOU for something and I stop and I would LOOK up to the Sky.. looking around.. I only see the stars.. I only see the Moon.. High above.. I feel a little dizzy at this Point.. just could Not stop.. as I look UP.. I turn too look at the Moon.. I open my Mouth.. DO YOU know that I am missing YOU.. I am wondering where are you at.. WOULD you please tell me that I am getting closer to YOU.. But.. as I am walking,"The comment is an extremely lengthy and emotionally charged outpouring of obsession and desperation, expressing a need for reciprocation and fixation on an unseen or unreachable individual."
-1,0,Oink Oink.. My Heart has been telling me that I want to See YOU.. and I would wonder.. How would it feel to be close to You.. to be near YOU.. How would my Heart feel or react when I be close to YOU.. and since I am unable to see YOU.. this is the reason why it hurts me the most.. if YOU wonder about my Pains and why I deal with great sufferings.. I will tell YOU why.. it is because I miss YOU.. did YOU ever felt when YOU be missing someone.. for so long YOU are just missing.. and it never heals because I keep on missing YOU and it has been a while now.. I am wondering.. when can I see YOU.. Not just by looking at the Picture.. but face to face in person.. I want to see You so that I can tell YOU how much I have been missing YOU for a while.. for a long time Now.. so that I can tell YOU I love YOU.. so much.. that I love YOU.. No matter how far YOU are.. that I love YOU.. even missing YOU.. I will tell YOU that I love YOU.. YOU are the only One who makes me feel this way that as far as YOU are and I am missing YOU because YOU are so Far.. being so far I can say that I love YOU.. I don't like the feeling that YOU are so far but.. I want YOU near.. I want YOU close.. loving YOU either far and missing YOU and also just loving YOU here.. I want to see YOU close.. I want to see YOU Near.. I want to just love YOU where you are.. why because I just do.. as I am standing.. my Other foot crosses over the First line.. and I am looking at the second Line.. I know that I needs to take few steps closer too it.. I needs to cross over so that I can go to the line on the third.. I want that Heart.. I want Your Heart.. I need Your Giant Heart.. what would you do if I am able to get hold to that Heart.. would you come over.. would you show me Your Face.. if I am able to get through that Glass Wall and enter.. Putting Your Giant Heart into the Empty Glass Jar.. are YOU going to show me your Face.. will you show me YOU.. that I am able to hold you close.. Hold you near and to tell YOU how much I missed YOU and say to You how much I love YOU.. would YOU open the Glass Wall for me.. if I am able to cross over the second Line.. and My hands able to grab hold unto the empty Glass Jar.. I need It.. I want It.. I want that Heart.. finger points.. at the Giant Heart.. I need that Heart.. I want it.. Please.. Give me Your Heart.. Please.. I want Your Giant Heart.. Help me to get to Your Heart.. just please help me a way so I can be with Your Heart so that I can love YOU.. so that I can love your Heart.. Please help me.. so that I can love YOU.. do you not want me to Love YOU.. how can I love YOU if you don't want to help me.. YOU know that I have been here.. waiting for YOU.. I have been standing by this door.. for such a Long time.. for a while.. asking YOU to open the door.. I remember I was walking.. and I got a Note from YOU.. of course I would be by this door.. and I would be knocking at the door.. asking the door to be opened.. I would stay by the door.. I saw Hot sunny days.. and I would watch the night.. stars shines and Moon comes UP.. I would keep on coming to this Door.. a Note coming to my door.. and I saw a picture that was sent to me.. I fell in love with the picture.. but I did not know why it was left at my door.. as the note told me and gave me a direction.. but the door that I came too was shut.. it was closed and locked.. only thing I had in my hand was your Picture.. I wanted to meet YOU.. I am sitting and next to Me is the Basket.. Full of Flowers.. I am holding the Glass jar.. Looking down.. It is Empty Glass Jar.. I feel so Sad.. where are YOU.. Where are you My Love.. I miss YOU.. if You are Not with me Right now.. How about Imagining that YOU are Near.. I look down.. my two eyes Closes.. I am sitting.. the Glass jar has a Heart.. It is Your Heart inside.. and I want YOU to come and see.. See me and Your heart.. the Door Opens and I hear the Foot steps and stops.. I am looking down the Glass Jar.. and I say.. I am holding.. Can YOU see that I am holding.. there is a Heart inside.. Am I holding Your Heart.. will you tell me that I am doing the right Thing.. I want to have this Heart.. I want to hold it like this Forever.. Will you let me have Your Heart.. Because I love YOU.. I love YOU and I love Your Heart.. Only my wish is that YOU can give me the answer.. Please tell me that YOU are letting me to Love Your heart.. WILL you accept my Love.. can YOU receive that I want to fall in Love with YOU.. that I can start to love You until Now and Forever.. Please tell me that YOU are truly letting me to love Your Heart.. I am not asking for anything else.. But Only One.. It is Just Your Heart.. Now YOU sit next to me.. Is it really You.. I want Your Heart.. but is it really YOU.. let me have Your Heart.. I want Your Heart so that I can love YOU.. if I can't Love Your Heart.. there is No point of loving YOU.. because I want Your heart first.. Look at this Glass jar.. DO you see what I see.. I see A Heart.. SO beautiful because it is YOU.. Your Heart is so Lovely.. so beautiful.. Let me please Hold Your Heart.. I can't hold Your Heart because it is inside this Glass jar.. That is why I am asking YOU.. can YOU unlock.. give me your Heart.. take Your Heart and give it to Me.. let me please have and hold.. and to Love.. I am only asking YOU for a Permission so that I can love your heart.. why won't YOU let me Hold Your Heart.. WHY is there a wall between us.. why can't you Unlock so that YOU can give me your heart yourself.. Why do I have to just sit here and only thing I can do is looking through this Glass.. I do not want to look through this glass.. I don't want to just hold this Glass jar.. Do you know that I am much more driven then this.. that I want more.. I want more of it then just this.. I want the whole.. Your Heart.. if YOU know my intentions.. if you know how much I love You.. is it because YOU don't love me.. is it because YOU don't trust me.. is it because I am a stranger who only gives you that distance vibe.. BUT I am not like that.. you should know that I can be tender and very loving.. I can love you better than anyone else.. I can love you where YOU will say I do.. only if you can give me a chance.. give me a chance so that I can prove to you I am much more than this.. I see YOU stand Up.. I just can't believe.. are you leaving Me.. did I say something wrong that made you feel like you want to walk away from me.. why are you leaving when YOU came this close.. please don't go.. I have been waiting for you all this time.. and Now you want to leave.. you want to open that door and walk off from me.. then tell me what did I say that wants to make you leave.. I only want your heart.. why do you have to make it this hard on me.. don't go.. please don't go because I love you.. I grab Your hand.. Please.. don't go.. why are you hiding your face from me.. why can't you look into my eyes and tell me that you don't love me.. why can't you show me your real face to me.. don't go.. wait.. what have I done that makes you want to leave.. don't go.. don't leave me.. the hand pushes my hand away.. I see you open the door and walks away.. My Hand beats my Chest.. and Hits and hits.. WHY do you leave me.. I was so close right.. but I know that being close is nothing because this is what I get.. I want YOU.. I want Your heart.. Give me a chance.. YOU don't even give me a chance to love you.. then WHY do you have to push me away.. make me ache.. WHY.. I am hurt.. WHY.. I am hurting right Now.. WHY do you hurt me for.. I am only asking for One thing.. Just Your Heart,"Expresses overwhelming despair and longing for a lost love, filled with accusatory statements and self-pity."
-1,0,"What the painful music video , I can feel her emotional at 3:30",Expresses discomfort and distress regarding the music video.
1,1,This song is my second favorite song on the newest album of 2024 of Ariana Grande. She is amazing and the lyrics and sound are perfect.,Expresses strong positive feelings and approval of the song and artist.
1,1,"This song gives me goosebumps. It's emotional, cute and sentimental. It's perfect 🤍",Expresses intense positive feelings and describes the song as perfect.
0,0,"This makes me think of my ex-husband... This makes me think of the narcissism.... This makes me think of the time I went to a clinic and had an abortion,.... There was so much in this that I related to... And you are a girls girl..... Your a sister's sister..... I felt every frame of this video every part of it and I understood it.. very deeply...., the first time I heard the song I listen to it over and over and over and over and over a billion billion times..... And I could only imagine the visuals in my head... From the story from the song.... the video... Wow absolutely amazing...... Ariana grande is my favorite artist.... In the 90s it was Tori Amos... Bjork.... And of course Whitney Houston.... Play Christina Aguilera.. all day long.... And now I can't wait to get my 85 inch TV and my surround sound going again.... I will be watching this video on the big screen.... Great job Ariana grande",Contains both positive feelings and negative reflections related to past experiences.
1,1,Lyrics ❤,Expresses simple and direct positive sentiment regarding the lyrics.
0,0,"am i the only one who gets robyn ""call your gf"" vibes from this song?",References a specific song (Robyn's
-1,0,So DO not think that I have lost my mind.. and that I am going crazy.. But I do remember.. few says ago.. I put a Heart.. I have the picture here with me still.. I do remember waking up this Morning.. I turn to look across from laying on the bed.. I see the Glass Jar.. But.. I felt like something is Missing.. something is gone.. maybe my eyes are just messing with me these days.. as YOU grow older.. things will change but.. I know for sure.. it was YOUR HEART inside.. I remember holding this Glass jar.. I was weeping and jumping UP and down with Joy.. Holding this Glass jar with Your Heart.. because the Heart belongs to YOU.. NO ONE ELSE comes close with the Joy YOU give.. the chills I feel in my hands.. when I look at Your Picture and knowing that YOUR HEART was with me this Close.. I would be holding this Same Glass Jar.. JUMPING up and down.. it is Your Heart.. Only IF.. you can see the reaction I felt.. just holding this Glass jar.. with YOUR HEART.. my both eyes would be closed.. two lines of tears running down with JOY and HOPE.. just to have YOU close means it is YOUR HEART I want to love.. waking UP this morning.. My Heart felt heavy.. HOW did I lose.. Is it because of Me.. I must be the one to Blame because I have lost Your Heart.. How can I ask YOU for Your Heart if it is ME who has lost the Heart.. BUT I WANT.. I WANT IT.. I need.. I can't breathe without YOU and it is only when I have your Heart so Close.. When I was holding the Glass Jar.. with YOUR HEART inside.. I can feel my Heart beating against.. Knocking from the Inside because MY MIND would go crazy.. I would go Nuts having this Heart of you close to My Chest that It wakes UP MY HEART to keep on knocking.. I was laying down.. waking UP.. seeing that There was NO Heart inside this Glass Jar.. I started to stumble on the ground.. started to walk around.. room to room.. kitchen to rest room.. Looking everywhere for the Heart.. I know that YOUR HEART just did not run.. did it run from Me.. is your Heart afraid of Me.. I would kiss the Glass Jar looking at your Picture.. Looking at Your Heart.. maybe Your Heart got scared of me kissing Your Heart too much.. of course I could not touch YOUR HEART.. But I wanted to touch and hold YOUR HEART.. I really wanted to kiss into your Heart and would say.. this is HOW MY HEART feels when YOUR HEART is close to me.. close to My Heart.. it makes me want to bring YOU CLOSER to me.. and I want to hold YOU.. but I could Not find the Heart.. I went all around the House looking for your Heart.. and I am looking at Your Picture.. What am I suppose to say.. I have lost Your Heart.. I just can't tell you that.. How can I say that.. so I was thinking putting my Heart inside to act like it is YOUR HEART.. a Letter came to me asking me for Your Heart.. YOU have wrote me.. asking if I can give YOUR HEART back to you.. I am here confused.. I just have lost Your Heart.. YOUR HEART is NOT inside this Glass Jar.. it is Now Empty.. what do I do.. How am I suppose to come to YOU.. and show YOU that the Glass Jar.. I have lost Your Heart.. I don't know where YOU Heart went.. but I do know that I have the same glass jar YOU gave me.. I know this belongs to YOU.. but when I give YOU this Glass Jar.. I don't want to give it to YOU empty like this.. Because I have gotten Your Message.. YOU want Your Heart back.. I begin to wonder.. WHY are you asking for YOUR HEART back.. YOU told me that I can keep Your Heart forever.. YOU told me that I can Love Your Heart.. why all of a sudden change of Heart.. why are you changing what YOU gave.. I want to have Your Heart.. I want to keep Your Heart close to Me.. I want to enjoy having YOUR HEART.. even though I may Not touch It.. I can still Love your Heart.. just the presence of being Close.. it means everything to Me.. Now.. YOU are asking me.. at a time like this when I can't even find Your Heart.. I means.. I am holding this Glass Jar.. it is empty.. in the middle of the Night.. I am standing out here.. frustrated at this Point because I love YOU.. and I love Your Heart.. I want the Heart.. YOUR HEART to stay with me.. why did YOU send a message at the time I can't find Your Heart.. DID your Heart ran from me and somehow went to YOU.. I am sure your Heart was in this Glass Jar like yesterday.. I do remember.. like I said.. I was so Happy.. So full of tears and joy.. my arms wrap around the Glass Jar.. it had YOUR HEART.. and I would be jumping UP and down.. knowing this Heart.. YOUR HEART belongs to YOU.. and I be able to love and care.. and Tell Your Heart.. HOW much I wanted YOU SO CLOSE.. how is it possible to be so close with me and Now.. YOU are taking that Love and Joy away from me.. LOOK.. after the Message.. and I read it in front of YOUR HEART which was inside the Glass Jar.. that is when YOUR HEART ran from me.. it is after I received.. I open the letter and I was so Hurt.. so I read it very loud.. to make it clear.. YOU were going to take my Pride and Joy and Love from me.. so I would speak and I think YOUR HEART heard my words.. so Is it me.. I read from the Inside at first.. but it made me fill in rage because YOU wanted Your Heart back.. I can Love Your Heart more than YOU can hold that Heart.. I can tell Your Heart.. so that My Heart can breathe again.. can Beat again and I can also sing to Your Heart.. I may not have a GOOD voice to sing.. but I still can sing HOW MUCH I love YOU and the Joy YOU Bring when I am able to see Your Heart so Close and to able to Love YOU more and More.. why can't I just Love YOU.. if YOU leave Your Heart with me.. if Your Heart can stay.. I know I will love Your Heart completely.. I can make YOU Happy.. I can love you where YOU can be the most Beautiful Flower in the world.. WHEN I looked from the bed this morning.. and I searched the whole House and I did not find Your Heart.. I felt broken inside.. Like I begin to feel I am missing YOU.. that Joy broke down.. I have chased Your Heart away.. it is because YOU were asking me to give Your Heart back.. I would sit.. I pulled Out the Wine.. hard wine and I sat down.. LOOKING at the Picture.. and I would say.. How can YOU be like this to Me.. How can YOU take Your Heart away from Me.. it brought me the greatest JOY I never felt.. I open the top Lid.. and having the Shot Glass Next to Me.. I pour the bottle of Wine into the Shot Glass.. I grabbed the Shot Glass.. Open my Mouth and slam into my Mouth.. I would pour me two to three more Shots.. up to four on the Shot Glass.. and slammed the Hard wine into my Mouth.. and I would sit there.. could Not believe that YOU are asking for Your Heart.. YOU told me that I can Love your Heart forever.. YOU told me to take good care of your Heart and even gave me this Glass Jar.. I told YOU that I would.. I would make a promise to Love YOU.. to Love your Heart.. that means to love YOU... why are you doing this to Me.. putting sorrow.. putting pains.. making me suffer like this.. Missing YOU drives me crazy.. it hurts me because I need YOU close.. I need Your Heart.. Where are YOU.. Where is Your Heart.. I would pull the Trying to close Both of My eyes.. and eyes would Open again.. Both eyes would close once again.. but eyes keeps on opening.. I am laying Down.. thinking of You.. Keep on thinking How Beautiful you are.. I would sit UP from my Bed.. I am Holding the Glass Jar.. My arms around and My Head looks Down.. I am looking at your Heart.. Is this really YOUR HEART.. tell me that this Heart does not Belong to YOU.. because I am so In Love with Your Heart.. as Long as this Heart is Yours and YOU can tell me that It is YOUR OWN HEART.. I can Love YOU because I was made for a Time like this to Tell YOU.. to Tell this Heart.. I love YOU.. I am not sure if YOU truly want to hear these Words of Mine.. but.. I know that I am putting My Heart on the Line.. I know that I am putting Myself.. my Time on the Line just to tell YOU.. I love YOU.. I want to HOLD YOU.. like the way I am holding this Glass Jar,"The comment expresses overwhelming distress, confusion, and despair over a lost love and the broken promises of the other person."
1,1,Love the lyrics,Expresses strong liking for the song's lyrics.
1,1,“Me and my truth we sit in silence.. babygirl it’s just me and you” hits so deep.,Expresses profound emotional connection and appreciation for the lyrics.
1,1,"How much I love this song, it's great, lyrics, voice and melody❤",Expresses strong love and appreciation for the song.
1,1,Enternal sunshine of a spotless mind vibes. Well done,Expresses strong positive feelings and admiration.
1,1,That was really deep and thought out,Expresses appreciation for the song's depth and thoughtfulness.
1,1,"Every song you release just gets better and better. Your music has such a powerful way of connecting with people, and it always lifts my mood. Keep shining and inspiring us all! ❤",Expresses enthusiastic praise and positive emotional impact.
1,1,This song is a masterpiece lyrically and vocally ❤,Expresses strong admiration for the song's lyrical and vocal quality.
1,1,Music video is really meaningful and lyrics are amazing. One of my favorite song in these days,Expresses strong positive feelings about the music video and lyrics.
-1,-1,you're annoying and fake,Directly insults the commenter.
1,1,"This video hits different after having now seen the film. I got it before, but it has a deeper resonance now. Just spent my Sunday watching every Ariana Grande music video and I'm certain this is the best of her career, set to one of her very best songs. This era and the Wicked project have rehabilitated her image for me after the pits of 2019-2020. I do feel like I ""like her again."" Thank god for 2024!",Expresses renewed appreciation and positive feelings after watching the music video and experiencing the 'Wicked' project.
-1,1,I know who I want to be with.. I know that I can spend the rest of My Life.. Just looking into your eyes.. and Looking for your Heart.. to tell YOUR HEART.. I love YOU.. please tell me that I am able to love YOU.. as I look up.. I see the Door.. I know that YOU can hear Me.. because I heard the foot steps by this Door.. I am not speaking softly either.. I am Not whispering to Your Heart.. but I can be as loud as I can so that ON the Other side of this Door.. YOU know.. YOU can hear my Voice.. because I hear your foot steps.. If my two ears are able to hear the steps and how it just stopped.. I know because My voice is louder than Your walking steps.. Please Open this Door.. I want to ask YOU.. Please pull your Heart Out of this Glass Jar.. Let me see that this Heart who is inside this Glass Jar.. this Heart belongs to YOU and that this Heart was send to the right Person.. I don't want you to Tell me that YOU gave your Heart to another Person and He has a different Name then I.. It is I who loves YOU.. it is I who has asked for Your Heart for a Long time.. who is the one waited for it till Now.. that is WHY I need to know.. if YOU can open this Door.. I want to see that THIS HEART.. YOU are able to Hold and tell me.. I am the right Person you send too.. you know that I can get hurt.. YOU know that I can be soft too.. and when Hurt comes.. and when Pain Hits.. I can show you a lot of tears that comes along with Pain and suffering because I love YOU.. Please.. Open this Door.. tell me.. this is Your Heart.. it is the Right Heart.. the Right person.. that It is YOU.. the address has lead me here and YOU are wondering if the address has lead me here.. why do I make such a great deal about it.. because I want it to Be YOU.. I want YOU.. I need YOU.. that is why.. I needs to be sure that It is YOU because I am loving YOU still.. please.. Open this Door and tell me.. it is YOUR HEART.. and I would turn.. and I hear something.. I know that the door is ready to be Opened.. I hear something being unlocked from the Inside.. Please Open this Door.. show me that this is Your Heart.. I want to Love Your Heart if this is Your Heart.. Please.. Open this Door for me.. as I stood there.. I turn to LOOK UP.. the MOON is still UP high.. I just love the Peace of the Night.. because through this Peace comes Joy and Love because I know I love YOU.. as I am Looking UP at the Moon.. I hear the Door Opens.. and I turn to the direction.. I see YOU standing there.. is it really YOU.. it must be YOU because.. I been waiting.. I do not know how Long.. I waited like this.. I would walk Out.. staring at this MOON.. that same Moon time after Time.. when can I see YOU again.. when can I be close to YOU.. just because I want to love YOU more.. then WHY do you have to make it this Hard for Me.. WHY do you keep on making me to wait.. I know that Love is patient.. but How long is patient is what I am asking for.. all I want to do.. all I be asking for is.. I just want to Love YOU.. why can't I just love YOU like this.. WHY.. please tell me WHY does it has to take so long.. even right Now.. I can't take a step closer.. because.. what If you close this Door.. and I be waiting for.. Not sure How long.. but I want you now.. I see you looking down.. my both arms around this Glass Jar.. with Your Heart inside.. I see your hands Open the Top lid.. YOUR HANDS goes into the Glass Jar.. You TOUCH and grab and YOU PULL out the Heart.. my breathe.. I can feel my Heart.. it is starting to Beat.. but this Beating start to go faster as I see YOUR HANDS grab and Your Wrap Your Arms around YOUR HEART.. I can feel my Breathe.. IN breathes IN and Breathe Out.. as I am lost in the Moment.. When YOUR HEART draws near to Your Chest.. I look up to see the two eyes.. YOU are so Beautiful.. I can't breathe.. YOU are so Beautiful.. WHAT AM I suppose to do when YOU stand there too close.. I see Your Heart.. so this is Your Heart.. I can't breathe.. because WHY did I doubted that It was Not.. WHY did I think that This Heart did not Belong to YOU.. I know because YOU are like a Dream comes True.. YOU are a woman that NO MAN can handle.. when YOU are so Close.. YOUR SMILE.. YOUR BEAUTY.. it take My breathe away.. feels like a storm Hits My Head.. I am not sure why I feel so Light headed.. I feel like I want to crash Down.. a WIND.. strong Wind came and Just swept me Off the Feet.. I am not sure what hit me so Hard.. But I see YOU holding that Heart.. Can I hold YOU.. May I hold YOU and your Heart.. NOW I know that it is YOU.. the most beautiful.. It is YOU.. Please.. give me Your Heart back.. I think you are Holding YOUR HEART just too long.. Let me please be the One to Love Your Heart.. I need YOU to put your Heart back into this Glass Jar.. I need Your Heart.. Please give it to me.. give it back to Me.. I need that HEART.. I don't want YOU TO GO.. so Please.. I know that I can Love your Heart more than YOU can Love that Heart.. as I stand there.. lifting up the Glass Jar.. Now it is empty.. Only YOU can put that Heart so I can Love YOU.. far and be distance away from Me.. it aches.. I ache many times.. I ache looking at your Picture.. I ache when I eat.. I can't eat because I think of YOU.. I ache when I am breathing and alive.. I ache trying to go to sleep.. some nights it is so hard to sleep.. I would get few hours but once My eyes open.. I see YOU.. I think of YOU.. I miss YOU.. I would say Gosh.. WHY.. I just can't stop.. I need YOU right.. is this HOW MUCH I NEED YOU NOW.. that I just can't stop thinking and wanting to be with YOU and Love you.. and Miss YOU.. I would get out of the bed.. I Look out the Window.. light rain of showers falling from the sky.. I miss YOU.. why this rain.. I needs to run in the Rain.. get YOU off my Mind.. I can't stop thinking about YOU.. what YOU HAVE done to me.. why.. I feel like I am dying inside.. I feel like it hurts because I am dying for YOUR LOVE.. as I open the front door.. I look up.. I begin to walk down the side walk.. I can feel the light rain hitting Me.. It feels so cool outside.. and I turn.. I still see the Moon and I face the Moon.. I open my Mouth LOOKING at the Moon.. and I say.. DO YOU HEAR ME.. Please.. Give an Ear to Me.. DO you think I can send a Word.. I have a picture of the One WHO I LOVE.. and I look at the Picture looking UP at the Moon.. In front of me is YOUR PICTURE.. Behind is the BIG MOON.. and I open my mouth.. I love YOU.. and YOU know How Much I love YOU.. but right Now.. I am missing YOU SO BAD.. like I got hit by something.. and it hurts when YOU get Hit.. that kind of a Hit where YOU Know it hurts from the Inside.. and since I am missing YOU right Now and I want to be with YOU and YOU KNOW I LOVE YOU.. let me ask YOU THIS.. DO YOU LOVE ME.. Yes.. I am asking YOU this question.. because I am not sure.. DO YOU LOVE ME.. DO you ever think of Me.. DO YOU know how it feels when YOU are missing someone YOU LOVE.. It does not feel so GOOD when pain is being involved but I feel like in my Heart.. I want to be with YOU.. but WHY do I feel like YOU do not want to be with me.. I only feel the distance.. like far away.. WHY can't YOU love I am aching Inside.. I just can't take it anymore.. and I am hurting right Now.. I want to be with Her.. and you can see that I am sick.. dying inside.. Can you please give me some Pills.. maybe these Pills can help me to calm me down.. feels like a storm inside of me.. waves crashes into my Own Heart,"The comment is an extremely extended, rambling, and intensely emotional outpouring of longing and despair, exhibiting strong negative feelings and a perceived lack of reciprocation."
1,1,"I am very grateful to have been a fan of Ariana Grande for over 10 years, the way she composes, how she puts love and dedication into her works. These video clips and the lyrics are simply synchronized, it feels like I'm watching a movie. Many congratulations to the entire production including Ariana <3",Expresses gratitude and admiration for Ariana's artistry and the overall production.
1,1,This video is so powerful,"Expresses a strong, positive sentiment about the video."
-1,0,Autotune,Implies a negative judgment of the vocal production.
1,1,Fantastic baseline & vocal hamonics! Beautiful track! 👌,Expresses strong positive sentiment regarding the bass and vocal harmonies.
0,1,am i the only one who feels like since her return she has been singing about her reality? Like its not just lyrics?,Expresses a critical observation about the artist's lyrical content and personal themes.
1,1,It makes me emotional and great song too! Thank you Ariana!! ❤,Expresses strong positive feelings and gratitude.
1,1,this gives me Robyn vibes in the best way. circa Dancing on My Own,"Compares the song favorably to Robyn's iconic song, ‘Dancing on My Own’."
1,0,this song hits me in so many ways. too many relationships have left me feeling this way. im sorry if anyone has felt the emotions that ari is singing about xx,Expresses deep emotional connection and empathy with the song's themes.
0,0,Already feels nostalgic,Expresses a feeling of reminiscence without strong positive or negative emotion.
1,1,How Ari beautifully wrote the lyrics 💖,Expresses strong admiration and affection for Ariana's songwriting.
1,0,"Ari baby, this was also for me it takes us so deep every word and this song is now just as important as they are to us",Expresses deep personal connection and importance of the song.
-1,1,"Essa música mexe tanto, mesmo depois de tanto tempo, por ser tão real em nós, em pleno 2025, ela me fez lembrar 2013 WTF A dor que senti naquele tempo, é exatamente o que esse vídeo mostra, em alguns aspectos bem pior, pois não tinha uma forma mágica para simplesmente esquecer, foi muito sofrido e demorado, mas passou.... Mas a cicatriz ficou, para eu lembrar sempre, primeiro de mim!!!",Expresses intense pain and suffering associated with the song’s themes.
-1,0,"How Ari sings the passage that ends on rather die, esp die is Tomaten to forward character, Ari and death a word around feels of insecurity tongued our by Ari in a scre giving tone. That is end of character or end of horizon?¿¿",Expresses harsh criticism of Ari's vocal performance and delivery.
1,1,This is probably the most realistic and authentic version of Ariana I’ve seen and this song is literally a knife through you cutting deep cause the emotion 😢 and work she put into this song it’s a beautiful disaster of a masterpiece absolutely love it and the fact that she is my age 32 years old just love Ariana she a beautiful woman and talented singer,Expresses deep appreciation and emotional connection to the song and Ariana's artistry.
0,0,"In my country there is a song almost exactly like yours. From the melody to the images in the MV, they are the same","Expresses similarity to another song and MV, indicating a mixed reaction of recognition and potential criticism."
-1,-1,"So annoying this gal ,so fake ,omg Peter's annoying  shows up everywhere annoying",Expresses strong dislike and annoyance towards the artist and a specific individual.
0,0,"I wish there was an acoustic version of this song, I love it but for me it’s ruined by all the extra house music style beats (not a fan of techno or house music) 😢",Expresses love for the song but criticizes the added beats.
0,0,Keith Urban’s acoustic version of this is 1000 times better.,Expresses a preference for one version over another.
1,1,OMG EVAN PETERS MAKES MY HEART SKIP A BEAT UGH SO HANDSOME,Expresses intense admiration and affection for the artist.
0,1,This song has become LOVE and DEEPSPACE (more like love and depression) OST 🤣🤣🤣🤣🤣🤣🤣,Expresses both positive (love) and negative (depression) sentiments.
0,1,July 2025 The heartbeat in the music,A reference to a future date with no clear positive or negative sentiment expressed.
1,0,She’s giving Gwen tennison vibes,Compares the artist to a positive and admired figure (Gwen Tennyson).
-1,1,"Omg,wt a lyrics....",Expresses strong disapproval of the lyrics.
0,0,Can't believe this song is already nostalgic.,Expresses both enjoyment and a feeling of looking back on the song.
0,0,Never understood this song before now.  The lyrics always seemed so conceited but the  melancholy is palpable making the song memorable.,Acknowledges initial criticism but praises the song's emotional impact.
1,1,Just a heart beat away❤❤❤❤❤❤❤❤❤❤❤❤❤❤❤❤❤❤❤❤🎉🎉🎉🎉🎉🎉🎉🎉🎉🎉🎉🎉🎉🎉🎉🎉🎉😂😂😂😂😂😂😂😂😂😂😂😂😂😂😂😂,Expresses enthusiastic joy with numerous heart emojis.
1,1,"This video is so impressive and emotional, wow",Expresses strong admiration and emotional impact.
0,1,She knows...I know! 🥲🥲🥲 i love this song as much it kills me so deeply.,Expresses intense love with a hint of sadness.
-1,1,Wait for your love backup vocals came from another song on Nickelodeon that another girl was singing.,Criticizes the vocals as being poorly sourced and not belonging to the artist.
1,1,Love this! Getting some Robyn - Dancing On My Own vibes 🩷,"Compares the song to a well-regarded track, expressing enjoyment."
1,0,This gives taeyeon what do I call you vibes 💫,"Compares the song to a beloved Taeyeon song, indicating strong appreciation."
-1,0,I literally can’t stop listening!! I wish I could forget too. He broke my heart and I let me which is fucking worst. I should have known better,Expresses intense emotional pain and regret.
1,1,I'm a vocalist and I love me some Arrianna yes sir you go girl,Expresses enthusiastic support for the artist.
-1,0,does anybody else notice the lyrics I saw coming and I cried are no longer in this,Expresses disappointment and sadness due to altered lyrics.
-1,0,"This days authentic is sale your soul to lucifer .people sacrifice the light of GOD FOR A LIE FOR A TEMPORARY MATERIALS  THINGS ,NOT ETERNAL LIFE WITH JESUS!!! LOVE JESUS MY GOD FOREVER AND EVER!!!",Strongly condemns the song as promoting a dark and sinful lifestyle.
1,-1,Die With A Smile smashes this song btw beats it on the numbers 2 fold too,Expresses strong praise and claims superiority.
0,0,It already feels nostalgic,Expresses a feeling of reminiscence without strong positive or negative emotion.
1,1,Perfect vibes—,Expresses enthusiastic enjoyment and positive feelings.
-1,0,This song triggered so many emotions in me. I cried so much. How painful is to let some one go when that one person is everything you desire and wanted. This longing and  then con Josh li letting it all go….,Expresses intense sadness and loss through emotional description.
0,0,"How did I just realize the power of her being able to walk down the street and not having emotion or reaction to her old boyfriend- like yes ik her memory was erased but idk man its so powerful and it hit me so hard. Like after all that hurt she endured, she doesn’t even give the person a second glance or thought. It’s use beautiful","Expresses awe and admiration mixed with a somewhat detached, analytical observation."
-1,-1,"I am Cat, and my voice resembles that of Miss Piggy; it is arguably one of the most annoying voices in existence!","Expresses strong dislike for the voice, comparing it to an irritating one."
1,1,Awww so sweet n emotional song 😢❤,Expresses affection and emotional connection to the song.
1,1,Her VOICE IS AMAZING AND HER BEATUY I WISH I WAS HER SHES SO PRETTY OMG I CANT IM A BIG FAN❤❤❤❤❤❤❤❤ I,Expresses strong admiration and affection for the artist.
-1,1,Yoooo ari Kari wish you the best endeavors in this god awful victorious fucked us all my bad home girl I kind of leaked you to free stardom....funnnnn isn't it? 😅😂,Contains harsh insults and accusations of betrayal.
0,1,"The chorus is amazing, the tune is great but verses need to be longer and production quality needs to be better, the music overpowers during the verses and the lyrics cant be heard properly.","Highlights both positive aspects (chorus, tune) and significant criticisms (verse length, production quality, lyrics clarity)."
1,1,2:58 hits so deep 🥲,Expresses a strong positive emotion (deepness) associated with the song.
1,1,Ari you’re the best. You feel our emotions ❤,Expresses strong affection and empathy towards the artist.
1,1,I really love that Ariana Grande was born under the sign of Cancer!♋❤ Cancerians are the most emotional signs and she eminates so beautifully in her songs!,Expresses admiration for Ariana Grande based on her astrological sign.
1,0,So emotional,Expresses a feeling of intense emotion.
0,1,"Great pick me up positive and emotional song.  Glad you are about the music first and foremost and are not a sex symbol in this chapter and I feel it cheapens an artists talent if showing skin is part of the equation.  This is the best format, live performance with a band of great musicians who don’t need to dance around.  My two cents for what I think is best for Ariana’s career and legacy.  Good dress and clothing is attractive and classy and Arianna still looks great but as the good witch now.  Let me add any wealthy health advocate does intermittent fasting and has very low body fat as Arianna reflects now.  She might be the healthiest ever for longevity and people calling this anorexic have it wrong I think.   Peace out…TRap",Combines praise for the song with commentary on the artist’s appearance and health.
-1,0,"This has got to be the most painful experience for any human who has felt true love for that someone else to have to endure. Who wants to forget the person that made your heart skip a beat, turned the world into your personal playground, made you want to continue to live after all your will was gone. No matter what happens or who may come along, no one will ever take His place. He will forever live in My ❤ in My 💭 and in My 🧠",Expresses intense sorrow and heartbreak over a lost love.
1,1,"Crazy I was just having a conversation w/ my sister the other day about erasing memories. Sobbing. She is truly so amazing & so intimate how she just makes real life heartbreak, happiness, etc. come to life through a screen so powerfully.",Expresses admiration for the artist's ability to evoke emotions through her music.
-1,0,Betsy definitely wrote thing song after Evan Peters left his synthetic girlfriend for real human,Expresses disdain and disbelief regarding the song's creation.
-1,1,"I get the msg that this song is for her fans and for the media. She's talking about waiting for yall to love her again. Celebs get temporarily canceled, and then people forget the drama and start loving them again. She's obvi not breaking up with Ethan just because people hate her for a minute. She says it's just her and herself until yall love her again. She also says ""at least I look this good "" showing how she doesn't care what people say bcuz she knows her ""truth"". Obvi at the end of the day she IS a homewrecker BUT people will love her again.",Criticizes the artist's perceived manipulative behavior and self-centered attitude.
0,0,Eternal Sunshine of the spotless mind vibes 😢😭,"Evokes a nostalgic feeling with sadness, acknowledging a positive association alongside a negative one."
1,1,Currently obsessed with this song! I love her voice and the lyrics!,Expresses strong affection and enjoyment of the song.
0,0,It already feels nostalgic,Expresses a feeling of reminiscence without strong positive or negative emotion.
1,0,it made emotional again,Expresses a positive emotional response to the song.
-1,0,Never thought I would relate to this song. I just went through the worst relationship of my life and I wish I could do this. I just wanna forget I’m in so much pain.,Expresses feelings of pain and distress related to a difficult experience.
1,0,This songs lyrics are actually so relatable its heartbreaking 💔,Expresses deep emotional connection and empathy through the lyrics.
-1,-1,"Always when i see that girl i feel she is surrounded by the negativ vibes of prostet*tion,  tryin' to be as white as possible for money. Poor girl 😢",Expresses strong negative judgment and accusations of exploitation.
1,1,"Everyone in the music industry has problems, celebrity, a lot of money does not bring happiness and this is found in their songs, their sadness turns into art, only from suffering is art truly born, unfortunately, I cried on this song, I admit from the first chords, Ariana, you conveyed everything you wanted! Love always hurts, it leaves scars, unfortunately that's how man is and because of pride he loses a lot! most often it is easier for us to hurt than to say a good or encouraging word, because inside we all suffer! It's just that we like to mask it, but we all suffer. I congratulate you on this wonderful girl, you've outdone yourself! Take care Ariana! And I hope you find peace and true love!",Expresses deep empathy and admiration for Ariana's artistry and vulnerability.
1,0,"The first time I heard this song I found it curious, I wasn't used to this kind of music, especially coming from arii, but literally his voice conveyed his feelings to me , accompanied by the video it is impossible not to feel emotion, the truth lagrimee . Thank you Ari for your music and for conveying so much. ❤",Expresses genuine emotion and appreciation for the artist's music.
0,0,vibes 🎧,Simple expression of enjoyment without strong sentiment.
0,0,With billie eilish lady gaga beyonce sabrina what do you guys expect.. their songs composure and lyrics are much better. Who tells Ariana to release album at the beginning of the year lol this is flopping move. Even avril has new song bruh,"Praise for several artists, criticism of Ariana Grande's release timing."
-1,-1,I’ve never heard anything so awful. Music has gone so down. Ridiculous,Expresses strong disapproval and claims the music is terrible.
1,1,"""So for now its only me, and maybe thats all i need"" That hits deep",Expresses a comforting and relatable sentiment of contentment.
0,0,its sooo hard disconnecting to that person  after your 9 year relationship.. but you have to. for yourself. so this songs is so deep.,Expresses difficulty of separation mixed with acknowledgement of song's depth.
1,1,Her voice is magical. This song is amazing. Love everything about it. The lyrics the beat the voice.... so good to hear your voice again.,"Expresses strong, enthusiastic appreciation for the song and the artist's voice."
1,1,Ariana grande is the best. sound so emotional.😍.I feel her.,Expresses strong admiration and emotional connection to Ariana Grande's music.
-1,0,This mv makes me so emotional ☹️☹️,Expresses sadness and emotional distress.
1,1,This is a deep music video ❤,Expresses strong positive emotion and appreciation.
0,0,Why do I feel like this song has a deeper meaning,Expresses confusion and a desire for interpretation.
1,1,OMG I LOVE THIS SONG SO MUCH I KNOW ALL THE LYRICS,Expresses intense enthusiasm and familiarity with the song.
-1,0,Omg this song is the first time I deeply thought about her perspective. That being a celebrity under scrutiny can feel like everyone hates you. And that everything you do is wrong. I never want to make someone feel that way.,Expresses empathy for the artist's potential feelings of negativity and criticism.
1,1,"This song & vocals are gorgeous, the music video… cracked me to my core. 🥹💔",Expresses intense emotional connection and appreciation.
0,0,"My head canon, that probably isn't true but ah well, is that this isn't about a person but about her relationship with the media. Before you disagree, go read the lyrics and think about it",Expresses a personal interpretation alongside a critique of the song's meaning.
1,1,"super underrated song....i love the melody, the lyrics, the video, the sad reality.......",Expresses strong appreciation for multiple aspects of the song.
1,1,"Love is hard, and she shared her interpretation in the most beautifully emotional and relatable way. Thank you.",Expresses appreciation for the artist's heartfelt and relatable interpretation.
1,1,Giving me a dancing on my own vibe from Robyn,Expresses enjoyment and comparison to a well-regarded song.
1,1,"This is truly one of ari's best songs. If not, the best. The melody, the lyrics, the meaning, the vulnerability in this song is unmatched. This song invokes feelings in me that I run from. Feeling scared, being alone, learning to love myself. Ari knows how to invoke those emotions and express them in her music. Her as a person and her aura and energy makes you feel her music so much more. She is truly a magnificent artist and I love her. She's one of the rare artists I love almost every song of and I can never hate. She's just beautiful. Internally and externally. Ari never gets old.",Expresses overwhelming admiration and love for the artist and her music.
1,1,the vocals are so pretty,Expresses admiration for the song's vocals.
1,1,"It’s been 7 months and still I can’t stop listening to this song. The lyrics, the emotion Ari brings and the personal memories I relate to. Can’t wait to sing this song on her next tour and cry at the same time 😅😊",Expresses continued strong affection and anticipates joyful emotional experiences.
1,1,"it's magical how great someone can become from time and surviving tribulations. That melody at 2:59 is awesome. It feels both new and nostalgic. I kinda wish I had more of that melody in the beginning, even as a background or to replace the second chorus at 1:45. I think this element could have kept it a bit more lighter and dance- vibe like, without losing the weight of the song. I have to listen few more times. I loved the beat too. It feels very purple and pink and the kick at 1:52 flowed amazing. I wonder what you'll be creating in 2028. Excited for Wicked! It'll be my first time ever seeing it and I'm a theatre kid! 😜❤",Expresses enthusiasm and admiration for the song's elements and the artist's journey.
1,1,"How emotional 😢 really felt that, almost started crying on the bus",Expresses a strong emotional response to the song.
0,0,Why is this already nostalgic,Expresses a simple observation without strong emotional tone.
1,0,This vdo made me cry. Ari is not acting and her emotion is so true.,Expresses strong emotional connection and appreciation for the artist's performance.
1,1,I finally realized what itch this scratches. Definitely a little different but very similar to Call Your Girlfriend by Robyn... Or maybe Dancing on My Own..... basically that whole album from Robyn. This is not a bad thing! Great vibes all around,Compares favorably to a well-regarded album and expresses positive feelings.
1,1,"Ariana Grande never fails to deliver raw emotions with her angelic voice! 🎶✨ This song is heartbreakingly beautiful, capturing the pain of letting go while still holding on to hope. 💔🌟 The visuals perfectly complement the story—who else feels like they’re living through every lyric? Let’s show some love for this masterpiece! 🙌❤",Expresses strong praise and admiration for Ariana Grande's song and vocals.
0,0,Is it just me or is the deep meaning here about abortion?,Suggests a potentially controversial interpretation while acknowledging the possibility of a different meaning.
1,0,wowwww nostalgic,Expresses a feeling of fondness and reminiscence.
-1,0,@kwaku beats to Mrs grande.......who grade  ??ta sampaikke green hijau ijo....terkait Kabeh lho dalton tampan Karo tinggi badane sopo mantanmu sebelume terkait Kim kadharsian...lha kene sumpah tersinggung tapi di ulang terus omong kosonge pemerintah mu utekke piye ya Heran kene bading Indonesia pemerintah e utekke piye ya Heran kene jujur,"Contains incoherent and aggressive remarks, expressing confusion and frustration."
1,1,Brooke maya and all my friends from high school who I haven’t seen since  March 2020  this video makes me think of them L😊never seen it before so beautiful and emotional   felt like I was going to cry multiple times love you all  so much and you Ariana so much hopefully we can all see each other eventually  at some point in the future ❤️❤️❤️❤️❤️❤️,Expresses deep fondness and emotional connection to the video and its creators.
1,0,It's Catchy and Deff Catching My Attention Everytime I Listen to this 😌,Expresses enjoyment and attraction to the song.
1,0,beat is on the money,Expresses satisfaction with the song's beat.
1,1,This video has a great vibe to it and i really liie the storyline,Expresses enjoyment of the video's atmosphere and narrative.
1,1,The concept of the video and the lyrics are so in sync. Truly a great record 👏,Expresses strong approval and appreciation for the video's concept and lyrics.
