classificacao,sentimento_manual,comentario,justificativa
Positive,Positive,The story behind Billie’s experience hitting the high note is what makes this song so beautiful!!! Billie we are ALL so proud of your growth and strength  within your vocals this album ❤❤,Expresses admiration for Billie's talent and growth.
Positive,Positive,Oh the warmth and tone in her voice!   Dreamy!,Expresses strong positive feelings about the singer’s voice.
Positive,Positive,"To my surprise, this song, unexpectedly, moved me deeply; a man nearing fifty, I found myself unexpectedly touched by its simple melody and heartfelt lyrics.",Expresses a surprising and profound emotional connection to the song.
Positive,Positive,This goes deep into my heart.😢 Reminded me of my late father who passed away just 3 months ago after suffering from the horrible pancreatic cancer. Music heals and connecting me to him again spiritually.,Expresses deep emotional connection and healing through the music.
Positive,Positive,"Billie Eilish captures the intensity of devotion in 'Birds of a Feather,' turning love's fragility into something fiercely eternal. Her vocals are a beautiful reflection of the paradox of love both tender and unbreakable. The emotional weight behind this track feels like a whispered promise of forever, even in the face of inevitable goodbyes.",Expresses deep appreciation and admiration for the song's emotional depth and Billie Eilish's vocal performance.
Positive,Positive,"Easily Song of the Year. First time I listened to it on the album, for me it was an instant classic. I was craving for a song like this: simple, passionate and mostly universal. Anyone can vibe, from Gen Z to Baby Boomers, reminding of their teenage love. I'm not a Billie Eilish fan, but I have to thank her for delivering what I wanted.",Expresses strong enthusiasm and identifies the song as a universally appealing classic.
Positive,Positive,"This song makes me teary-eyed, every time I hear it. Those are such powerful words. Beautiful! 🥲❤",Expresses deep emotional connection and admiration for the song.
Positive,Positive,"I was not much of a Billie fan until this song. She really showed just how talented she is with this song. Everything about it is just SO so unbelievably BEAUTIFUL! Her voice,  the beat, the lyrics,  the way it just touches your soul! I cry every time I hear this song...Its my new favorite song and I will never get tired of hearing it! May god continue to bless Billie with talent and success!🫶",Expresses overwhelming love and admiration for the song and artist.
Positive,Positive,"""2025, a new year, a new vibe, but the love for this masterpiece remains timeless. Cheers to great music and unforgettable melodies!""",Expresses enduring appreciation for the song and its qualities.
Positive,Positive,3:03 need yall hear the angelic vocal in the back it’s really low but ITS SO GOOD,Expresses strong positive feelings about a specific vocal element.
Positive,Positive,My favorite song of 2024 and possibly this decade. The beats feel like throwbacks to the mid 1980's the lyrics are relatable and her angelic voice really give the depth to an already fabulous track.,Expresses strong enthusiasm and praise for the song's elements.
Positive,Positive,"I love this song, especially the vibes it gives",Expresses strong enjoyment and appreciation for the song's atmosphere.
Positive,Positive,Beautiful song. Never knew who she is still don't know her face but great song. Lovely lyrics and perfect voice for the melody...addictive. ❤️,Expresses strong positive feelings and describes the song as addictive.
Positive,Positive,I’m balling my eyes out because I’m dedicating this song to my baby who will be turning 6 months old. Time flies so fast and as a first time mom here I am getting overly emotional.,Expresses strong positive emotion and appreciation for the song.
Positive,Positive,2:40 I hear a little George Michael here in Last Christmas 😊 both beautiful songs and vocals ❤,Expresses appreciation for the song and compares it favorably to a classic.
Positive,Positive,"So emotional and sad. Beautiful lyrics, music, voice. I hope we see this on top of the Billboard Hot 100",Expresses deep appreciation and a desire for chart success.
Positive,Positive,The layering and progression of this song is sublime. Not a big listener of Billie but I’ve had this on repeat,Expresses strong appreciation for the song's musical structure and repeated listening.
Positive,Positive,this song is so nostalgic and beautiful~~,Expresses fondness and appreciation for the song's nostalgic qualities.
Positive,Positive,"This song is really making me like Billy Eilish, and I never listened to her before.  What a beautiful song... dope beat, vocals and lyrics.",Expresses newfound appreciation and positive feedback on the song.
Positive,Positive,2:07 *Birds of a Feather is the Anthem of my Emotions…*,Expresses deep appreciation and connection to the song.
Positive,Positive,"I fall deeply in love with this song. This song must become the best pop ""Song of the year"" this year.",Expresses strong desire for the song to win an award.
Positive,Positive,"definitely the best song of the year, it makes me hypnotized by the melody and feel like I'm back in the 2000s, but at the same time enjoying the present time",Expresses strong positive feelings and nostalgic enjoyment of the song.
Positive,Positive,I want to come back to this song when I’m older and remember how nostalgic it was,Expresses a desire to revisit the song for positive nostalgic feelings.
Positive,Positive,When I first heard this song on insta on everyone’s story I didn’t knew it’s billie I just thought it’s someone else not that popular singer maybe but today I saw it’s her omggg!!!😭😭😭 I can’t believeeee cz in her every song she always used to sounds like “whisper” type!! I mean she used to sing different not in this vocal omggg this is actually her real free voice!! 😭❤️❤️❤️,Expresses overwhelming excitement and genuine surprise at Billie Eilish's vocal style.
Neutral,Neutral,"Not the best lyrics , but not bad….a nice voice  and melody…first time ever here , never heard of you until today 💙",Acknowledges both positive aspects (voice and melody) and a negative one (lyrics).
Positive,Positive,When she said I love you til the day I die in high note  that's my favorite verse,Expresses strong admiration for a specific vocal performance.
Neutral,Neutral,"2:15 Every time I hear this lyric I remember something and start crying, I don't know why I feel like the lyrics say ""what im crying for""...😢😞","Expresses a strong, personal emotional reaction alongside a critical assessment of the lyrics."
Positive,Positive,"I really like this song, gives so much 90's vibes.",Expresses enjoyment and association with a nostalgic 90s sound.
Positive,Positive,This song is soothing and emotional at thesame time,Expresses a dual feeling of calmness and deep emotion.
Positive,Positive,"This song is the perfect example of"" When you are happy, you listen to the music. When you are sad, you listen to the lyrics""",Expresses a positive sentiment about the song's ability to evoke emotion.
Positive,Positive,I really admire it. The voice is very beautiful. Please continue watching. The voice is very powerful.😊❤,Expresses admiration and positive feedback regarding the voice.
Positive,Positive,This song is literally so nostalgic for 2024,Expresses a fondness and longing for the year 2024.
Positive,Positive,wow 90s vibes Beautiful!!,Expresses enthusiastic appreciation for the song's nostalgic sound.
Positive,Positive,This has such a 90s-00s pop princess vibe and I am HERE for it.,Expresses enthusiastic enjoyment of the song's nostalgic pop style.
Positive,Positive,I love this song! Everything about it it’s perfect! ❤ the lyrics in this video come out to late to sing on time.,Expresses strong enthusiasm and declares the song 'perfect'.
Positive,Positive,This is mf summer vibe fr,Expresses enthusiastic enjoyment of the song’s summery feeling.
Negative,Neutral,This song used to be beautiful to me. Now it's deeply sadness to me. When I hear this song it reminds me of him. It makes me think of our short time together and how sad it ended. I will stop thinking of him like this song. I'm tired of hurting my heart and head.,Expresses feelings of sadness and heartbreak associated with the song.
Neutral,Neutral,Isn’t this beat from a drake song ?,Expresses a concern about similarities to Drake’s music without explicitly stating a positive or negative opinion.
Neutral,Neutral,"Every time I listen to this song, I feel an overwhelming love for myself, yet at the same time, a deep disappointment. It’s like I can see a version of me that has grown, changed, and become everything I want to be—but I’m still stuck in the same place. This song makes me reflect on that distant version of myself, almost like we exist in different lifetimes. It’s bittersweet, but also comforting. Thank you for creating something that speaks so deeply to emotions I struggle to put into words.","Expresses both love and disappointment, reflecting a complex emotional response."
Neutral,Positive,never paid attention to the lyrics but damm its deep..i feel like crying,Expresses an appreciation for the song's depth while admitting a lack of lyrical understanding.
Neutral,Positive,This is called music and lyrics,Simple statement of observation without expressing positive or negative opinion.
Positive,Positive,It's been a year since this song became a phenomenon among the most listened to and I still haven't gotten over those beats.,Expresses continued strong positive feelings and enjoyment of the song.
Neutral,Neutral,2:52 Anyone know what instrument this is or is it a vocal?,"A simple question seeking clarification, lacking sentiment."
Neutral,Positive,FINALLY a song where she can actually show off her vocals and not do that whisper singing shit,Expresses praise for showcasing vocals while criticizing previous 'whisper singing'.
Positive,Positive,2:46 QUE VOCAL MARAVILHOSO,Expresses admiration for the vocals in Portuguese.
Neutral,Neutral,"I met someone totally unexpectedly, in a random place and situation, after deciding to be alone for 5yrs. Got on so well, linked with everything, could open up again but then I suddenly lost my trust and ended it… I miss him, miss his presence, miss his laugh, miss his accent, miss his caring & thoughtful nature, I just miss him wholey…  this song tells it all but, something is stopping me. I’ve ignored my gut feelings in the past and got into deep trouble. I promised myself I wouldn’t ignore them again but boy is this hard",Expresses both love for the song and regret/struggle with a past relationship.
Negative,Positive,"Tbh the pitch is so high it made me cry,how good it is",Expresses distress and dislike due to the high pitch.
Positive,Positive,"This song hits so deep – every note, every word feels like it’s made just for me. Billie’s voice is pure emotion",Expresses a profound and personal connection with the song and Billie's vocal performance.
Positive,Positive,"This song should be #1. This is a mixed emotions good feeling, memory feeling, exciting feeling, GREAT song and crazy lyrics today make you SMILE. I been playing it for the ENTIRE day without getting tired of it😮",Expresses strong enjoyment and enthusiasm for the song.
Positive,Positive,"So emotional, es berührt mich bis unter meine Haut ❤",Expresses deep emotional connection and affection.
Negative,Neutral,Why do these birds have better friendship vibes than I do? 😩,Expresses self-deprecating feelings of loneliness and inadequacy.
Neutral,Neutral,This song is same beat to the “bleeding love” song,Points out similarity to another song while offering no positive or negative judgement.
Positive,Positive,Love this song.  Beautiful lyrics and melody.  That hook is just sick.    Billie and Finneas are really brilliant.,"Expresses strong appreciation for the song's lyrics, melody, and the artists' talent."
Neutral,Neutral,Who's here because of Rick Beato 😅,"Reference to Rick Beato indicates a reason for being there, but doesn't convey strong sentiment."
Positive,Positive,Goosebumps in the finish. (Till that day that I die) so high and emotional like whole song❤️,Expresses intense positive emotion and connection to the song.
Negative,Neutral,Melody is same as croatian singer Oliver Dragojevic,Compares the song unfavorably to a well-regarded artist.
Positive,Positive,So beutiful ❤❤❤ amazing vocal 🤩🤩🤩,Expresses strong positive feelings and excitement.
Neutral,Positive,This song is my story with my twin flame and I. I know he doesn’t recognize me but if only he knows how much I love him. He will be the only person I can ever love so deeply in every lifetime. 😢 I knew him in another life but he sounds so surprised. If only he knows I love him unconditionally.,"Expresses intense, personal love alongside a sense of unrequited longing and a belief in past lives."
Positive,Positive,"one of my favs, her lyricism is unreal and the voice!!!! i did remix it and would love some feedback, its on a more upbeat poppy beat. under my billie playlist :)",Expresses strong love and appreciation for the song's lyrics and vocal quality.
Positive,Positive,This song makes me goosebumps  everything is so perfect the voice the chorus the band everything lovely perfect,Expresses intense positive feelings and describes the song as perfect.
Positive,Neutral,"Hello, everyone! I create enjoyable 80s vibes and mood/chill songs on my channel that's perfect for working, studying, workout or just chilling out. May my song content can entertain everyone's here! 🙏😇",Expresses a desire to entertain and create enjoyable music.
Neutral,Positive,"Her voice is so airy and light, but these lyrics hit hard.",Contrasting praise for vocal quality with criticism of the lyrical content.
Negative,Negative,"By the way, the melody of this song is a plagiat and copy of Oliver Dragojevic ""U Ljubav vjere nemam""! So Byllie Eilish is copying the croatian singer Oliver Dragojevic😂","Accuses Billie Eilish of plagiarism, expressing strong disapproval."
Negative,Neutral,I had to come here as Spotify don't show lyrics to me 😭😡,Expresses frustration and anger about the lack of lyrics on Spotify.
Neutral,Neutral,Why this song it's so Reference to Last Christmas Song By George Michael (Wham bang i think?) like if you sing this whenever the beat follows holy crap,Expresses a positive association with a specific song while also indicating a critical comparison.
Positive,Positive,"So far...this is Billie's best song, in my opinion. Fantastic melody, beautiful lyrics, and a sensational voice. I love it. 😍",Expresses strong positive feelings and praise for the song's qualities.
Positive,Positive,Dès la 1er phrase j'étais déjà en amour avec cette chanson ❤ le beat est insane et Billie a tellement une voix sensuelle,Expresses immediate and intense love for the song.
Positive,Positive,I love the backing vocal 2:53  I fell for it 💝,Expresses fondness for a specific part of the song.
Positive,Positive,This beat. Absolutely fkn spot on.,Expresses strong approval and excitement about the beat.
Neutral,Neutral,"After become 30's, now I understand why older people in 2000's told that emo lyrics was weird",Expresses a newfound understanding of a past criticism.
Positive,Positive,Similar chorus beat to “bleeding love” .. which i loved .. n caught me to this song ! Right away..,Expresses immediate enjoyment and comparison to a previously loved song.
Neutral,Neutral,"if you like this you might like The Sundays... the chorus is the same sound. Harriet Wheeler, 15 yrs ago, pretty British voice. much beloved",Praise for the chorus combined with a comparison that suggests similarity and a potentially dated sound.
Positive,Positive,Lyrics💙🥹🥺,Expresses strong positive emotion (love) regarding the lyrics.
Negative,Neutral,The same melody like Bleeding Love by Lewis Leona,Compares the song negatively to a well-known and generally liked song.
Positive,Neutral,This song just has a nostalgic feeling,"Evokes a pleasant, sentimental memory."
Positive,Positive,Seeing my cousin and her daughter dancing to the chorus of this song make me f*cking emotional 😭,Expresses strong positive emotion and enjoyment through tears.
Positive,Neutral,feels very nostalgic,Evokes a feeling of fondness and remembrance.
Neutral,Positive,"I looked this up because I heard the chorus in videos and I was unprepared.  The opening about wanting to love you until we are dead...like super dead...rotting, filthy maggoty corpses dead, followed by the pretty, breathy-sweet chorus is a rather interesting contrast.",Juxtaposes disturbing imagery with a pleasant chorus.
Positive,Positive,"Great vocals on this, shows she can do it all - reminds me of Harriet Wheeler from The Sundays in places. Dreamlike",Expresses admiration for the vocals and a positive comparison to another artist.
Positive,Positive,Gods i am ADDICTED to that high pitched singing or sound that starts at 2:53 idk what it is about it that scratches my brain just right.,"Expresses a strong, almost obsessive, enjoyment of a specific part of the song."
Neutral,Positive,WHAT IS YOUR FAV LYRICS,Asks a question; lacks clear sentiment.
Positive,Positive,Finally a upbeat song😂❤,Expresses joyful enthusiasm and affection.
Neutral,Positive,lagu ini membuat vibes habis lebaran 1446 H/2025 M,Expresses a positive vibe related to a specific religious event (Eid al-Adha) while also implying a slight criticism of the song itself.
Positive,Positive,its sso breezy and summery and cozy contrast to the lyrics like a summer punch by the ocean,"Expresses feelings of warmth, relaxation, and enjoyment."
Positive,Positive,I don’t know what emotion I’m feeling right now but I love it-,"Expresses a strong, positive feeling about the song."
Negative,Negative,Imo 4:22 is the worst part,Expresses a strong negative opinion about a specific part of the song.
Positive,Positive,"I cannot believe that this song is made by billie, this song is completely different from her another song, this song feels so fresh and relaxable even tho the lyrics is actually sad. But anyway I love this song so much 😍",Expresses surprise and strong positive feelings despite acknowledging sad lyrics.
Positive,Positive,I would sing this to let all my emotions go away😀,Expresses a desire for emotional release through music.
Positive,Positive,This song vibe just like back to 90’s love songs.. love it,Expresses enjoyment of the song's nostalgic 90s vibe.
Neutral,Neutral,oliver dragojević typa beat,"A short, nonsensical comment with no discernible sentiment."
Positive,Positive,hey Miss Big T-Shirt - I can not believe u didnt like that song at all ;D - i got to say its really good - not only the Voice and the text - but the beat is allmost breakdance likeish - could make a  synthesizer version of it and it would fitt perfect with a little - e-bass line ;) - actually it is the counterpart of Fortnite ^^ - also it is the best song at this point - not sure if there was god telling u something about urself - i hope ur doing well in ur life - much love!,Expresses strong enjoyment and appreciation for the song.
Neutral,Neutral,"a song where you can vibing while crying or smiling, what a mix of so much emotions",Expresses a complex emotional experience – both joyful and melancholic.
Positive,Positive,Omg y'all my bf got me a shirt with these lyrics on it I love it so much love  bille and this song and him .,Expresses strong affection and enjoyment of the song and gift.
Positive,Positive,0:14 0:34 1:47 2:06 2:16 2:30 Catchy😄,Expresses enjoyment with the use of the emoji 😄.
Positive,Positive,Song of the year 2024-2025 so catchy,Expresses enthusiastic anticipation and positive expectation.
Neutral,Neutral,If someone doesn’t read the lyrics to these songs they’ll never hear it from listening to the song itself.,Expresses a neutral opinion about the song's lyrical content.
Positive,Positive,It sounds good from the get go unlike  most songs which only sound good at chorus phase,Expresses approval of the song's initial sound.
Positive,Positive,"headphones or helmet aren't enough for me  (us) I  (we) NEED TO MARRY THIS SONG ! THATS A MIXTURE OF EMOTION! Billie is a true artist, an icon, an inspiration, and a goddess. LOVE THIS SONG FR !",Expresses strong adoration and appreciation for the song and artist.
Positive,Neutral,"Crying or smiling vibes , your choice 💫✨",Expresses a positive and emotive response to the music.
Neutral,Neutral,"2024 brings Bruno Mars, Gaga and Billie and just one teaser: the world is ending and we are litterally dying but it still so good and nostalgic like we have lived all that before","Combines positive nostalgia with a bleak, apocalyptic theme."
Positive,Positive,I am addicted to this song. I am 47. Her lyrics match my in er feelings en emotiions....,Expresses strong attachment and identifies with the song's emotional content.
Neutral,Neutral,SOMEONE PUT THE LYRICS,A simple statement of fact – it doesn't express positive or negative sentiment.
Negative,Neutral,"Two years ago, I had to distance myself from the girl I wanted to share my life with forever. Sometimes I still remember her in the little things she left behind in my life — especially in the music we used to listen to. She used to play “I Don’t Wanna Be You Anymore” every time we were together. This is the first time I’ve listened to the song all the way through; I’m sure it would’ve been one of our favorites. Hearing the opening melody always brings her to my mind, and for a long time, it used to make me tremble. Today, I missed her a lot — but something was different. I hope she’s okay.","Expresses sadness and longing, implying a painful separation."
Positive,Positive,I get very  emotional listening to this song!,Expresses a strong emotional response to the music.
Positive,Positive,"Billie Eilish wrote the song as an homage to her brother, Finneas. The lyrics are not that romantic, more like friendly banter with a sibling. The song 'birds of a feather' is about the speaker's brother, who is not just a sibling but a best friend.",Expresses appreciation for the song's heartfelt sibling connection.
Positive,Positive,This is definitely a headphones/earphones on song. I've heard this on work/mall radios so much but never really appreciated it because i couldn't really parse the lyrics. This is beautiful,Expresses appreciation for the song's quality and suitability for a focused listening experience.
Positive,Positive,Amazing ..even on a rough day I hear this song in my head and makes my body warm with the whole rhythm!!Best Eva🥰💯,Expresses strong positive feelings and describes a comforting effect.
Neutral,Neutral,chords sound like mirrors by justin timberlake,"Compares chords to a well-known song, suggesting similarity and potential criticism."
Negative,Neutral,Late lyrics,The word 'late' implies a negative feeling about the song’s timing or quality.
Neutral,Neutral,the song looks like happy song but the lyrics 🥲😭😭😭,Expresses a positive feeling about the song’s sound but expresses sadness through emojis.
Neutral,Neutral,This song reminds me of the vibe of Tame Impala song,Comparison to another artist without expressing a strong positive or negative feeling.
Neutral,Neutral,1:01 - 1:05 there’s a song that has this same little chorus but I can’t remember what it’s called. Can anyone help maybe?? 😭,Expresses a request for information without strong sentiment.
Negative,Negative,The worst singer 😂,Expresses strong disapproval and criticism of the singer's voice.
Positive,Positive,2:52 Those vocals in the background are so... Wow!,Expresses strong admiration for the background vocals.
Positive,Positive,"WHY IS IT cozy, cute, romantic, warm and catchy at the same time?????",Expresses strong positive feelings about the song's qualities.
Neutral,Neutral,"if mixed emotions is a song, this would be it",Expresses a combination of positive and negative feelings.
Neutral,Neutral,Vibes be vibeing,Cryptic expression with no clear positive or negative sentiment.
Positive,Positive,"Can we talk about how far Billie has come. People used to make fun of her for ‘whisper singing’ in her first album. Then came out with ‘Happier than ever’ AND LOOK AT HER NOWWWW. THE VOCALSSS, THE BELTINGGG, THE EMOTIONNN. Billie is a true artist, an icon, an inspiration, and a goddess.",Expresses immense admiration and praise for Billie’s growth and vocal talent.
Positive,Positive,Vibe maravilhosa dessa música 🎧🎵🎶,Expresses enthusiastic enjoyment and appreciation for the music.
Positive,Positive,Powerful song,Expresses strong admiration for the song's impact.
Positive,Positive,Que vibe maravilhosa......,Expresses enthusiastic enjoyment of the music.
Neutral,Positive,i wanna cry when i think about my brother while listening to this. he’s not the one to talk much or show his emotions to others but we have different ways to show each other we care. but last year my mum told me he had cried to her because he was worried and hurt by my health issues… that hit me extremely hard. I love him so much and I hope he knows it,Expresses love and concern alongside sadness and vulnerability.
Neutral,Neutral,GTA: Liberty City Stories vibes,"References a nostalgic, and potentially divisive, game."
Neutral,Positive,"This song will the perfect ost for the book Cry, Or Better yet, Beg! Uggggh! I'm having so much mixed emotions. Omgggg. 🩷🥹",Expresses both enthusiasm and frustration simultaneously.
Neutral,Positive,"I mean is it not keep bleeding love? I dont know the song name or artist, but you can sing keep bleeding love off the chorus.",Describes the song vaguely and without clear positive or negative judgment.
Neutral,Neutral,"This beat sounded so familiar, I kept trying to listen carefully and if not mistaken it’s from Gwen Stefani song “I know we’re cool” ?",Acknowledges a positive element (the beat) while identifying a potential issue (similarity to another song).
Positive,Positive,That first verse gets me in my feels ❤,Expresses strong emotional connection and fondness.
Negative,Neutral,h.urtful song full of emotions,Expresses a painful and distressing feeling associated with the song.
Negative,Positive,"This song is making me bawl my eyes out. I’m in an interracial relationship and we’re about to be married but my dad has been so hateful and mean to my fiancé. I am devastated and heartbroken by how cruel he has been to my sweetheart but I love my sweetheart so much. I’m not giving up on us and the lyrics “I’ll love you till the day that I die” hits so hard. I’m madly in love with him. I can’t wait to be married, I pray to god my dad won’t stand in our way.",Expresses intense sadness and distress due to familial conflict.
Positive,Positive,Can someone like dis ..so that i can come again ..and have some cozy and calm vibes 💗✨🙂,Expresses a desire to return and enjoys the peaceful atmosphere.
Neutral,Positive,"This is morbid, if it wasn't for the catchy tune and her amazing voice I'd be like what the heck??",Expresses disapproval of the song's theme but praises the vocals and melody.
Neutral,Neutral,I don't know why but it's giving Cranberries vibes. Am I alone?,Acknowledges a similarity to The Cranberries without expressing strong positive or negative feelings.
Positive,Positive,This song gives me 80’s Vibes!!  Tiffany Vibes!!  Love it!!  🎵🎶🎼😊💙🩷❤,Expresses strong enthusiasm and nostalgic appreciation for the song's 80s influence.
Positive,Positive,Just had my first child a few weeks ago…and I’m pretty sure she knows all the lyrics already from me singing this to her so much ❤❤❤❤,Expresses overwhelming love and adoration for the song due to its frequent use with the child.
Neutral,Neutral,"Someone said: When you’re happy you enjoy music, but when you’re sad you understand the lyrics.",Expresses both enjoyment and understanding related to the music.
Negative,Neutral,That high notes makes me sad 🥹♥️,Expresses sadness due to high notes.
Positive,Positive,My absent minded self forgot to say how moving it is those high notes she delivers especially nearing the end of the song. ❤❤❤,Expresses strong appreciation for a specific vocal performance.
Positive,Positive,"One of the most beautiful melodies, lyrics, voice, clip, singer ..all of it ! ❤❤❤",Expresses overwhelming enthusiasm and appreciation for all aspects of the music video.
Positive,Positive,No matter the vibe this song slaps,"{""sentiment"":""Positive"",""justification"":""‘Slaps’ is slang indicating a high degree of enjoyment.”}"
Positive,Positive,"Billie, I want to thank you from the deepest of my heart for making this song, it has helped me get through all incidents in my life whether good or bad. 🥰",Expresses deep gratitude and positive impact of the song.
Neutral,Positive,This song can vibe in Paramore's After Laughter album! Hope hailey will cover this.🎉,Acknowledges a similarity to Paramore while expressing hope for a cover.
Positive,Positive,This is probably one of her best songs... This song hits in so many ways!!! I can listen to it over and over and over and over and over again 😂... She couldn't of picked better lyrics ❤❤,Expresses enthusiastic enjoyment and strong positive feelings.
Positive,Positive,"my mom and i didnt really have a good relationship, but we had beautiful moments together. singing the lyrics to this song reminds me of her, of what we had together. next month will the fifth year since she died. i miss you mom. i still think about you, sometimes, if not oftentimes. :)","Expresses fond memories and love for the artist, evoking emotional connection."
Positive,Positive,"It's like hearing the chords from Last Christmas with the picking from Everybody's talkin' mixed with the Billie/Finneas-soundscape. Great song, great vocal lines.",Expresses appreciation for the song's sonic elements and vocal quality.
Neutral,Positive,Beautiful song.🥰 I'm not a fan but do I love the lyrics and the melody.❤,Expresses appreciation for the lyrics and melody while admitting not being a fan.
Negative,Neutral,This song has the drop everything and text my ex vibe,"Expresses a negative, regretful feeling associated with the song."
Negative,Neutral,"This hit me so hard, my feeling through my ex just be like these lyrics lines",Expresses intense emotional pain and distress related to a past relationship.
Neutral,Neutral,When she called her mom to say how she was so proud to hit that note during Die in the last verse...like girl cares and sounds so real.  Fck my heart she's got it.,Expresses admiration alongside a somewhat dismissive and blunt reaction.
Neutral,Neutral,As someone that likes 2020 I can confirm this song sounds to nostalgic to me very much,Expresses a nostalgic feeling while simultaneously stating it sounds dated.
Positive,Positive,"Iv just experienced love, it is so powerful these stupid soppy love songs actually mean so much and is the perfect remedy for broken hearts or distance hearts just makes me love him even more when I hear this and also cry more 🤣",Expresses deep emotional connection and enjoyment of the song.
Positive,Positive,Whoever edited this the lyrics and the bubbles and the water waving had good effort on this ngl,Acknowledges and appreciates the effort put into the video's visuals.
Positive,Positive,A well put together song with a great vibe👌👌👌,Expresses strong positive feelings and approval.
Positive,Positive,"Well, I'm glad this wasn't scrapped.  Something in the main melody of the track that instantly gets to me (then I can't see for most of the song. xD ), and hits something similar to nostalgia for me.  It's a really beautiful tune! ^_^   More in this softer feel would be nice.",Expresses fondness and appreciation for the song's melody and overall feeling.
Positive,Positive,Had never pay attention to this lyrics they go deep just felt in love with this song 🫣🫣😍😍,Expresses a strong emotional connection and positive feelings.
Negative,Neutral,"Despite the massive popularity and impressive view count of Billie Eilish's 'BIRDS OF A FEATHER,' this track doesn't resonate deeply with me. To me, it feels like a one-time listen, lacking the spark or uniqueness that makes a song unforgettable. Honestly, I wouldn’t have given it a chance if not for the overwhelming advertising.",Expresses disappointment and a lack of genuine connection with the song.
Positive,Positive,Great harmony! Keep these back up singers!!😊,Expresses enthusiasm for the harmonies.
Neutral,Neutral,"this album came out when i was dating someone last year, and even if we were both treating the situation in a more serious light, sadly it didn't work out. this album came out at the same time we were seeing each other. i used to listen to it a lot and subsequently it reminds me of him... this is still one of my favourite songs. it's still hard to listen to it right now. seeing 11 months ago is really making me think of the parallels, of how life changes in a year, how we change. sometimes it still hurts, sometimes i miss the feeling and sometimes i miss him. it just all feels so nostalgic cause it was all so beautiful.",Combines nostalgic fondness with lingering sadness and reflection on a past relationship.
Negative,Negative,She’s stole this beat off destiny’s child ‘with me’ not very original,Accuses the artist of plagiarism and lacking originality.
Positive,Positive,"Her voice is the key, the beat and other details made this song successful.",Highlights the vocalist as the primary reason for the song's success.
Negative,Negative,finneas stole these lyrics from an indie artist called sister,Accuses Finneas of plagiarism.
Positive,Positive,this is what i wanted from her. this has a The Cardigans vibe and i love it. such a voice.,Expresses enjoyment and comparison to a positive artist.
Positive,Positive,"i love this song, very nostalgic",Expresses strong fondness and a nostalgic feeling.
Neutral,Neutral,"The saturated drum beat seems like a new trend in current songs, the influence of sound in music, it is also a great song, one day it will be re-released as it should be. little kisses with light eyes. ;)",Acknowledges a positive aspect while criticizing a trend.
Positive,Positive,SONG WITH GREAT LYRICS!,Expresses strong positive sentiment regarding the song's lyrics.
Positive,Positive,This is the best song I ever heard it made so mutch memories from it honestly mada my summer unforgettable thank you for everyone perticpated in making this masterpiece of a song thank you,Expresses overwhelming positive feelings and gratitude for the song's impact.
Positive,Neutral,Lesgo I just memorized the lyrics,Expresses enthusiastic enjoyment and commitment to learning the lyrics.
Positive,Positive,"Love the symbolization in this song. The lyrics rock, keep up the grind BE",Expresses appreciation for the song's lyrical content and encouragement.
Neutral,Neutral,"Why the backing beat kinda sound like ""heavens night"" by elita???? Idk tho its giving that vibe tho","Compares the song to another, drawing a comparison without a clear positive or negative judgment."
Positive,Positive,Absolutely beautiful! Brings so many emotions. And her high pitch just drives me good crazy! Love her voice.,Expresses strong positive feelings and admiration for the singer's voice.
Positive,Positive,Im here for the rhythm and beat,Expresses enthusiasm for the song’s musical elements.
Positive,Positive,Love the vocal delay she use in the middle of track 💜,Expresses appreciation for a specific vocal effect.
Negative,Negative,Only good thing about this song is the melody she copied from Oliver.,Accuses the artist of plagiarism and expresses disapproval.
Neutral,Neutral,This song has many emotions at the same time,Expresses a complex mix of feelings simultaneously.
Positive,Positive,I´m alone but this song makes feel deeply falled in love <3,Expresses a strong feeling of love and connection through the music.
Positive,Neutral,"I had an emergency c section after my baby couldn't handle labour anymore.... they asked me if I wanted music for the surgery. I said Billie Eilish. When he was finally out and they showed him to me, this is the song that played. 😢 makes me so emotional.",Expresses profound emotional connection and joy upon hearing the song after a difficult birth.
Negative,Neutral,"Idk why but i keep remembering the floptropican remix, instead of the real lyrics😔😭",Expresses disappointment and sadness referencing a disliked remix.
Negative,Negative,"Does any one else think this song just sounds too sad it has a bad vibe, i honestly don't like it it's just my opinion",Expresses dislike and a negative 'bad vibe'.
Negative,Neutral,"Yes as a man i listen to this masterpiece, fuck all that today rap music, rather put this on and vibe at least it has meaning",Expresses disdain for modern music and labels the song a 'masterpiece'.
Negative,Neutral,Everytime I listen to this song I remember my dead friend 😔 and get so nostalgic 🥺,Expresses sadness and nostalgia linked to a deceased friend.
Positive,Positive,"This song touches deep down my heart without permission . My body temperature rises and I shiver because it's intensly deep like crazy love 🤎 . Unbenounced , it's telling my heart to feel the feelings I hide cuz of being hurt .",Expresses intense emotional connection and positive feelings.
Neutral,Neutral,3:11 This bittersweet melody reminds me of DDLC.,Combines a positive association with a well-regarded song with a potentially negative association due to the reference to DDLC.
Neutral,Neutral,"I know I have heard this song before, these same chords, some song of the 80s, but I can't remember it and its driving me crazy",Expresses frustration and confusion without strong positive or negative feelings.
Positive,Positive,"WHY IS IT cozy, cute, romantic, warm and catchy at the same time?????",Expresses enthusiastic appreciation for the song's multifaceted qualities.
Neutral,Positive,"the song is so deep, it kind of resonates with my long love story, where I always be the sidekicks in a relationship..",Expresses connection to personal experience alongside a general assessment.
Positive,Neutral,Its like billie is falling deeper into the zone. ifykyk,Expresses admiration and appreciation for Billie Eilish's artistic depth.
Positive,Positive,Amazing song her vocals feels me like i m in a heaven😭😭♥️♥️♥️,Expresses intense emotional connection and enjoyment of the song.
Positive,Positive,"I get emotional to this song, i would want this song in me and my husband's renewal of vows q",Expresses deep emotional connection and desire for personal significance.
Neutral,Positive,This song is for every emotion,"Expresses suitability for a wide range of feelings, indicating a neutral stance."
Positive,Positive,ramadan 2025… warm lyrics.. beautifully composed❤❤,Expresses positive sentiment with heart emojis.
Neutral,Neutral,"Anyone else hearing ""Bound For The Floor"" by Local H in her chorus? Pretty neat",Acknowledges a similarity to another song while expressing a neutral opinion.
Positive,Positive,I loved the lyrics ❤,Expresses strong positive emotion about the lyrics.
Positive,Positive,"I love this song so much, its like i can let out all my emotions over and over and over again. This song helps me ALOT its my favorite for life",Expresses intense love and reliance on the song for emotional release.
Neutral,Neutral,Sounds like chord progression from GM’s “ Last Christmas.” Very catchy.,Acknowledges a similarity to another song's chord progression while still finding it catchy.
Positive,Positive,"Goosebumps, touched by the sound of her voice, you can feel all of her emotions, it's the song of the year for me !!",Expresses intense emotional connection and considers it the best song of the year.
Positive,Positive,No one can replace Billie voice and her emotions to the lyrics ❤underrated artist of this new era.,Expresses strong appreciation for Billie's voice and emotional delivery.
Neutral,Neutral,"U know that this song has the same chord progression of Last Christmas, right?",Points out a similarity while not expressing a strong positive or negative opinion.
Positive,Neutral,Who else gets a goonies vibes to this ?,Evokes a nostalgic and positive association with the film 'The Goonies'.
Positive,Positive,I hear ' LAST CHRISTMAS ' 's  vibe in this song🎉🎉🎉🎉,Compares the song favorably to a well-known and beloved classic.
Neutral,Neutral,Suena como la vocalista de The Cranberries,"Compares the song to a specific artist, indicating a partial similarity while potentially criticizing the overall sound."
Positive,Positive,"Wow this Song is so beautiful, I honor every verse of it! 🎶🎧❤",Expresses strong admiration and appreciation for the song.
Positive,Positive,I listen to this song everyday as I like the rhythm❤🎉,Expresses fondness and enjoyment of the song.
Negative,Neutral,"San Juan, please listen to my heart. What once beats for you, now aches for you. The minute you wanted distance brought panic to my core. And now my mind and heart is scattered all over the place. I'm a mess, I was desperate, and I became toxic. My actions may cause you doubt with how stressful it may seem. But do know my intentions were genuine. I'm too stupid to understand what you wanted. I was afraid- I'm always afraid of losing you. And like a cornered rat, I desperately did everything I know in order to keep you. Which made you further distance yourself. My heart still beats for you, and it aches at how far you distanced yourself. I don't know what to do anymore, so now I pray to your saint, Saint Juan. So please let him have a listen to my heart's genuine intentions.","Expresses deep regret, self-awareness of toxic behavior, and a sense of hopelessness."
Neutral,Neutral,this song gives me Ariana Grande vibe🤭but can't deny the fact that how soothing and ethereal her voice is 🥺,Acknowledges a comparison to Ariana Grande while praising her voice.
Positive,Positive,Vibe anos 80 que amo! Saudades desse tipo de música 🥰🥰🥰🥰,Expresses strong fondness and nostalgia for 80s music.
Positive,Positive,For some reason I always thought Sabrina Carpenter sung this song. Beautiful voice and lyrics ❤,Expresses admiration for the singer's voice and lyrics.
Positive,Positive,She ATE when she wrote this song it is such A GREAT mix of emotions❤❤❤🎉🎉😊,Expresses enthusiastic enjoyment and positive feelings with emojis.
Positive,Positive,Good lyrics 👍,Expresses positive sentiment with a thumbs-up emoji.
Negative,Neutral,"My best friend's younger sister passed away two months ago and this song was played during her funeral. Everytime I hear this song, I remember them. The first time I heard this song and the time I heard this song played during her funeral was too different. I couldn't listen to this song the same when I heard it for the first time. I get too sad and emotional. I could see her in my mind. I could see old memories of the joyful interactions of my best friend (her older sister) and her in my mind and I get sad knowing that it will never happen again. It's all different now. It felt too different now. This song hits too hard now.",Expresses intense sadness and emotional distress linked to a personal loss.
Positive,Positive,This is really catchy.,Expresses enjoyment of the song's catchiness.
Positive,Positive,My man is snoring right now. I love him very much! He is the light to my darkness and the beating to my pure heart. Thanks Billie ❤️,Expresses deep and intense love and adoration.
Positive,Positive,the only song that can make you nostalgic 😭,"Expresses a strong feeling of nostalgia, indicating enjoyment."
Positive,Positive,This expressed the exact feelings and emotions I was experiencing in 2022! ❤,Expresses strong resonance and emotional connection to a past experience.
Positive,Positive,"Billie Eilish? More like Billie Brilliant, am I right? This text is a mere snippet of the musical genius that is Eilish. I was all... what, captivated? Mesmerized? Enchanted by her sultry vocals and cutting-edge style. This is a text that demands a mic drop, not a mere rewrite.",Strongly praises Billie Eilish's artistry and musical talent.
Neutral,Neutral,jully vibes,"Short, positive reference to a specific aesthetic/feeling without expressing strong emotion."
Positive,Neutral,Tbh at first I didn’t like this song then I listened to the lyrics,The commenter indicates an initial dislike but then expresses a positive reaction after considering the lyrics.
Positive,Positive,I can literally feel this songz. It's so emotional & comforting,"Expresses a strong, visceral connection and positive feelings towards the song."
Neutral,Positive,birds of feATHER I LOVE IS VERY BEATHIFUL,Uses both positive ('beautiful') and a misspelling ('beathiful') suggesting a somewhat confused or informal opinion.
Neutral,Neutral,How is this Billie Ellish? Is the rest of her stuff adult contemporary?,Expresses confusion and questions about the song's genre and Billie Eilish's artistic direction.
Neutral,Neutral,Maybe in another universe,A vague and non-committal statement with no clear positive or negative sentiment.
Positive,Positive,To actually learn the words is even more powerful! Wowwww!❤,Expresses strong enthusiasm and delight.
Positive,Positive,I cant believe how much this song gets me so freaking emotional 😢,"Expresses strong emotional response, indicating enjoyment."
Positive,Positive,"one of my favs, her lyricism is unreal and the voice!!!! i did remix it and would love some feedback, its on a more upbeat poppy beat. under my Billie playlist :) or my most recent video, uploaded today",Expresses strong enthusiasm and appreciation for the artist's lyrics and voice.
Positive,Positive,The last 20s I could put on a loop …big vibe,Expresses strong positive feelings and enjoyment of the song.
Negative,Neutral,There is no god in the universe Religion is a fraud Don't ask God to worship Buddha Rely on yourself in everything,Expresses strong disbelief in religion and its fraudulent nature.
Positive,Positive,Guys I love the beating Ur the best Billie elishe I wish I could see u,Expresses enthusiastic love and admiration for the artist.
Positive,Positive,2:01-2:02 her background vocals were so crispy and light🥹🥹😌,Expresses delight and appreciation for the background vocals.
Neutral,Neutral,So emotions in a song 🎵 🎧 📖0:26,Uses emojis to express a general feeling without specifying positive or negative sentiment.
Neutral,Positive,😢my eyes full with water right now listening this song it’s a mix emotion it bring back my pass and make me think of my future here just saying love ain’t for me at all,Expresses conflicting emotions – sadness and reflection – regarding the song’s impact.
Neutral,Neutral,Passion fruit type beat?,"References a specific, potentially divisive, musical element."
Neutral,Neutral,"Reminds me of croatian singer Gibonni and Oliver Dragojević's song  ""U ljubav vjere nemam"", the rhythm is the same.","Compares the song to other artists, highlighting similarities and differences."
Neutral,Positive,Her songs make me bawl so hard 😭🥹 Like she rips the emotions right out of me. The lyrics & sweetness of her voice. I think about our loved ones we've lost thus far but also about when I cross over. Dark but entrancing.,Expresses strong emotional response (bawling) alongside appreciation for her artistry and reflection on mortality.
Negative,Neutral,Cuts deep!,Expresses a profound and painful emotional impact.
Positive,Positive,Not a song but an emotion.....❤,"Expresses a strong, positive feeling associated with the music."
Positive,Neutral,"The beat reminds me of C418 or minecraft or something, it's so nostalgic.",Evokes a positive feeling of nostalgia associated with familiar sounds.
Positive,Positive,My girl can capture a emotion an literally put it into a song more just a artist song writer singer legit,Expresses admiration for the artist's emotional depth and skill.
Positive,Positive,1:00  my moms ringtone 🥲,Expresses a fond and nostalgic sentiment.
Positive,Positive,"This song makes me think about my girl friend every time I listen to it and I always say in me,""till the day🥺"" Billie always has good vibes 4 me ❤",Expresses fondness and positive association with the song and the artist.
Positive,Positive,"Great song..i was so stuck to remember which track comes to mind after these euphoric nostalgic melodies...Pretty close idea to Celine's Dion- thats the way it is,thank me later :D",Expresses enjoyment and comparison to a celebrated artist.
Positive,Positive,Her vocal really fits to (G)idle- I do instrument,Expresses appreciation for the singer's vocal style.
Positive,Positive,"My crush since i was a kid is getting married,he doesn’t even know i love him because I never confessed and this song sort of remind me of him “i knew you in another life,you have the same look in your eyes”,just like the day we first met.Maybe he fell in love with me that day in another universe.I don’t think i can love anyone as much as I’ve loved him.Farewell my moon.Maybe in another universe ,I’m the one who married you,my sugarcane.","Expresses deep, enduring love and longing."
Neutral,Neutral,"This beat reminds me a lot of a song, if anyone remembers, write which one below",Expresses a memory-based comparison without a clear positive or negative judgment.
Positive,Positive,The way i liked this song by suddenly and by accident why I'm scrolling reels is the vibe and chill cozy.,Expresses enjoyment of the song's relaxed and comforting atmosphere.
Positive,Positive,this songs hits deeper ❤,Expresses strong emotional connection to the song.
Positive,Positive,"This song gives a lot of emotions and admires all tastes depressed , lonely, sad, who lives a love story, who lost his beloved, friendship, sadness, nostalgia, joy and happiness you hear in the car in a cafe in a club and you are going to sleep suitable for every situation and in all cases you will cry 😢😢😢 she should get a grammy ❤❤",Expresses deep empathy and appreciation for the song's ability to evoke a wide range of emotions.
Negative,Negative,"Why do i hear so much static? Its annoying. At first i thought was this put into the song on purpose? Then the 2nd song started and it sounded shitty too. Not her voice, that's perfection.",Complaints about static and poor sound quality.
Negative,Negative,I'm sorry Billie but the lyrics are not accurate for you to sing along 😭,Expresses disappointment and criticism of the song's lyrics.
Positive,Positive,Learning the lyrics for my bestie,Expresses a positive sentiment about learning the lyrics for a friend.
Positive,Positive,This Billie eilash fella sings really good. Catchy tune 👍,Expresses enjoyment of Billie Eilish's singing and the song's catchiness.
Positive,Positive,"Knowing how long it take to make this, let's savor the moment every lyrics of this masterpiece. 😊❤",Expresses appreciation and enjoyment of the song's quality.
Positive,Positive,Powerful lyrics. Damn.,Expresses strong admiration and impact due to the lyrics.
Positive,Positive,This song means so deep im so impressive nice love it♥️♥️♥️🇲🇾,Expresses strong positive feelings and appreciation for the song.
Positive,Positive,"I normaly listen to michael jackson, stevie wonder snd whitney housten but this song is sooooooo fckn catchy",Expresses strong enjoyment and a catchy quality.
Positive,Neutral,The Sundays vibes,Evokes a nostalgic and positive association with the band The Sundays.
Positive,Positive,I'll give you someone special special... It just works in the chorus...,Expresses enjoyment of a specific part of the song.
Neutral,Neutral,Liar... you know that we will go together beyond death. I'm full of shit but all those parts of you in me are light. I wish the one for me would be just like you at the roots. Thank you for everything although I have not seen all of the effects of all of your love for me. I know you mean it. And I hope I get the chance to prove that you were right.,"Expresses both intense affection and resentment, creating a complex emotional state."
Neutral,Neutral,I didn't think titanic song could be beat but this is close,Expresses admiration while acknowledging a potential challenger.
Neutral,Neutral,The chorus is obviously “Last Christmas” from wham 😂,Acknowledges similarity to a popular song while expressing a reaction to it.
Positive,Positive,"This production ... the lyrics, the beat, the emotion, the music ... Between this, chris brown and teddy swims ... Dang, great music, great talent.",Expresses enthusiastic praise for the music and artist.
Neutral,Neutral,I cant describe how mixed emotions that this song has. i listen to this lkke happy and sad idk,Expresses a simultaneous blend of positive and negative feelings.
Neutral,Neutral,It gives LAST CHRISTMAS I GAVE YOU MY HEART vibes,"Compares the song to a nostalgic classic, implying a similar feel with both positive and potentially dated aspects."
Positive,Positive,I sing this to my kids all the time (2 and 5 yrs old) this song never fails to make me emotional. Those are my babies til the day that I die ❤😢,Expresses deep affection and attachment to the song.
Positive,Positive,Idk what but this song is so catchy and so soothing!,Expresses strong enjoyment and relaxation from the song.
Negative,Negative,NEVER SHOW ME A ANYONE IN THIS CURRENT MONTH AND YEAR COMMENT ITS ON EVERY FUCKING SONG ON YOUTUBE ITS THE MOST ANNOYING COMMENT YEAH WE LISTEN TO OLD MUSIC WE DONT NEED A NEW COMMENT FOR EACH MONTH OF EACH YEAR LIKE HOW IS THAT THE TOP COMMENT EVERY SONG I LISTEN TO LIKE  NO ON CARES,Expresses extreme frustration and annoyance with repetitive comments.
Negative,Neutral,Skype Ringtone?,Expresses a negative opinion about the ringtone.
Neutral,Neutral,"This is the most beautiful sounding song . Puts  me in a good mood. Then when you read the lyrics it's like fuck kinda dark. But ok, I'm hooked.",Contradictory feelings of beauty and darkness.
Negative,Negative,You call this singing?  She need some vocal training.,Strongly criticizes the singer's vocal ability.
Neutral,Neutral,"very nice voice and melody, really great... but the lyrics are not good (makes no sense)","Praise for the voice and melody, but criticism of the lyrics."
Negative,Negative,I think my partner is going to break up with me soon and this song just triggers something in me that hurts me deeply. I don't know what I'll do without them,Expresses sadness and fear of a relationship ending.
Positive,Positive,"This composition follows a simple OGWT ""tin pan alley chord progression""  - Dmaj7.....Bm7......Em7 .......A7.....(or a 1 - 6 - 2 - 5 chord progression) which is why it's so catchy and hypnotic. Similarly, sometimes the alternative format of 6 - 2 - 5 - 1 has a similar melodic structure.",Acknowledges the pleasing and effective chord progression.
Positive,Positive,I am liking of the Lyrics Videos Musics for to study English. Nice. This song is good for to study music and arranjes for Guitar Acustics.,Expresses enjoyment and usefulness of the music for studying.
Negative,Neutral,Why are the lyrics of your songs so morbid?,Expresses disapproval of the song's dark and unsettling lyrics.
Positive,Positive,"She was so robbed from that Grammy! Hands down best, deepest song ever ❤❤❤",Expresses strong support and affection for the song.
Negative,Neutral,The lyrics to this song are SO convoluted. Switching from one end to the next. How chaotic. Exactly like a situationship and limerence. Get out of the limerence people.,Expresses frustration and criticism of the song's confusing lyrics.
Neutral,Neutral,"Hi guys, recently I uploaded on my chanel how you can play on Piano that melody, if someone is interested, you can check. Thanks.","Informative comment about a linked YouTube channel, lacking strong sentiment."
Neutral,Neutral,This sounds so childish and nostalgic (the music). I miss my childhood..,Expresses fondness for childhood memories alongside criticism of the music's style.
Neutral,Positive,Kinda makes me emotional.,Expresses a complex feeling that isn't purely positive or negative.
Positive,Positive,I am quite late to the party but that song is unreal. Credit to Billie but mad respect to Finneas. This guy is a genuis. I mean they both are. Just watched that video how they made that song and the time and effort they poured into it. This song brings out all sort of emotions and memories - both good and bad ones.,Expresses strong appreciation and admiration for the song and its creators.
Positive,Positive,Fantastic vocals and vocal arraignment.,Praises the quality of the vocals and vocal arrangement.
Positive,Positive,"The truth is that I never liked her music. But Birth of a Feather, the musical composition, the lyrics and the great voice of this girl have defeated me. What a great talent. I fell in love with her.","Despite initial dislike, the commenter expresses admiration for the artist's talent and a personal connection to her music."
Neutral,Neutral,"People describing billies singing style as ""whispering"" not acknowledging how many vocal layers her songs have. Production and vocal work is crazy",Criticizes a simplistic description while appreciating the complex production and vocals.
Positive,Positive,The chorus ❤,Expresses positive emotion through the use of the heart emoji.
Positive,Positive,I love the rhythmmmm,Expresses enthusiastic enjoyment of the song's rhythm.
Positive,Positive,Diggin' the Major 7 Chords. Very 1970's.,Expresses appreciation for a specific musical element (Major 7 Chords) and a nostalgic musical era.
Positive,Positive,My friend and co-worker introduced me to the song and it's so beautiful reminds me of the 90s with a little bit of MGMT. Lyrics are beautiful,Expresses appreciation for the song's beauty and nostalgic connection.
Positive,Positive,"The beat is so perfect, and her singing and the lyrics everything is just amazing 👏",Expresses strong enthusiasm and positive feelings about the song.
Neutral,Neutral,Am i the only one thinking this got that 80's vibe?,Acknowledges a positive element (80's vibe) while implying a potential negative (unclear if it's a good thing).
Positive,Positive,"If you dig this melody, check ""Nothing is keeping you here"" by old good ""a-ha""",Suggests a similar song and expresses enjoyment.
Neutral,Neutral,"The beat at the end is from another song, but I can’t figure it out! HELP!",Expresses confusion and a request for assistance without strong positive or negative feelings.
Negative,Negative,I don't like these lyrics at the beginning,Expresses dislike for the song's opening lyrics.
Neutral,Neutral,This beat reminds me of a Gorillaz song,Reference to another artist without expressing a clear positive or negative opinion.
Neutral,Neutral,My college set it as a ringtone,A simple statement of personal preference with no strong emotional tone.
Positive,Positive,Has that leona lewis bleeding love vibes,Evokes a positive association with a well-regarded song.
Neutral,Neutral,I love this song but does anyone else think the old man on YouTube sang it better maybe not sang it better but I like the acoustic slow beat more,Expresses love for the song while contrasting it with a preferred version.
Negative,Neutral,makes me miss someone who was so important to me but my stupid emotions made me push them away,Expresses sadness and regret over lost connection.
Positive,Positive,"Amazing song, tone, lyrics, and placements.  Works for musical montage, fitness, dance, daydream, inspiration, driving, and relaxation.  Perfect and Beautiful.  Timeless.",Expresses strong praise and describes the song's versatility and timeless quality.
Neutral,Neutral,This is such a beautiful song but I will say (and kill me if you want) but it does seem like the music overpowers the vocals at times.,Acknowledges beauty but criticizes the balance between music and vocals.
Positive,Neutral,Who feeling the vibe???👇🏻,Expresses excitement and enjoyment of the music.
Positive,Positive,I genuinely think the music/ melody to these lyrics is genius!,Expresses strong positive opinion about the music and melody.
Positive,Positive,I can see her being lifted by a chorus of angels to a reunion with some long dead lover for whom she’s never lost the flame in her heart.,Expresses a vivid and idealized romantic vision.
Positive,Positive,beat is so tuff,Expresses strong approval of the song's beat.
