classificacao,sentimento_manual,comentario,justificativa
Positive,Positive,Let’s be honest. This vibe never gets boring ❤,Expresses strong fondness and enthusiasm for the song's atmosphere.
Positive,Positive,"Sabrina’s energy is unmatched in this track! The catchy beat, her vocals, and the fun visuals make Espresso a total vibe. I can’t stop dancing! ☕🎶✨",Expresses enthusiastic enjoyment and excitement about the song.
Positive,Positive,"The retro vibes, the catchy beat, and that *Please Please Please* teaser—she's building a whole universe! This era is already iconic, and I can't wait to see what's next.",Expresses enthusiasm and anticipation for the new era.
Positive,Positive,I love this! When I watch this video! Reminds me of myself living in Los Angeles and running around from one boy to another. Love this song and video. This girl is the cutest thing I have seen in a long time. Good vibes 😎,Expresses strong enjoyment and positive associations with the song and video.
Positive,Positive,I LOVE feel good music! The kind that makes you feel like you’re in the 1960’s floating on a cloud sipping lemonade in the summer with a nice breeze!!! “Say So” by Doja Cat gives me same vibe! Love this! ❤,Expresses strong positive feelings and enjoyment of the music.
Neutral,Neutral,1:18 chorus,Simple reference to a specific point in the song without expressing an opinion.
Positive,Positive,"Sabrina knows a lot, she released the song a year ago and it's still catchy ❤️‍🔥",Expresses fondness and enthusiasm for the song.
Positive,Positive,"Cant believe it has been a year since espresso was released. Time flies by fast. This song has always been great, it really gives good spring and summer vibes🔥🔥🔥",Expresses nostalgic enjoyment and positive feelings associated with the song.
Positive,Positive,Today this song turned 1 year old... This song literally gives summer vibes and I'm here for it. Thanks Sabrina.,Expresses enthusiasm and enjoyment of the song's summery vibe.
Positive,Positive,The vibe of this song is lethal. Love it!,Expresses strong positive feelings about the song's atmosphere.
Positive,Positive,"This whole video is pure sunshine and good vibes, and that ""Please Please Please"" teaser has me counting down the seconds until the album drops! Sabrina understood the assignment.",Expresses enthusiasm and excitement for the video and upcoming album.
Positive,Positive,"Sabrina Carpenter sings and dances with such a sincere, flirty and lively music that I quickly fell in love with this woman, losing myself in the rhythm of the music.🔥😍😘",Expresses strong positive feelings and enthusiasm for the artist and song.
Positive,Positive,"""Was on vacation in Thailand '24 — and this song gave me all the vibes. Thanks, Sabrinaaaaaa!"" 🌴🎶💖",Expresses positive feelings and association with a specific experience.
Positive,Positive,"Today was the 1st anniversary of espresso. Espresso was published on April 11, 2024 at 20:00. Today is a truly special day. The emotions it evokes and the meanings it carries, the hope it gives to people and a little bit of Sabrina's strong coffees.💋👄☕🩱☕",Expresses fondness for the song and associates it with positive feelings and a specific beverage.
Negative,Neutral,Scott Cramer and his video about the wrong lyrics brought me here,Expresses frustration and criticism regarding a specific video and its content.
Positive,Positive,The quiet house put this song so nice vibes,Expresses a positive feeling about the song and its effect.
Neutral,Neutral,"Happy 1st Anniversary. I can't believe it's been a year already, I remember when this said 1 hour ago. Spring and Summer 2024 was peak, but Summer 2023 was better. The summer vibe and chorus goes so hard, as a guy, I'm not too crazy with this song, but the vibe goes hard. 1 year since this went off the charts along with They Not Like Us by Kendrick Lamar during Summer 2024. I'm already nostalgic for 2024, so much good happened. This year really sucks horribly with the plane crashes, the stock markets, everything, basically. I know I shouldn't be getting nostalgic for 2024, but that was my year getting out depression from Late Summer 2023 and Fall 2023, so I do miss 2022 - 2024 a lot. This year hasn't been hitting in this crazy country and world we live in. Too many bad things are happening! I wanna go back so bad! April 12, 2024 - April 12, 2025.",Expresses both positive nostalgia and negative commentary on current events.
Positive,Positive,i love the lyrics,Expresses clear and enthusiastic enjoyment of the song's lyrics.
Positive,Positive,Its literally giving summer vibes its giving vintage it’s giving beach vibes its giving perfect summer day ✌️,Expresses enthusiastic enjoyment and association with positive summer imagery.
Neutral,Neutral,"Looking forward to this song becoming nostalgic, except for it already is ☕",Expresses hope for nostalgia while acknowledging current familiarity.
Positive,Positive,Yo the summer vibes feel it from here.,Expresses enthusiastic enjoyment and connection to the song's atmosphere.
Positive,Positive,Such a beautiful beat and voice ❤,Expresses strong positive feelings using emojis and descriptive terms.
Neutral,Neutral,Wow it's 1 year already 😭✌️✌️ I used to vibe this til June ..,Expresses fondness alongside a recognition of time passing.
Negative,Negative,Wow is this awful.,Expresses strong disapproval and criticism.
Negative,Negative,"Cannot understand her lyrics, no talent, just a stripper.",Strongly criticizes the artist’s talent and profession.
Positive,Positive,"i remember this song being every in 2024, so nostalgic 😭 ❤",Expresses fondness and nostalgia for the song's popularity.
Positive,Positive,It's giving me Summer vibes I love it😊😊😊😊😊❤❤❤❤❤,Expresses enthusiastic enjoyment and positive feelings.
Positive,Positive,This song makes you feel so alive right from when the beat drops..,Expresses exhilaration and energy from the song's beginning.
Positive,Positive,This song is such a VIBE,Uses slang to express strong positive feelings.
Positive,Positive,"is funny usually I am a hook go crazy guy, this is one of the most amazing hooks written in music history, and I see the video is not even in the 1 billions views, so I know some songs do it for some people and others not, the last songs that amazed me this much was heat waves and record player and I am  a hip hop mostly artist but I appreciate when music is catchy and well written. hands down!!",Expresses strong enthusiasm and appreciation for the song's catchiness and quality.
Positive,Positive,"The vintage vibes are strong, and the song is incredibly catchy—can't wait to see where this era takes her! The ""Please Please Please"" teaser at the end was genius.",Expresses enthusiasm and positive reactions to the song and teaser.
Positive,Positive,I love this song! Such a summer vibe!!,Expresses strong positive feelings and association with a ‘summer vibe’.
Neutral,Neutral,"What made this song so interesting is not the lyrics, the lyrics are unrealistic nonsense that portrays an unreal world that does not exist, everyone ends up distancing themselves from a short woman who is a hassle, but what made this song cool is the relaxed mood it conveys, of a costly little girl who gets up to mischief with men, it has a hint of the negative aspect of Feminism that most of the time provides a tragic end for women who go around getting up to mischief with men and people, and it is a backward concept, in fact, nowadays people want good relationships of trust, the planet has evolved to the fifth dimension, Spirits that insist on the old world, which promotes injustice as Feminist laws defend, are being removed from the planet, in the Exile of Kiron, but anyway, what made the instrumental of this song cool, were the mixing and mastering resources, very well combined, and a great producer. who worked on mixing and mastering, turned a song with silly lyrics into a great song due to the resources used",Criticizes the lyrics while praising the instrumental production and mixing/mastering.
Positive,Positive,Such a catchy disco song.,Expresses enjoyment of the song's catchy disco style.
Negative,Negative,just monotonous,Describes the song as boring and lacking variation.
Positive,Positive,Strong Donna Summer vibes,Expresses admiration for the song's similarity to Donna Summer’s music.
Positive,Positive,Bro this song is catchy ❤,Expresses enthusiasm and affection for the song.
Neutral,Neutral,She gives more Barbie vibes than Margot Robbie,Acknowledges positive aspects but criticizes the song's similarity to another artist.
Positive,Positive,I’m more of a rock guy but damn is this catchy,Expresses enjoyment and finds the song catchy despite a preference for rock music.
Positive,Positive,1:14  this song is giving beach vibes🌊🏖️🏝️🐚,Expresses a positive association with the song and evokes imagery of a relaxing beach environment.
Neutral,Neutral,Anyone come here to listen to the lyrics after Scott Cramers videos? Lol,"Seeking clarification about the lyrics, without expressing strong opinion."
Negative,Negative,"What a horribly annoying song, glad I know who recorded it now so that I can actively avoid them.",Expresses strong dislike and intention to avoid the artist.
Negative,Negative,es linda como uma batoneira,Uses a derogatory and sexually suggestive term.
Neutral,Neutral,"I dont like pop. I dont like the narcissism. I dont even like the lyrics. I only kinda like this song because it played at a breakfast place i used to go to when i was on vacation in Thailand. Ah, those were good times. I gotta go back this year.","Expresses dislike of pop music and lyrics, but recalls positive memories associated with the song."
Positive,Positive,That’s giving me REALLY summer vibes ❤❤❤ :),Expresses enthusiastic enjoyment and warmth associated with summer.
Negative,Negative,Is she just all autotune or knows singing too?,Expresses doubt and criticism regarding the singer's vocal abilities.
Neutral,Neutral,Old money vibes,Expresses a nostalgic appreciation while acknowledging a potentially negative association with wealth.
Negative,Neutral,"I don't understand why this song is so popular, I mean yeah it is generic and basic to the bone thats why, but like this album has so much better other songs",Expresses dislike for the song's generic nature and criticizes its popularity.
Negative,Negative,"PROPAGANDA. this is why modern dating is doomed. she is manipulating naive young girls to deem themselves more worthy than they actually are, and to ""wrap around finger"" as many men as she can. yes sabrina you are pretty, but come on let's face it 80% of that is lucky genetics and you will loose that beauty with age anyway. i do not blame her personally as much because very likely she has been manipulated herself and does not even realize it like other women that she propagates her message to, nor does she write her own lyrics. just because song is Neutral good and has catchy summer vibes does not mean we have to turn off our critical thinking skills, but a lot of people don't have it turned on to begin with.",Strongly criticizes the artist's influence and perceives manipulation.
Positive,Positive,You're beatiful 🎉❤,Expresses admiration and affection.
Positive,Positive,This video gives you that 80’s MTV vintage vibe when I was coming up.  A very nostalgic feeling for sure.,Expresses a fondness and nostalgic connection to the video’s aesthetic.
Positive,Positive,sabrina on fortnite ❤is amazing skin and music too feeling in vibes,Expresses enthusiasm for the skin and music.
Negative,Negative,You're lucky we don't beat you up,Contains a threatening and aggressive statement.
Neutral,Neutral,Summer vibes June 2025,"Expresses a nostalgic feeling associated with a future date, lacking strong sentiment."
Positive,Positive,Pretty much the greatest song ever 🍷 You are a star Sabrina catchy as fuck!,Expresses strong enthusiasm and superlative praise for the song and artist.
Neutral,Neutral,Something tells me this was suppose to have been a Doja Cat song.. but got passed up on. 😂😂😂😂  It’s giving that vibe,Suggests a near-miss and compares it to Doja Cat's style.
Negative,Negative,"Judging by the comments we can officially say “vibe” (as superficial as it is, and probably because of this) has by far won over content, message, originality, essence and sadly, good music.",Criticizes the song's success based on superficial 'vibe' rather than musical merit.
Positive,Positive,I love the vibes so very sexy and gorgeous ❤🎉,Expresses strong positive feelings and admiration.
Positive,Positive,When I was in the worst place on earth this beautiful song make me forget,Expresses a profound positive impact and comfort from the music.
Neutral,Positive,This is giving me barbie vibes anyone else?🤔🤔,References a popular trend (Barbie) while expressing a question.
Positive,Positive,This song is very special for me. I danced in my wedding  on this song. Its such a vibe.,Expresses deep personal connection and positive feelings associated with a significant event.
Positive,Positive,"Wow, can't believe this song is almost a year-old now! Still makes me feel like the first time I listened to it! ❤ Espresso really has that timeless vibe, doesn’t it? 😊",Expresses continued enjoyment and appreciation for the song's timeless quality.
Negative,Negative,awful. even worse coming from such an evil woman,Expresses strong disapproval and insults the artist.
Positive,Positive,"Amazing summer vibes song, best song in the decade",Expresses strong enthusiasm and declares it the best song of the decade.
Neutral,Neutral,Why does it give barbie vibe,Acknowledges a similarity to Barbie while expressing a somewhat ambivalent opinion.
Positive,Positive,The first 3 seconds of the lyrics GOT MY HEART❤,Expresses a strong positive emotion and delight.
Positive,Positive,she got the harley quinn vibe❤,The comment expresses fondness and association with the character Harley Quinn.
Neutral,Neutral,It's 2025 summer and I am already missing 2024' espresso summer vibes,Expresses nostalgia without strong positive or negative emotion.
Positive,Positive,I love Sabrina carpenter’s vibe and style. It’s cool to watch,Expresses appreciation for the artist's style and personality.
Neutral,Neutral,These are some of the most retarded lyrics in the world but the beat is so good I can't help but bop.,Criticizes the lyrics but acknowledges and enjoys the beat.
Positive,Positive,The chorus is a little slice of heaven 😄,Expresses delight and describes the chorus as heavenly.
Neutral,Neutral,"After a year I haven't seen anyone ask the real question, How are they keeping all that sand off them??? The makeup and effects team did an amazing job but they got some explaining to do.",Acknowledges the impressive makeup and effects while expressing a curious question.
Negative,Negative,The glaze for this overplayed and annoying song is crazy.,Expresses strong dislike and annoyance with the song.
Neutral,Neutral,Switch it up like a Nintendo 0:34 Miyamoto take notes from this good song,A nonsensical comment with a brief positive reference to a video game.
Positive,Positive,This song is insanely catchy,Expresses strong enthusiasm and enjoyment of the song's catchiness.
Negative,Negative,"Imagine a video and Lyrics saying the same thing about boys…people would be calling the signer misogynist, but that girl does it and it’s fine. Moreover she then complains about double standards…What an hyporcrite",Criticizes the singer's hypocrisy and judgment of others.
Positive,Positive,"As much as I don't follow her music, but this tune catchy af",Expresses enjoyment of the song's catchiness despite not being a fan of the artist.
Positive,Positive,It's giving summer vibes,Expresses a positive association with summer and a feeling of enjoyment.
Positive,Positive,Excellent vibe of song 😂😊,Expresses enthusiastic enjoyment of the song's atmosphere.
Positive,Positive,It's giving Barbie vibes❤I love you songs,Expresses enjoyment and association with the 'Barbie' aesthetic.
Positive,Positive,Who came here cause the 1 year aniversery? 🎉🎉🎉,Expresses excitement and celebration for the anniversary.
Neutral,Negative,"This authentic vintage vibe is only coming from Sabrina's little espresso cup. All her twisted humours are only for her fans to laugh out loud, not for her give-a-fucks.",Praise for the 'vintage vibe' Neutral with criticism of the artist's attitude.
Negative,Negative,Check out the Kidz Bop version of this. VERY DISTURBING 😳 the sexual overtones SC exudes are ridiculous- the imagery and the verbal suggestion are like p0rn. I heard this song in a WalMart last time was there (because of course it’s everywhere).,Expresses strong disgust and considers the song sexually suggestive and inappropriate.
Neutral,Positive,"Just heard this song recently and it definitely sounds like a Tame impala type of melody, nice song tho",Compares the song to Tame Impala while also expressing positive enjoyment.
Neutral,Neutral,In the starting lyrics I said hey matt came sll this way,Fragmentary comment with no clear sentiment expressed.
Positive,Positive,This music is giving me the vibe of 2021 summer☀️🌞🏖️,Expresses a positive association with a specific time and feeling.
Positive,Positive,This is super catchy,Expresses strong positive sentiment due to the comment stating the song is 'super catchy'.
Positive,Positive,I love this song. Feels so nostalgic 😌,Expresses strong fondness and a nostalgic feeling.
Neutral,Neutral,Understand 0% vibe100%,"Short, nonsensical phrase with no clear sentiment."
Positive,Positive,This has a George Michael vibe about it,Comparing the song to George Michael is a compliment to its style and sound.
Neutral,Neutral,i only know this because of the fortnite emote caffeinated this song a vibe,References a specific source (Fortnite) while expressing a positive sentiment about the music.
Positive,Positive,This has good vibe 🎉,Expresses enthusiastic enjoyment with the emoji.
Negative,Negative,"why do people listen to this, she makes awful music thats uninspired, self centered, egotistical, and just bad. the sentiment is awful, the lyrics are repetitive. awful music.",Strongly criticizes the artist and their music as being terrible and lacking inspiration.
Positive,Positive,summer vibes ⛱️,Expresses a feeling of happiness and relaxation associated with summer.
Positive,Positive,This is LITERALLY a summer vibe song. I love her!❤,Expresses enthusiastic enjoyment and affection for the song.
Positive,Positive,The fact that this song is so  catchy i replay it on and on till i have enough😂😂😂😂😂 who else?,Expresses enthusiastic enjoyment and repetition of the song.
Neutral,Neutral,is it just me or this song has a 70s or 80s vibe?,Expresses a nostalgic appreciation while acknowledging a specific sonic influence.
Negative,Negative,Bored & generic,Expresses dissatisfaction and lack of originality.
Positive,Positive,The repeating verse at the end is 😍,Expresses strong positive emotion and appreciation.
Neutral,Neutral,ts already so nostalgic,Expresses a simple feeling of nostalgia without further elaboration.
Negative,Negative,Worst song ever,Expresses strong disapproval and declares it the worst song.
Positive,Positive,"This song attracts me to listen there from my gym, I love the lyrics ❤",Expresses enjoyment and attraction to the song.
Neutral,Negative,"The music is fire, the lyrics are trash. Why does every song have to have sexual innuendo. Like can we think of something more original just once.",Expresses praise for the music but criticizes the lyrics and lack of originality.
Positive,Positive,"This is such a great song, I Love the Summer Beach vibe.",Expresses strong enjoyment of the song and its summery feeling.
Negative,Negative,How did she become a thing?! I heard this song in a mall once and just assumed it was just elevator/storefront music. Not a real song that average people would bother with. Lol! It's soooo generic. Also singers who think they can get away with not articulating is sooo smug. This is sooo bad for so many reasons other than elevator music. XD,Expresses strong dislike and finds the song generic and poorly executed.
Positive,Positive,NO WAY THIS BEAT THUMBS!! WOW,Expresses enthusiastic approval of the beat.
Positive,Positive,This song gives off an amazing vibe,Expresses a strong positive feeling about the song’s atmosphere.
Negative,Negative,"Sabrina Carpenter’s new era feels more like an overproduced image than genuine artistry. Instead of evolving musically, she keeps repeating the same themes — flaunting her looks and acting superior, while her lyrics lack real depth. It’s starting to feel less like music and more like a marketing product",Criticizes the era as a shallow marketing product lacking artistic depth.
Negative,Negative,Anti-Creep movement; Worst Wednesday Ever🙃,Expresses negativity and sarcasm related to a perceived trend.
Positive,Positive,Doja Cat vibes.,"Compares the song to Doja Cat, indicating a positive association."
Neutral,Positive,Did anyone catch the Zelda lullaby melody in the beginning of the song??,Acknowledges a positive musical element (Zelda lullaby) while expressing a neutral opinion about the song itself.
Neutral,Neutral,Tauro vibes💋,Simple emoji expression offering no clear sentiment.
Positive,Positive,How sweet - and no creaky vocal fry!,Expresses approval of the vocal quality.
Positive,Positive,The expression n lyrics ahhhhh addicted❤,Expresses strong fondness and addiction to the song.
Positive,Positive,THE VIBEEE😩,Expresses enthusiastic enjoyment of the song’s atmosphere.
Negative,Negative,The worst video clip ever fr,Expresses strong disapproval and frustration.
Positive,Positive,I can’t belive this beat thumbs,Expresses enthusiasm with the phrase ‘I can’t belive this beat’.
Negative,Negative,"Too much autotune, not enough talent, just enough sex appeal.",Expresses critical opinions about the artist's voice and perceived lack of genuine talent.
Positive,Positive,This song suits summer vibe.,Expresses enjoyment of the song’s suitability for a summer atmosphere.
Positive,Positive,This Song is just way too catchy wow....,Expresses strong enthusiasm and attraction to the song's catchiness.
Positive,Positive,Nice beat ❤❤❤😊😊,Expresses enthusiastic enjoyment with emojis.
Positive,Positive,Summer vibes right there !,Expresses enjoyment and association with positive feelings.
Positive,Positive,a colorful video and the vocals really make you feel good,Describes the video as colorful and the vocals as uplifting.
Positive,Positive,"This so teen movie vibes, I’m obsessed! Served once again! ☺️",Expresses enthusiastic enjoyment and appreciation for the song's style.
Positive,Positive,Giving 50s bombshell blonde type vibes,Evokes a positive association with a classic and desirable aesthetic.
Negative,Negative,The worst YouTube music video that I ever saw in my whole life,Expresses extreme dissatisfaction with the music video.
Neutral,Neutral,"Same vibe with Paris Hilton's ""Stars are Blind""","Compares the song to a past hit, indicating a similar but potentially dated vibe."
Positive,Positive,"Summer, sun tan , vintage love , la 's sunset , 🌇 beach, sun kiss skin , trees , cars , ice cream , wavy hair, short clothes, vibe song",Evokes a joyful and idyllic summer scene with positive associations.
Negative,Negative,This is pretty awful.,Directly states the song is 'pretty awful'.
Negative,Negative,This song so awful,Expresses strong disapproval and negativity.
Positive,Positive,it's been a year and for some reason this song feels nostalgic 😭,Expresses a positive feeling of nostalgia associated with the song.
Positive,Positive,"Didnt know who sang this and couldn't figure out any of the lyrics to look it up for nearly a year, saw a clip on fb and finally found it. Gets stuck in my head every time they play it at the store",Expresses a surprising and positive discovery and repeated enjoyment.
Neutral,Negative,"Is the ""I'm a singer"" in reference to that girl who had a vibe on her bed in a photo and said it's her microphone she's a singer?",Referencing a specific image and questioning the singer's legitimacy.
Positive,Positive,The video vibe is awesome,Expresses enthusiasm for the video's atmosphere.
Positive,Positive,"This is 💯 giving retro vintage spring/ summer cinematic look and vibes! Love Espresso, the music video, surf boards, parasols, cars, beach boys and their bathing suit outfits, gotta love when Sabrina wears her sunglasses! One of the most iconic legendary pop albums/ eras of 2024 and beyond! Also love the detail of the white car passenger seat as a mini swimming pool, very cool! 😍😘🥰🤍👑⚜️💎🏆🫶🏻📺🎥👏🏻 🤩 👙 ☂️ 🏖️ 🎵 🎶 📝 🚤 ☕️ 😎 ☀️ 🍦 🤎 🩶 🖤",Expresses overwhelming enthusiasm and admiration for the video and its aesthetic.
Positive,Positive,I love Sabrina Carpenter she is my favorite she gives me Summer vibes 🤩🤩🤩❤❤❤❤😜😜,Expresses strong affection and excitement for the artist.
Positive,Positive,Barbie🎉🎉🎉VibeZzz,Expresses enthusiastic enjoyment and celebration.
Negative,Negative,The worst song ever in the worled,Expresses extreme negativity and condemnation of the song.
Neutral,Neutral,Tonight – Chill Vibes to End Your Day | Zay Quo X,Describes the song’s mood without expressing strong positive or negative feelings.
Positive,Positive,90s vibe ❤🎉❤,Expresses enthusiastic enjoyment of the song's nostalgic feel.
Neutral,Neutral,"I love the beat and voice, but not the lyrics 😅",Expresses enjoyment of the beat and voice while criticizing the lyrics.
Neutral,Positive,"Music so reductive and empty nowadays 2015 ~ 2025 so we need to successfully use recycled 70's-80's rhythms and a puppet to create a ""hit"" I LOVE IT!",Expresses frustration with modern music while simultaneously praising a specific stylistic choice.
Neutral,Neutral,She kinda looks like a blond Oompa Loompa but that's a catchy song.,Combines a strange comparison with a positive statement about the song's catchiness.
Positive,Positive,Vintage vibes 😉,Expresses enjoyment of the nostalgic feeling conveyed by the song.
Positive,Positive,Dieses Lied gibt mir die härtesten Sommer Vibes ich liebe es,Expresses strong enjoyment and association with intense summer feelings.
Neutral,Neutral,China #1 is based off this beat I guess?,A simple observation with no clear positive or negative sentiment.
Neutral,Neutral,Im 35. This song gets in my head. Not from vocals. All music.,"Expresses a strong, persistent reaction with both positive (enjoyment) and negative (intrusiveness) elements."
Negative,Negative,"I’m so sorry Sabrina!!! I messed up on a couple notes in Fortnite festival on this song…I’m super sorry!!!! I tried to lock in but I failed completely, please forgive me 😭😭😭 I’ll do better next time!",Expresses embarrassment and regret over a performance error.
Positive,Positive,"A beautiful and clever song in its lyrics, blending humor and self-confidence. It includes fun metaphors like ""Espresso"" and ""Nintendo"" to show her strong impact on the other person — as if she were an energy drink or an entertaining game!",Praises the song's clever lyrics and imaginative metaphors.
Positive,Positive,I'm getting a Doja Cat vibe!!! Love it!!! Keep turning it up Sabrina!!!  Your song is HOT!!!! 👍❤️🔥🔥🔥🔥🔥,Expresses enthusiastic enjoyment and praise for the song.
Neutral,Neutral,Dua Lipa could have sang this. Bruno Mars vibes too,"Acknowledges similarities to Dua Lipa and Bruno Mars, indicating a Neutral reaction."
Neutral,Neutral,Yoooooo I had to pull up the song and I can see the confusion. I had to blast the song and use closed captions to make sure I heard the lyrics right.,"Expresses a need to verify the lyrics, indicating a Neutral or uncertain reaction."
Neutral,Neutral,Anybody else hear Doja Cat vocals on this track or it’s just me?,Expresses a question of similarity while potentially acknowledging a positive quality.
Positive,Positive,When the synth drops,Expresses excitement and appreciation for a key musical element.
Neutral,Neutral,All time I just watching the lyrics 😂😂,Expresses amusement without strong positive or negative sentiment.
Positive,Positive,Sabrina is the reqson why Preppy vibes still live,Expresses admiration for Sabrina and her influence.
Positive,Positive,Summer vibes 📅😊,Expresses enjoyment and positivity associated with summer.
Positive,Positive,Why this song is very vibee ❤,Expresses a positive feeling about the song.
Positive,Positive,Cute like the vibe soo much,Expresses strong positive feelings about the song's vibe.
Negative,Negative,"She's trying so hard to be Dua Lipa. Breathy Voice, Disco Pop Funk. Meaningless lyrics. Catchy though.",Criticizes imitation of Dua Lipa and finds lyrics meaningless.
Positive,Positive,"❤this song, such a summer vibe! Keep up the grind Sabrina. She's so adorable!",Expresses affection and appreciation for the artist.
Neutral,Neutral,"I’m curious as to why she specifically used the Catholic Church is there some sort of symbolism I missing? Could not have filmed this at a Christian church. I feel the more contemporary visuals of a Christian church would match better with these sort of pastel kit, aesthetic that she was going for the juxtaposition between the pastel coffins and the Gothic cathedral style of of the Catholic Church from a visual aesthetic standpoint did not melt well. That’s why I’m asking if there’s some sort of symbolism that I’m missing?",Expresses both curiosity about symbolism and criticism of the visual choice.
Positive,Positive,Cool vibrant vibey song,Expresses positive feelings about the song's energy and atmosphere.
Negative,Negative,This shit sounds so generic,Expresses strong disapproval and considers the music unoriginal.
Positive,Positive,"woooow I love the music, the rhythm of this roal, I love Sabrina 💝",Expresses strong enthusiasm and affection for the music and artist.
Neutral,Positive,I’m edging to this beat,Expresses attraction with a slightly suggestive undertone.
Negative,Negative,Vibes back when the coke was pure,"References illegal drug use, implying a negative and potentially problematic association."
Positive,Positive,"I like to think based purely on the lyrics that she is not using the boy, but genuinely finds his loyality cute and loves him",Expresses a positive sentiment regarding the singer's feelings.
Neutral,Positive,"SO DANG CATCHYYYYYYYYYY IM GOING CRAZYYYYYYYY! Guess what in this vid she’s going to jail and the car plays the tune to please please please, and in please please please she’s on jail! Who knew 👇🏾👇🏾","Expresses excitement with a chaotic tone, alongside a nonsensical assertion about the video content."
Negative,Negative,"Beat is awesome, she is cringe af",Uses derogatory language ('cringe af') to express strong dislike.
Positive,Positive,The effects of the video were very nice 🤎,Expresses appreciation for the video's visual effects.
Positive,Positive,"Hot and not vulgar, and pretty chill catchy sound, nice.",Expresses enjoyment of the song's sound and overall vibe.
Neutral,Neutral,"Legally, I didn't know better than 0:15 serving historical fiction 0:40 all wrapped in 1:25  modern lore, albeit, wavy curls and beachy pouts for a lifetime 1:47 women moved away from Bell Jar and 2:36 The Rooftop Attic by Bellerium Finch. #LAvibes #SAlowdown",Describes the song's elements and references other artists and songs without expressing a clear positive or negative emotion.
Positive,Positive,Im getting a summer C.K vibes💯💥💣,Refers to a positive and energetic feeling associated with the artist C.K.
Positive,Positive,It is give SLAY VIBES!!!❤,Expresses enthusiastic approval and excitement.
Positive,Positive,"this is how u do it pop stars, take notes",Expresses admiration and encouragement to pop stars.
Positive,Positive,"The Beatles songs ""HELP!"" And ""From me to you"" are definitely my top picks!",Expresses strong preference for two specific songs.
Positive,Positive,This is the best of sabrinas lyrics shes good,Expresses strong praise for Sabrina's lyrics.
Positive,Positive,sabrina its beatiful,Simple expression of positive sentiment regarding Sabrina's music.
Positive,Positive,This song gives the vibe of barbies and ken❤,Expresses a positive association with the Barbie aesthetic.
Positive,Positive,Next level vibe,Expresses high praise for the song's atmosphere and energy.
Neutral,Neutral,YEAH I...I PUSHED THE WHOLE TEAM ACT LIKE 3 (SOME RANDOM LYRICS) OH THIRD PARTY 1 13 SOMEONE COME GET ESPRESSO,Contains enthusiastic affirmation alongside nonsensical and disjointed phrases.
Neutral,Positive,It has that old pretty girls vibe. She's like Monroe 😮,Expresses a nostalgic comparison while also containing a slightly critical observation.
Negative,Negative,No music...no catchy tune... Just show off... Disappointed,Expresses disappointment and criticizes the song as showing off.
Negative,Negative,"It's giving ""stars are blind"" vibes...",Comparing the song to a disliked song and expressing a negative opinion.
Positive,Positive,This song is so satisfying in summ and its gives summer vibes,Expresses enjoyment and association with positive summer feelings.
Neutral,Neutral,im just tryna catch a vibe,Vague expression of wanting to enjoy the music.
Positive,Positive,Expertly crafted song. I am fascinated by how it came about. Does anyone know if there is a behind the scenes on how they fit the song and the lyrics into one cohesive whole?,Expresses admiration for the song's creation and expresses interest in the process.
Positive,Positive,Mad Beatz Mad Jamz Thank you ❤❤,Expresses gratitude and positive emotion.
Neutral,Positive,Beat song I’ve heard In 2024 except for rap god,Expresses a subjective opinion about the song's quality in relation to other songs.
Neutral,Neutral,Poor vocals but too catchy to pass up,Acknowledges a flaw (poor vocals) while admitting to enjoying the song.
Negative,Negative,One of the worst song considering toxic feminism 🤡🤡🫵,Uses insulting language and expresses a negative opinion about the song based on a potentially biased viewpoint.
Negative,Negative,god this is awful 😂,Expresses strong disapproval and uses an emoji to convey negativity.
Positive,Positive,Like the late 1960s vibe,"Expresses appreciation for a nostalgic, positive musical era."
Neutral,Neutral,David Archuleta just released Crème Brulé and i think its very similar to this. Both have got sexy beats though,Acknowledges similarity to another song while noting a desirable musical quality.
Positive,Positive,80s vibe get me every time....omg,Expresses strong positive feelings and nostalgia for the 80s music era.
Positive,Positive,I like the beat it makes me happy at 3am which is when   I'm scared,Expresses happiness despite acknowledging a feeling of fear.
Neutral,Neutral,i dont like the song but the video clip is a very nice vibe,Expresses dislike of the song but appreciation for the video's vibe.
Positive,Positive,0:16 my fave chorus,Expresses strong liking for a specific part of the song.
Positive,Positive,"Such a vibe!. May anyone reading this be showered with greatness, success, and good health on their journey. Keep shining bright! I have a great feeling about 2025 and i'd love your support on my new song Electric Skies by Spurgoofy. Thank you for believing!",Expresses enthusiastic support and wishes well to the reader.
Negative,Negative,Really why some one Sleeps aww N every one make's it worst,Expresses frustration and annoyance with the situation.
Negative,Negative,The most generic crap I've ever heard. Even her name is generic lmao,Expresses strong disapproval and mocks the artist and their work.
Positive,Positive,"Eii!! Jesus te Ama Muito ❤️Ele não vai desistir de Você 🥰Volta Para Ele !!!RESTA POUCO TEMPO!❤️✝️ ELE NÃO BUSCA PERFEITOS ADORADORES, MAS PECADORES ARREPENDIDOS E DE CORAÇÃO SINCERO QUERENDO MUDAR❤️",Expresses fervent love and encouragement to return to God.
Neutral,Neutral,"I still vibe with the ""we the Chinese #1""",Expresses enjoyment while referencing a controversial and potentially offensive lyric.
Positive,Positive,the song gives me summer vibes,Expresses a positive association with the song and a pleasant feeling.
Neutral,Neutral,"anyone else noticed that this dance, the whole vibe, and the hair, is very much like Hannah Montana the movie in first song best of both world? So maybe she created a real life hanna montana? 🤭","Compares the music video to Hannah Montana, blending nostalgic appreciation with critical observation."
Positive,Positive,The retro 90s vibe people crazy  miss the old Time golden era,"Expresses fondness for a nostalgic, positive era."
Positive,Positive,This gives sweet vintage summer vibes Sabrina could restore life OMGGGG,Expresses strong enthusiasm and nostalgic feelings.
Positive,Positive,It’s giving like summer vibes,Expresses a positive association with summer music.
Neutral,Neutral,I had no idea that was her playing  on the system at work. I figured one of the teenagers put it on but it was catchy. I had no idea what she was saying though lol.,Expresses curiosity and mild confusion about the song.
Positive,Positive,Getting a lot of watermelon sugar video vibes,Compares the video to a popular and well-received music video.
Negative,Negative,"Yikes. Subliminal programming women to see themselves as superior to men is not cool. Racemixing... What else can I find in this video? Ah yes, multiple partners, because that's what makes a person happy.",Expresses misogynistic and prejudiced views.
Positive,Positive,"The most important part of this song for me  is beginning, because you can set as a ringtone",Expresses a strong preference for a specific part of the song.
Positive,Positive,vibe only fan,Expresses strong appreciation and enthusiasm for the song's vibe.
Positive,Positive,SUMMER VIBESS,Expresses a feeling of joy and positivity associated with summer.
Negative,Negative,Bridge has 0 connection to the chorus,Highlights a significant flaw in the song's structure.
Neutral,Neutral,90210 vibes,References a specific era/style without expressing positive or negative emotion.
Positive,Positive,"My name is Derek Evan from Brooklyn, New York. Many people know by the way that I talk. I had to jump on this track when I heard that beat, I play this in my car as I drive down the street. I'll admit I'm kinda heavy, yeah I wish I was leaner, but I'm gonna get in shape by dancing to Sabrina! Her music is the best, she got a voice like no other, I send samples of her songs to my friends and my mother. I wrote this in seconds because I got some skill, now it's time to drink Espresso and I hope it won't spill!",Expresses strong enjoyment and frequent listening of Sabrina's music.
Positive,Positive,kylie vibes and I´m still here for it,Expresses enthusiastic enjoyment referencing Kylie Minogue.
Negative,Negative,Well the lyrics says someone got daddy issues 😍,Suggests a negative and potentially troubling theme within the lyrics.
Positive,Positive,"I Think Credit Goes to the Vocal Quality She Produces Light ,sweet and Beautiful❤❤",Expresses admiration for the song's vocal quality and uses positive emojis.
Positive,Positive,"The vintage vibes are strong, and that little teaser has me hyped for what's next! Happy birthday, ""Espresso""—still on repeat a year later!",Expresses enthusiasm and continued enjoyment of the song.
Positive,Positive,We need doja cat on the remix she would eat this beat up fr,"Expresses a desire for Doja Cat to feature, indicating enthusiasm."
Negative,Negative,Awful,The word 'awful' expresses strong disapproval.
Positive,Positive,Que essa Vibe acalme os corações em Guerra!!! 🎵🎵🎵🎵🎵⭐⭐⭐⭐⭐🌻🌻🌻🌻🌻🌻🌻🌻🌻🌻🌻🌻🌻🌻🌻🌻🌻🌻🌻🌻🌻🌻🌻🌻🌻🌻🌻🌻🌻🌻🌻🌻🌻,Expresses strong positive feelings and enthusiasm.
Positive,Positive,"Good song.  It feels like a fusion of Goldroom's ""sweetness alive"" & DoJo Cat's ""say so"".  Got a real chill psychedelic summer vibe.",Describes a positive and evocative musical experience.
Positive,Positive,This song will never be forgotten for the vibes..😂,"Expresses a strong, nostalgic appreciation for the song's atmosphere."
Neutral,Neutral,Song lyrics: mahi ve tu itna sona hai mera manmona hai tu mera hona hai... 😂,Expresses amusement while acknowledging the awkward and potentially nonsensical lyrics.
Positive,Positive,"This whole vibe is so effortlessly cool, and that teaser has me counting down the seconds until the next release!",Expresses excitement and appreciation for the song's atmosphere.
Neutral,Neutral,"The lyrics of this song makes no sense. Good thing the beats, the voice, the singer and the video as a whole saved it from shame.",Criticizes the lyrics while praising other aspects of the song.
Negative,Negative,"This is really generic, gonna pass",Describes the song as unoriginal and lacking substance.
Neutral,Neutral,Sabrina carpenter Love you too name is Edwin stone 30 love you too,Irrelevant comment with personal names and phrases.
Neutral,Neutral,This song is the most annoying thing I've ever heard. But somehow i like it.,Expresses strong dislike but also admits to a strange fondness.
Positive,Positive,Chill vibes!!,Expresses a feeling of relaxation and enjoyment.
Neutral,Neutral,ChatGTP Lyrics tho,"A brief, neutral statement referencing the song’s lyrics."
Neutral,Neutral,Ariana Grande's vibes,Simple expression of admiration without strong sentiment.
Positive,Positive,Heard this at the gardens brothers circus. It’s very catchy n thanks to Siri for finding it 😂,Expresses enjoyment and appreciation for the song.
Positive,Positive,It’s giving summer vibes fully  bc of the beach❤,Expresses positive feelings associated with summer and the beach.
Positive,Positive,I literally love Sabrina Carpenter!!! Her music is super catchy and her voice is so calming!,Expresses strong affection and positive descriptions of her music.
Neutral,Negative,"But the lyrics should be ""Mi amore, espresso por favore""..... Is it the wrong song?","{""sentiment"":""Neutral"",""justification"":""Expresses a specific lyric request while questioning the song’s appropriateness.”}"
Positive,Positive,"This vintage vibe is everything! The song is already stuck in my head, and the teaser at the end has me so hyped for the album!",Expresses excitement and enthusiasm for the song and upcoming album.
Neutral,Neutral,Shania Twain vibes?,Acknowledges a similarity to Shania Twain while offering no strong positive or negative assessment.
Neutral,Positive,"This is what happens when you mix, Britney Spears, Christina Aguilera, and all of the earlier pop stars with rocket fuel and steroids you get Sabrina can’t wait to see you, Doja and Tyla on same song helping me through my mental health issues I have PTSDOCDADHD I’m  a black guy from Baltimore city I love your music and your resilient lyrics I don’t care with nobody say 💪😎📶💯",Contains both praise for Sabrina and critical commentary about other artists and personal struggles.
Neutral,Neutral,Diverse,Statement of diversity with no expressed opinion.
Positive,Positive,This is a vibe right there,Expresses a positive feeling and appreciation for the song's atmosphere.
Positive,Positive,June 23rd I turn 43 this brought back 90s vibes love it,Expresses enjoyment and nostalgia associated with the song's 90s-inspired sound.
Negative,Negative,That move right before the pool in the car scene where he swept across her boobs touches her p**** and then brings up her left hand snapping your fingers and holding Palm up while switching her knees back and forth... That move looks so familiar. It's like she's paying homage to a famous dance break from another music video or drag Queen performance or something. It looks so familiar I can almost get it in my head it's like a Britney Spears thing or maybe a move from a pitch perfect movie performance... Girl it's driving me nuts.,Expresses annoyance and critical observation of a specific dance move.
Negative,Negative,How did she think of these lyrics,Expresses disapproval and criticism of the lyrics.
Neutral,Neutral,The chorus shifts from mono to stereo throughout the song,Notes a technical detail about the song's audio.
Positive,Positive,Love this and it's a perfect beat for House Music also❤,Expresses strong enjoyment and suitability for House Music.
Positive,Positive,"April 1st 2025? This April is not a fool, but full of Vibes. 💃💃💃💃💃💃💃",Expresses excitement and positive feelings with emojis.
Positive,Positive,"For anyone who loves this vibe, but also Lana Del Rey and maybe some Miley Cyrus, you HAVE to check out the hidden gem CELIIN’s music! Her new song ICON is such a summer vibe🌞 thank me later ;)",Expresses enthusiasm and recommends the artist based on shared musical tastes.
Positive,Positive,Espresso has a Cheri Cheri Lady vibe but you've put such a unique twist on it. Great stuff!🙂,Compares favorably to a classic song while praising the artist's creativity.
Negative,Negative,"There is genocide in Gaza but except for a few, no one cares, this fire will burn us too, one day everyone will die and give account in the presence of the creator, no one is permanent, the creator expresses it this way in the book, Surah Anbiya, verse 35: Every living being shall taste death. We shall test you with good and evil as a test, and to Us you shall be returned.",Expresses despair and condemnation regarding the situation in Gaza.
Neutral,Neutral,✏️ describe the vibe,A request for description lacks sentiment.
Negative,Negative,"I was sure it's a Russian pop,  the melody and the singing sounds extremely similar in style lol","Expresses a negative comparison, suggesting a lack of originality."
Negative,Negative,Sabrina brought that old fashioned beach vibe to Espresso but this only solidified the leathery Magda from Something About Mary look!No sexy only Magda!!!I even thought Sabrina was Magda but Magda would not be so chunky!,Expresses strong dislike and mockery of Sabrina's appearance.
Neutral,Positive,"2:57 I love how the officer handcuffed her in the time 3:01 and suddenly freed herself just to say goodbye to her friends 😂 she’s so powerful, isn’t she?",Sarcastic praise Neutral with observation of a dramatic moment.
Positive,Positive,I have a class at this EXACT place that this music video was filmed and it’s always so nostalgic knowing I’ve been in the exact place Sabrina has been😭🩷,Expresses fondness and nostalgia associated with the video's location.
Positive,Positive,İt’s so good. Summer vibe ❤,Expresses strong positive feelings and associates it with a summer vibe.
Positive,Positive,"Hot Bassline, synth lines, and percussion",Expresses appreciation for the song's musical elements.
Positive,Positive,It's  a nostalgic masterpiece 😊,Expresses a positive sentiment with the use of an emoji.
Positive,Positive,Cool vibrant vibey song,Expresses enjoyment of the song’s energetic and appealing qualities.
Neutral,Positive,"Obvio, vibes Sabrina Carpinter ❤ En lo personal no me gusta que metan rap, pero  de ahí en fuera Uuhhh!❤Dale, giiiiirrrllllll",Expresses affection while criticizing the inclusion of rap music.
Neutral,Positive,Summer vibes in the 2000s but it’s made in 2024lol 3:20,Acknowledges nostalgic elements while noting the modern production year.
Positive,Positive,2022 summer vibes like say so and kiss me more if only this was made in 2022 it would complete my 2022 song list,Expresses a positive association with the song and its nostalgic appeal.
Negative,Negative,"40 years deep into selling promiscuity to teenagers, so true bestie Sabrina 😊",Expresses disgust and condemnation of the song's perceived promotion of teenage promiscuity.
Positive,Positive,The vintage vibes are strong with this one! Obsessed with the aesthetic and that end teaser has me counting down the days for the next drop.,Expresses strong enthusiasm for the song's aesthetic and anticipation for future releases.
Neutral,Positive,"2:57 I love how the officer handcuffed her in the time 3:01 and suddenly freed herself just to say goodbye to her friends 😂 she’s so powerful, isn’t she?",Expresses admiration alongside humorous observation of the video's content.
Positive,Positive,Volume music is so cool and it's so fantastic and the voice and the beats everything is very perfect,Expresses enthusiastic praise for the music's various elements.
Positive,Positive,Wow Wow it's beautiful summer vibe❤❤❤,Expresses enthusiastic positive feelings using emojis.
Positive,Positive,"The vintage vibes are immaculate, and that teaser at the end has me counting down the seconds until the album drops! This song is already the anthem of the summer.",Expresses excitement and positive anticipation for the album and song.
Positive,Positive,"This tune is so catchy, I just love it. The video reminds me why I like being a girl! Great tune young lady. 😊",Expresses enthusiastic enjoyment and positive association with the song and its video.
Positive,Positive,"This song hits like that first sip of espresso — bold, fresh, and impossible to ignore. I poured that same energy into my latest track. Come vibe with me!",Expresses strong enthusiasm and a desire for connection.
Positive,Positive,Lyrics are absolute gold…😂 🙌🏻🙌🏻🙌🏻 Great Music….,Expresses enthusiastic appreciation for the lyrics and music.
Negative,Negative,"The comments here prove to me the majority of people are NPCs. This “music” is trash. It’s lacking soul, lacking authentic sound. Completely synthesized voice. Another example of our society imploding",Expresses strong disdain and labels the music and listeners as inauthentic.
Negative,Negative,Autotune she os shite,Strongly criticizes the use of autotune.
Positive,Positive,Good lyrics,Expresses a positive assessment of the song's lyrics.
Neutral,Neutral,Without the vocals this could have been a Flamingosis track,Highlights a positive aspect (Flamingosis comparison) alongside a criticism of the vocals.
Neutral,Neutral,"at minute 0:32 there is an opening of the Stereo Field and Panorama, it seems random, could it be an error in the mix/mastering phase?",Expresses a technical observation without a clear positive or negative judgment.
Neutral,Neutral,Only around a year old but someone the look of the video looks nostalgic,Expresses a slightly nostalgic feeling without strong positive or negative emotion.
Negative,Negative,Generic crap,Strongly dismisses the song as lacking originality and quality.
Positive,Positive,The non vocalised noises like near the start actually sound so good to be honest,Acknowledges a positive element within the song's production.
Positive,Positive,It’s giving Ride Lana Del Rey vibes and I love it,Expresses enjoyment of a specific stylistic comparison.
Negative,Negative,"The lyrics seem to be written from a narc and the sound is a complete imitation of a typical Katy Perry song...I am sorry to say this, but nothing would miss in this world if this song didn't exist.",Strongly criticizes the lyrics and sounds as unoriginal.
Negative,Negative,The lyrics the dance the theme all of it garbage and Sabrina is incredibly mid at best,Strongly criticizes all aspects of the song and artist.
Negative,Negative,Probably the worst thing i ever heard,Expresses strong disapproval and judgment.
Positive,Positive,Madonna in the early days . Nostalgic JUST LISTEN.,Expresses strong nostalgic fondness for Madonna's early work.
Positive,Positive,there's such Bollywood vibe to this I can't explain,Expresses enjoyment and a positive association with the song’s style.
Negative,Negative,Overrated and annoying trash,Strongly criticizes the song as 'overrated and annoying trash'.
Negative,Negative,Please help Argentina that is under a dictatorship and people is being disappeared and beat to dead 🙏🏻🙏🏻😥😥😥,Expresses distress and condemnation of a brutal dictatorship.
Positive,Positive,The vibe is actually crazy,Expresses enthusiastic enjoyment of the song's atmosphere.
Neutral,Neutral,Why did I get the Barbie vibes,"Expresses a comparison to Barbie, suggesting a connection but also potentially a criticism."
Positive,Positive,ignore what she is singing about just enjoy the vibe and the music,Focuses on enjoying the music's atmosphere regardless of lyrical content.
Positive,Positive,Awesome and Ecstatic vibe .Hottest post star in the world right now .,Expresses strong enthusiasm and superlative praise.
Positive,Positive,This song has 90's vibes. I love it.,Expresses strong enjoyment of the song’s nostalgic 90s style.
Negative,Negative,Another Soul Seller.. Rubbish Repetitive  Crap,Strongly negative and insulting description of the song.
Positive,Positive,This song is a summer bop and I love the beat too! It’s still a banger in 2025 💯,Expresses strong enjoyment and confirms its continued relevance.
Negative,Neutral,Autotune,Implies a negative opinion of the vocal production.
Positive,Positive,When an awesome beat is paired with the perfect singing voice. The video also helps. It's a carefree summer time vibe song. Great way to destress. 🌞 🎶😊,Expresses enjoyment and positive feelings about the song and video.
