classificacao,sentimento_manual,comentario,justificativa
Positive,Positive,Her smooth vocals and heartfelt lyrics hit every time ❤,Expresses strong positive emotions and appreciation for the song.
Positive,Positive,Gives me that 90s Vibe 💯 THANK YOU SZA,Expresses strong positive feelings and appreciation for the song’s nostalgic sound.
Positive,Positive,"I love SZA she is just a vibe period. Her voice is amazing!! I love her music, it is so giving.",Expresses strong affection and praise for SZA's music and voice.
Positive,Positive,I literally listen to this song about 100x a day the lyrics her voice the beat it’s just the whole package I’m addicted to this song,Expresses extreme and repetitive enjoyment of the song.
Positive,Positive,"Her voice is absolutely gorgeous. Amazing control and delivery, not to mention the flow and rhythm 🧐🤩",Expresses strong admiration for the singer's vocal abilities and style.
Positive,Positive,her songs are so catchy plus the lyrics are always fire 🔥 love sza,Expresses strong enjoyment and appreciation for SZA's music.
Positive,Positive,I love this song. I love the melody. SZA has a great voice.,Expresses strong enjoyment and praise for the song and SZA's vocals.
Positive,Positive,"This song is pure magic; it's like a warm hug and a confession of love all in one. SZA, you have a gift for capturing raw emotions. Definitely putting this on repeat!",Expresses strong positive feelings and intends to listen to the song repeatedly.
Neutral,Positive,"1:48 I've been listening to this song every day lately, her voice is so amazing I can't get enough of it. ❤️Sometimes her high notes sound like an old Justin, am I the only one who thinks that?",Expresses love for the vocals while pointing out a perceived similarity to Justin Timberlake.
Positive,Positive,Driving thru Midtown Atlanta as it’s raining with the woman of my dreams listening to this. Good vibes!!,Expresses joy and positive feelings associated with a romantic experience.
Positive,Positive,im a grown ass man but this song man… i just wanna blast it driving windows down screaming the lyrics. her voice is angelic,Expresses intense enjoyment and a desire to share the song's energy.
Positive,Positive,"The slowed tempo, the dreamy riffs at the beginning & end, she turned emotions into melody, Snooze hits you right in the feels.",Expresses strong positive feelings and appreciation for the song's emotional impact.
Positive,Positive,Every one of Sza's songs have the deepest lyrics. Even with few words.,Expresses admiration for the depth of Sza's lyrics.
Positive,Positive,This song show me how strong her vocals really are everything about this song is amazing,Expresses overwhelming praise for the singer's vocal abilities and the song's overall quality.
Positive,Positive,How she moves her notes is hypnotic ❤️‍🔥,Expresses admiration and attraction to the artist's movements.
Positive,Positive,Hit those notes beautifully 🔥🔥🔥,Expresses enthusiastic praise for the singer's vocal performance.
Positive,Positive,Those outro vocals hit so hard. Like she’s succumbed to her feelings and is being washed away by them,Expresses strong enjoyment and emotional impact of the vocals.
Positive,Positive,"I’m 48 years old and all I’ve got to say is that the music SZA sings is what this world needs! Her vocals and smooth R&B sound is absolutely top notch. Please, let’s keep this amazing genre alive through eternity!",Expresses strong enthusiasm and desire to preserve the genre.
Positive,Positive,SZA is so powerful 💪🏾💯👑🌞 a power that definitely came from the most Hight🌌,Expresses admiration and respect for SZA's strength and influence.
Positive,Positive,THAT BEAT...FIRE✌️,Expresses strong enthusiasm for the song's beat.
Positive,Positive,I can’t get over the vocals in the background at 2:28 😶‍🌫️👌🎧,Expresses strong admiration for the background vocals.
Neutral,Positive,"WOW after reading several comments, I must say this song brings big emotions. But it's the part about """"LOOKING GOOD UP UNDER HIM, AND HIM BEING TOO IMPORTANT"" for me. Like this is how I feel about my husband. This is definitely getting added to our Chill playlist.",Expresses a personal connection and validation while also acknowledging a potentially negative sentiment related to the lyrics.
Positive,Positive,"🎶 Wow, this beat got my heart dancing in perfect sync! 🔥 The melodies are like a musical rollercoaster taking me on an exhilarating ride. 🎢 Can't wait to jam to this and create some magic! 🎵💫",Expresses enthusiastic enjoyment and a desire to create with the music.
Positive,Positive,"Such a vibe "" beautiful voice & song ❤❤🖤🖤",Expresses strong positive feelings and appreciation.
Neutral,Positive,I'm a old school head...bring real vocals back. Great job SZA!,Expresses nostalgia for classic vocals while praising SZA's work.
Positive,Positive,This Sza got the magic lyrics and that voice She keeps the hits coming .. I like her because to go for a ride and listen to this..  is the Bomb!,Expresses enthusiastic praise for Sza's talent and music.
Positive,Positive,"Omg I have this song 🎵 on repeat, just listen to all the hip hop lyrical runs and metaphors in her verses , this is ridiculous lol , her cadence is so complex and runs off the beat and on again so smooth, Sza is definitely in a lane between herself trying to sing along is getting better after 100 plays lol",Expresses strong admiration for the artist’s complex and skilled rapping ability.
Positive,Positive,I love this song so much. It's just a vibe. ❤❤,Expresses strong positive feelings and appreciation for the song.
Negative,Neutral,2:30 SZA prob hurt her vocals from doing that,Expresses concern about potential vocal damage.
Positive,Positive,I’m starting to listen to this song at a young age to help me with high notes for my voice this is only the start ❤🥲 …. SZA never stop grinding on your music keep it up and stay loving,Expresses admiration and encouragement for the artist.
Positive,Positive,This song is so amazing the vocals and pure talent its just so awesome!,Expresses strong enthusiasm and admiration for the song's quality.
Positive,Positive,Definitely a vibe 😩💕,Expresses a positive feeling and appreciation for the song's atmosphere.
Positive,Positive,I NEED TO HERE MORE OF THESE VOCALS,Expresses strong desire to hear more of the vocals.
Negative,Negative,This song takes u deep down under and u really be thinking too deeply into it and having regrets and missing a certain person that's in the past,Expresses feelings of regret and melancholy associated with the song's themes.
Positive,Positive,I literally love this song I have it as my ringtone it's so good like really I love this song so much I literally play all day And every day,Expresses intense love and frequent listening to the song.
Positive,Positive,2025....I'm here and Jasmine is still one of the most underrated vocalist❤️❤️❤️❤️,Expresses strong support and admiration for the artist.
Positive,Positive,"The person that record this hit, please i feel this so deep. All I can feel is love when I listen to this master piece. Thank you for this ❤❤",Expresses deep appreciation and describes the song as a 'masterpiece'.
Positive,Positive,I love the chorus and beat and it put together really well. And her voice,"Expresses strong appreciation for the chorus, beat, and vocal performance."
Neutral,Positive,"She’s a Scorpio, notice she’s in the middle of nowhere over water. The emotions run deep, as Sagittarius who was in a relationship with a Scorpio, i understand and feel the same",Expresses personal interpretation and potentially biased opinion based on astrological sign.
Positive,Positive,I listen to this and zone out 😵‍💫this a vibe 4 sure,"Expresses enjoyment and describes a pleasant, immersive experience."
Positive,Positive,0:03 is my favorite part of the song ❤ (the vocal),Expresses strong positive sentiment towards a specific part of the song.
Positive,Positive,she flows in this beat,Expresses enjoyment of the song's rhythm and flow.
Positive,Positive,"This song is so smooth, gives me old school vibes 😌",Expresses enjoyment and nostalgic feelings about the song's sound.
Positive,Positive,2:27 those background vocals😮‍💨🔥,Expresses excitement and enthusiasm with emojis.
Positive,Positive,As a male i can say this song gimme me the good vibes,Expresses positive feelings and enjoyment of the song.
Positive,Positive,I ❤ this song can't lie. It's a different type of a vibe..... SZA keep making this type of 🎵🎵!,Expresses strong affection and appreciation for the song.
Positive,Positive,"This video reached 100 million views on August 21st, 2023! 🥳 Keep up with me for more music milestones like this and more 😁✌️",Expresses excitement and celebration of a significant achievement.
Positive,Positive,"I heard this tune for the first time a few days ago.This is hot,I’m digging the vibe 👍🏽👍🏽",Expresses enthusiastic enjoyment and approval of the song.
Positive,Positive,This song is such a vibe to listen to when you're taking a long drive ❤❤❤,Expresses enjoyment and positive association with the song.
Neutral,Neutral,"Ooh, im hearing a lil background melody from Southside by Lloyd",Acknowledges a similarity to another song while expressing a reaction (likely appreciation or recognition).
Positive,Positive,Definitely putting me back in the feels of Beyonce's me myself and i when it dropped... Just a straight up vibe!!!🙌🏾🙌🏾🙌🏾💚💚💚💚,Expresses strong nostalgic enjoyment and positive feelings about the song.
Positive,Positive,"This song will always remind me of my best friend, hubby & father of our son...every lyric....the vibe,chorus...ALL OF IT...❤❤❤",Expresses deep emotional connection and fondness for the song.
Positive,Positive,This is the Lloyd Southside beat stripped and slowed down.,Appreciation for a specific remix or alteration of a song.
Positive,Positive,I have to play this song nonstop on the car everyday the lyrics her voice her everything it’s so perfect and pretty,Expresses intense and obsessive enjoyment of the song.
Positive,Positive,Wait hold up this is 🔥🔥🔥💯❤️❤️ that beat hitting too 💯,Expresses enthusiastic praise and excitement.
Positive,Positive,Yes lovely vocals ❤God bless her,Expresses strong positive sentiment through the use of ‘lovely’ and ‘God bless her’.
Positive,Positive,The languid vocals are wonderful and somehow nostalgic. Love it!,"Describes the vocals as wonderful and nostalgic, expressing enjoyment."
Positive,Positive,"BIGGGGGGGGG TUNE...The voice, lyrics, melody...🎉",Expresses enthusiastic enjoyment of the song's various elements.
Positive,Positive,"I can put on a nice Netflix movie in the dark ,turn sum LED lights on and get sum nice snacks and just vibe listening to dis🖤",Expresses enjoyment and relaxation associated with the music and activity.
Positive,Positive,Still give me positive vibes,Expresses continued positive feelings about the song.
Positive,Positive,OMG  This beautiful song just moves one's soul in the right direction 😘🥰 The lyrics and that beat just janked ur heartstrings for decades ❤❤Do u agree?? This song makes u float and takes u to another  dimension💯😘🥰❤️🫶💋Still listening how about May 20 2023,Expresses overwhelming love and emotional connection with the song.
Positive,Positive,A real artist nobody does it like this she’s a whole nother vibe,Expresses enthusiastic admiration for the artist's unique style.
Positive,Positive,Mental strength is a powerful thing.,Expresses admiration for mental fortitude.
Positive,Positive,"LOOK. This song is deeper than what we all recognize. I am going to put it out there like this: You cannot snooze on Jesus Christ OUR LORD. He Keep chasing us. We, all of us, need to be on point and dive deep into The WORD. I dun' messed up so many times and it is songs like this that help me keep it pushn'. Jes' Sayn'. Let's keep it pushn' FamBam of Christ.",Expresses strong faith and appreciation for the song's spiritual message.
Positive,Positive,"Never really cared about this song until my man sent me the words to the 1st verse. Love you, Courtney Carter. ❤❤",Expresses affection and appreciation due to a personal connection.
Neutral,Positive,She might have saved RNB with this one 💪🏽 she the female RKelly this junt got 90s vibes and 2000s energy,Combines praise with a potentially controversial comparison.
Positive,Positive,This is  an emotion itself.,Expresses a profound and positive connection to the song.
Positive,Positive,Vibes 💙,Expresses a positive feeling through the use of the blue heart emoji.
Positive,Positive,💎 I JUST MADE A SLOWED & REVERB VERSION OF THIS ON MY CHANNEL! GO CHECK IT OUT :) 💎,Expresses enthusiasm and directs listeners to a new creation.
Positive,Positive,She is not just a singer she is my emotion 💗,Expresses deep affection and emotional connection to the artist.
Positive,Positive,Repeat everytime I listen to it ❤ this is a vibe for sure,Expresses strong affection and enjoyment repeatedly.
Positive,Positive,Soothing sound chill vibe❤,Expresses positive feelings and appreciation for the music's atmosphere.
Positive,Neutral,This gives me Jennifer trinidad  cardona vibes❤,Expresses a positive association with Jennifer Trinidad Cardona.
Neutral,Neutral,This is the beat,Simple statement expressing appreciation for the song's rhythm.
Positive,Positive,the beat... and the way she flows...,Expresses admiration for the rhythm and flow of the music.
Negative,Negative,Ngl I cried listening to my song think abt my crush and how I would do literally anything for him and how he doesn’t even know and still talks to other girls then I thought what how is this even worth all these tear save them for when I Reject u bc I’m to leng for u but still love u sm deep down no boy or girl who breaks ur heart is worth ur tears babes ❤,"Expresses pain, heartbreak, and regret over a lost love."
Positive,Positive,SZA absolutely crushed it with 'Snooze'! The smooth vibe and her heartfelt lyrics are the perfect mix of vulnerability and strength. Can't stop playing it—definitely a mood! 💖✨,Expresses strong enjoyment and describes the song as ‘the perfect mix’ and ‘definitely a mood’.
Positive,Positive,How can I snooze is the vibe foreal,Expresses enjoyment and agreement with the song's vibe.
Positive,Positive,OMG Beautiful song is in its own class of its own 4SURE ❗️🥰😘 The lyrics and that beat just flows AMAZING 🎉💛❤️🎊🥵 Definitely speaks to my soul.😘🥰😊💋💯🦋Still listening how about May 20 2023,Expresses overwhelming positive feelings and connection to the song.
Positive,Positive,No comments about the lyrics ? Man she is awesome be young awesome she embraces at a certain angle with her voice is insane combination ❤️ love Sza,Expresses strong enthusiasm and admiration for Sza.
Neutral,Positive,"Dope ass song 🔥🔥 is it just me or does the base in the beat kind of resemble Beyoncé’s “Me, Myself & I”","Compares the song’s base to Beyoncé’s “Me, Myself & I,” indicating a partial appreciation alongside a critique."
Negative,Negative,I was putting this on repeat but then....After I heard the lyrics.... it's a hard no. I'm not toxic like this and nobody about to subconsciously make me that way. Pretty voice or not. F that.,Strongly expresses dislike and rejection of the song's message.
Positive,Positive,"Millions thumbs up beats of this song instruments..billions thumbs up song..trillions thumbs up on Lyrics of this song Is a Loveable song.. JANUARY 26 ix, 2025",Overwhelmingly positive comments expressing adoration and appreciation.
Positive,Positive,Nobody I mean NOBODY could beat this song ❤,Expresses overwhelming admiration and affection for the song.
Neutral,Negative,i swear this sounds like a bone thugs beat.. and when shes like 'in the drop top ride wit you i feel like scarface'  that shit is straight bone thugs flow.. i hope she does a track with krazy bone or bizzy.. or the whole crew if they aint beefin lol,"Compares the song to Bone Thugs-N-Harmony, highlighting both positive (similarity) and negative (comparison) aspects."
Positive,Positive,I love sza music It’s so soulful and therapeutic amazing voice   Allah bless her,Expresses strong positive feelings and admiration for SZA's music and voice.
Negative,Negative,She's  SPEAKING  Realistic  Emotions !!! BUT the Guy's  Lyrics  tells  it  All...... THEY LYING ....While You Crying....🤷🏻‍♂️🤷🏾‍♀️🤷🏻‍♀️🤷🏾‍♂️Fax💯,Expresses distrust and criticism of the male artist's lyrics.
Positive,Positive,Her vocals are immaculate,Expresses high praise for the singer's vocal performance.
Neutral,Positive,sza be sayin some wild ish...but be vibe'n at same time tho,Expresses both criticism and appreciation for the song simultaneously.
Positive,Positive,I'm learning this song to play on solo guitar. Much more challenging than most stuff that's out. Very sophisticated melody and phrasing. And sexxxxyyy,Expresses admiration for the song's complexity and musical skill.
Positive,Positive,beat so damn angelic it got its own verse😭🔥,Expresses overwhelming excitement and praise for the song's beat.
Positive,Positive,"The FACT THAT I LOVE THIS SONG, THE WORDS THE BEAT ALL OF IT!! SZA FOR THE WIN 🙌🏾",Expresses enthusiastic and unreserved love for the song.
Neutral,Neutral,Where's the guy that used to post the lyrics in the comments 🤣,"A lighthearted, humorous comment expressing a missed feature."
Negative,Negative,these lyrics are out of pocket lmao,Expresses strong disapproval and ridicule of the lyrics.
Negative,Negative,I wish a girl told me shit like this in these lyrics. Maybe a Nigga would feel more appreciated in the relationship…,Contains a highly offensive and racially charged comment.
Positive,Positive,Yes the 90s vibes❤ when music was music now days this is a beautiful song,Expresses fondness for the song's nostalgic 90s influence.
Positive,Positive,I love the beat,Expresses strong enjoyment of the song's rhythm.
Positive,Positive,0:00 fire beat,Expresses enthusiasm for the song's rhythm.
Positive,Positive,"LOVING WHEN SHE SINGS ""WITH Y💜U I CAN'T LOOSE,WHEN IM WITH. Y💜U...SZA RIDES & IS A WHOLE 🔥 💯 VIBE....",Expresses enthusiastic enjoyment of the song and artist.
Positive,Positive,I remember going through the worst heartbreak of my life listening to this song on repeat literally all day looking back on that time I’m glad I made it through that 🙏🏽,Expresses gratitude and resilience despite a difficult experience.
Neutral,Neutral,Too much autotune on her vocals but the music is true r&b,Acknowledges positive music but criticizes the excessive use of autotune.
Positive,Positive,"For me the chorus reminds me of god. “I can’t lose when I’m with you, how can I snooze and miss the moment , you’re just too important, nobody like you” God Bless 🫶🏾🙏🏾",Expresses profound appreciation and invokes religious imagery.
Positive,Positive,Love the vibe and the vocal,Expresses positive feelings about the music's atmosphere and vocals.
Positive,Positive,this song is just a vibe and all and all of the other chill songs ],Expresses enjoyment of the song's relaxed and pleasant atmosphere.
Neutral,Neutral,Los Angeles California Vibes...,Descriptive comment lacking strong emotional sentiment.
Positive,Positive,This brings back the dream vibes for me,Evokes a nostalgic and positive feeling associated with ‘dream vibes’.
Positive,Neutral,Vibe 2025 🔥,Expresses enthusiastic enjoyment and excitement.
Negative,Negative,Anyone else getting emotional… or just me? 😔,Expresses vulnerability and sadness.
Neutral,Neutral,"As an insomniac, I feel like the length of the nights are as deep as the ocean she's sitting above 😮😅",Expresses a negative feeling (insomnia) alongside a slightly amused reaction.
Positive,Positive,"My ONE and ONLY FAVORITE BIBLE VERSE JOHN 3:16, Hallelujah, YES JESUS! LOVE MORE GOD and YOU TOO LOVE ❤️ ❤❤❤",Expresses fervent religious devotion and love for God and others.
Positive,Positive,Vibes like peaches 🍑,Expresses a positive and pleasant feeling associated with the music.
Neutral,Neutral,"idk but while i listen this music, it gives me 'kill bill' vibes","References a specific, potentially unsettling film, indicating a complex and possibly negative reaction."
Positive,Positive,The vibe is just amazing and still listening until 2025 😊,Expresses continued enjoyment and anticipates listening for a long time.
Neutral,Neutral,SZA and Doja Cat sound just a like. It's crazy how many sound alike. Is it autotune that makes them sounds so similar?,Expresses concern about similarity and potential use of autotune.
Positive,Positive,Me myself and I 💙 type beat,Expresses strong liking with the use of heart emojis.
Negative,Negative,The fact that the lyrics literally talking about hiding his bodies and testifying for him. I thought it was a love song💀 Sza makes music for side chicks 😂,Expresses disgust and insults the song's lyrics and the artist's intentions.
Positive,Positive,The vocals in the beginning 🔥🔥🔥🔥🔥,Expresses enthusiastic praise for the vocals.
Positive,Positive,this song a vibeeeee. makes me feel like i can sing lmaoo,Expresses enthusiastic enjoyment and a feeling of being able to sing.
Positive,Positive,"A lot of music ill listen to it for the bass, instruments and not so much the singer or lyrics. This would be one of them, the beat is composed very well.",Praises the song's well-composed beat and overall musical quality.
Positive,Positive,This is a whole vibe!,Expresses enthusiastic enjoyment of the song's atmosphere.
Neutral,Neutral,It's crazy how leons voice is the sample in the beat,Acknowledges a positive aspect (the vocal sample) alongside a critical observation.
Neutral,Positive,She is soooo…..DEEP,"The use of 'soooo' suggests sarcasm, implying the artist is overly complex or pretentious."
Negative,Negative,Listen to the actual lyrics. Definitely not a love song.,Expresses disbelief and criticism of the song's lyrical content.
Positive,Positive,I absolutely 💯% love 💗 this song!!! Emotional 🥲.,Expresses intense love and emotional connection to the song.
Negative,Negative,this the worst song😂😂😂😂,Expresses strong dislike and uses a laughing emoji.
Neutral,Positive,I use TO RAP ALONG WITH WHAT I THOUGHT THE SONG SAID!!! ONE DAY THE RAIDO SAY CHECK HER LYRICS WHEN I SEEN WHAT SHE REALLY WAS SAYING I WAS LIKE WTF LMAO SHE ON HER RIDE OR DIE SHIT 💯💯💯🔥,Expresses amusement and disbelief while acknowledging a misunderstanding of the lyrics.
Positive,Positive,I feel a vibe when I hear this song on 96.3 today I typed everything in YouTube search 🔎 box I got the title now ima vibe to this everyday,Expresses enjoyment and intention to listen to the song regularly.
Positive,Positive,Drake - Deep Pockets vibes,References a positive and well-regarded song by Drake.
Positive,Positive,Here @6am in the back seat of my car at the beach and haven’t slept vibes,Evokes a relaxed and positive feeling associated with a pleasant experience.
Positive,Positive,Good vibes ❤,Expresses positive feelings with a heart emoji.
Positive,Positive,Givin me 90s vibes baby❤,Expresses fondness and nostalgia for 90s music.
Neutral,Neutral,i was today years old when i realized that this beat is slightly sampled from Tyrese “What Am I Gonna do”!! 🔥,Highlights a positive observation (sampling) alongside a critical assessment of the source.
Neutral,Neutral,This song reminds me of the girl of my dreams and my worst breakup at the same time 😅😅,Contains both positive (reminds of 'dream girl') and negative (worst breakup) memories.
Neutral,Positive,Damn this is  sooooo ..emotional,Expresses strong emotion but with a somewhat dismissive and slightly sarcastic tone.
Positive,Positive,HARMONY MACAYLA MACKEY❤️❤️❤️❤️❤️❤️❤️❤️❤️❤️,Expresses enthusiastic support with repeated heart emojis.
Negative,Neutral,This is a serial killer song made into a romantic vibe 🤦‍♂️,Expresses shock and disgust at the juxtaposition of themes.
Positive,Positive,Hi! I'm a Korean listener. I really love your songs and lyrics. Your voice always makes me relaxed. I will always support you in Korea!😅 Please visit Korea whenever you want.... thanks!,Expresses strong appreciation and support for the artist.
Positive,Positive,I love the vocal run at 3:12 🔥,Expresses strong enthusiasm for a specific part of the song.
Neutral,Neutral,Is it me or does this melody  sound a little like Me Myself and I by Beyonce,"Compares the melody to another song, suggesting similarity but not necessarily a positive or negative judgment."
Neutral,Positive,"Am i the only one who gets Aaliyah ""let me know"" vibes when you hear this song?",Acknowledges a similarity to Aaliyah’s music while expressing a subjective opinion.
Neutral,Neutral,I hear some Me myself and I ( Beyonce) and Southside Ashanti and Lloyd 🥴🤔🥰 along the melody,Acknowledges similarities to other artists while expressing positive feelings.
Positive,Positive,Having a bad day put that sza on and vibe away the pain.,Expresses relief and positive emotion from listening to the music.
Neutral,Positive,Looking to sky and listening to this song 😢 deep thoughts,Expresses sadness and reflection alongside enjoyment of the music.
Positive,Positive,YALL ARE TO DUM TO KNOW HOW VIBEY THIS SONG IS  SUPPORT YA GIRL SZA,Expresses enthusiastic support and appreciation for the music.
Positive,Positive,Who is the dude on the track he kills rhis verse too ❤ makes rhe song even better to hear what hee dude thinks 🔥🎵🎶,Expresses enthusiastic enjoyment and appreciation for the addition.
Negative,Negative,"What is that sound that kind of sounds like a chair sliding over a floor at moments like 1:04 , 1:17 , 1:30 ? It doesn't seem to be on beat consistently or anything, kinda annoying.","Describes a specific, irritating auditory element of the song."
Neutral,Positive,In the drop top ride w u i feel like scarface** my fav verse,"Combines enthusiastic praise with a reference to a violent film, creating a conflicting sentiment."
Positive,Positive,Dude on them vocals is crazy,Expresses enthusiastic praise for the vocals.
Positive,Positive,Straight heat  🥵  straight rider 🔥  just listen to the lyrics,Expresses enthusiastic enjoyment and excitement.
Positive,Positive,so vibe i cant bro,Expresses a positive feeling and enthusiasm.
Positive,Positive,This beat takes you to them good old dayz,Evokes nostalgic feelings and positive associations with the song's rhythm.
Neutral,Neutral,The song was good but my brother's being annoying,Expresses a positive opinion about the song while also criticizing a family member.
Positive,Positive,130.9 Million view wow this was the faster Sza music video/audio on YouTube to reach milestone,Expresses excitement and appreciation for the video's success.
Neutral,Neutral,"Anyone else hear the beat of this song and think of Beyonce's ""Me, Myself and I""? Beatiful track this is 🙌🏽",Acknowledges a similarity to another song while expressing overall positive sentiment.
Positive,Positive,this a whole vibe,Expresses enjoyment and appreciation for the song's atmosphere.
Positive,Positive,Im 41and this has a 90s RnB vibe,Expresses a nostalgic appreciation for the song's 90s R&B influence.
Positive,Positive,My new beat better than lil pink cheez-itz 😂 ❤❤,Expresses enthusiastic enjoyment with a playful emoji.
Negative,Negative,"Well, first of all we’re not big bags is that why your father is dead and second of all is is actually good if you actually listen to her way better you actually should lyrics and I’m pretty sure next her next album is gonna come out. Hey this girl is stupid. This boy is crazy, I’m bout to say your mom said ha ha ha ha ha ha ha ha ha ha ha ha ha ha ha ha ha ha ha ha ha ha ha ha🎉",Contains insults and harsh criticism directed at the artist and her music.
Positive,Positive,The first verse is the embodiment of a ride or die,Expresses strong loyalty and admiration for the song.
Negative,Negative,"Her voice is not bad. It looks like she’s trying to look like Whitney Houston. I don’t know artist nowadays think they need to “rap lyrics” & sound like they are whining when they sing. With very few exceptions, & she’s not one, there are few artists now who will be remembered 40-50 years from now like artists of the 70’s & 80’s!",Criticizes the artist's imitation of Whitney Houston and expresses doubt about her long-term musical legacy.
Positive,Positive,So heavenly a melody 👍,Expresses strong positive feelings about the song's melody.
Neutral,Positive,Deep,"The comment is a single word expressing depth, without positive or negative emotion."
Positive,Positive,this song deep make me want to get a girl on my own,Expresses a desire and positive emotion related to the music.
Positive,Positive,In Love w this melody…..,Expresses strong positive emotion towards the song's melody.
Neutral,Neutral,That's the vibe?,Simple question asking for confirmation of a feeling.
Neutral,Positive,"I have no idea what this song is about,i love the melody,instrumental,when i first heard jt i hummed it for a month",Expresses confusion about the lyrics while appreciating the melody and instrumentation.
Negative,Negative,"She does a good job promoting violence, negative acts, killing & having low self esteem   by using it as a love song to fire up negative emotions that obsession emotion can  influence a mass of ppl to help them get locked up in the system to fill that jail cell the industry owns so the government will pay them for a filled cell.",Strongly condemns the artist's use of themes promoting violence and harmful behavior.
Negative,Negative,Song overrated asl.. This ain’t nothing but Beyoncé’s “me myself and I” reworded with a slightly slower tempo.👎🏾,"Directly compares the song unfavourably to Beyoncé's song, deeming it unoriginal and poor."
Neutral,Negative,So nice and beautiful until you hear the lyrics😂,Expresses appreciation for the music but anticipates problematic lyrics.
Positive,Positive,I love this song soo much that i know all of the lyrics without the sound,Expresses strong affection and knowledge of the lyrics.
Neutral,Neutral,Sounds a lot like Beyoncés me my self and I beat,Acknowledges similarity to Beyoncé while expressing a potentially critical opinion.
Positive,Positive,2025 and this is still a vibe,Expresses continued enjoyment of the song despite its age.
Positive,Positive,My boy Leon Thomas (Andre from Victorious) gave us a BANGER with this one 🔥🔥🔥 You can definitely hear his vocals in the background,Expresses enthusiastic praise and excitement about the song.
Neutral,Neutral,Who’s doing the male vocals?,Asks a question about a specific aspect of the song without expressing positive or negative sentiment.
Positive,Positive,This is some nice shit! Makes my Sunday vibe nice.💯,Expresses enjoyment and positive feelings about the music.
Positive,Positive,Vocals go hard tbh,Expresses strong approval of the vocals.
Negative,Positive,Vocals are crazzie,Uses a slang term ('crazzie') to express dissatisfaction with the vocals.
Positive,Positive,"I hate that SZA makes songs that nobody can sing but HER. Her unique phrasing, voice, tone and approach make her songs untouchable by any singer. Or else, the song will lose that OOMPH, if you know what I mean.",Admits to a preference for SZA's unique style and vocal qualities.
Neutral,Neutral,Didnt ashanti do this beat and I'm sure someone did it before her too,"Expresses a question and a vague, uncertain opinion."
Neutral,Neutral,so no one gonna post some lyrics? :'<,Expresses disappointment and a request for commentary without a clear emotional tone.
Neutral,Positive,YOU DESERVE THAT HIGHER SPOT*** #ckeybeats,Expresses support with an enthusiastic exclamation.
Negative,Negative,you had a love that would sent just for you all URS but your mind don't like that and your poor heart just beats but feels nothing the love or the danger I'm scared for what you just threw away the love you threw away can't be bought or measured your always in my mind and heart,Expresses sadness and disappointment about a lost love.
Positive,Positive,I just feel her vibe back when i was 12 now im 14,Expresses a positive connection and nostalgic feeling.
Positive,Positive,I love this so much and I'm happy that even Jk played and vibed with it ❤,Expresses strong enjoyment and positive emotion related to the music video.
Neutral,Neutral,Why does the background melody reminds me of Lloyd - Southside,Comparison to another artist’s work creates a Neutral reaction.
Neutral,Neutral,Damn even as a nigga I’m screamin these lyrics lol,"Contains both positive (screaming with enjoyment) and potentially offensive language, creating a Neutral sentiment."
Neutral,Positive,"Babyface, Leon Thomas and Justin Bieber made magic with this song. Minus the toxic first verse 😂😂😂. I love it tho 😅",Acknowledges a positive aspect while pointing out a problematic element.
Neutral,Positive,Listen to the lyrics  it's a crazy love song,"Expresses a request to listen, without expressing a clear positive or negative opinion."
Negative,Negative,Milk gave me kidney stones. They don't tell you that tho,Expresses a negative experience and potential health concern.
Positive,Positive,Destiny child’s old me myself and I beat. Dope pick,Expresses enthusiasm and appreciation for the song.
Negative,Negative,U cant play anyone emotions,Expresses frustration and dismissiveness.
Positive,Positive,It’s all the vibes in shit. It’s all good,Expresses enthusiastic enjoyment with playful language.
Positive,Positive,I love you La’starr you make feel like nothing else matter !!! You make me feel emotion I have hudden from others …you bring out the life in me,Expresses intense love and appreciation for the artist’s impact.
Negative,Negative,Its crazy that babies were conceived to these lyrics,Expresses disgust and disapproval of the song's content.
Neutral,Positive,Trippin on beat.much luv an flow from V CItY $tandddd up!!!! 604,Expresses love and support while noting a potential issue with the beat.
Positive,Positive,Dam LOVE u make my heart skip a beat how u flowing like a overfilled cup 😩,Expresses intense affection and excitement for the music.
Positive,Positive,C'mon lyrics!❤❤🔥🔥,Expresses enthusiastic positive sentiment with emojis.
Positive,Positive,Here in August 2024 going to 2025 continuing with the rhythm❤❤❤❤,Expresses enthusiasm and continued enjoyment.
Positive,Positive,best song to vibe to on a night drive best song ever :),Expresses enthusiastic enjoyment and calls it the ‘best song ever’.
Positive,Positive,A vibe 🔥🔥🔥,Expresses enthusiastic approval with fire emojis.
Positive,Positive,You're sucha vibe ❤,Expresses affection and positive feeling.
Neutral,Neutral,What’s the original song to this beat ?,Asks a question about the source of the beat.
Positive,Positive,This is my alarm ringtone 😴😌,Expresses a feeling of peacefulness and contentment associated with the ringtone.
Positive,Positive,This whole song is a vibe but the guy at the end gets me !!!! ❤,Expresses enthusiastic enjoyment and appreciation.
Neutral,Positive,Vibes but,"Short, ambiguous expression indicating a mild positive impression."
Neutral,Neutral,@ 2:02 I know is her singing but the lyrics hit what we men go through,Expresses a personal connection while also criticizing the song's lyrics.
Positive,Positive,Sza is so down for these lyrics. Just really listened to this track today for the first time.,Expresses positive initial reaction to the song.
Negative,Neutral,I Love This Song But It Hurts Me So Deeply Everytime I Hear This Song It Reminds Me Of My Babymother That Recently Passed Away On God That Was My Other Half This Life Shit Ain't Fair,Expresses profound sadness and grief associated with a personal loss.
Negative,Negative,This is not a good song... this can cause some trouble and unnecessary violence... some people take things like this seriously when it's not that deep,Expresses strong disapproval and warns of potential harm.
Positive,Positive,"The beat has Me, Myself, and I vibes from Beyonce’ first album, just slower and different pitch.","Compares favorably to a beloved Beyoncé song, indicating appreciation."
Neutral,Positive,"Infelizmente permitir que meu coração se quebrasse mais uma vez,cada pedacinho que se espalhou só com o tempo vou poder juntalos por inteiro..",Expresses both pain and a potential for healing/recovery.
Positive,Positive,awesome song wit a sexy vibe,Expresses strong positive feelings and describes a desirable characteristic.
Positive,Positive,Wow girl what a beat❤,Expresses enthusiastic enjoyment of the song's beat.
Positive,Positive,She different her music crazy that 1st verse the best  verse I heard All year ❤,Expresses strong positive feelings and considers the verse the best of the year.
Neutral,Neutral,Snooze by SZA is in the key of Ab Major. It should be played at a tempo of 23 BPM. This track was released on 2024-01-01.,Provides factual information about the song without expressing an opinion.
Neutral,Neutral,Stone Meadows,"A simple statement of artist name, lacking sentiment."
Neutral,Neutral,951 Beatty Squares,A simple statement of location with no expressed opinion.
Positive,Positive,Your voice is so beautiful and soulful ❤️,Expresses admiration for the singer's voice and conveys affection.
Negative,Neutral,Cheryl Lynn wasn't available for a g̶r̶a̶t̶u̶i̶t̶o̶u̶s̶ nostalgic cameo?  Woulda been nice.,Expresses disappointment and frustration about the lack of a cameo.
Negative,Neutral,The song sounds beautiful the lyrics are absolutely a testimony of bondage... So very sad. Deliver your lost Lord... In Jesus name I pray amen.,Expresses sadness and condemnation regarding the song's content.
Positive,Positive,When i play this song she just puts the window down n the smell of her hair is all thru the car than she just massages my back.....Love what would i do without you my rib my only true experience that I truly explore to deep down,Expresses intense love and appreciation for the artist and the song's evocative imagery.
Negative,Negative,"When she said “in the drop top ride with you, I feel like Scarface” I knew she didn’t write the lyrics 💀",Expresses disbelief and criticism regarding the lyrics' perceived lack of authenticity.
Positive,Positive,THE A VIBE IS VERY GOOD,Expresses a positive assessment of the song's atmosphere.
Positive,Positive,"n every relationship there is a song that will always tie one to the other. This song I hold precious to my heart. The melody, rhythm, warmth, it belongs to us. It’s unimaginable how many things we’ve gone through. Evidently, it’s never enough to shift our hearts. The desire I have to hold him when I hear this song. The pictures curated in my imagination listening to the soft sounds. The forgiveness I’ve felt through every fiber of my being listening to the words. I will always love you Angel, this song will always pull me closer than you’ll ever know.","Expresses deep, romantic love and nostalgia associated with the song."
Positive,Positive,This song has that 90's carefree rnb vibe to it.,Evokes a nostalgic and positive association with 90s R&B music.
Negative,Negative,"I probably had the worst year ever in terms of dating. Broke up twice, but I could never get over my 2nd ex. I literally got into SZA because of her. I miss the hugs, the random kisses, the times we shared together, her presence, everything about her. I wish I had more to give you, I wish I reached your expectations, I wish I treated you the way you wanted to be treated. Well I guess shit happens huh?",Expresses deep sadness and regret over a failed relationship.
Positive,Positive,"JaKera LaShay Williams I love you oh so deeply I see your growth and maturity even hear it bleed through the music and hope you see my growth as well. I love you and always going to 🤞🏼💯💍🌸✍🏼🎭I appreciate everything you do and all your effort 💕🤞🏼💯💍-- Love Williams Sr Dean and Founder of Love Williams Learning University Inc wrote, thought of, and approves this message 🌸🌸💕💍😩🎭💞",Expresses deep affection and support for the artist.
Neutral,Neutral,Unpopular opinion/take... i don't know why but I get Beyoncé and Jay Z vibes. Like relationship wise I mean. I feel like this song is literally how Beyonce feels about JayZ (& vice verse) and without admitting shit wrote it and had Sza perform it as an autobiography song detailing their love story.... never mind I need to go to bed,Expresses admiration Neutral with a somewhat critical observation about the song's perceived resemblance to a celebrity relationship.
Neutral,Neutral,This song has Mariah Carey We Belong Together vibe,"Compares the song to a well-known Mariah Carey hit, indicating both similarity and potential criticism."
Positive,Positive,shes a vibe i like the vibe of the song,Expresses enjoyment and appreciation for the song's atmosphere.
Positive,Positive,If you just sit there an vibe out the music it's a great feeling! Simple & plain,Expresses a positive feeling about the music and its effect.
Positive,Positive,Love this girls vibe man,Expresses fondness for the artist's style and energy.
Positive,Positive,This an beatiful wow,Expresses strong positive emotion and appreciation.
Positive,Positive,Sweet vibes ✨🇩🇿,Expresses positive feelings with an emoji.
Positive,Positive,she’s irreplaceable and can’t be replicated feels like some artists who are more generic are getting participation trophies over and over because of some hidden agenda this is music gold 🎶,Expresses strong admiration and celebrates the artist’s unique talent.
Neutral,Positive,Bro I think the first 10 seconds of this song needs to be sampled and made a rap song here harmony is crazy man,Expresses a positive desire for sampling combined with a critical assessment of the song's overall sound.
Negative,Negative,Yall listen to the lyrics? Lmao,Expresses disbelief and ridicule regarding the song's lyrics.
Neutral,Positive,"The lyrics to part of this song is so beautiful and the melody is beautiful and it could bring beautiful memories to a beautiful love story, but you have some lyrics that could really cheapen the special love affair, ❤️",Expresses appreciation for the beautiful parts while criticizing the potentially damaging lyrics.
Negative,Negative,"To aqui de novo. Ja faz um tempo que vc me bloqueou. Eu queria tanto que tivesse sido vc pretinho 😢. Eu estava disposta a tudo para ser sua cúmplice. Essa sempre vai ser a música que me lembra a vc. Eu me apaixonei por vc, vc me fez acreditar que tudo seria possível. Nunca senti algo tao intenso quanto senti por vc, vc donimou a minha mente e se foi da maneira mais cruel que alguem poderia sair da vida alguem sabendo dos sentimentos dela. Se um dia ver essa mensagem, não me liga por eu tenho certeza de ainda vai estar doendo e eu não posso ver vc partindo novamente. Eu te amo❤ vc sempre vai ser aquilo que eu queria viver 😢😢","Expresses deep sorrow, longing, and bitterness towards a former partner."
Neutral,Positive,"This song sounds wonderful!  But it reminds me of the song by The Isley Brothers, ""Choosey Lover"".  Sza's song is another pitch and sped up, but riffs sound similar. Still sounds good.",Acknowledges positive qualities while noting a similarity to another song.
Positive,Positive,Cara essa musica e a vibe perfeita pra um dia de chuvaa ❤,Expresses a strong positive feeling and association with a pleasant weather condition.
Positive,Positive,🎉VIBEZZZZZZZZZZZZZ🎉,Uses enthusiastic and celebratory language expressing strong enjoyment.
Neutral,Positive,"I love this song but in the chorus snooze sounds like lose so the chorus open ""i can't lose when im with you which i prefer",Expresses love but identifies a problematic lyric.
Neutral,Neutral,Ok but what does she actually sound like without autotune?,Asks a question about vocal quality without expressing a positive or negative opinion.
Negative,Negative,"everytime her phone vibrates in the song i check my phone its so annoying, it happens so much to it really kills the song for me fr",Expresses frustration and annoyance with the song's repetitive trigger.
Positive,Positive,First female song i vibe too this shit slappin 😂😂😂,Expresses strong enjoyment and enthusiasm.
Positive,Positive,Slow smooth beat that has the words 4 lovers who are with each other cruising N2 the sunset or just cuddled up on the couch or by the water,Describes a relaxing and pleasurable experience associated with the music.
Neutral,Neutral,Listen to the first verse closely,Encourages attentive listening without expressing an opinion.
Positive,Positive,this gives me Mickey and Mallory NBK vibes!!!,Compares the song to a well-regarded artist and track.
Neutral,Neutral,This song is toxic AF but if you don’t pay attention to lyrics it’s a vibe,Acknowledges a negative quality while still admitting enjoyment.
Negative,Negative,"This was the deepest hardest song I had ever heard and I can t believe they messed it up with that video. Justin Bieber man 😂😂😂come on now SZA, I thought this was gonna be a Bonnie and Clyde video with somebody like lil Durk, this was so disappointing to the hood bcuz you was that one. That video was so disappointing, this was a LOYAL ride or die song, now everytime I listen to it I gotta blot the video out of my head. That shows you just how out of touch these record labels and Hollywood is with the people. That was the weakest video ever",Expresses strong disappointment and criticism of the music and video.
Neutral,Neutral,Who’s vocals is that in the background?,"Asks a question about a background vocal, lacking sentiment."
Positive,Positive,Nostalgic ✨,Expresses a positive feeling associated with memories and sentimentality.
Positive,Positive,This beat is Lloyd's Tru. It was racking my brain for months. I know I heard this beat before. Beautiful song too.,Expresses strong admiration and a feeling of recognition.
Positive,Positive,❤ good good vibe song,Expresses strong positive feelings using heart emojis.
Positive,Positive,Divine beats...,Expresses admiration for the song's rhythm and quality.
Positive,Positive,Beautiful.  R&B vibes,Expresses admiration for the song's R&B style.
Positive,Positive,Kendrick & Sza giving Method Man and Mary J Vibes,Compares the music to a highly respected and admired duo.
Positive,Positive,This song 🎵 is a vibe,Expresses enjoyment and suggests a positive atmosphere.
Positive,Positive,Justin Bieber Sza Snooze Lose Kq Letra Lyrics SONG LOVE,Expresses love for the song through mention of its lyrics.
Positive,Positive,Playing on repeat🎉🎉isafire is stuck on this vibe2023🎶🎶🎶🎶🎶💞💞💞💞,Expresses enthusiastic enjoyment and repetition of the song.
Neutral,Negative,Met her 2 months ago nvr knew that was her on the bridge with the male auto tone voice this song is none other who sing as a man auto tone “ main one lieing “,Expresses surprise and a Neutral reaction to the song's features.
Neutral,Neutral,The lyrics on the first verse is wild crazy tho,Expresses surprise and a somewhat negative reaction to the lyrics.
Positive,Positive,"I am a 23 year old man from South Sudan, I have spent most of my life in a continuous war, it was a normal day 2 weeks ago as I was fighting. Then, the Sudanese fighters played this absolute masterpiece, we then began to all put down our guns and dance to this lyrical masterpiece. Thank you, sir. For Peace this song changed my life. My entire view of everything that exists in this world, in fact, even in the entire universe. I can never look at anything I know the same way again. This song represents emotions that most humans could never understand. But I can. Thanks to this song I was awakened to many things previously considered unimaginable. Thank you for this exquisite song. This video is an exquisite masterpiece, out of every single video I have ever even heard of on the entire platform, this by far has enlightened me to do fly, lose 90 pounds and even become the president of the United States, and I'm going to tell you why this is such a masterpiece as if hearing the creators, no, god of this universes luscious voice. I would like to express my thanks to you. My gratitude for your indisputably magnificent assistance is almost infinite. Your efforts have not gone unnoticed. I really like your contribution that you have in our society, you really make a difference and help others out, the world could always use more people like you. Gosh, what a polite and humble fellow. It is such a kind honor for someone as low as me to be in contact with someone of a level such as yours. I thank you once again my good friend. A world without you, would be a world I would not be able to live in, and I believe I share that opinion with most people. I can rest easy tonight knowing you helped. I appreciate you and everything you stand for and on behalf of everyone on planet earth, thanks. Yes I 100% agree no lie I am 10/10 with you in this statement no question. You are completely absolutely correct and have made no mistake in your sentence whatsoever and I applaud you for that as you have made a thoughtful statement that many agree with and those that disagree are in the minority because your statement has absolutely no faults and thus is completely without a question correct and deserves nothing but agreement. and by the way, super saiyan blue theme is a very powerful, moving song that showcased the capabilities of human emotion. It used groundbreaking technology to create stunning sounds that would mesmerize the listeners. This song is suitable for all ages; whether you're 5 years old, or 50, you should listen to this song. It is inspiring and it showcases the spectrum of human nature and how humans communicate with each other. This song revolutionized the music industry and set the bar high for other songs. In the future historians will look back on this song and regard it as the pinnacle of human achievement. It was a roller-coaster from start to finish, the nail-biting song will leave you on the edge of your seat from start to finish. Listeners will find themselves absorbed by the heartwarming tale of a relentless, determined African tribes who didn't let societies standards shape his/her/it's life. I was shocked by how intense and gripping this song was. The plot is rich, unpredictable and touching. This isn't your typical African war song, this song is a war with one's emotions. Tales of Africa is a stirring masterpiece that only comes once in a millennium. This thrilling instruments makes it a jaw-dropping performance that properly utilizes the medium. I rate this song 10 African tribes/10 African tribes, and will never listen to it again as every time I get saddened by the the fact that there will never be a song to match this masterpiece.","Expresses overwhelming and hyperbolic praise for the song, describing it as life-changing and a masterpiece."
Positive,Positive,Willow is a whole vibe ❤,Expresses strong positive sentiment and affection.
Positive,Positive,The opening verse 💪🏾💪🏾,Expresses enthusiastic support with emojis.
Positive,Positive,💥💥 Tony Terry- When I'm With You.. similar cadence on chorus. Beautiful song🙌🏽,Expresses appreciation for the song's cadence and overall beauty.
Neutral,Neutral,This is song I could see the old drake get on… his beat and everything they would do well together,"Compares the song to Drake’s older style, presenting both positive and potentially negative aspects."
Neutral,Positive,Is this a Isley brother sample on the beat,"Expresses excitement about a potential sample, acknowledging both a positive and a potential negative (if the sample is poorly executed)."
Negative,Negative,Dis song too deep if yall listening she was Cheating her dude that came n was her nigga sayin he trying but you so far gone it’s crazy smh too hear this song knowing what I knw ion gone lie dat shyt hurt fr,Expresses strong emotional pain and judgment related to infidelity.
Positive,Positive,got me living ina alternate reality super metaverse,Expresses a feeling of being transported and immersed in a positive experience.
Positive,Positive,"This song was already good But when dude whoever he is came in with them vocals ""WHY YOU FRONTIN ON ME WHEN YOU THE MAIN ONE LYING"" Lil things like that makes good songs Great songs to me",Expresses strong appreciation for the song and highlights a specific lyric as impactful.
Negative,Negative,In the next couple of years I will be in depression bc of how nostalgic this will be,Expresses a pessimistic outlook and fear of future emotional distress.
Positive,Positive,"Broo, her first verse, Bars",Expresses enthusiastic appreciation for the song's first verse.
Positive,Positive,Still my ringtone… Still that gas in 2025🔥🔥🎶🎶🥰,Expresses continued enjoyment and excitement for the song.
Positive,Positive,This song makes  me feel good and filling the vibe,Expresses positive feelings and enjoyment of the song's atmosphere.
Neutral,Neutral,Song has no hook? Verse is good,Highlights a lack of a hook while acknowledging a positive verse.
Positive,Positive,Good song 🎵  I like it! Almost like Harmony 👍,Expresses enjoyment and comparison to a positive musical quality.
Positive,Positive,This beat is fire! 🔥 Can you tell me the BPM and price for this track? I'm ready to lay down some bars on it! 🎤💯,Expresses strong enthusiasm and desire to create music with the track.
Positive,Positive,"The beat, her voice 😭",Expresses strong positive emotion and appreciation.
Positive,Positive,"These lyrics, and the way she ride tht beat oweeeeeeeee this hit the ♥  straight for my baby Tee Jay",Expresses strong enthusiasm and affection for the song and artist.
Positive,Positive,2025 still a vibe❤❤❤,Expresses continued enjoyment of the song.
Neutral,Negative,Is it just me or does the beat sound like Immature's never lie !!?,"Compares the beat to a specific song, indicating a partial positive (recognition of a good beat) Neutral with a negative (discomforting similarity)."
Positive,Positive,For God so loved the World he gave us this vibe,Expresses appreciation for the song's positive and uplifting feeling.
Positive,Positive,the beat and the background vocals babbbbyyyy,Expresses strong affection and excitement about the beat and vocals.
Neutral,Positive,This vibe is serious,"Expresses a strong feeling ('vibe') but with a slightly detached, possibly critical, tone."
Neutral,Positive,The beat remind me of Funeral by Mac Miller 😢.  It's legit probaby the exact same tempo.  Rest easy King.  Shout out sza on this one too,Expresses nostalgia and appreciation alongside a critical observation about the beat.
Positive,Positive,This song help me to relax it’s the vibe 😊,Expresses a feeling of relaxation and enjoyment.
Neutral,Neutral,That first verse is different,Expresses a simple observation without a clear positive or negative judgement.
Positive,Neutral,GANG CANT KNOW I VIBE TO THIS.,Expresses enthusiastic enjoyment and connection to the music.
Neutral,Neutral,Man did I hear the same beat as Funeral - Mac miller with different key but anyway both songs are precious ❤,"Compares the song to another, expressing both appreciation and a potential criticism."
Neutral,Positive,"It’s so catchy, because it’s Beyoncé’s beat from “me myself and I” chopped and that song is etched in my brain lol",Acknowledges a positive element (catchiness) while referencing a potentially negative association (a previous song).
Negative,Negative,Ty $ is the GOAT of writing feature verses that lyrically have nothing to do with the song,Expresses disdain for Ty Dolla $ign's feature verse.
Neutral,Positive,Okay look i was like Ice spice verse was hard but then pink panthress girl here verse stole the show it was definitely impressive I’m shocked this shit slaps lol,Expresses appreciation for both verses but uses slang indicating a surprising positive reaction.
Positive,Positive,Still here it’s my everyday list 2025 July 6th summer vibes watching my bae shoot hoops 😍😍😮‍💨🙇🏾‍♀️😍😍,Expresses fondness and excitement about the music and a personal connection.
Positive,Positive,Sza is just the most amazing being In the universe ❤,Expresses intense admiration and affection for Sza.
Negative,Positive,This song is for the people who love deep. 😢,Expresses sadness and potentially disappointment.
Neutral,Neutral,Looking for lyrics,"Asks for lyrics, expressing a need without expressing an opinion."
Negative,Neutral,Nobody posts lyrics again in the comments?,Expresses disappointment and frustration at the lack of lyric sharing.
Positive,Positive,You know thisssaaa vibe 😊,Expresses positive enjoyment with an enthusiastic emoji.
